"","baseMean","log2FoldChange","lfcSE","pvalue","padj"
"AFUB_025250-T",5746.90749483922,6.20106440609026,0.186600016382501,1.65856255513714e-243,1.6025031407735e-239
"AFUB_063960-T",40926.3290747771,-3.62392732177268,0.129202529046039,2.17268761121944e-174,1.04962538498011e-170
"AFUB_099400-T",35257.0233720686,-3.39783806363108,0.123778219731399,3.47522373161944e-167,1.11925372316357e-163
"AFUB_030790-T",89508.8405760586,-2.828402424134,0.121678252304317,8.84810220104524e-121,2.13725908666248e-117
"AFUB_090430-T",6626.93906832148,-2.91158999288936,0.150073432966798,4.60647798455135e-85,8.90155805734702e-82
"AFUB_047590-T",3300.25048655278,-3.11402354799971,0.164114921939486,1.41882729145954e-81,2.28478488168034e-78
"AFUB_017380-T",12634.3995156049,-3.27708251563998,0.175333295247087,3.11203774438081e-79,4.29550124088677e-76
"AFUB_084050-T",7687.79141920611,2.62926974824858,0.1445633501532,4.02571335747307e-75,4.8620553074881e-72
"AFUB_013880-T",50500.6702780098,-2.60159927058508,0.144782117281117,2.16278228198902e-73,2.32186693428643e-70
"AFUB_084150-T",43978.1480723241,-2.54904898606115,0.14280518827393,2.45382204707889e-72,2.37088286188762e-69
"AFUB_074120-T",94139.691417145,-1.91148017585384,0.108701809526282,2.19089803679943e-70,1.9244051665051e-67
"AFUB_006090-T",25344.9814844598,-2.73361763965891,0.155217431047113,2.4928356860039e-70,2.00714819984747e-67
"AFUB_003610-T",1944.13182748885,-4.87732197535785,0.301049271255252,2.52713271078043e-60,1.87824278858158e-57
"AFUB_003560-T",5937.83528695863,-3.16332875163288,0.195338215073903,3.0596529916281e-60,2.11159765750791e-57
"AFUB_045800-T",6403.88115021989,-2.97992285595548,0.188818077332103,1.5902420384247e-57,1.0243279050173e-54
"AFUB_086020-T",6361.97505391917,2.32451257858213,0.152881692117374,2.0780713956615e-53,1.25489536405509e-50
"AFUB_070460-T",11678.0263969566,-1.87731275619063,0.124989410553464,3.45713539944512e-52,1.96487307231992e-49
"AFUB_085990-T",3336.78377079862,2.35571353469948,0.158573769875429,3.88133444071797e-51,2.08341407590094e-48
"AFUB_084540-T",1983.68227314103,-3.62529650199589,0.26070320548333,3.05552683612975e-45,1.55381580477293e-42
"AFUB_018340-T",37890.151417048,-1.82391684311848,0.132702852201555,4.67870497747178e-44,2.26028237461662e-41
"AFUB_011820-T",35053.3176813632,-1.51478215407241,0.112748249514816,2.17487840232476e-42,1.0006511963458e-39
"AFUB_086310-T",7939.27491507506,2.40446654167514,0.184041431649377,2.9301152767509e-40,1.28685335472578e-37
"AFUB_086090-T",7389.49540875231,2.07433653968434,0.159613265127909,8.746625574244e-40,3.67434331731937e-37
"AFUB_013850-T",8282.99863070832,-2.17586868822172,0.170875891440197,2.29354291510819e-38,9.23342151907305e-36
"AFUB_049200-T",23169.1430714301,-2.45818165449322,0.1934509733692,3.05735428820785e-38,1.18160628530657e-35
"AFUB_093140-T",7393.57382868802,-2.13322574422876,0.167997623097719,3.69739384389495e-38,1.37400843537358e-35
"AFUB_086300-T",5557.09743795904,2.00823327816077,0.161465122232817,1.10591650063034e-36,3.95754267744087e-34
"AFUB_030800-T",3693.35583546209,-2.23432417709659,0.186447883453511,2.5525548973735e-34,8.80813764943671e-32
"AFUB_051820-T",14152.1599127523,-1.69769115017143,0.141551494296649,3.51080383381472e-34,1.16970298766613e-31
"AFUB_089270-T",17935.3375489993,-1.49177949748072,0.124707391643116,6.60971029547675e-34,2.12876736249655e-31
"AFUB_019790-T",15331.9808241968,-1.471497987356,0.125308053823196,5.66004196461675e-33,1.76410727297184e-30
"AFUB_085200-T",6301.07799444359,2.22561922182687,0.193316275093671,6.8386759017169e-32,2.06485270507465e-29
"AFUB_098170-T",50449.7103710402,-1.68221291848678,0.147736680085724,3.33200815033765e-31,9.75571598441285e-29
"AFUB_086000-T",4586.43866741356,2.43882219134055,0.215407777528506,6.05968934434233e-31,1.72202113073634e-28
"AFUB_086290-T",5955.68290682163,1.86162735046867,0.167934983172959,9.9513389827239e-30,2.74713820717367e-27
"AFUB_039550-T",32161.0899407117,-1.38592113048924,0.124735932495466,1.15931949550064e-29,3.11148471264644e-27
"AFUB_091940-T",11107.7924976265,1.56058454944506,0.141451996217589,2.00845676490973e-29,5.24478628717779e-27
"AFUB_033320-T",683.098961903867,3.8789142877812,0.354895799597462,4.32856604041409e-29,1.1005948705916e-26
"AFUB_016640-T",52762.3114295483,1.66338336370128,0.159642830065418,1.08880235001969e-26,2.69743802715134e-24
"AFUB_047580-T",1963.45870102774,-2.48698430559285,0.240781709186138,2.8120527524292e-26,6.79251342349274e-24
"AFUB_041100-T",157356.104944034,-1.38812751491621,0.134924451213799,3.29635006203258e-26,7.76813031691678e-24
"AFUB_086120-T",2861.25378487152,1.78321843640665,0.172995291676709,4.49971462078142e-26,1.03514863490452e-23
"AFUB_046260-T",310.513632496646,-7.64139020129196,0.73769551584369,6.60369415835021e-26,1.48383471995302e-23
"AFUB_058090-T",9181.029537637,-1.54687023954157,0.150414648185254,1.2045854657576e-25,2.64516017503407e-23
"AFUB_099390-T",4175.39020466462,-1.44625906620051,0.141816871539494,1.45480995620869e-25,3.12363862153075e-23
"AFUB_086190-T",1737.78921353271,2.60409664983543,0.256155505421407,1.61006059252793e-25,3.38182727065322e-23
"AFUB_090110-T",9930.01129031967,-1.50493083595976,0.14805575776475,2.10736780094525e-25,4.33221014739e-23
"AFUB_013890-T",18716.4599137379,-1.31446422429156,0.130491964957288,1.04651222462207e-24,2.10654189881218e-22
"AFUB_015800-T",9899.22959278764,-1.23724311421537,0.123719545411603,1.34519106149306e-24,2.65249715023387e-22
"AFUB_067250-T",5606.47699853219,1.72172108749534,0.174727092691919,5.24416384155912e-24,1.01338222074288e-21
"AFUB_099610-T",1417.56890770476,-2.36913365968942,0.241951946261969,6.88527503999661e-24,1.304422106597e-21
"AFUB_047370-T",9522.60554490936,-1.41425749233775,0.144915195358347,1.34434179812644e-23,2.49789047182648e-21
"AFUB_057560-T",1197.16727498416,-2.20239284246725,0.227726364393931,2.3388321982626e-23,4.26373522634212e-21
"AFUB_101490-T",10868.5873211204,1.69091042701477,0.176765207044907,7.5044552343331e-23,1.34274160137271e-20
"AFUB_099590-T",9688.27754487928,-1.46305968841545,0.152817017391694,1.15475883267566e-22,2.02859633478404e-20
"AFUB_047440-T",12351.0778220971,1.24147704632509,0.130579070798261,1.7848751848351e-22,3.07954714926369e-20
"AFUB_088610-T",5961.77057697654,-1.45939721775544,0.154359960439152,2.43141354767254e-22,4.12145924519511e-20
"AFUB_090280-T",2013.80523539392,-1.94200587514917,0.206257140257408,2.76069935951214e-22,4.59894434682866e-20
"AFUB_086340-T",3452.93197100239,1.63744537484647,0.174528236457213,4.66104964134866e-22,7.63306129401878e-20
"AFUB_000610-T",2905.61995626527,-2.13232076314972,0.228333846924292,5.65385235268109e-22,9.10458690526745e-20
"AFUB_101510-T",6136.91799357598,1.34887361511187,0.144438665701126,9.72248799884026e-22,1.53997834499663e-19
"AFUB_086070-T",4190.31677942511,1.71625004640572,0.185014134801861,1.21448337564253e-21,1.89263522184808e-19
"AFUB_010910-T",23727.8996419395,1.18196981948293,0.128102642354768,2.76124418058416e-21,4.23478432901654e-19
"AFUB_050560-T",5359.75297727761,1.34746947648079,0.149729942248229,1.9037766599415e-20,2.87410782630543e-18
"AFUB_090100-T",4180.38037527591,-1.31729250741109,0.147666489507674,3.93198977631128e-20,5.8447515721107e-18
"AFUB_086210-T",383.553242083926,-3.80939080652716,0.430665785703515,4.493605390146e-20,6.57836595145312e-18
"AFUB_059670-T",13365.7064021771,-1.46274764333206,0.165037006691522,5.78127852491674e-20,8.33712135936501e-18
"AFUB_102050-T",64504.4556215118,-1.32032626474319,0.14949482864397,7.47045603070423e-20,1.06146391424506e-17
"AFUB_086050-T",1857.71730238565,2.14402012250953,0.245234188268783,1.15936603058992e-19,1.6234484909507e-17
"AFUB_049210-T",509.893535806861,-3.00465350556697,0.346023490283074,1.9438256415495e-19,2.68303476409304e-17
"AFUB_046050-T",24268.5098152567,-1.34202284294679,0.155561644471967,5.05225889752203e-19,6.84730055576973e-17
"AFUB_094780-T",20620.2657626798,1.35512009599321,0.156710634441383,5.10252163129187e-19,6.84730055576973e-17
"AFUB_092010-T",1717.73264076135,1.62658743988161,0.188913964257602,5.17886197369625e-19,6.85454306710317e-17
"AFUB_030160-T",2998.19638343274,-1.32426851500752,0.155719359709807,7.43864278530061e-19,9.71245494480736e-17
"AFUB_072450-T",1038.04776888668,2.02873347068533,0.237526090256926,8.21080917375324e-19,1.05777117649072e-16
"AFUB_091770-T",7924.51148232233,1.22244525565686,0.142834033694894,1.05618942634886e-18,1.34275029439245e-16
"AFUB_018480-T",1619.35290333188,-2.15736269518414,0.253626561405111,1.09759988899851e-18,1.37727404253293e-16
"AFUB_018780-T",6511.86985640229,-1.46440526028956,0.171889677323866,1.22489530582825e-18,1.51729980062981e-16
"AFUB_102080-T",1228.02944591007,-2.25298096138868,0.266459049130524,1.58020770142387e-18,1.93265402672878e-16
"AFUB_070430-T",13472.005161724,1.77794143059854,0.211269740947321,1.61571341341732e-18,1.95137787505476e-16
"AFUB_001490-T",1706.98997460412,1.59560330011879,0.188430880481077,1.80315994829906e-18,2.15088042227969e-16
"AFUB_046280-T",1241.41690860829,-2.48352555268016,0.295053601566602,2.07540390936143e-18,2.44543324051831e-16
"AFUB_046440-T",3487.37980399451,-1.7322968296646,0.205888310249936,2.61513608017155e-18,3.04427045862862e-16
"AFUB_067160-T",24233.7927912908,0.998726358334801,0.118543690537587,4.20706912874083e-18,4.83913118117785e-16
"AFUB_091650-T",20800.0447365563,-1.14353114329015,0.13620173229775,4.71051911604416e-18,5.35447478814337e-16
"AFUB_078400-T",209266.049260951,-0.971883300469904,0.115605740901052,4.93992740548989e-18,5.54995099905154e-16
"AFUB_019090-T",11967.1271435728,-1.03252347758992,0.123047952477388,5.05715218168765e-18,5.61634533097311e-16
"AFUB_066180-T",26839.4120088177,-0.96530283461601,0.114675547934924,5.18193530838235e-18,5.6895294260898e-16
"AFUB_044830-T",2769.48359935994,-1.76420975729474,0.21242873676918,6.44448553287094e-18,6.99624935040438e-16
"AFUB_086040-T",2074.64192667199,2.25721325970764,0.272778793714704,7.56986599168443e-18,8.12667169018389e-16
"AFUB_065820-T",33366.0169881012,-0.994210594339889,0.118387965738971,9.12869873349484e-18,9.59438192721442e-16
"AFUB_009030-T",9695.81347469164,-1.18737323267958,0.14297532880181,9.13561516563575e-18,9.59438192721442e-16
"AFUB_026880-T",9808.58232388975,1.41315496739558,0.170939578052916,1.12393513510367e-17,1.16768400810448e-15
"AFUB_086320-T",1529.68803094504,2.26369304194711,0.275997858260318,1.38969578462327e-17,1.42842985862021e-15
"AFUB_073440-T",12278.7157733641,-1.48496894201574,0.180754888295507,1.54492679415334e-17,1.57127186159048e-15
"AFUB_085510-T",17810.1553662711,1.1099924596301,0.134516126256992,1.61279974980822e-17,1.6232157481924e-15
"AFUB_100430-T",2950.10963519305,-1.35598834997147,0.166560331536198,3.0858626241254e-17,3.07377367776285e-15
"AFUB_086060-T",6712.07719930562,1.38739638006637,0.171550883840754,4.82857133331724e-17,4.76057716556236e-15
"AFUB_085360-T",1014.54809557692,-2.91967348745894,0.36498805096191,6.3103733539552e-17,6.15866942888032e-15
"AFUB_053630-T",7816.38063428298,-1.49830185984378,0.185084588597334,6.51773921789255e-17,6.29743963232779e-15
"AFUB_101500-T",2986.88850871464,1.51685267969632,0.188897314713877,7.29513260578207e-17,6.97876942941251e-15
"AFUB_055560-T",8282.82200174576,-1.25039791893459,0.15599125862216,9.03995090008405e-17,8.56313780358942e-15
"AFUB_053400-T",18027.4464657655,-1.08553565186607,0.134995010270896,9.28593264215944e-17,8.71074574646063e-15
"AFUB_093620-T",15111.0168245825,-1.17189978410966,0.147192140598812,1.24368276424821e-16,1.15542912193906e-14
"AFUB_000300-T",5107.92608825617,1.23851570133394,0.155489472699179,1.5029264826957e-16,1.38297863579104e-14
"AFUB_031680-T",1128.12221513528,-2.32205942546873,0.294010579550889,1.55831036531775e-16,1.42041459902831e-14
"AFUB_024060-T",5939.3519579242,1.25291644942376,0.157985005329951,2.02280488784338e-16,1.82657390900399e-14
"AFUB_042790-T",15049.7138360166,-1.09812834462206,0.13899724235932,2.70393864964092e-16,2.4190236326695e-14
"AFUB_075710-T",492.765159266918,3.00798639520387,0.384768082417569,2.94329867844284e-16,2.60900475514814e-14
"AFUB_087290-T",511.506845570312,-2.8673312105553,0.367358131172606,3.03544311234974e-16,2.64718658211818e-14
"AFUB_018330-T",5203.75833239292,-1.33243383685129,0.168497667187127,3.04116860500018e-16,2.64718658211818e-14
"AFUB_016080-T",8727.23190366594,-1.06845878151341,0.135598672085569,3.35015505668536e-16,2.89010697836553e-14
"AFUB_070810-T",3735.71588536034,1.22135588848932,0.155661076846403,3.89413266315564e-16,3.32965573375308e-14
"AFUB_100720-T",1905.01408507611,-1.50920857400821,0.193150308270966,3.99162444585686e-16,3.38307678911131e-14
"AFUB_068500-T",24627.4229581586,-1.29332820890277,0.166005469445461,5.48902119394334e-16,4.60141764658824e-14
"AFUB_050370-T",16401.9180143535,-1.08890611033489,0.139348552388901,5.52436811223593e-16,4.60141764658824e-14
"AFUB_025900-T",23423.0102533944,0.978425485607659,0.124969970149102,5.86313470206568e-16,4.84184679413321e-14
"AFUB_090420-T",17227.5294836692,-1.04450759098275,0.13351149522614,6.80473182764045e-16,5.57180668802221e-14
"AFUB_050660-T",2710.17784849174,-1.47912353423665,0.19374909706976,1.2313633812758e-15,9.99784284864439e-14
"AFUB_073360-T",3196.23545436711,1.25134585133526,0.162662705157364,1.29126531043671e-15,1.03968378578662e-13
"AFUB_082360-T",5956.13326163845,-1.15317179204259,0.150228453530005,1.79925676596121e-15,1.43672883245597e-13
"AFUB_086010-T",4559.21579867487,1.26076586130857,0.166394501628076,3.10883449887432e-15,2.4620949941085e-13
"AFUB_018320-T",5716.54877966271,-1.28777309973385,0.170230833707638,3.16134477615329e-15,2.48332627863359e-13
"AFUB_039210-T",31929.3847407312,-0.952442244763457,0.124337582429031,3.2052626198445e-15,2.49751995426916e-13
"AFUB_003250-T",11699.5593218214,-1.105212596001,0.146598199382575,4.64168859345769e-15,3.58783961519905e-13
"AFUB_041090-T",13554.4051163793,-1.00939641167328,0.133401223621967,5.02569521654083e-15,3.85383072874742e-13
"AFUB_035610-T",20607.1124196709,1.36897835746822,0.182555650935712,5.27519195303594e-15,4.01329957875852e-13
"AFUB_044810-T",701.697050593503,-2.1172353000121,0.284513568375211,5.69331935493567e-15,4.29259486584786e-13
"AFUB_000770-T",10589.7075864822,1.05252215368133,0.139802347660241,5.73116060540649e-15,4.29259486584786e-13
"AFUB_051830-T",612.030989198189,-2.3886446731118,0.322732790527883,7.25098436934481e-15,5.38915469050843e-13
"AFUB_078780-T",2170.7753970345,1.85965591078186,0.251463158972452,9.08146547617948e-15,6.69810071991192e-13
"AFUB_044820-T",1661.54001211493,-1.83227604354779,0.250210328981145,1.48411055830343e-14,1.08632395563089e-12
"AFUB_032870-T",28382.1487957428,-0.901889060817303,0.120918807500814,1.64422320676639e-14,1.19447252810352e-12
"AFUB_090300-T",9224.22380282062,-0.888129337328146,0.120419795605002,2.07668905285506e-14,1.49738579318549e-12
"AFUB_042820-T",17943.2111590483,-0.929495296053206,0.125510512799668,2.40567650217826e-14,1.71601293698891e-12
"AFUB_075880-T",985.189711146745,1.8094178915396,0.249070027690878,2.41541874798688e-14,1.71601293698891e-12
"AFUB_086330-T",4586.89000613852,1.74850057273159,0.240437803935511,2.4337632108369e-14,1.71642482796395e-12
"AFUB_027530-T",16142.171286375,-0.871679954818813,0.118859508201871,3.01938245966764e-14,2.11400531342817e-12
"AFUB_070260-T",33659.2057246375,-0.914368753218551,0.125607285425624,4.77858750607634e-14,3.32163399163379e-12
"AFUB_089150-T",4486.58333852283,1.0016424629363,0.13845180871541,5.34676598443917e-14,3.69003235297509e-12
"AFUB_084520-T",2363.04182284205,-1.58105263984926,0.22195113395738,7.17554491940515e-14,4.91702943342501e-12
"AFUB_036430-T",12352.7567485917,-1.04205567036745,0.145766897436798,8.24341192907706e-14,5.60900324357342e-12
"AFUB_086130-T",14506.8084818721,0.998208115006375,0.139403706493271,1.03308452249098e-13,6.95054667295315e-12
"AFUB_061150-T",28572.2633351934,1.12170077807087,0.157308605272391,1.03589186597522e-13,6.95054667295315e-12
"AFUB_010380-T",3256.72262816044,1.22681771288819,0.173637772751913,1.43241667815165e-13,9.54483444434567e-12
"AFUB_101060-T",9604.47551918114,0.916438551466233,0.12877478667132,1.46319404349734e-13,9.68313756730911e-12
"AFUB_055310-T",7540.10850206428,-1.20258124201532,0.170442726035644,1.51450228938851e-13,9.95450416331414e-12
"AFUB_034560-T",3795.84215259747,-1.07975542779791,0.153073612642955,1.73926492299601e-13,1.13545795175591e-11
"AFUB_070850-T",4880.40417556157,-1.16826518285706,0.165432195418185,2.31564689510435e-13,1.50159599332203e-11
"AFUB_046570-T",1246.60077720084,-1.99464920504166,0.289181906507879,3.06900706826805e-13,1.97684975290706e-11
"AFUB_086180-T",1762.92434336119,1.9668484557288,0.28620773806505,3.84655263151401e-13,2.46128420699923e-11
"AFUB_038920-T",50454.9698224434,-0.917737747105489,0.131028591359545,3.87610961506891e-13,2.46387967768393e-11
"AFUB_092660-T",24229.7582671208,0.844983704950127,0.120911822634187,4.30207288170861e-13,2.71677308386069e-11
"AFUB_072260-T",6504.66284011812,0.988539570866067,0.142392299784585,4.47465910107696e-13,2.80741274250685e-11
"AFUB_094350-T",8739.30486582065,-0.865330251262129,0.124257480474355,4.52708761669475e-13,2.82198197112934e-11
"AFUB_080950-T",8346.01631789328,-1.40192460081746,0.204195223833193,4.9750213827697e-13,3.08132414104621e-11
"AFUB_004350-T",29972.1341465024,-0.942468485565563,0.136203536687301,5.10164372158602e-13,3.13962303426523e-11
"AFUB_075770-T",91.5150592046091,10.9729390408665,3.04808028106314,6.24706198928156e-13,3.82019702154674e-11
"AFUB_046200-T",5275.22409212876,0.972722361478831,0.14130266198217,6.90791133566109e-13,4.19761673454773e-11
"AFUB_084750-T",20039.237107838,1.33215248362102,0.195026605906437,6.95113514311361e-13,4.19761673454773e-11
"AFUB_067860-T",88302.3240893154,-0.882625525998432,0.126503662070881,8.15903084073942e-13,4.89643204864747e-11
"AFUB_033270-T",11659.725373897,1.09539263091566,0.160347472954294,9.03107689198977e-13,5.38631265002501e-11
"AFUB_058290-T",2481.29808896595,1.19546386189623,0.17568736171809,9.28427199392136e-13,5.50335190216369e-11
"AFUB_010620-T",24268.335769839,0.953827192154587,0.139481088873295,9.76893687580474e-13,5.7553334203674e-11
"AFUB_086200-T",9013.68727091923,1.20205559340077,0.177203232704403,1.07717107858573e-12,6.30765270381535e-11
"AFUB_036640-T",24742.2765783575,-1.01868027458756,0.150251432564165,1.12266780174073e-12,6.5344676508548e-11
"AFUB_024140-T",12894.1640223276,1.02782759066667,0.151137200759645,1.14962068666836e-12,6.65127848777828e-11
"AFUB_047180-T",2245.25421176781,1.34969570681055,0.199842723484201,1.1591218041035e-12,6.66633028050478e-11
"AFUB_055510-T",8395.9680338973,-0.901547607518867,0.132587965121481,1.3457147430009e-12,7.69366618158264e-11
"AFUB_090030-T",6549.87490045832,0.99222175280421,0.146587214371326,1.50670381226975e-12,8.56339543185312e-11
"AFUB_000810-T",5970.12333800358,1.07733869383902,0.160106267916188,1.80910792005206e-12,1.02219887272181e-10
"AFUB_008300-T",5861.05080756694,0.892841350414714,0.132455065366492,2.10202999196864e-12,1.18080312688378e-10
"AFUB_059860-T",22051.6893274835,-0.931214912186139,0.138787083915122,2.4926804105154e-12,1.39215480499421e-10
"AFUB_002920-T",10515.4965188342,-0.826164368111765,0.123112818675032,2.55886254377901e-12,1.4163007306952e-10
"AFUB_087060-T",3413.52370630154,-1.13843854200728,0.170608435877789,2.56523108954316e-12,1.4163007306952e-10
"AFUB_020790-T",17479.9409844283,0.842095844623822,0.126216515674767,2.85031901205183e-12,1.56476035763891e-10
"AFUB_088410-T",28827.4932636192,-0.725478574277669,0.107824684867082,3.09391754142253e-12,1.68889442289404e-10
"AFUB_087120-T",1861.73254814144,-1.52550190083136,0.232281142992871,3.54524753662536e-12,1.92439223027384e-10
"AFUB_039980-T",958.962656714713,-1.90378676170616,0.292419997571383,4.40278627283769e-12,2.36992856567437e-10
"AFUB_015260-T",12714.9922791438,0.985496358199524,0.149056276696287,4.41510186111972e-12,2.36992856567437e-10
"AFUB_036870-T",1750.0519689602,1.38035424884818,0.210620100540794,4.47337812619676e-12,2.38794361631564e-10
"AFUB_018980-T",658.185001664614,-1.83132812341103,0.281676987744829,4.80264690776925e-12,2.54962496828937e-10
"AFUB_053890-T",46853.6441431002,0.831078635371817,0.12531374675866,4.94635652529523e-12,2.6087079431431e-10
"AFUB_047350-T",2338.79448927861,-1.18458993862724,0.18073176289919,4.96793895195953e-12,2.6087079431431e-10
"AFUB_057020-T",8851.61463932712,0.93694586979504,0.141873732321444,5.24308767608063e-12,2.73830881763735e-10
"AFUB_077020-T",26978.6515190669,-0.808334076730767,0.1220532558998,5.33784496957144e-12,2.77280957505372e-10
"AFUB_091780-T",1318.9855258682,1.35667786285329,0.20812135480113,5.60251233635810e-12,2.89473124031508e-10
"AFUB_033660-T",5765.4053070063,0.942411252059243,0.143222346917916,5.782945217492e-12,2.97206471762807e-10
"AFUB_052290-T",8185.81251139981,1.18382525781477,0.181837836607565,6.90762211190318e-12,3.53129337805336e-10
"AFUB_030300-T",608.516388463836,2.07338921413307,0.322356354319216,7.35546319965524e-12,3.72258164749297e-10
"AFUB_019860-T",29766.5768312427,-0.807944637528241,0.122667500987764,7.35886042921918e-12,3.72258164749297e-10
"AFUB_091030-T",91873.5265055801,-0.939030243137672,0.14401191787203,7.51310431651245e-12,3.7808132242783e-10
"AFUB_036280-T",1079.99367944645,1.92977753715678,0.300189743897708,7.78641566909157e-12,3.87876882185723e-10
"AFUB_064830-T",58348.2674358829,0.896461220711722,0.137274258033048,7.78804752059929e-12,3.87876882185723e-10
"AFUB_064010-T",8468.19853009495,-1.038368429471,0.159793687779761,7.87346259711658e-12,3.9011997750431e-10
"AFUB_035240-T",15165.5712606445,-0.83564428527849,0.126518350112881,8.08679907765739e-12,3.98646187185335e-10
"AFUB_072460-T",2499.3818159035,1.32982664243415,0.205741208054378,8.23717551977508e-12,4.03997918132319e-10
"AFUB_077430-T",4259.74715151312,1.04614261970351,0.160967472052375,8.88648174493823e-12,4.33642356664612e-10
"AFUB_087580-T",53569.624997858,0.836834794268582,0.127283791235861,9.07563863498764e-12,4.40647339152013e-10
"AFUB_043270-T",5037.32084537255,-1.2314039262022,0.191618970128652,1.10686915803091e-11,5.34728490244733e-10
"AFUB_036810-T",216706.815651767,-0.860623434110651,0.132173817020749,1.20089888071215e-11,5.77267909723421e-10
"AFUB_045190-T",884.996899082062,1.86601110634229,0.293851322198977,1.33575879355074e-11,6.38915914024123e-10
"AFUB_046580-T",7495.66911098863,1.05669117404573,0.164925868952623,1.56183890531409e-11,7.43373768627818e-10
"AFUB_050350-T",21843.7283897292,-0.878918082809395,0.136635837086348,1.61042791882932e-11,7.62742870182788e-10
"AFUB_067270-T",16735.6660864564,1.31043533487885,0.206166665101544,1.69680994175165e-11,7.99735495473387e-10
"AFUB_004200-T",2313.36431353857,-1.45087782985209,0.229007901358172,1.71871932816622e-11,8.06129424696216e-10
"AFUB_005010-T",42163.7991342676,-0.808776660502856,0.123556562111377,1.75942456109458e-11,8.2123478788869e-10
"AFUB_062080-T",538.938685526528,-1.96378138325592,0.312144459770308,1.82084555106792e-11,8.45817774731644e-10
"AFUB_086350-T",5583.07504512552,0.91381097399323,0.14251838577193,1.84127911297094e-11,8.5121716696293e-10
"AFUB_056300-T",30993.6016619682,-0.836136796484324,0.13018717380701,1.92037801071722e-11,8.83556778073798e-10
"AFUB_075800-T",71.2732116424491,10.5250352618032,3.03591487932723,2.00084456791868e-11,9.16216123944565e-10
"AFUB_071195-T",4615.72905830393,-1.21867037853282,0.192493222595818,2.0809991674673e-11,9.48425186607029e-10
"AFUB_019330-T",12451.6509138046,0.858282003706881,0.134134312770979,2.20033535688322e-11,9.98105174563648e-10
"AFUB_008520-T",24271.0969241195,0.854946514531321,0.133617615409883,2.24147329273083e-11,1.0120147174937e-09
"AFUB_005270-T",49031.9103486956,1.17040729745766,0.185249943286346,2.43868972200589e-11,1.09593581832655e-09
"AFUB_040650-T",3937.27380722579,1.13221774756109,0.179462750888267,2.79371190701300e-11,1.24966872433147e-09
"AFUB_067340-T",92405.5882381654,-0.880471505212899,0.138186031378994,3.28685020940607e-11,1.46348141581942e-09
"AFUB_006710-T",16360.3362438382,-0.881281431006592,0.138469580735761,3.46949830794244e-11,1.53771984639174e-09
"AFUB_049120-T",10260.9689455552,-0.999035233808144,0.159360057999331,3.9662985509024e-11,1.74988020999173e-09
"AFUB_009620-T",9979.59792503189,-0.834075678347532,0.131911030946375,4.37853754568609e-11,1.92297408029177e-09
"AFUB_047810-T",1240.12739718825,1.61828664376923,0.263035469900958,5.16833260831059e-11,2.25956695300891e-09
"AFUB_001520-T",4605.37730107061,0.997187016329121,0.160216889222197,5.47313670253922e-11,2.38204715405108e-09
"AFUB_083810-T",10747.3639431998,-0.762804327122213,0.121697985685208,5.59562119324629e-11,2.41643139596502e-09
"AFUB_023180-T",31833.1116657687,-0.932629010676848,0.14961825888951,5.602159311697e-11,2.41643139596502e-09
"AFUB_010850-T",58033.8621740708,-0.700446225357679,0.110713916525998,6.05895030600993e-11,2.6018479047408e-09
"AFUB_080970-T",1055.40380116611,-1.54262362771373,0.252125670947333,6.34830194020996e-11,2.71403952859773e-09
"AFUB_030880-T",3828.4677681307,0.962764252290961,0.15556058830416,7.31614119396361e-11,3.11403331348354e-09
"AFUB_095820-T",15188.0872856792,0.962504022176029,0.155618866376786,7.44216756141638e-11,3.15378170957917e-09
"AFUB_088270-T",7286.80022145507,0.944125092363563,0.152581374254956,7.6388910006882e-11,3.2230115654432e-09
"AFUB_068320-T",22366.1735678869,-0.832934771649265,0.134565081825,8.78535802901785e-11,3.69061431636393e-09
"AFUB_066270-T",6169.76249337485,-0.973020628191215,0.158651054836618,9.60766192221894e-11,4.01858136331080e-09
"AFUB_072320-T",13532.4901131246,-0.818911310557523,0.132633652099286,9.87080295622213e-11,4.11084905875078e-09
"AFUB_055890-T",12818.0249938175,-0.801325568384219,0.12874451474602,1.00704318507493e-10,4.17598766274421e-09
"AFUB_016060-T",29850.9447895879,-0.74311391482785,0.119991689498094,1.02183977774043e-10,4.21923757800345e-09
"AFUB_099930-T",51547.1239458154,0.698927260463726,0.112445209421843,1.04350251779442e-10,4.2809842531684e-09
"AFUB_026240-T",27508.4576296839,0.934526750587208,0.152011493148972,1.04565543753647e-10,4.2809842531684e-09
"AFUB_097090-T",3666.28055600996,1.26401960848676,0.208268547782866,1.08013660012384e-10,4.40349359932342e-09
"AFUB_000690-T",2354.55054624636,-1.47763878786554,0.244858815881326,1.11461747797293e-10,4.51695875839046e-09
"AFUB_095240-T",186526.663004092,-0.934548844076723,0.152709741224184,1.11731850885461e-10,4.51695875839046e-09
"AFUB_047360-T",816.16616922882,-1.84112867220526,0.306654721399044,1.14178426143969e-10,4.59663313917929e-09
"AFUB_043570-T",28539.8442631148,-0.847565658294151,0.13825502302934,1.16025156854982e-10,4.65159778229391e-09
"AFUB_000720-T",1743.72867584162,1.39003741479951,0.230750368750998,1.2900433368294e-10,5.15057798365525e-09
"AFUB_000260-T",817.243250397167,2.09802396241439,0.351565950552497,1.36548432887983e-10,5.42934550849254e-09
"AFUB_030490-T",1228.60299180312,1.31608182886882,0.218690956850304,1.42450460371683e-10,5.64080470537376e-09
"AFUB_042210-T",73959.4739228169,0.688878466895547,0.111909681370991,1.49863601056584e-10,5.89501443450426e-09
"AFUB_086420-T",5473.20980350954,0.856059916654497,0.140361622015811,1.50090410979926e-10,5.89501443450426e-09
"AFUB_053150-T",14280.0251295695,-0.798119535033014,0.130657659679192,1.53781851341471e-10,6.01554756138176e-09
"AFUB_101080-T",14463.577254909,-0.829345536131405,0.136022729229421,1.61043275907757e-10,6.27419407992237e-09
"AFUB_094770-T",7631.89251281193,0.901458710137254,0.148380757951948,1.62090341134908e-10,6.2896260082148e-09
"AFUB_039270-T",9679.80508980254,-1.03862716696566,0.173372479478847,2.14724361106111e-10,8.298667108029e-09
"AFUB_057580-T",3650.12343219212,1.2618065920908,0.212960055725691,2.61099664590555e-10,1.00507767301751e-08
"AFUB_086400-T",6373.69626440752,0.854442595108084,0.142360854566105,2.74434299056219e-10,1.05221595138142e-08
"AFUB_095490-T",4101.96432483023,1.0137530100816,0.170334378868309,2.95217200100777e-10,1.12742631912004e-08
"AFUB_004240-T",2439.04329483225,1.05253897676087,0.177279638345377,3.01370056114157e-10,1.14639270951771e-08
"AFUB_072210-T",2601.3521872291,1.00600109378967,0.169365947059416,3.14421699287703e-10,1.19134998373246e-08
"AFUB_036890-T",2568.26165873174,1.02958418107854,0.173611186510312,3.23115915717475e-10,1.21951014752432e-08
"AFUB_024580-T",43955.5502400825,-0.763466425480843,0.12681307394124,3.46147015377603e-10,1.29833764998111e-08
"AFUB_021050-T",21743.2138012798,2.30531783235125,0.395590222868492,3.46689208957904e-10,1.29833764998111e-08
"AFUB_054870-T",1300.37275373815,-1.62794141464036,0.28026542590585,4.01571596698706e-10,1.49806361671926e-08
"AFUB_064800-T",41020.6162190216,-0.715681303430363,0.119170985757943,4.09050277400825e-10,1.52009376163337e-08
"AFUB_013260-T",149559.69437238,0.672022563751816,0.112569806349687,4.95071849158696e-10,1.83271425539131e-08
"AFUB_094470-T",21060.419313427,0.777049219898536,0.132387199379645,7.0261612318777e-10,2.59109808482452e-08
"AFUB_092480-T",64.40813793607,6.32679731505385,1.0931070386606,7.42269635832056e-10,2.72692365833054e-08
"AFUB_074320-T",109790.878350096,0.796012374432242,0.136688190750078,9.18673252199246e-10,3.36220491013224e-08
"AFUB_081990-T",11698.1821526691,-0.735982255291836,0.126257008482838,9.37963169502174e-10,3.41984911084151e-08
"AFUB_078660-T",25835.2555281797,1.04441144752567,0.182057883782326,9.69069659129069e-10,3.50385603601273e-08
"AFUB_096420-T",2319.4538091747,1.07692587831791,0.187753276514773,9.71588013944248e-10,3.50385603601273e-08
"AFUB_042970-T",16425.3852846328,-0.75236011996669,0.129034933166224,9.71883065257101e-10,3.50385603601273e-08
"AFUB_041650-T",28456.1079050023,0.759596163265053,0.130713181720373,1.04933512300298e-09,3.76902451987166e-08
"AFUB_067880-T",118729.942267969,0.746981526201072,0.128621943879222,1.10185217838327e-09,3.94299842501452e-08
"AFUB_068010-T",3242.01491991522,1.15923790334885,0.203998781348873,1.20202195105937e-09,4.28558527348178e-08
"AFUB_041670-T",1159.94059226753,1.5244136006881,0.270776162007222,1.24701636034343e-09,4.4296588506023e-08
"AFUB_095120-T",942.516085883436,1.26377511867974,0.223918498175607,1.37427298872495e-09,4.86381890734815e-08
"AFUB_001700-T",4759.32224587454,-0.835772934653854,0.146053194407881,1.40600337112899e-09,4.95795787293734e-08
"AFUB_024070-T",29828.7760659582,-0.663990206053396,0.114410828014711,1.61338227469859e-09,5.66854528659556e-08
"AFUB_036860-T",13444.8908957593,0.785511173169004,0.137353814616432,1.70739863098456e-09,5.97713245383073e-08
"AFUB_025710-T",8762.77334194818,0.941597299719951,0.166499786985543,1.87854477631705e-09,6.55252694179615e-08
"AFUB_088920-T",12278.9173138291,-0.71168464796896,0.124337770548013,1.9874494047569e-09,6.90745904631697e-08
"AFUB_052010-T",34400.9471318281,0.808521800629096,0.142312379088363,2.2013232743608e-09,7.62336397020577e-08
"AFUB_020080-T",1690.91657000089,-1.06431659182163,0.190448271181927,2.25279190178291e-09,7.77374119822375e-08
"AFUB_025910-T",58721.4692053374,1.03086324164716,0.184077017569931,2.2648646458908e-09,7.78758797458965e-08
"AFUB_078690-T",3221.19421850024,-0.875205556117104,0.155358604414709,2.31236543085611e-09,7.91058847042737e-08
"AFUB_005690-T",21981.8429232005,0.844175466764869,0.149482996744908,2.31701152673458e-09,7.91058847042737e-08
"AFUB_053000-T",1669.99338241232,1.15992349919498,0.20843576012563,2.38287574165039e-09,8.10681176613595e-08
"AFUB_077890-T",18226.0525005535,-0.892993127634937,0.159040381685896,2.4786254767128e-09,8.40297521263124e-08
"AFUB_031410-T",21996.4519939913,-0.840935334109288,0.149712356679576,2.67699276714722e-09,9.04374269796378e-08
"AFUB_030660-T",34226.9827350327,-0.654996614510843,0.113337781697296,2.79426944688509e-09,9.40704926683056e-08
"AFUB_071210-T",1336.08132066548,-1.22408869359427,0.222012593131096,2.91010480343431e-09,9.76299743429942e-08
"AFUB_029930-T",6443.770338801,1.00891900226588,0.181560794806493,2.99685900706435e-09,1.00192566526837e-07
"AFUB_059360-T",32207.7795312434,-0.809677944511659,0.146018895907,3.02658813452654e-09,1.00837567433777e-07
"AFUB_077720-T",151.997752521057,-3.36363025680744,0.623690598452175,3.04784397913762e-09,1.01196799059889e-07
"AFUB_021660-T",6414.89282622039,0.777011849515167,0.138246670494293,3.06452697386146e-09,1.01402258977566e-07
"AFUB_100080-T",17580.1186496612,0.679957631011746,0.120081425922204,3.10776586906683e-09,1.0248202671305e-07
"AFUB_065700-T",7300.49668565066,0.706817632683837,0.125268225958295,3.17232542473002e-09,1.04255130114767e-07
"AFUB_018960-T",6043.39935683927,-0.798153684957873,0.142527930308632,3.23923261794133e-09,1.06093103574743e-07
"AFUB_022630-T",23279.6129895478,-0.747047882399203,0.132969349527395,3.2508256919099e-09,1.06113100794708e-07
"AFUB_033690-T",36229.6054150194,0.660247951514083,0.116408893384046,3.52732141105443e-09,1.14519618795223e-07
"AFUB_017820-T",1378.26077637853,1.36676246534496,0.250443413384778,3.53206855733559e-09,1.14519618795223e-07
"AFUB_010810-T",3297.95885957153,0.968126739328968,0.174932160479582,3.63343153918701e-09,1.17412092079013e-07
"AFUB_006780-T",16913.8039187021,-0.720602129335672,0.128525010921184,3.65441337458268e-09,1.17696473417393e-07
"AFUB_074840-T",31561.2458556904,-0.660374014139901,0.11719703665735,3.78365629821701e-09,1.21454110144095e-07
"AFUB_003150-T",16925.1189826358,-0.725851040362488,0.129516763467099,3.85803720758127e-09,1.23431640727319e-07
"AFUB_040480-T",4992.79771918276,-0.998196006716455,0.181275641823462,3.90040130016794e-09,1.24375172812616e-07
"AFUB_021500-T",2269.97976646316,-1.23187767759896,0.226079199733983,4.14262104593557e-09,1.31664488637597e-07
"AFUB_024390-T",26397.9200371939,-0.681028038555464,0.121732637918254,4.29784098926265e-09,1.36149966027068e-07
"AFUB_012760-T",4931.24174192213,0.941413371937434,0.170940333958766,4.36201847205419e-09,1.37731446003227e-07
"AFUB_082410-T",4364.32301869111,0.882416295764818,0.159723025187998,4.39657296930547e-09,1.38370319314103e-07
"AFUB_086990-T",1105.28583389442,-1.30066209463472,0.23979510214993,4.47307128767803e-09,1.40320827212809e-07
"AFUB_017330-T",4310.03972995723,1.00400547073668,0.183708439130391,5.03618569505455e-09,1.57474518400055e-07
"AFUB_044990-T",1034.05363283881,1.38776475212064,0.257174688753714,5.08873388684887e-09,1.58604344563657e-07
"AFUB_037770-T",47513.4319361718,-0.801399720500555,0.143088254623663,5.13587122976148e-09,1.5955880328603e-07
"AFUB_024420-T",20729.481645523,-0.690751650115648,0.124472924693144,5.48776742210467e-09,1.69944900103767e-07
"AFUB_099140-T",87772.839042092,0.587634920343277,0.10612775009972,5.60712958908793e-09,1.73086537028011e-07
"AFUB_051180-T",22247.8501756245,-0.744022434131753,0.134597915211721,5.68685451287101e-09,1.749884977814e-07
"AFUB_078170-T",15802.5256368568,0.835038909247096,0.152009481906666,5.77667507907946e-09,1.77188046393859e-07
"AFUB_050890-T",14062.5344232986,-0.752269884131596,0.136337054761658,5.90020140096192e-09,1.80404259291437e-07
"AFUB_029480-T",170672.831659504,-0.679228871313068,0.122543323761308,6.50608399399511e-09,1.98302156309088e-07
"AFUB_055620-T",12369.4005334946,0.880229463622726,0.161490798413638,6.66462924102918e-09,2.02058044988574e-07
"AFUB_040230-T",1169.51472397382,1.41065199869651,0.263972777657318,6.6711360330527e-09,2.02058044988574e-07
"AFUB_009800-T",53060.2078401593,-1.03584494612004,0.192147281148631,6.79232585628763e-09,2.05085788823285e-07
"AFUB_039990-T",1837.46799637993,-1.13995481396917,0.212096007098596,6.83860210182630e-09,2.05830795761361e-07
"AFUB_020090-T",37498.118635655,-0.688792999007094,0.124969775861934,6.85960631703149e-09,2.05830795761361e-07
"AFUB_015530-T",20427.880784544,-0.945417192507521,0.17447951383731,6.90774381906231e-09,2.06633500866192e-07
"AFUB_053680-T",16042.0818420778,-0.700279350299254,0.126430271533771,7.08848854148375e-09,2.11385729283383e-07
"AFUB_003160-T",10326.431094226,0.748791413763874,0.136318552399704,7.14738935827125e-09,2.1248638762959e-07
"AFUB_006860-T",2017.52956144881,-1.01627511455765,0.188482549022252,7.24652932813379e-09,2.1477290297064e-07
"AFUB_070190-T",22385.1400728396,-0.725430806352124,0.13085384497013,7.94662246958636e-09,2.34802037618176e-07
"AFUB_083470-T",17285.1986237918,-0.781798748571024,0.143249256734668,8.18135818816213e-09,2.41000862237873e-07
"AFUB_023990-T",20096.5332125988,0.688243532912627,0.125727347403183,8.70919372624718e-09,2.55769695389058e-07
"AFUB_042280-T",10657.5309068745,0.962859670062842,0.179492196670097,9.37014180827237e-09,2.74346394398569e-07
"AFUB_056940-T",5898.25396914939,0.998356686142794,0.186579196069751,9.5846433536836e-09,2.79778924722933e-07
"AFUB_038630-T",51177.9784909804,-0.752249381038415,0.138864430069168,9.66277893991272e-09,2.81210150956135e-07
"AFUB_026820-T",15938.9561150564,0.896042163292829,0.166745571052246,9.91105300153738e-09,2.87569351654217e-07
"AFUB_050450-T",5932.14857624698,-0.765416838412158,0.142249786300856,1.03502929210057e-08,2.98760476669352e-07
"AFUB_044960-T",665.844945217966,-1.43261446561745,0.272754849964773,1.03585965311771e-08,2.98760476669352e-07
"AFUB_079010-T",7795.13268241646,0.669782583924284,0.122971396676764,1.0507555146499e-08,3.02154755432955e-07
"AFUB_086030-T",47526.2677095701,0.704769709539438,0.129857871327473,1.09505712551258e-08,3.13959701682568e-07
"AFUB_089290-T",11074.3789687419,-0.743798107583934,0.138538242247034,1.20563864146215e-08,3.44641436503174e-07
"AFUB_011960-T",6231.05815814841,-0.742306927699825,0.138790590515304,1.22255866764321e-08,3.48447252117069e-07
"AFUB_064390-T",117874.557491624,-0.717304512762527,0.130759066741796,1.23295359140955e-08,3.50232175566057e-07
"AFUB_013950-T",21247.0565557509,0.826276430080084,0.154243352008772,1.2360709156285e-08,3.50232175566057e-07
"AFUB_058990-T",13533.6401035598,0.683433857536538,0.126053014236462,1.29404372640668e-08,3.65113251162263e-07
"AFUB_028260-T",5249.66741871828,-0.94166224476015,0.177434361080775,1.29614826276812e-08,3.65113251162263e-07
"AFUB_096500-T",7266.98384598585,0.81853851131317,0.152960368662214,1.31099181041782e-08,3.67301496106538e-07
"AFUB_053100-T",13735.4633763309,-0.793674529598576,0.148287055506147,1.31151952139056e-08,3.67301496106538e-07
"AFUB_032610-T",2498.68007610378,0.984554125990228,0.186133847775786,1.36240274773737e-08,3.80448998515562e-07
"AFUB_031740-T",9093.3056333837,-1.05634486660968,0.200756913685722,1.39484229120418e-08,3.88385193591203e-07
"AFUB_056240-T",13083.2773637392,-0.692726251458347,0.127895105011229,1.41020271339726e-08,3.91533868300125e-07
"AFUB_004420-T",8948.79879021549,0.756100636798188,0.141243141561001,1.45455131710255e-08,4.02689823090109e-07
"AFUB_094630-T",4628.32071124676,-1.17079086993063,0.2247500447506,1.59268852976497e-08,4.3967304498826e-07
"AFUB_037280-T",6083.2417428906,0.964145321094431,0.183221990220809,1.63634170085174e-08,4.50436852240158e-07
"AFUB_001050-T",20756.5294611367,-0.656867646456123,0.121228094692881,1.64208572011434e-08,4.50733870106386e-07
"AFUB_051570-T",29591.8564524681,-0.695296490800657,0.130020976318936,1.68063892796888e-08,4.60009442550575e-07
"AFUB_089470-T",16895.6007765367,-0.677831197817893,0.126590908152697,1.70998263835285e-08,4.66718990162861e-07
"AFUB_077470-T",2171.50453423382,1.03252810782751,0.197453303271576,1.77370992513728e-08,4.82748881596518e-07
"AFUB_010560-T",52940.0924077845,0.824348992433069,0.155764119011159,1.82139477675884e-08,4.94334728456291e-07
"AFUB_022040-T",10764.3763814461,-0.694705442963151,0.129959485425773,1.89572561176949e-08,5.13067251006073e-07
"AFUB_053870-T",7868.77617749752,-0.757132317027265,0.143117824786735,1.99254660288128e-08,5.37764951872597e-07
"AFUB_070090-T",13167.8159952507,-0.650643615778066,0.122428664180041,2.00123718838567e-08,5.3860595304129e-07
"AFUB_093030-T",2194.03728202368,1.04100134161293,0.20012712658512,2.02549180574441e-08,5.43619495197291e-07
"AFUB_056250-T",8072.29561890418,-0.823932080762973,0.156652114937416,2.03804757411684e-08,5.45474118036479e-07
"AFUB_016230-T",77028.8719346329,0.637169532348093,0.119277463502827,2.06791407772297e-08,5.51938834777881e-07
"AFUB_101340-T",9853.77286580017,-0.964803276770434,0.185633453640824,2.14965106402793e-08,5.72174341064405e-07
"AFUB_065590-T",3225.90523938586,0.813835324744013,0.154828727377212,2.17415455677214e-08,5.76263560823785e-07
"AFUB_028410-T",1128.25941665582,-1.3425877186009,0.261913059044529,2.17694265887685e-08,5.76263560823785e-07
"AFUB_063760-T",26531.092754033,-0.61966243733746,0.115622146318283,2.19912152125883e-08,5.80544047497345e-07
"AFUB_074110-T",16665.2520459579,-0.933648356825587,0.18002635499324,2.23146310986275e-08,5.87476745708281e-07
"AFUB_035460-T",3980.72912299262,0.978473860027026,0.188364627526078,2.28612750267325e-08,6.00232715511656e-07
"AFUB_008890-T",14143.9764336073,0.890663847106318,0.170821604042474,2.378108447569e-08,6.22690618439341e-07
"AFUB_098950-T",32906.6464861728,-0.755781589681477,0.143841318039219,2.42482073573103e-08,6.33205890503599e-07
"AFUB_012940-T",46763.3169826878,-0.693170916709337,0.130030258958978,2.43432030652663e-08,6.33973121338553e-07
"AFUB_101670-T",2213.18820588272,-1.20912923041456,0.236088798888928,2.49128607002055e-08,6.47064677648885e-07
"AFUB_015000-T",6703.90788525325,0.757105176342808,0.144133615557243,2.51019864895152e-08,6.50228936894626e-07
"AFUB_072050-T",5176.25104678589,0.948612498427992,0.183160432152487,2.5966500064924e-08,6.70161943038886e-07
"AFUB_026780-T",5115.50267745981,0.833187094124185,0.159747595890803,2.60102182404867e-08,6.70161943038886e-07
"AFUB_053430-T",3406.18935679756,0.824975468242554,0.158109793448221,2.61680532292015e-08,6.7243545292698e-07
"AFUB_065720-T",1677.18131632561,1.02607852505026,0.199278806594883,2.72397656899761e-08,6.98118345083685e-07
"AFUB_019610-T",12607.3799771486,-0.617082975956061,0.116686632768855,2.81873204550075e-08,7.2049177311186e-07
"AFUB_046390-T",8341.26743661374,-0.721479694791434,0.137805777472082,2.91208613837874e-08,7.42389875171909e-07
"AFUB_076970-T",9196.51041707841,-0.661307977143047,0.125429751852275,2.95028275534162e-08,7.50148210055544e-07
"AFUB_004820-T",1157.98987264491,1.05376421812478,0.206062571681361,3.16900503320627e-08,8.02876401312735e-07
"AFUB_091590-T",1294.74514916196,1.06433751672046,0.208314044971685,3.17427846513625e-08,8.02876401312735e-07
"AFUB_021710-T",16610.9796681898,-0.655501640418676,0.124015050534776,3.24633865751937e-08,8.18958854019638e-07
"AFUB_020180-T",52599.1164504324,-0.730989035137886,0.140608260265527,3.39183805804377e-08,8.53435919708826e-07
"AFUB_021100-T",10868.4922499189,-0.87249505295891,0.169556315377395,3.42744776309811e-08,8.60155851611791e-07
"AFUB_095510-T",1574.44946190344,-1.10562172872409,0.217631382539887,3.4579584131387e-08,8.65564616262853e-07
"AFUB_080860-T",9416.53188041242,-0.752336178281624,0.144895542104537,3.48942627934146e-08,8.71184411136877e-07
"AFUB_042050-T",1733.29934708958,1.47833282819098,0.29429982543511,3.51775588450833e-08,8.75993746291739e-07
"AFUB_080890-T",1438.23665189797,-1.28647498227276,0.255741141578581,3.77268971971807e-08,9.37062418301183e-07
"AFUB_069950-T",3111.35610153995,-1.06429170117766,0.209936369229123,3.83247653925605e-08,9.49471495443384e-07
"AFUB_084570-T",441.382138478488,-1.77353565617334,0.356870758618207,3.85465013061255e-08,9.52522495191264e-07
"AFUB_005740-T",77968.2887924555,0.584625236728845,0.11157822000186,3.88365629984125e-08,9.57242019619036e-07
"AFUB_042040-T",10464.062039423,-0.750716435936015,0.145147572158996,4.00077112630806e-08,9.83599252478079e-07
"AFUB_055530-T",7723.79438155136,-0.83468585694345,0.162896878596647,4.02648618442309e-08,9.87408870911064e-07
"AFUB_042810-T",28420.6483249839,0.580850317346392,0.110890574736622,4.13528312353788e-08,1.01152165923096e-06
"AFUB_091790-T",3486.72240843518,1.03576501262535,0.204521885939303,4.18628054777087e-08,1.02141016799399e-06
"AFUB_090870-T",25469.4836422878,0.626465781411288,0.120180119652378,4.43310202895894e-08,1.07890760211086e-06
"AFUB_048010-T",1603.07498759575,-0.963166143430608,0.190110548077,4.46372333471118e-08,1.08363052412009e-06
"AFUB_095000-T",3571.12393948946,-0.815737769564458,0.159869510526361,4.78737555476207e-08,1.15928878722083e-06
"AFUB_014810-T",69074.1118513599,-0.66551783224494,0.128050453217583,4.85309838767954e-08,1.17226591554399e-06
"AFUB_059930-T",11837.6524707153,-0.685816232007547,0.133000394585976,4.89040386289568e-08,1.1783312250199e-06
"AFUB_081470-T",945.415007253147,1.25170690008201,0.251158724277703,5.04331575755555e-08,1.21215216043537e-06
"AFUB_091270-T",27499.9926650486,-0.723702766892948,0.140699930665198,5.1184288174798e-08,1.22715283460273e-06
"AFUB_064350-T",10513.1926490977,-0.677520894303114,0.130933699700435,5.23212874057688e-08,1.25130762107559e-06
"AFUB_032090-T",23161.030232565,-0.608633527108563,0.117067157089302,5.31356324601985e-08,1.26764563168009e-06
"AFUB_067770-T",3555.69188170763,-0.889221640864786,0.176196074889163,5.65837946096447e-08,1.34658281654775e-06
"AFUB_037050-T",3199.14126826328,0.987984045750576,0.196937100187366,5.73538736120183e-08,1.36155559419981e-06
"AFUB_005330-T",30533.1408341668,-0.627707304030773,0.121102574661236,5.76758572785873e-08,1.36584346329831e-06
"AFUB_059420-T",8979.87543597023,-0.647407098605562,0.125660557547338,5.81819081057949e-08,1.37445867021562e-06
"AFUB_032670-T",5944.67761500684,-0.810664792087896,0.161291353345892,6.13377605338273e-08,1.44547668848254e-06
"AFUB_008550-T",7375.4691354408,-0.977818990333703,0.19603451026137,6.53529774796601e-08,1.53635150464349e-06
"AFUB_017600-T",782.125000440458,1.26882927554349,0.257483035615565,6.60957225522283e-08,1.55004094975638e-06
"AFUB_083600-T",28104.3725188,-0.655811407461093,0.128313230263728,6.65962959936948e-08,1.55799857600746e-06
"AFUB_068590-T",26334.1058710275,-0.641217266962249,0.124840815669844,6.96142822236542e-08,1.62466955276557e-06
"AFUB_042775-T",7893.71100289589,0.692384551172221,0.136220946643583,7.17146458267426e-08,1.66965519994696e-06
"AFUB_075720-T",164.373742803472,3.47974239147218,0.729657666444212,7.84538692974743e-08,1.82216655084663e-06
"AFUB_000820-T",4624.05382051946,0.867400559083391,0.173824542135365,7.98047079317523e-08,1.84909613438031e-06
"AFUB_040630-T",22025.6632040611,0.765708582932385,0.15228428813395,8.05672448464784e-08,1.86229837250401e-06
"AFUB_013960-T",4935.72985290363,-0.893042087625714,0.179647696674166,8.17728422753554e-08,1.88565442020163e-06
"AFUB_012170-T",8526.40747389537,-0.702675296799629,0.139397419068257,8.48152101896589e-08,1.95115371631544e-06
"AFUB_051950-T",9349.42576168179,-0.652714637282287,0.129390427927498,9.45321220541923e-08,2.16952342823659e-06
"AFUB_038700-T",1500.05234017052,1.04646746552265,0.213524875280683,9.54866092756965e-08,2.18623606355872e-06
"AFUB_064950-T",24494.5614547585,0.552346879053081,0.10893521303228,9.91151558903356e-08,2.26394949459201e-06
"AFUB_029520-T",2950.2255345636,-0.834936871363528,0.169049887681578,1.072941645618e-07,2.4449910801795e-06
"AFUB_051760-T",14558.3655105421,-0.596528093706409,0.118091643456146,1.07776043109772e-07,2.45019324359203e-06
"AFUB_010980-T",3571.98764090017,0.873168220444407,0.177138971739352,1.08352412288692e-07,2.45751410219095e-06
"AFUB_092800-T",2089.67750947843,-1.09421774454968,0.225491175993703,1.11624231551015e-07,2.52579233078666e-06
"AFUB_075660-T",240.524621495845,2.78612847345508,0.59124761964106,1.16519309737643e-07,2.63039619318949e-06
"AFUB_053780-T",23152.5515612452,0.657941418459176,0.131615196759266,1.17472531782735e-07,2.64573333819298e-06
"AFUB_032440-T",3591.64083066914,0.848527305314453,0.172555832133023,1.19115674998659e-07,2.6765015159001e-06
"AFUB_046170-T",1322.9997218237,1.74759044738317,0.369590662260392,1.21837203109509e-07,2.73130175509066e-06
"AFUB_020720-T",17738.5300963131,-0.625114107839067,0.124017922480514,1.23025329838969e-07,2.75155263172251e-06
"AFUB_053710-T",2647.3868180229,0.775147411957195,0.156982633459334,1.25349841182788e-07,2.79706735683163e-06
"AFUB_023010-T",11711.1220433563,-0.633000450847178,0.12634878959434,1.30874042789518e-07,2.91360599408368e-06
"AFUB_034920-T",5257.94143724639,-0.85922453929611,0.175305407932426,1.33660952757698e-07,2.96880948401122e-06
"AFUB_032200-T",31619.3898598155,-0.814152829571112,0.166185168064972,1.3684347978589e-07,3.03252683874143e-06
"AFUB_040520-T",65333.9401239453,0.892773293450693,0.1859327675288,1.37162213015637e-07,3.03263455871187e-06
"AFUB_036930-T",13394.3213606892,-0.645711975218516,0.130133091413145,1.45919305872201e-07,3.2188866057927e-06
"AFUB_036980-T",7526.1800152913,0.858672465476404,0.176044061518643,1.48692731755465e-07,3.27259492988907e-06
"AFUB_002580-T",10062.104194422,0.759316597929067,0.154614657621902,1.51111545149858e-07,3.31827215735894e-06
"AFUB_020580-T",6109.59594399478,-1.00222408408377,0.208456855863162,1.5567608654109e-07,3.41075362394561e-06
"AFUB_005000-T",118184.435332778,0.511577817144518,0.104506027052961,1.72449063419942e-07,3.76968970760968e-06
"AFUB_039610-T",9668.73366215564,-0.757763094010228,0.15380024044514,1.78447754168616e-07,3.89201399723966e-06
"AFUB_026350-T",7447.74262228598,0.694826874483417,0.141699599232089,1.79578469950859e-07,3.9078540014982e-06
"AFUB_078570-T",9177.88112885658,-0.694043412164855,0.14207056939556,1.93012586193661e-07,4.19075866922057e-06
"AFUB_058810-T",4458.45591584676,0.711287345000616,0.145786190552719,1.97894419521136e-07,4.28712081034353e-06
"AFUB_031300-T",39660.9182684365,-0.671543889822414,0.136756444216133,1.999348360394e-07,4.32163397273531e-06
"AFUB_021700-T",4925.58646301194,-0.733569931892188,0.15137819800799,2.04512269029047e-07,4.41070880213984e-06
"AFUB_056460-T",1996.47653591262,0.82539896335776,0.171338919933773,2.06473843536812e-07,4.44309638363626e-06
"AFUB_073680-T",11445.6095242374,0.856691477904541,0.177909565847161,2.08796841661587e-07,4.483100186965e-06
"AFUB_026800-T",8804.44031225725,-0.743959080877301,0.153671315943881,2.11937230411798e-07,4.54043796061817e-06
"AFUB_096520-T",676.796390539254,1.42933795611609,0.307293176611537,2.28094484765169e-07,4.87577192876341e-06
"AFUB_073700-T",6378.34044399847,0.681370154571163,0.140096102213872,2.3387843684263e-07,4.98837407676267e-06
"AFUB_000710-T",970.44131320706,1.20653619370425,0.257822118586304,2.37804420992272e-07,5.06093902120559e-06
"AFUB_015400-T",4341.19964958434,-0.935530106879042,0.197281712431652,2.40040805474582e-07,5.09730607141849e-06
"AFUB_018120-T",21085.1282260918,0.656810065597094,0.135251390906179,2.4080319437854e-07,5.10228171948565e-06
"AFUB_055470-T",1573.71044366555,-0.939265576646096,0.19835428464848,2.48022158307969e-07,5.24374199906257e-06
"AFUB_067320-T",18331.2198083491,-0.663772206889379,0.134722520564934,2.53210880665823e-07,5.34175443011611e-06
"AFUB_052220-T",59821.5287816851,-0.558077149245828,0.111763915622798,2.54113153314268e-07,5.34910955843672e-06
"AFUB_077040-T",21428.2310622089,-0.64866093497667,0.131632589963007,2.61506865417331e-07,5.49278116013532e-06
"AFUB_017850-T",563.200259089027,1.44426209638413,0.31263062346375,2.62983368683441e-07,5.51181194841519e-06
"AFUB_088150-T",1718.52013124558,-0.941818150659288,0.199601716289403,2.64832607399523e-07,5.5385555253121e-06
"AFUB_009130-T",8633.55943950522,-0.703103852070732,0.146721771283791,2.65650787497864e-07,5.54366718964225e-06
"AFUB_005630-T",12043.7217937652,-0.618279257696734,0.126129011343488,2.7014187772149e-07,5.62523884169189e-06
"AFUB_023440-T",21426.5524863432,0.68271607442563,0.141267010488395,2.7527355594785e-07,5.71977010229705e-06
"AFUB_070580-T",40034.8326470418,-0.596679109006389,0.122612262989133,2.76739799004376e-07,5.73789686261863e-06
"AFUB_029460-T",8403.76435101373,-0.780439262722338,0.163559277290186,2.77373305151733e-07,5.73871707575171e-06
"AFUB_054980-T",7640.54743166485,-0.628420128931481,0.129752067798916,2.83891864127206e-07,5.8610324598228e-06
"AFUB_021150-T",23654.4491712333,-0.609815348881265,0.125025059360285,2.88694470877951e-07,5.94747543203148e-06
"AFUB_069810-T",3624.10498120671,-0.71251260035102,0.148619409730514,2.90099724299755e-07,5.96370965145581e-06
"AFUB_082770-T",16645.0649139047,-0.639388502579555,0.131744116817968,2.93245175259549e-07,6.01557300075957e-06
"AFUB_098300-T",897.399907547299,-1.27594410850757,0.276457676367686,2.95414319472416e-07,6.04723126004764e-06
"AFUB_084740-T",1064.94756276923,1.13149545092729,0.244178036676,3.19766284075412e-07,6.53188548992945e-06
"AFUB_015480-T",20975.831884319,-0.646690921701904,0.134457949056871,3.22057200440589e-07,6.56480310265184e-06
"AFUB_006380-T",43816.5479519332,0.603445525601693,0.126105313634501,3.36158392676533e-07,6.83781555798033e-06
"AFUB_055760-T",9700.83229737638,-0.734180144443113,0.154322290616566,3.40248017678779e-07,6.90646291347135e-06
"AFUB_071790-T",574.226022284185,2.05517404359309,0.45578960863227,3.42526530905051e-07,6.93813698449603e-06
"AFUB_081360-T",1073.67233991688,1.01604379945485,0.218588448208303,3.4413870424609e-07,6.95620954063958e-06
"AFUB_031920-T",24320.9754623617,-0.593338820783942,0.122981857199728,3.61627846555475e-07,7.2944639946117e-06
"AFUB_087780-T",802.362299509858,1.4016911617628,0.30784700163986,3.70460523843581e-07,7.45706162786809e-06
"AFUB_023420-T",12777.0302699281,0.57298066419962,0.118823657836032,3.8128508494982e-07,7.65899478333714e-06
"AFUB_095950-T",1536.53881014477,1.16838231059115,0.254896891160811,3.90723076786892e-07,7.83229536911816e-06
"AFUB_000830-T",3246.65166300978,0.780691401966924,0.165989009641025,3.97147811077629e-07,7.94460072594628e-06
"AFUB_094170-T",15647.0933042688,-0.722006233150506,0.152826445449965,3.99958420667322e-07,7.98429392662741e-06
"AFUB_029490-T",19214.8673068501,0.633723742926921,0.132427786776212,4.05572825420348e-07,8.07181578238169e-06
"AFUB_071350-T",356.534860489349,1.80397043609739,0.401847284538501,4.06013503440023e-07,8.07181578238169e-06
"AFUB_006540-T",3068.40001661668,-0.86171553037614,0.185331928122619,4.27458127010992e-07,8.46709182923957e-06
"AFUB_006000-T",49510.5956847209,0.73385488688179,0.155424136023332,4.27648604084963e-07,8.46709182923957e-06
"AFUB_021070-T",14590.8581008082,-0.686234656544152,0.147385223106895,4.29638525439135e-07,8.48909495458676e-06
"AFUB_037970-T",32269.0945490085,-0.653190931601573,0.137245864307473,4.42099132412296e-07,8.71747309666858e-06
"AFUB_012020-T",31909.8423072182,-0.538259947158301,0.112025132413862,4.47926626688943e-07,8.81439321195227e-06
"AFUB_086170-T",667.595316891773,1.54118193602097,0.343084322422827,4.51225250662139e-07,8.86125685345039e-06
"AFUB_075190-T",2130.94092674711,0.780153174805873,0.167009482937486,4.60670269999148e-07,9.02838975401981e-06
"AFUB_062440-T",7039.52945501983,0.619887679990844,0.130762713330298,4.92208879989237e-07,9.62696801306884e-06
"AFUB_007880-T",1496.90221203539,-0.859641765943103,0.186208817281733,5.02574569350965e-07,9.80984947286672e-06
"AFUB_003800-T",8465.66107654647,0.705881838238209,0.150573731316844,5.11827480141826e-07,9.97031676034339e-06
"AFUB_043640-T",117037.451075066,0.490833620184632,0.104493639229296,5.20336574725138e-07,1.01156780382179e-05
"AFUB_071440-T",5759.60956813,-0.838284029520505,0.181644296381622,5.26199251308973e-07,1.02091107753962e-05
"AFUB_082000-T",17450.7905297077,-0.667395684002615,0.141899389196724,5.29698913919709e-07,1.02564146418682e-05
"AFUB_005490-T",33657.8102381335,-0.735382306918103,0.158044440792049,5.41715080570453e-07,1.04681022169434e-05
"AFUB_068340-T",10410.700690392,0.58453683143449,0.123540265063701,5.69893160819848e-07,1.09869246096095e-05
"AFUB_004170-T",10621.7828886496,-0.569783128143393,0.120320335879066,5.70837937696542e-07,1.09869246096095e-05
"AFUB_071220-T",18788.561162093,-0.769033135460336,0.16625003527691,5.7557092808888e-07,1.1055996634582e-05
"AFUB_067760-T",10699.4593739904,-0.750665891252685,0.16295848379441,5.83223919475373e-07,1.11807728372442e-05
"AFUB_054040-T",13023.11121281,0.755428236688613,0.163193864818502,6.04400596440866e-07,1.15637991342805e-05
"AFUB_005840-T",13193.8583231625,0.893367194416159,0.195766703740589,6.2087434780069e-07,1.1855509779546e-05
"AFUB_004870-T",108629.986374583,0.560602595297606,0.119200314536289,6.24891297001091e-07,1.19086779321983e-05
"AFUB_051370-T",3057.76007559359,-0.735435911334336,0.158997750223599,6.28619542236688e-07,1.19561457029348e-05
"AFUB_013160-T",18766.2395303901,0.856200511673352,0.187246546506453,6.36425262727621e-07,1.20726823566896e-05
"AFUB_068180-T",17739.9226731344,-0.712706806559622,0.153722093022094,6.37245705020874e-07,1.20726823566896e-05
"AFUB_051590-T",9725.58098484478,-0.677907936521228,0.14587357132961,6.48344913854919e-07,1.22589208564897e-05
"AFUB_046820-T",1514.51325183992,-1.00128276180193,0.221922569947414,6.5242784503877e-07,1.23120270288371e-05
"AFUB_037920-T",9323.90813602147,-0.739012869560995,0.16032536363008,6.54202700704919e-07,1.23214551544073e-05
"AFUB_090950-T",58404.0053273827,-0.538847416587302,0.114007278688684,6.59596878714648e-07,1.23988814049434e-05
"AFUB_089440-T",5364.90882479692,-0.754395496386167,0.163876326037974,6.62642254667633e-07,1.24319407079586e-05
"AFUB_013100-T",6427.15240472697,-0.739544752307287,0.160344230367479,6.64244333884442e-07,1.24378464224641e-05
"AFUB_078970-T",5795.20547860583,-0.891672723356133,0.196307356034136,6.70658245593226e-07,1.25336556458835e-05
"AFUB_078730-T",27154.3443360291,-0.737914986536503,0.161196409189043,6.72925926944293e-07,1.25517573477524e-05
"AFUB_068800-T",132280.352723202,-0.59328158180119,0.12672465625932,6.93542023617842e-07,1.2911373857795e-05
"AFUB_081940-T",24820.1241750827,-0.725163617867355,0.157469459571562,7.03907642607878e-07,1.30791454670718e-05
"AFUB_070080-T",2499.40487778858,0.817430969436915,0.178999837915343,7.06364062171117e-07,1.30995961011465e-05
"AFUB_072030-T",11843.6505092417,0.799101640988573,0.174290384440624,7.10761349863702e-07,1.31558930313852e-05
"AFUB_000800-T",5141.16087203474,0.831607845793257,0.182388294014633,7.12612955895907e-07,1.31649452769909e-05
"AFUB_078180-T",6422.0036737769,-0.813542962713297,0.179815286808189,7.13997103333304e-07,1.31653435351267e-05
"AFUB_008800-T",5087.41186168121,0.77252248197475,0.16857912312337,7.20270688445549e-07,1.3255724555735e-05
"AFUB_051100-T",32295.4567246842,-0.679260643208682,0.146673812581158,7.33539964881649e-07,1.34742645260199e-05
"AFUB_013240-T",19549.2627959865,-0.912244069180514,0.20220018025821,7.51189488184127e-07,1.37722824190418e-05
"AFUB_027650-T",2119.33063488076,-0.822818347077332,0.180961307957836,7.52794248087093e-07,1.3775564441321e-05
"AFUB_012320-T",59418.2555324964,0.665994009699834,0.143714457489846,7.75185315955295e-07,1.41584887008697e-05
"AFUB_029400-T",15053.5547122991,-0.619996183206834,0.133145107861307,8.02402979316697e-07,1.46279577097319e-05
"AFUB_071400-T",13198.5358103276,-0.67567511382891,0.146840939696228,8.12252296261271e-07,1.47581267386207e-05
"AFUB_075990-T",7064.10456888685,-0.742354162257417,0.162586111827522,8.12598160313209e-07,1.47581267386207e-05
"AFUB_029070-T",41527.6357490933,-0.571023650925933,0.120808204367526,8.15111400949199e-07,1.47759969155181e-05
"AFUB_075690-T",81.133227006995,3.77712822009276,0.884895003959377,8.24641716762903e-07,1.49207645456239e-05
"AFUB_005040-T",12397.4909717791,-0.57621019541289,0.123852917922154,8.31319219502955e-07,1.50134697174534e-05
"AFUB_032040-T",21122.7245980813,0.593308774773623,0.127687081389609,8.39656009746375e-07,1.51357394891222e-05
"AFUB_082100-T",11886.8369029065,0.673116257449667,0.146173002472514,8.58607842922375e-07,1.54485455834562e-05
"AFUB_052680-T",5468.21706127523,-0.668193907817314,0.145813972836136,8.7357353668697e-07,1.5688601322434e-05
"AFUB_063930-T",1821.04568687486,1.06981561444181,0.241311264047424,8.76593076348164e-07,1.5713622084742e-05
"AFUB_006720-T",3625.03856571495,0.724334053515377,0.158787424513272,8.86176882704706e-07,1.58359439943582e-05
"AFUB_021960-T",5683.14280951178,0.651369625777953,0.141543343111736,8.86694856235539e-07,1.58359439943582e-05
"AFUB_038100-T",16620.4435483105,-0.573917531734898,0.122504638467577,8.93284736209007e-07,1.59242013307222e-05
"AFUB_008020-T",47161.2518731706,-0.671762875576227,0.146862038935941,9.32364583709531e-07,1.65902515797449e-05
"AFUB_050700-T",4222.36137443514,-0.674378621445711,0.147555791707929,9.4046312356884e-07,1.66930647011691e-05
"AFUB_071780-T",1622.63104781056,1.20532264531231,0.274841210511015,9.41598039964516e-07,1.66930647011691e-05
"AFUB_046700-T",673.492138474872,-1.27979370179134,0.293643191386691,9.64205616955422e-07,1.70625543425335e-05
"AFUB_010880-T",13591.2692669997,-0.591802371948405,0.128507543602377,1.0062932472993e-06,1.77747812713087e-05
"AFUB_056780-T",10609.6899494289,0.612041859054687,0.133247256498532,1.02479429883895e-06,1.80685447360985e-05
"AFUB_051190-T",4590.78078841732,-0.707302256864267,0.156052665141702,1.04131602069335e-06,1.83264032640057e-05
"AFUB_068990-T",5083.04609852992,-0.67847707715632,0.148560856460854,1.04525762302364e-06,1.8362325733917e-05
"AFUB_018740-T",23240.9060903552,-0.551969104113094,0.118309975168011,1.05484858938063e-06,1.8497181616326e-05
"AFUB_023730-T",15201.4196945857,-0.595053156910959,0.129708643284894,1.12341031604357e-06,1.96637508579945e-05
"AFUB_027320-T",10028.4504583618,0.577787244277137,0.125829077069742,1.14017756145821e-06,1.99211493649353e-05
"AFUB_037400-T",6597.97756163622,-0.75759404616169,0.1689302969847,1.14930400369446e-06,2.00443597178625e-05
"AFUB_015310-T",6118.86753022899,0.718187922380046,0.15942860528122,1.19908448106928e-06,2.08652011501436e-05
"AFUB_093650-T",5157.88116570192,-0.715872273692231,0.157539733519336,1.20068845368245e-06,2.08652011501436e-05
"AFUB_036970-T",1069.99193860824,1.02892679179894,0.235183529178213,1.20756843380929e-06,2.09470847530797e-05
"AFUB_007470-T",6460.49455043903,-0.683822375643731,0.150720464402187,1.21767345891037e-06,2.1084517849448e-05
"AFUB_012580-T",13421.7462848275,-0.74033761981438,0.163554085888877,1.22865477108414e-06,2.12366053635331e-05
"AFUB_064860-T",8173.09349353809,-0.688378022943098,0.152993214631981,1.26145498452109e-06,2.17331632487284e-05
"AFUB_077280-T",20901.4560530308,0.709061342254371,0.157657993571232,1.26253185324221e-06,2.17331632487284e-05
"AFUB_003510-T",8243.54515021162,0.608546526141646,0.133571410109574,1.2641314164547e-06,2.17331632487284e-05
"AFUB_043760-T",197022.953386685,-0.75893166694567,0.170552976818621,1.34253691444875e-06,2.30401272955663e-05
"AFUB_097360-T",570.829628629415,1.47505308983921,0.346551857516612,1.35267305672351e-06,2.31468732447004e-05
"AFUB_015350-T",7895.11705214532,-0.712676937705677,0.158944629164255,1.35354826984638e-06,2.31468732447004e-05
"AFUB_006290-T",3882.87650671839,-0.815431360571871,0.184413331491377,1.35616987800656e-06,2.3150730320317e-05
"AFUB_042090-T",91548.8256139125,0.616814179784804,0.136354818828644,1.40866411936503e-06,2.40044316072397e-05
"AFUB_009080-T",69066.1076061406,0.857484614209507,0.194365750765206,1.41438989673131e-06,2.40595689827781e-05
"AFUB_009110-T",7626.07233161929,0.756085777995716,0.170160574290272,1.43246558029941e-06,2.43242222088804e-05
"AFUB_057010-T",4988.66215924689,-0.699572424317422,0.15683370968933,1.47895378727579e-06,2.50695640222081e-05
"AFUB_100710-T",5861.61242387987,0.716285054428483,0.160911751525177,1.50714585836829e-06,2.55027027733002e-05
"AFUB_042010-T",5243.1501446649,-0.811598787473381,0.184554699374104,1.52229271426025e-06,2.57139723866827e-05
"AFUB_050430-T",8497.95121579932,-0.65234640304127,0.145738026222901,1.53301398791648e-06,2.58290349239791e-05
"AFUB_094270-T",26199.1056246496,-0.702632794814683,0.160337854277346,1.53445105013082e-06,2.58290349239791e-05
"AFUB_080740-T",3295.63166536716,1.02798847460069,0.239130849385311,1.5958932326019e-06,2.68165572406949e-05
"AFUB_000760-T",1146.00078018612,1.15971598123232,0.271560931092147,1.64250204616749e-06,2.75518311980388e-05
"AFUB_042100-T",25335.6573539522,0.540346900895179,0.119816724705659,1.68552863637736e-06,2.82245713772583e-05
"AFUB_008750-T",13892.3113673243,0.65983651396584,0.148005915194204,1.6983626155646e-06,2.83902761100089e-05
"AFUB_076340-T",8220.2473078551,-0.717800997640095,0.162415706754769,1.70357157219851e-06,2.84233855617532e-05
"AFUB_005120-T",5128.89216354356,0.625188415087923,0.139566146477224,1.70727063893202e-06,2.84233855617532e-05
"AFUB_009940-T",12171.4499284502,0.621067337620891,0.138885720619166,1.70916859981149e-06,2.84233855617532e-05
"AFUB_088080-T",5782.07825109002,-0.624269601528371,0.140410773978903,1.81603319975486e-06,3.01486473814973e-05
"AFUB_012930-T",1864.43251709743,-0.795131943395657,0.182171586449765,1.83752865512094e-06,3.04531764421587e-05
"AFUB_053330-T",8247.80267571134,-0.724885338429291,0.16484912008321,1.85131715729016e-06,3.06291547495506e-05
"AFUB_039170-T",9349.81045623416,-0.575337314209473,0.128237450821854,1.86709645344706e-06,3.08374118516333e-05
"AFUB_088970-T",2423.65305150594,0.784031072371212,0.179410066727019,1.87621531600119e-06,3.09351405856716e-05
"AFUB_005440-T",85366.3190593437,0.644068705338145,0.144653741058016,1.88570677069621e-06,3.10386691967066e-05
"AFUB_000410-T",7416.41311443972,0.695613454481492,0.157546879588803,1.92018462789701e-06,3.15524215556818e-05
"AFUB_021020-T",24768.517716065,-0.577923637569932,0.126617982083136,1.92828361827359e-06,3.16317085225117e-05
"AFUB_101480-T",1338.81161554013,1.07981800894257,0.253850895815954,1.93605741044483e-06,3.17054011859627e-05
"AFUB_030650-T",4288.15684770005,-0.743357798265931,0.169868257392786,1.94618065822479e-06,3.18172546865786e-05
"AFUB_062010-T",113.505769466674,-2.47746275600549,0.607048401537685,1.97461232668831e-06,3.22275410480785e-05
"AFUB_019720-T",8137.62492186112,-0.747907627600337,0.171454342214095,2.05884825590118e-06,3.35456860851892e-05
"AFUB_039180-T",7241.61612536415,-0.615119191160906,0.138471608664224,2.06615425532868e-06,3.35822744909187e-05
"AFUB_090290-T",926.335107125194,-1.0048852973424,0.236104533240674,2.0683397052439e-06,3.35822744909187e-05
"AFUB_030910-T",10787.5170721341,-0.709981330177578,0.163731792089086,2.07152096839035e-06,3.35822744909187e-05
"AFUB_005320-T",21577.9433174135,-0.590155065042124,0.130637988443713,2.08149996093141e-06,3.3687525330853e-05
"AFUB_023520-T",7459.33748395141,-0.617570869606953,0.139369031489533,2.11275636897842e-06,3.40306224078947e-05
"AFUB_037680-T",31490.6889527176,0.617370285721943,0.139078448631831,2.11311083425084e-06,3.40306224078947e-05
"AFUB_000310-T",3589.29354501557,0.674740059032927,0.153315467219143,2.11326572601292e-06,3.40306224078947e-05
"AFUB_065870-T",6905.4930951754,-0.638992603615923,0.144482796566582,2.16931744355619e-06,3.48751167048917e-05
"AFUB_059460-T",2458.52464077045,-0.835282492637784,0.193983308061648,2.20479851715239e-06,3.5386649954695e-05
"AFUB_021060-T",11254.3934134385,0.640710502717838,0.145281932986659,2.21913193212076e-06,3.5557633048343e-05
"AFUB_011170-T",53388.7064185018,0.51389985655909,0.113747629453976,2.23220020609135e-06,3.57078119060507e-05
"AFUB_066860-T",2770.27090308772,0.754177633468538,0.173705240096614,2.27903171265747e-06,3.63967015003247e-05
"AFUB_068490-T",4651.0030109685,0.754538045024467,0.17389040674332,2.30281631508344e-06,3.67158601259673e-05
"AFUB_071410-T",2644.98717344867,-0.774231551088045,0.179056971384144,2.32997569959653e-06,3.70876856828694e-05
"AFUB_062220-T",558.183940308766,1.34474433394324,0.324059387667438,2.35147878020151e-06,3.73684012735313e-05
"AFUB_068670-T",44443.7272964253,-0.538355761497334,0.120715538700219,2.36084370801074e-06,3.74556188945809e-05
"AFUB_092430-T",1571.79778314981,1.22929121636771,0.294773407659807,2.3806030247111e-06,3.77071908602601e-05
"AFUB_007150-T",16839.5443866184,0.831973362062974,0.19413592290278,2.41422173626356e-06,3.81771037901448e-05
"AFUB_036910-T",727.152547008158,1.18839609464256,0.284829867860976,2.44507650138455e-06,3.85423409954605e-05
"AFUB_081740-T",1543.84680946214,-1.12646585003691,0.269419891430913,2.44529652558655e-06,3.85423409954605e-05
"AFUB_032170-T",12180.3582604145,-0.557395001646501,0.125173605602855,2.51079963816082e-06,3.95103356741202e-05
"AFUB_067530-T",35152.2482555212,1.47520322677981,0.356135851719903,2.51611207344822e-06,3.95295526075719e-05
"AFUB_000280-T",1026.31413518656,1.19462365545845,0.286952701999636,2.53302519984627e-06,3.97306647417446e-05
"AFUB_099490-T",101.446806723135,3.28001327516001,0.820435227060719,2.59832188337988e-06,4.06887942256344e-05
"AFUB_073290-T",6269.98756775333,0.632331838636074,0.144653720598526,2.71837375557561e-06,4.24998822433197e-05
"AFUB_059390-T",14719.9318192174,-0.629551850790517,0.142713251802296,2.7471365098613e-06,4.28801824851048e-05
"AFUB_025690-T",16899.4775028926,0.543121647890019,0.122786725107761,2.77393561938603e-06,4.32286547653352e-05
"AFUB_022210-T",3274.14209964222,-0.684356619806823,0.15811710113026,2.81289576269449e-06,4.37652155541935e-05
"AFUB_007850-T",8035.95361102434,0.626465753844613,0.143601551553619,2.86917896765713e-06,4.45691433850533e-05
"AFUB_019260-T",6433.538299087,-0.703949123928292,0.163312052964039,2.88029375292564e-06,4.46699811248274e-05
"AFUB_040860-T",17150.699561321,0.636531217391786,0.146084063640819,2.89989347639136e-06,4.49018762322008e-05
"AFUB_089840-T",14967.8946594005,-0.577143119531725,0.130855044059653,2.91859386920796e-06,4.51191263428596e-05
"AFUB_007210-T",5816.579644731,0.792114909793926,0.185625180395438,2.9305591218246e-06,4.5172346361054e-05
"AFUB_069200-T",2179.70516936663,0.807231169169017,0.189526316575431,2.93138699734846e-06,4.5172346361054e-05
"AFUB_012000-T",55928.8222744384,-0.574765652863961,0.131846590093314,2.96545302779416e-06,4.56245336855846e-05
"AFUB_032530-T",10476.0535172303,-0.540909042318532,0.122757131925548,2.99155093867498e-06,4.59528858020313e-05
"AFUB_012410-T",9328.16432133895,-0.6729771245039,0.155804654375146,3.00521145338883e-06,4.60894493057824e-05
"AFUB_053830-T",3122.24051711499,0.802576466893853,0.188740813044753,3.06803691465306e-06,4.69758061018727e-05
"AFUB_023980-T",21306.4402606436,-0.61650849983114,0.141930821933726,3.07272919233943e-06,4.69758061018727e-05
"AFUB_064300-T",4237.06311918253,0.73526374448732,0.171617109960557,3.08091174363704e-06,4.70264917330507e-05
"AFUB_024010-T",11389.1139989374,-0.70584634721577,0.163587347235297,3.09326322038372e-06,4.71405508443966e-05
"AFUB_076950-T",14626.9011534799,-0.767326166250337,0.180271593814396,3.15788592564191e-06,4.8049596556775e-05
"AFUB_044800-T",421.638809198974,-1.90885910813435,0.477337990749906,3.17324305662685e-06,4.82073497061771e-05
"AFUB_036360-T",8309.75358048493,-0.557613599685114,0.127786903559307,3.23195842109584e-06,4.90222641516923e-05
"AFUB_076960-T",11288.5936688814,-0.73345558861538,0.17184347226468,3.24097075705923e-06,4.9081911371013e-05
"AFUB_031230-T",10802.6929399296,-0.629275013293851,0.14606527300118,3.25752427909058e-06,4.91996974253967e-05
"AFUB_010350-T",72843.6591109166,0.522356330750114,0.118018016929845,3.25893255560483e-06,4.91996974253967e-05
"AFUB_034240-T",4518.06593836155,0.744204235249468,0.174460193703485,3.29646001544413e-06,4.9688606348239e-05
"AFUB_009990-T",2169.02132939475,0.885292780469598,0.211038137197281,3.34201557683314e-06,5.02968138681647e-05
"AFUB_078050-T",9178.84301995887,0.705440778090922,0.16449433421549,3.35587727707258e-06,5.04268837497282e-05
"AFUB_031830-T",8045.02741136666,-0.565227193633796,0.129674187576856,3.41347173356349e-06,5.12126768473454e-05
"AFUB_056830-T",2970.2198222443,0.745116882582117,0.175217968337434,3.44932965833487e-06,5.16704235020644e-05
"AFUB_053820-T",3324.33298107319,0.717443472622369,0.168322286804833,3.54412915279581e-06,5.30083217868624e-05
"AFUB_093700-T",13712.7942620883,-0.624348222049684,0.144900511078226,3.61488753652723e-06,5.3983065499113e-05
"AFUB_035600-T",437.752510670212,1.39467917732501,0.345449580482951,3.63480442858386e-06,5.41967289953353e-05
"AFUB_076250-T",27.4348444127671,8.56442319436494,3.1488023916831,3.66688249968653e-06,5.45907838397092e-05
"AFUB_088700-T",24521.9183733252,0.511556806258863,0.118427130338612,3.72141619403721e-06,5.53174204104424e-05
"AFUB_034220-T",664.129082115714,1.53987409323402,0.384214640938114,3.75351936929261e-06,5.57089157390249e-05
"AFUB_049250-T",10211.7165729869,-0.711310242091346,0.167440086332979,3.77237901780463e-06,5.59029540951355e-05
"AFUB_070320-T",2541.22409159971,0.756110926587064,0.179003009368661,3.8253222934925e-06,5.66007105661937e-05
"AFUB_020570-T",4225.64923674256,-0.888454226358314,0.213904555121579,3.87003608931767e-06,5.71747533562497e-05
"AFUB_002340-T",3417.74281285371,0.684863967209939,0.160838078415834,3.93135434297034e-06,5.79919781095868e-05
"AFUB_094480-T",27833.462632712,0.617655090602198,0.143893793580922,4.03239832782091e-06,5.9391818053972e-05
"AFUB_073240-T",14210.9821593949,-0.558828207496267,0.129189719571818,4.06312462693319e-06,5.97532878925852e-05
"AFUB_002030-T",1025.88197777778,-1.16313824702214,0.287093089446038,4.07143041862652e-06,5.97844387610478e-05
"AFUB_037850-T",14380.7650987138,-0.625278044681284,0.145186788514664,4.19135747429088e-06,6.14520423620614e-05
"AFUB_016130-T",9996.02507880195,-0.595160626038419,0.138018420205355,4.20400307023387e-06,6.15440570675753e-05
"AFUB_018410-T",2401.84878723556,0.769006471620146,0.183350291877552,4.24467648959172e-06,6.20454829688884e-05
"AFUB_000290-T",1750.93102388035,0.807423242546824,0.193718124597584,4.35742351184274e-06,6.35973201985265e-05
"AFUB_094240-T",3666.90363509984,0.681170426348414,0.160909183115793,4.41496232359972e-06,6.43399185077232e-05
"AFUB_028890-T",9674.60445442327,-0.649123216345085,0.153071778010251,4.44314413300914e-06,6.46531003209855e-05
"AFUB_054630-T",10829.2062986944,-0.590921412938855,0.138307727103996,4.68168889816186e-06,6.80217716301352e-05
"AFUB_068560-T",5464.99943969901,-0.586179460323444,0.137525913528228,4.79326481729872e-06,6.95383253224328e-05
"AFUB_020450-T",7551.93387278779,0.72185387483607,0.172288260456313,4.8256371000878e-06,6.99030069880784e-05
"AFUB_038120-T",5848.52736636129,-0.693969630313143,0.165222245161039,4.83938650149146e-06,6.99972340979198e-05
"AFUB_068330-T",18644.1008181665,-0.548442959243194,0.126979483707456,4.88594391349379e-06,7.05650076116248e-05
"AFUB_090270-T",1871.51046806315,-1.1040259809361,0.275117336469925,5.13337847091999e-06,7.40279146060134e-05
"AFUB_095690-T",17539.2152094573,-0.557367705345052,0.129475252235456,5.19639155908665e-06,7.4817585783702e-05
"AFUB_053740-T",33540.6102472825,-0.529496120449041,0.123363004812753,5.20362426481554e-06,7.4817585783702e-05
"AFUB_038800-T",5755.70791866695,-0.600551481447542,0.141659296688603,5.22952077514504e-06,7.50782016782338e-05
"AFUB_073730-T",14400.5882764728,0.577286347810612,0.135672381461984,5.39829972815379e-06,7.73863085659078e-05
"AFUB_076520-T",8105.92301137598,0.547585441315235,0.128193044852714,5.4622793026396e-06,7.81322645581544e-05
"AFUB_064180-T",17187.9904074422,-0.762611684929094,0.184605018916948,5.46650909142128e-06,7.81322645581544e-05
"AFUB_065800-T",227717.076018233,0.493629797019696,0.114543638805035,5.50566972958339e-06,7.85757473075845e-05
"AFUB_075740-T",50.4227537847163,4.70100014522557,1.2416727575341,5.5306260844962e-06,7.88155003368765e-05
"AFUB_013830-T",4595.11320453548,-0.668310634451482,0.159950030305624,5.680964649469e-06,8.08387046291155e-05
"AFUB_009040-T",7340.47005519377,-0.638907946816794,0.152247235491137,5.75936118548493e-06,8.18337467266991e-05
"AFUB_035960-T",4288.09174135603,-0.656027920361805,0.157114820527013,5.91370478762296e-06,8.39034003788738e-05
"AFUB_082920-T",6089.09824332175,-0.580850401359022,0.137841350165143,5.97275954413105e-06,8.46170127791704e-05
"AFUB_023830-T",22464.9602949332,-0.607333047538694,0.142838626172239,6.04396468595593e-06,8.55004199058656e-05
"AFUB_015250-T",19676.5886114463,-0.525282846286672,0.123340002438507,6.06011697060074e-06,8.56035821198017e-05
"AFUB_011140-T",21553.7701900235,0.556260663450321,0.131084321523047,6.08348522390163e-06,8.57237742841626e-05
"AFUB_016170-T",21774.2142649507,-0.645400202219195,0.154526317158194,6.08637022965593e-06,8.57237742841626e-05
"AFUB_021350-T",3768.69522324526,-0.670839395100725,0.161462947029412,6.24932995725001e-06,8.78908676083692e-05
"AFUB_007640-T",4599.90517069956,-0.821346400276651,0.201800481984267,6.35207320692594e-06,8.9154870007605e-05
"AFUB_042340-T",27220.8662782721,-0.559729248600181,0.132459422734353,6.35765943233697e-06,8.9154870007605e-05
"AFUB_059290-T",11504.8071758958,-0.635693125694307,0.150954191561689,6.41237401100237e-06,8.97918227453694e-05
"AFUB_078450-T",12363.8007974137,0.528575401871689,0.124780925757847,6.46267593543807e-06,9.03652313866898e-05
"AFUB_072490-T",4348.61389493968,-0.651992724504557,0.157702542154569,6.61194764923759e-06,9.23188413105977e-05
"AFUB_099860-T",376.516695385237,1.54012082278416,0.398527928334001,6.68354041072999e-06,9.31837914119382e-05
"AFUB_026510-T",10472.4687012647,-0.610755702331802,0.144342318976633,6.77775018341244e-06,9.43611271932723e-05
"AFUB_082970-T",9390.46058820985,-0.600870639145611,0.144036962186774,6.79439336504321e-06,9.44567319324424e-05
"AFUB_010860-T",5662.2220946962,-0.678034028705606,0.164164655514297,6.81063610353424e-06,9.45465029200399e-05
"AFUB_056320-T",678.592080094054,1.17442959600507,0.298980628058061,6.87999309810574e-06,9.53723003068834e-05
"AFUB_072420-T",26459.2719114091,0.50450229582048,0.11883272101588,6.95894621919344e-06,9.63285649997808e-05
"AFUB_058330-T",6822.28016504386,-0.609297657875756,0.145050588494122,7.05219807239708e-06,9.74797393068678e-05
"AFUB_066480-T",19368.5236006428,0.517631083359183,0.122717648071568,7.11666097765671e-06,9.82302548087416e-05
"AFUB_019020-T",2992.18568895574,0.670394107246723,0.162378749290557,7.16070839341455e-06,9.869723894033e-05
"AFUB_045020-T",8765.54118180904,-0.574957832822719,0.137414752237871,7.20984969936969e-06,9.91943856143408e-05
"AFUB_008080-T",9812.85566921577,-0.538896993602915,0.127658241841199,7.21731040021544e-06,9.91943856143408e-05
"AFUB_092420-T",3818.8421463508,0.945215864825819,0.238275665031141,7.2391130230139e-06,9.93527131084663e-05
"AFUB_052480-T",528.817280069411,1.23996082006578,0.318563549826004,7.46616242318123e-06,0.000102323491252166
"AFUB_011340-T",14021.3301682664,-0.607179031012611,0.143743518387889,7.52405337472161e-06,0.000102871751937745
"AFUB_093820-T",1885.29816242461,0.857139718245594,0.213412288454583,7.52746104533075e-06,0.000102871751937745
"AFUB_021200-T",24627.9659613164,0.501297446296129,0.120115968836776,7.67407419700176e-06,0.000104727266795807
"AFUB_092680-T",5661.24227290834,-0.536867592638837,0.128057452212617,7.73788485515046e-06,0.000105449144528158
"AFUB_084490-T",1458.81723196753,-0.923270150551261,0.232673507555933,7.9564938496717e-06,0.000108131534590826
"AFUB_023760-T",1008.67826611885,0.897574420678577,0.225239628296187,7.95947706235984e-06,0.000108131534590826
"AFUB_026810-T",825.609651930676,0.996800689358636,0.252585365131856,7.96829358607616e-06,0.000108131534590826
"AFUB_012370-T",46174.6620173092,0.617519196754504,0.149245020925195,8.02642004805362e-06,0.000108767560314578
"AFUB_094320-T",12880.3676791386,-0.517164902450768,0.12293697858453,8.0426919587031e-06,0.000108835419754887
"AFUB_037130-T",2620.63036961247,0.660413427435649,0.160870314801437,8.10597948485647e-06,0.000109416643388334
"AFUB_060890-T",5114.86044032613,0.615362165296811,0.148705785140206,8.10829193397298e-06,0.000109416643388334
"AFUB_053460-T",15355.8146939355,0.509439369546057,0.121773916480478,8.22149478386368e-06,0.00011078951548353
"AFUB_029220-T",4798.28046911821,0.598242407512349,0.144459178268516,8.28184651488532e-06,0.000111362564711316
"AFUB_039530-T",7894.55439473657,-0.628152929578808,0.152109425806397,8.28707141662556e-06,0.000111362564711316
"AFUB_095330-T",5253.65996510656,0.581775767652156,0.140399561343383,8.63818027379038e-06,0.000115919580285226
"AFUB_032790-T",11699.6602570487,-0.594224606258298,0.144378966264962,8.89425010223455e-06,0.000119077804002721
"AFUB_082079-T",4291.1371524508,-0.829988732582237,0.208528151825105,8.89817579072289e-06,0.000119077804002721
"AFUB_014090-T",23990.1800900039,0.49485057039898,0.119842830423478,8.9852850864014e-06,0.000120077212316473
"AFUB_086980-T",732.438067269949,-1.07663966096889,0.277498429083272,9.1260878209064e-06,0.000121790415090604
"AFUB_061650-T",3284.60032144202,0.787366876668774,0.196635896081713,9.19719030982265e-06,0.000122570003825526
"AFUB_055520-T",1918.05879959561,-0.711085919294144,0.176257353159791,9.52265463218066e-06,0.000126732629553897
"AFUB_001190-T",22095.1914727083,0.624379665857493,0.152546937334396,9.58746444808742e-06,0.000127419644425613
"AFUB_002040-T",3643.21223416614,-0.908388928018873,0.231266488165305,9.63223530289684e-06,0.000127838815242568
"AFUB_091840-T",879.675342179888,-0.985541277208405,0.252918621277815,9.65535682428787e-06,0.000127969900735623
"AFUB_024830-T",1456.03228376486,0.984481371599849,0.252796409359657,1.00034158033939e-05,0.000132401374647113
"AFUB_085660-T",11410.355932882,0.529863747253831,0.128751141529001,1.02303098763629e-05,0.000135219225752967
"AFUB_030700-T",23277.4018105505,-0.461559162794087,0.110174316286294,1.03140158279852e-05,0.000136139372855182
"AFUB_007380-T",6155.02053066517,-0.574145480978254,0.140646548624291,1.04178506741596e-05,0.000137322337262933
"AFUB_018790-T",11067.559147999,-0.5367909631786,0.129821544104443,1.04971640103761e-05,0.000138179289738766
"AFUB_026970-T",31224.270049678,-0.51694031929119,0.124505178773079,1.05350504493353e-05,0.000138489329852351
"AFUB_060880-T",1240.32252676739,1.31845068712497,0.348256435353504,1.05975454152743e-05,0.000139121581253235
"AFUB_095890-T",21009.9906423117,0.508355705366556,0.122773956656979,1.10088208698828e-05,0.000144324595990242
"AFUB_083950-T",1346.11602052907,-0.938752138057575,0.242014067380286,1.11276941458362e-05,0.000145685339887628
"AFUB_088840-T",3011.97426271162,-0.709119378228211,0.177813777273096,1.13678798339676e-05,0.000148628491144513
"AFUB_066900-T",4980.77749310431,0.590044069628208,0.145058675935865,1.15516356773873e-05,0.000150658868771358
"AFUB_064740-T",28725.785799286,0.483663258016673,0.11731912585441,1.15543595280042e-05,0.000150658868771358
"AFUB_027480-T",4430.58602645806,-0.577889367868911,0.141546961133743,1.19060811241034e-05,0.000155035789516289
"AFUB_054340-T",46755.8317908219,0.476477852948699,0.114067148203714,1.19432842310528e-05,0.00015522525636403
"AFUB_099460-T",1645.1929875685,-0.863162458397146,0.221734810590567,1.19653502241409e-05,0.00015522525636403
"AFUB_006440-T",16359.2225946153,-0.540266360762127,0.130805340901645,1.1977137961308e-05,0.00015522525636403
"AFUB_074220-T",3973.41602911253,-0.676209381647034,0.169165516785222,1.19848935259332e-05,0.00015522525636403
"AFUB_075680-T",419.508236560363,1.41721913833054,0.379487446362391,1.20143825842802e-05,0.000155398881565348
"AFUB_019230-T",7212.63125376139,0.551277681329299,0.134938519503411,1.21432481716213e-05,0.000156855700313108
"AFUB_091440-T",6256.28710674604,0.769243281197082,0.195093024270489,1.22370605861574e-05,0.000157856447774971
"AFUB_049320-T",853.194627996589,-1.12114733180218,0.295902482694572,1.2378950662063e-05,0.000159473895062471
"AFUB_049270-T",33.8481741568967,6.03721117876949,1.58826260594152,1.25188248204494e-05,0.000161061099088126
"AFUB_005390-T",32506.2183564769,-0.612344181791603,0.153112267608505,1.27448051172331e-05,0.000163750408301471
"AFUB_014580-T",131306.709137094,0.47998731954866,0.118719201051733,1.2771476146527e-05,0.000163875169359553
"AFUB_019660-T",16101.6368688793,-0.592379934029324,0.146798539175146,1.28162398668941e-05,0.000164231445084788
"AFUB_030390-T",838.807704277985,1.10889159109605,0.292643882310153,1.28808913435985e-05,0.000164841287631588
"AFUB_024760-T",14369.8269972344,-0.590774947146739,0.144302764727755,1.31361608283415e-05,0.00016788569566592
"AFUB_067350-T",1943.10911637884,-0.801640894859499,0.203377706118082,1.35598701889213e-05,0.000173071949491886
"AFUB_003840-T",869.875320211323,0.959189543055032,0.250684845207467,1.36614186134608e-05,0.000173966787375402
"AFUB_007300-T",34050.8880861284,-0.498269544932574,0.119463137364153,1.36821451526592e-05,0.000173966787375402
"AFUB_037790-T",23495.9553972774,-0.632107632748261,0.158118494018016,1.36839948670364e-05,0.000173966787375402
"AFUB_021210-T",5709.29487852236,-0.62898022312388,0.15507078650998,1.37259555268182e-05,0.000174270936005411
"AFUB_060750-T",2267.85474020355,0.669387330356793,0.168318427703193,1.38830925440078e-05,0.00017595223164167
"AFUB_053860-T",20614.2333945858,-0.478584881270904,0.115959477704718,1.38947994972671e-05,0.00017595223164167
"AFUB_020650-T",32236.5663253382,-0.503694947576555,0.12082762236607,1.39670439054264e-05,0.000176573791371634
"AFUB_075110-T",4524.04728744693,0.555823437415145,0.137243023433035,1.39804336989547e-05,0.000176573791371634
"AFUB_002300-T",1632.00780046355,-0.74262722775502,0.189768346869749,1.4360820370883e-05,0.000181141313868762
"AFUB_016370-T",6935.5525306515,0.720287118832764,0.182878980911788,1.44154261191581e-05,0.000181498858513664
"AFUB_008950-T",27111.1771504345,-0.517903354982037,0.125327657867471,1.44409689248827e-05,0.000181498858513664
"AFUB_000790-T",1548.68652899454,0.756103325711931,0.193422981437273,1.44455208235363e-05,0.000181498858513664
"AFUB_022090-T",6647.69017102369,-0.648146138960882,0.163538046254212,1.47851335508008e-05,0.000185336252585159
"AFUB_101780-T",32182.3661581457,-0.524532145910649,0.12993205103915,1.47893035337567e-05,0.000185336252585159
"AFUB_096270-T",26427.4955706513,-0.516823492781867,0.125623040429832,1.54193426956524e-05,0.00019298146259766
"AFUB_062910-T",3522.36528704105,0.716909063871789,0.183203653485156,1.56276577146277e-05,0.000195335612986718
"AFUB_036740-T",14018.7349552378,-0.491347551282971,0.120829919579687,1.59103534356372e-05,0.000198612189786985
"AFUB_024480-T",2869.31516724614,0.806634336583869,0.209187266866269,1.60132990064952e-05,0.000199639348388073
"AFUB_013280-T",1202.13423616876,-1.04315673685808,0.278821121497123,1.6479850238324e-05,0.000205191125003462
"AFUB_031760-T",5604.96080370814,-0.560683118366439,0.140546487237537,1.65194919738787e-05,0.000205419988998219
"AFUB_101370-T",581.865474091084,1.31758939319804,0.359051495117493,1.6706332489849e-05,0.000207476329713266
"AFUB_033970-T",272.291503253425,1.53482074974311,0.423304923603387,1.68477560256531e-05,0.0002089640805133
"AFUB_064230-T",7321.08773650563,-0.595084872678135,0.149964491393373,1.69861931883739e-05,0.000210296499054526
"AFUB_055820-T",123256.001436571,0.475741156334493,0.118215909434138,1.69987130782017e-05,0.000210296499054526
"AFUB_012150-T",9599.66995174828,-0.495357273182642,0.122474803770379,1.70911317974464e-05,0.000211169457067682
"AFUB_025700-T",1290.14719387282,1.02101573870337,0.272774519709969,1.72547625559928e-05,0.000212685372943935
"AFUB_073990-T",6759.07961980006,0.573624484642406,0.143926193299235,1.72578485187379e-05,0.000212685372943935
"AFUB_089750-T",3505.48689774832,0.63021376869942,0.159794597612144,1.73191548750323e-05,0.000213169011977787
"AFUB_086080-T",658.852716920022,1.19209412747477,0.32351051070633,1.75723259012516e-05,0.000215839295085196
"AFUB_034810-T",36826.4304991095,-0.599972533821138,0.153115090875531,1.75807829882063e-05,0.000215839295085196
"AFUB_042580-T",9445.00428786069,-0.517114987915083,0.128300521618918,1.79724133260968e-05,0.000220367331924807
"AFUB_069450-T",787.679136194635,1.17032165711279,0.317602893540338,1.79975455418756e-05,0.000220395798511537
"AFUB_077580-T",1878.19893642567,0.874434354394316,0.230626804804836,1.81086758143799e-05,0.000221475981922201
"AFUB_091630-T",2849.62850281532,-0.698560814180643,0.180165003020737,1.84530991432205e-05,0.000225403089660931
"AFUB_009250-T",13512.0133344539,0.541514575384904,0.135656174032835,1.86557975263205e-05,0.00022738886385221
"AFUB_051530-T",52547.7274627165,0.617276053032776,0.15681966660147,1.86627374285658e-05,0.00022738886385221
"AFUB_072250-T",170206.78339347,-0.59613076033107,0.151224986498462,1.8879058417662e-05,0.000229734839334321
"AFUB_070600-T",1292.85431957578,0.897808169631923,0.238123838573728,1.89480118377869e-05,0.000230283887266286
"AFUB_042020-T",30388.1930068664,0.743366895827678,0.193965363007257,1.90935911770633e-05,0.00023176165571958
"AFUB_074440-T",17117.5165497812,-0.492519243471131,0.121494238266317,1.92898434769143e-05,0.000233850022175591
"AFUB_014890-T",12975.7510171367,0.560764589646876,0.141369480446054,1.94075398557469e-05,0.000234982017651913
"AFUB_012400-T",44678.4312467051,-0.468072952677632,0.116040501241816,1.95643208385059e-05,0.000236583814695424
"AFUB_100760-T",9712.22486236418,0.627098262338042,0.160196122113372,1.97660583179102e-05,0.00023872456933456
"AFUB_001640-T",6663.29988542839,-0.552978542495758,0.139655758483046,2.02291698209779e-05,0.000244012782534692
"AFUB_051400-T",3009.36097814965,-0.663469436629097,0.17116945257506,2.03023483531064e-05,0.000244590136892411
"AFUB_099170-T",17158.8948481209,-0.518073953095245,0.128919828371295,2.03334927925002e-05,0.000244660283139647
"AFUB_046830-T",3255.06700059668,-0.828385124711911,0.219390524842368,2.05535646921061e-05,0.000247000674197922
"AFUB_047280-T",2909.1973587687,0.682390674276696,0.176728171579328,2.10601505822576e-05,0.000252774130342575
"AFUB_012750-T",2403.90624289066,0.620847157730409,0.159126466343343,2.11771103596953e-05,0.000253763511898247
"AFUB_056810-T",15334.0616345935,-0.49761721357985,0.124622816803586,2.11951101326729e-05,0.000253763511898247
"AFUB_035090-T",2653.37963769292,-0.736092761962231,0.192923836226955,2.13275546820207e-05,0.000255033209576342
"AFUB_076280-T",6172.42146286949,-0.545203278571249,0.137966874281307,2.13845813425493e-05,0.000255399041942783
"AFUB_014060-T",1722.23805853983,0.841946666931141,0.22377840748565,2.17816602082337e-05,0.00025982024806414
"AFUB_027580-T",35446.654310481,-0.49105730602852,0.119921805705784,2.21235970310912e-05,0.000263573606059683
"AFUB_096700-T",19921.8988200645,0.637154386679734,0.164013733142299,2.23221282747323e-05,0.000265611334224709
"AFUB_058160-T",19730.6356601887,-0.609379811363023,0.156610897004609,2.23887903382277e-05,0.000266076866233648
"AFUB_068730-T",24976.3125107338,-0.538351292808849,0.136879932640566,2.25827136363397e-05,0.000267999079399235
"AFUB_058450-T",7732.66706637277,-0.571467096816723,0.145985728124918,2.26060080428872e-05,0.000267999079399235
"AFUB_009820-T",9428.02916939629,-0.619157886119424,0.159672941456954,2.26458913573797e-05,0.000268142894969366
"AFUB_065180-T",11453.3593659543,-0.499597341635732,0.125049010697107,2.28503045088863e-05,0.000270232120152827
"AFUB_043500-T",9201.48785796484,-0.487107526369652,0.122392688758641,2.30134761192575e-05,0.00027182910301255
"AFUB_022050-T",600.090541626323,1.08960689321797,0.299064026310478,2.31400015984182e-05,0.000272828596735921
"AFUB_071880-T",846.904000442368,-1.25535160697603,0.350054840306096,2.31614929078028e-05,0.000272828596735921
"AFUB_064530-T",5409.87083447775,0.664256904878078,0.172370970025054,2.31828066570266e-05,0.000272828596735921
"AFUB_040710-T",36536.4197948457,0.532041627389887,0.136031006430274,2.3241665011707e-05,0.000273143419223851
"AFUB_022990-T",3810.67591040966,0.708004729914643,0.185223087192415,2.32660974975398e-05,0.000273143419223851
"AFUB_069190-T",6872.76329892029,-0.557501829926566,0.140795383886074,2.39692564540821e-05,0.00028105698526619
"AFUB_051540-T",6168.06803665479,-0.606471453968819,0.156290503690074,2.40829012356913e-05,0.000281794311695457
"AFUB_029890-T",13145.2057379569,-0.534152196021097,0.136353723875298,2.4090467963201e-05,0.000281794311695457
"AFUB_024247-T",1907.94461747737,0.794707630594558,0.21145574522304,2.41784786404373e-05,0.000282355695771779
"AFUB_043390-T",21943.3794342225,0.555937302066294,0.141575614913424,2.41969070688298e-05,0.000282355695771779
"AFUB_093720-T",6565.24388146964,-0.700862332469893,0.184002837750321,2.43704396879356e-05,0.000284037621549859
"AFUB_020100-T",2439.76109717813,0.772879468474003,0.20566146168165,2.5384781370608e-05,0.000295503322413029
"AFUB_056400-T",1784.42402454209,-0.809277331171298,0.21704930387522,2.56942567879652e-05,0.000298745979645391
"AFUB_067260-T",933.133820175587,1.07157846770641,0.296136538701627,2.6024981299584e-05,0.000302227607351659
"AFUB_037210-T",23245.9035698408,-0.524010211593236,0.132526280653746,2.63244426348977e-05,0.000305338252987253
"AFUB_021760-T",4495.82395103573,-0.71090707259575,0.188150454995348,2.66461667735171e-05,0.00030866078233519
"AFUB_091090-T",10922.19828734,-0.530772645336958,0.135792965814195,2.66747829900521e-05,0.00030866078233519
"AFUB_015470-T",18941.0055926119,-0.605524113875832,0.157318033746732,2.67269020176961e-05,0.000308893932171028
"AFUB_099270-T",2950.64100355078,0.664895838337217,0.174473826563424,2.69203057483053e-05,0.00031075746014352
"AFUB_032560-T",3095.93330264496,0.627960021388204,0.163766620689485,2.71969710394899e-05,0.000313576532438606
"AFUB_072040-T",8662.07848981858,0.60833269943796,0.158203374014187,2.74674958358277e-05,0.00031631817016182
"AFUB_071390-T",2326.32786266666,-0.767363831463965,0.206919255244472,2.77363037476282e-05,0.000319033531916171
"AFUB_088670-T",15405.2371152458,-0.507509179757727,0.128629409668811,2.78676174501372e-05,0.000320162805949139
"AFUB_076370-T",2062.27223182654,0.683081119501189,0.180318198407987,2.80620526031073e-05,0.000322013720013329
"AFUB_018140-T",9942.07839662756,-0.52226490876987,0.133771973842023,2.82309943825175e-05,0.000323568051867004
"AFUB_041880-T",2566.19449659536,0.883715188323995,0.240700763585042,2.8334550160004e-05,0.000324370170196633
"AFUB_029030-T",8036.17248423079,-0.491300596580691,0.125151178049185,2.84035646784163e-05,0.000324775434228234
"AFUB_068460-T",18488.8480510055,-0.566693215074002,0.14551346629471,2.86281105466389e-05,0.000326956033217051
"AFUB_028740-T",6723.56724585393,0.719652392272618,0.191686895211991,2.92879827919072e-05,0.000334097390478639
"AFUB_036990-T",4573.38623590681,0.536534053159455,0.138097186049869,2.93978726941829e-05,0.000334298670949182
"AFUB_067710-T",1457.69028678556,0.765319490694556,0.205479091587401,2.94060392110584e-05,0.000334298670949182
"AFUB_101320-T",485.899217845944,-1.5251611572132,0.440143268672525,2.94336665571328e-05,0.000334298670949182
"AFUB_007960-T",2815.409957827,0.647188538642097,0.170275896472201,2.94440249407736e-05,0.000334298670949182
"AFUB_088810-T",19307.0809519068,-0.52950678947253,0.136802534668809,3.03559912033507e-05,0.000344248341557247
"AFUB_078440-T",1506.69690385248,0.766702869419676,0.206332797011174,3.03961216940407e-05,0.000344299329200259
"AFUB_024560-T",9677.05921894085,-0.509286559195709,0.129738297114926,3.04477587297872e-05,0.000344480380383143
"AFUB_086410-T",1783.22470482773,0.848607225190336,0.231318520623034,3.07232010205072e-05,0.000347190138315954
"AFUB_000400-T",2061.58524065683,0.689260387362838,0.183373522780615,3.09998583965925e-05,0.000349907280172753
"AFUB_014910-T",6754.62563349234,-0.58341563895314,0.153207740757237,3.13134652077779e-05,0.000353034656753267
"AFUB_074950-T",5134.48459981043,-0.699634932432588,0.186973397775172,3.15935959721746e-05,0.00035577776722978
"AFUB_046430-T",3182.47750180207,-0.596676629792348,0.156393291499338,3.19927461160525e-05,0.000359853216499766
"AFUB_089550-T",5403.72301843085,0.585083385468345,0.152950688655445,3.20642745477683e-05,0.000360238396140159
"AFUB_055960-T",22401.1942042152,-0.469031013598693,0.119966306948288,3.21529950734009e-05,0.000360815607896863
"AFUB_072440-T",22829.1621012488,-0.566120170897864,0.147676793369254,3.22444031593798e-05,0.000361421604786458
"AFUB_043410-T",12801.6328959739,-0.46914207043697,0.119910625173858,3.22924234819129e-05,0.000361540435321254
"AFUB_040260-T",26833.159005163,-0.489494147234862,0.1252537097101,3.24008332724234e-05,0.000362334318377494
"AFUB_016240-T",14645.9409229199,-0.645621619221557,0.171311101312577,3.28799424301157e-05,0.000367267056369685
"AFUB_043210-T",43930.0519029038,-0.457336718626424,0.114071599670845,3.31460266086427e-05,0.000369811673317212
"AFUB_094820-T",11864.0540666658,-0.589115430526706,0.154690112928096,3.31886353869862e-05,0.000369859971290727
"AFUB_041040-T",1470.59909410818,0.814664570304154,0.222297893582026,3.32425894723875e-05,0.000370034446408074
"AFUB_007790-T",15937.8336072885,0.553172326970727,0.144038122753732,3.32847455809004e-05,0.000370077343846559
"AFUB_007430-T",11908.6944822162,0.586078510499833,0.152222668603424,3.33710194548778e-05,0.000370610103417275
"AFUB_047460-T",5133.05044263868,0.648644718545462,0.172150331371347,3.35822653007165e-05,0.000372527953312885
"AFUB_074380-T",18622.709637728,-0.500328863082606,0.127709473046067,3.44429881396331e-05,0.000381637788308641
"AFUB_024000-T",5486.26816586799,0.72616335312332,0.195893714062974,3.46068351372915e-05,0.000383014021874582
"AFUB_024300-T",7743.15371501939,-0.628186313659446,0.167054873509917,3.4921365490003e-05,0.000386052898586281
"AFUB_087150-T",23.6356757137479,-0.162102176501452,0.404429319755381,3.49826082344529e-05,0.000386287955155753
"AFUB_088030-T",49454.3655176284,0.499374196993224,0.129041435720985,3.52291715941163e-05,0.000388566502217296
"AFUB_092650-T",546.463269346337,1.07123008171589,0.303477676165579,3.61587255392642e-05,0.000398364431197686
"AFUB_036540-T",2327.80423979555,-0.681272986765094,0.183344409665316,3.6741279346937e-05,0.00040432145905479
"AFUB_038060-T",8918.16863861495,-0.500466756815851,0.129290670979009,3.72359845316112e-05,0.000409299297547699
"AFUB_078720-T",5863.47779113438,0.614221513621626,0.163326847162476,3.79412969848357e-05,0.000416578194849412
"AFUB_057300-T",5343.91762552626,0.529492612930574,0.138383916799622,3.8196186374901e-05,0.000418900740924283
"AFUB_077420-T",1296.44445362776,-0.801256535948404,0.220919454837469,3.86775529422734e-05,0.000423698998331344
"AFUB_073400-T",11625.2257831279,0.463203765797319,0.11982619789132,3.8765955514328e-05,0.000424186480384413
"AFUB_004410-T",5541.71706964256,0.669238095995565,0.180083779735374,3.95289176482665e-05,0.00043204570397913
"AFUB_098240-T",9724.50685846076,0.473887463213151,0.122855956948067,3.98016903920479e-05,0.000434300510364488
"AFUB_035000-T",3382.22248210971,-0.61440455327415,0.164079745389722,3.98251140739947e-05,0.000434300510364488
"AFUB_098550-T",34529.7729633767,0.535767474300555,0.140709913399035,4.02749919309848e-05,0.000438571366595952
"AFUB_001750-T",27001.441494593,0.501912363970747,0.130870116092462,4.03075319330579e-05,0.000438571366595952
"AFUB_023570-T",8567.71394074928,-0.519292839581267,0.136103298614189,4.04885578003607e-05,0.000440045495463537
"AFUB_071650-T",1065.75676776989,0.816134249564865,0.226126683462005,4.08708412966895e-05,0.000443701200683836
"AFUB_033480-T",339.850666695945,-1.40847886128138,0.415354281659987,4.1396071259566e-05,0.000448898810897785
"AFUB_088490-T",16756.996037208,-0.489310231791152,0.126648056731648,4.17472646780573e-05,0.000452199631523979
"AFUB_036660-T",16340.507117281,-0.537488748206872,0.142347250872166,4.21495079480601e-05,0.000456045404024812
"AFUB_061480-T",5327.13787229609,0.666499753837457,0.180219247600945,4.22161047731879e-05,0.000456255038387631
"AFUB_078290-T",16176.0966575743,-0.521648242497011,0.135908817529653,4.23396964673215e-05,0.000457079494153363
"AFUB_030840-T",21770.6677904492,-0.465653433714957,0.120900430924313,4.24950701340777e-05,0.000458244829950289
"AFUB_088180-T",8201.18962058376,-0.553916732427274,0.146768677576997,4.28051202545208e-05,0.000461073658750479
"AFUB_027740-T",3239.97808863131,-0.594297934978904,0.158949928363282,4.28792930293537e-05,0.000461358273106476
"AFUB_076500-T",2889.11399666986,-0.661261053094799,0.178851161591703,4.31296959186057e-05,0.00046353628694724
"AFUB_058280-T",25405.4235788966,-0.426408426783364,0.109911827920112,4.32064944157411e-05,0.000463845721160989
"AFUB_006420-T",1891.49553422881,-0.890990308645176,0.251126847215683,4.34055031091151e-05,0.000465465006703962
"AFUB_098230-T",23205.8056121734,-0.556446147811076,0.145508440708639,4.39516437173649e-05,0.0004707990926798
"AFUB_077190-T",7952.44740902703,-0.540355559417292,0.14308960928705,4.41692873156342e-05,0.000472606482883342
"AFUB_023770-T",8163.53854995022,-0.505873205242132,0.132093165741614,4.44543798490518e-05,0.000474796507564232
"AFUB_034120-T",25466.7262629847,0.603753593812515,0.161884613735277,4.44722458440933e-05,0.000474796507564232
"AFUB_084220-T",19.6464257097739,7.78479417281439,3.2405986310485,4.46614856117539e-05,0.000476290589382745
"AFUB_056090-T",17075.03383756,-0.548049815577327,0.145592182473797,4.4941548661016e-05,0.00047874888992584
"AFUB_063750-T",138881.616597663,-0.579663857287837,0.155078142551897,4.50596355595633e-05,0.000479478192485133
"AFUB_012620-T",13793.4633262916,-0.509952736990309,0.135255476015328,4.54037057567733e-05,0.00048260792631677
"AFUB_059760-T",10219.3734312335,-0.531117575614261,0.138071024800198,4.56608143586009e-05,0.000484807459706376
"AFUB_017590-T",798.429727534748,1.2631123219788,0.371342115031249,4.62510864637497e-05,0.000490535672242316
"AFUB_026290-T",41422.7866201271,0.490755919010805,0.128866250425076,4.67408239972064e-05,0.000495186229672158
"AFUB_047750-T",2762.49231003823,0.685338714536544,0.187557908703288,4.71627399826836e-05,0.00049910886496461
"AFUB_053110-T",3541.24620520858,0.553251928070027,0.147474174049377,4.73960648723381e-05,0.000501029298464476
"AFUB_060870-T",873.503417323145,0.929455770681296,0.264709516146422,4.75146149186196e-05,0.000501733562124265
"AFUB_067440-T",131762.813801514,-0.445639564919925,0.117712339471421,4.86926089882093e-05,0.000513611340659474
"AFUB_090140-T",26476.5469196694,-0.481302983045176,0.123426700129529,4.87629445866526e-05,0.000513792334347042
"AFUB_083250-T",9930.85394219946,-0.493232168869855,0.129073349120641,4.89634454197813e-05,0.000515342929897524
"AFUB_067640-T",37193.3717760026,-0.558260738303708,0.149841794844297,4.91720564869983e-05,0.000516469483556537
"AFUB_011400-T",15787.7667812724,-0.617823126045057,0.167588661683858,4.91773882086539e-05,0.000516469483556537
"AFUB_035900-T",3856.19438379335,-0.570831502603102,0.153470833248001,4.99851383252762e-05,0.000524382634634982
"AFUB_042130-T",8997.31147740424,-0.456880405331709,0.119943354181863,5.13316519845772e-05,0.000537924535222327
"AFUB_089990-T",7990.28661217714,-0.505640057430691,0.133254773589607,5.14085803366511e-05,0.000538147024065789
"AFUB_039590-T",4084.16997723082,0.622402216770595,0.169379152166672,5.20983777116676e-05,0.000544260912584292
"AFUB_053530-T",2823.84930581664,-0.588780499528329,0.158135725428807,5.21052933285521e-05,0.000544260912584292
"AFUB_005160-T",12864.8195762932,0.560269146624667,0.150316490613016,5.22585009891473e-05,0.000544788238735423
"AFUB_054110-T",2842.25086564276,0.596589342667005,0.161610795910551,5.23208380646387e-05,0.000544788238735423
"AFUB_091680-T",2029.4088815443,0.728055054634104,0.202463703837176,5.2324931230229e-05,0.000544788238735423
"AFUB_068950-T",4654.41344540657,0.536118584342667,0.143347045567127,5.2727167153588e-05,0.000548385241160353
"AFUB_021830-T",8288.47594487308,-0.493963357838453,0.130463009126986,5.33648349213087e-05,0.000554017399542498
"AFUB_010270-T",2766.77581926983,0.64474199129674,0.176643028434341,5.34257351961864e-05,0.000554017399542498
"AFUB_041900-T",13186.2447252484,0.638904725197063,0.174854664174859,5.34567529160197e-05,0.000554017399542498
"AFUB_027840-T",7497.80638963359,-0.533779506027575,0.14391363356224,5.34980577285397e-05,0.000554017399542498
"AFUB_070490-T",1509.48752321554,0.944269751431167,0.272182212511405,5.40660989375505e-05,0.000559037377189132
"AFUB_032840-T",2557.69444035566,-0.619660700254394,0.16930384081923,5.40985249091118e-05,0.000559037377189132
"AFUB_073810-T",2557.59928848652,0.66035661615044,0.181702317182601,5.41593964248085e-05,0.000559068470359509
"AFUB_035650-T",847.587287272667,1.02700534475612,0.299272161912034,5.45254730848476e-05,0.00056224666056115
"AFUB_006400-T",40487.9329765359,-0.503698543873395,0.133696103011803,5.46732691543638e-05,0.000563169644530344
"AFUB_059970-T",25598.8595054897,-0.567201351522293,0.150964983123898,5.49161269577574e-05,0.000565068816470555
"AFUB_059720-T",6550.04186155909,0.559448841085265,0.150880797465306,5.5141466732405e-05,0.000566783884647337
"AFUB_062310-T",82.7621720364127,2.66729712255267,0.839936371708883,5.5449336384853e-05,0.000569342707917587
"AFUB_066070-T",8579.3059149502,-0.726280387677053,0.203240675993424,5.57018219673029e-05,0.000571328029562718
"AFUB_035470-T",971.685330113053,0.920096365899163,0.265071529782332,5.58061518107648e-05,0.000571791133399374
"AFUB_022850-T",1537.01508503568,0.724887479611955,0.202560052523917,5.64020912819266e-05,0.000577284963947007
"AFUB_034180-T",4114.10564897428,0.627232592297243,0.171810583951849,5.65915617647694e-05,0.000578611290763176
"AFUB_087970-T",7406.89758060732,-0.551965209171749,0.149451373303232,5.6967642270756e-05,0.000581840760697722
"AFUB_077640-T",3489.34224760162,0.742583092181114,0.208569113574172,5.78781770703151e-05,0.00059051631135521
"AFUB_052280-T",12116.9997435072,0.488957244341897,0.130293926623452,5.82350351140752e-05,0.000593530495012863
"AFUB_028530-T",15850.3800035808,-0.441463669933156,0.116509490238573,5.87987565740186e-05,0.000598075111423157
"AFUB_078110-T",20.5032234933529,-0.159273874886425,0.402076957437768,5.88047356501759e-05,0.000598075111423157
"AFUB_020550-T",12514.5463594917,-0.52884040566252,0.142482734736183,5.8988478864248e-05,0.000599313020805851
"AFUB_018280-T",6461.42689134835,-0.602659203901376,0.165350473844128,5.96346318086296e-05,0.000605241399721617
"AFUB_060640-T",1986.44566436276,-0.628048629756522,0.173117201083005,5.97400418512435e-05,0.000605675009828662
"AFUB_051910-T",9525.19903015418,-0.479599340430407,0.127284607900488,5.99536475215841e-05,0.000607131435547379
"AFUB_029080-T",51417.3038261499,-0.502401519426928,0.13511171383656,6.00569138264625e-05,0.000607131435547379
"AFUB_054670-T",2882.86051189515,-0.66633113850013,0.187787248026478,6.00722057941724e-05,0.000607131435547379
"AFUB_021165-T",5349.61998289542,-0.60379891589607,0.165825973431414,6.09929137673422e-05,0.00061579261527697
"AFUB_014220-T",27635.0306258967,-0.442810939886451,0.117329926432944,6.15150372731289e-05,0.000620415751704563
"AFUB_090090-T",1685.55413693507,-0.743220790428867,0.210139116579441,6.16528455817423e-05,0.000621157240887169
"AFUB_099850-T",1344.75840180679,0.849660723834017,0.244974706708869,6.39697799184758e-05,0.000643829180804493
"AFUB_045140-T",360.830559506463,1.78635995447454,0.55702411130444,6.40368614263378e-05,0.000643833668159496
"AFUB_072800-T",24220.7332834118,-0.473876953033304,0.124037265447108,6.44057998863753e-05,0.000646869894492888
"AFUB_054230-T",798.254141804883,1.05184330397546,0.312173483788308,6.56051200517202e-05,0.000658231225274892
"AFUB_033500-T",1801.89210911117,-0.76245839742082,0.217617688236051,6.6424941776149e-05,0.000665765339669244
"AFUB_098190-T",7191.98921286327,0.528412905226666,0.143398323536157,6.65697067855516e-05,0.000666524877680828
"AFUB_084550-T",818.09260323524,-1.13093855622622,0.339920149836104,6.67270451295839e-05,0.000667246883102722
"AFUB_077220-T",14053.7516245888,-0.555506789219216,0.152213728790328,6.67799354129923e-05,0.000667246883102722
"AFUB_053290-T",13594.6365035311,-0.56084489710226,0.154484572715064,6.70078123915186e-05,0.000668627196721817
"AFUB_006390-T",428.814666240357,1.17646394841754,0.354445820123947,6.70564845397889e-05,0.000668627196721817
"AFUB_046520-T",5096.09025546229,-0.624368650594376,0.171421686086835,6.7644557953968e-05,0.000673795586547669
"AFUB_022620-T",544.540472764343,1.26690702508386,0.386484826542883,7.0456404709541e-05,0.000701081135225114
"AFUB_077820-T",55.5116947644848,3.85004114975489,1.26542508100432,7.06649386375233e-05,0.000702432754234311
"AFUB_052990-T",1312.46746681846,0.837013160729877,0.243448023274111,7.43924903288297e-05,0.000738725839215984
"AFUB_036820-T",2699.96567570596,-0.648343983983784,0.182551011976704,7.50313716708443e-05,0.000744305044233776
"AFUB_050030-T",9622.15379664579,0.552447198277067,0.152055470988425,7.53783662589049e-05,0.000746980281839528
"AFUB_004430-T",201818.552508038,0.504316750803795,0.135095130273557,7.57263748868768e-05,0.000749660075980537
"AFUB_043960-T",1539.38148269036,-0.676214558156789,0.191750766626176,7.62208113943977e-05,0.000753782476655753
"AFUB_055240-T",37546.5642335762,-0.463275997880731,0.124408456563247,7.65383921747081e-05,0.000756149228212709
"AFUB_060860-T",3444.82124626517,-0.665401929787914,0.188347264643083,7.67664266530249e-05,0.000757627389501048
"AFUB_095550-T",2820.55754010556,0.718606340533077,0.205410536065372,7.71212084451325e-05,0.00076035215918048
"AFUB_076040-T",16395.3763643361,0.449870607342869,0.121080553943493,7.73919697676164e-05,0.000762243844948736
"AFUB_005130-T",13107.186346909,-0.592538344804836,0.165417280332046,7.88515897683186e-05,0.000775828982017815
"AFUB_094490-T",10779.8273820055,0.441832264876525,0.12002220448469,7.95940683403153e-05,0.000782337627979782
"AFUB_101830-T",4978.25588026413,0.589976790524135,0.164721111371535,8.10543322224354e-05,0.000795881054810133
"AFUB_036650-T",12406.2860746933,0.51321529817435,0.140751185331484,8.13005642379578e-05,0.000797488377327054
"AFUB_050790-T",1241.60177478487,-0.894537679833067,0.265412137045909,8.1722485461567e-05,0.00080081405124712
"AFUB_033530-T",2081.97152583774,0.753433449545964,0.218078628746289,8.30237663126553e-05,0.000812741266578395
"AFUB_004490-T",1664.65336240727,-0.803704329778138,0.235283031076394,8.32601148992245e-05,0.000814229990036748
"AFUB_051750-T",5713.51497689102,0.597519907080981,0.16749517574194,8.36931850553496e-05,0.000817637567244477
"AFUB_068300-T",5048.92139217422,-0.504454044287827,0.138820264465251,8.45189329708487e-05,0.000824870636731657
"AFUB_027590-T",63233.6871781661,0.528303446228495,0.144504041044385,8.49715824251459e-05,0.000828451492827205
"AFUB_020990-T",80776.4486318029,-0.480111313552137,0.132129828014583,8.64797685588622e-05,0.000842305971588434
"AFUB_052040-T",1507.01823386386,0.71871180699445,0.207446350708309,8.7084380662291e-05,0.000847340670653631
"AFUB_046030-T",294.741904030149,1.34943741077794,0.423632527942234,8.96893645495388e-05,0.000871809497261211
"AFUB_073690-T",6783.63425994533,0.583562945935247,0.163724707077073,9.0103912388669e-05,0.000874958795476703
"AFUB_054020-T",75890.4852140493,-0.451206701294724,0.121775853176509,9.08060433050312e-05,0.000880891556639771
"AFUB_098880-T",1452.57544536965,-0.896867948799501,0.2687405526596,9.11588442701573e-05,0.000883427034441584
"AFUB_014480-T",12374.7028362397,-0.497225105327827,0.137421046289668,9.16412448663281e-05,0.000887212132162788
"AFUB_026250-T",5816.6039647647,0.488151259187393,0.13424397460814,9.18669278318281e-05,0.000888506763474598
"AFUB_051380-T",3594.68233396126,0.622499414171757,0.176428191493248,9.25875145727973e-05,0.000894580565802368
"AFUB_033060-T",126.441628938724,-1.93235462574157,0.630622948811898,9.28437961233565e-05,0.000896160597546324
"AFUB_032280-T",5035.40391634632,-0.47409890597766,0.130226778936582,9.36135984231339e-05,0.00090268920954523
"AFUB_048790-T",1514.09708052144,-0.788224988860741,0.232542936315093,9.45837147474739e-05,0.00091113444854446
"AFUB_047700-T",1777.39185440079,-0.865866664976588,0.259250263256186,9.57360125746122e-05,0.000921316089139346
"AFUB_026110-T",18717.9625430776,0.525820746173968,0.146459485591907,9.69323401121041e-05,0.000931900766331492
"AFUB_094290-T",14001.1028752627,-0.543742647315419,0.152474940983581,9.71350360905423e-05,0.000932483337690418
"AFUB_013300-T",398.34456446843,-1.30678939702622,0.413299518293112,9.7185957467838e-05,0.000932483337690418
"AFUB_094680-T",2233.45002904735,0.773651138453498,0.227630134412503,9.73852392073502e-05,0.000933468433751406
"AFUB_010500-T",2306.90898030963,0.622430554722922,0.177565969872524,9.76288299100654e-05,0.000934875871745343
"AFUB_055110-T",2513.1523715185,0.819399288020084,0.243366886115898,9.79815604919455e-05,0.000937324591557601
"AFUB_018250-T",40111.3776378634,-0.478701511944554,0.130024413524074,9.88041463538921e-05,0.000944258815105149
"AFUB_028710-T",3234.89996346139,0.606345250041546,0.172558863501585,9.95654966099878e-05,0.000950594691942393
"AFUB_077390-T",4491.24522520308,0.548443109778564,0.155663058460609,9.99641959798222e-05,0.000953459093343576
"AFUB_095520-T",3512.37323889485,0.636041338499898,0.182384762920783,0.00010024400286503,0.000955184966155742
"AFUB_035570-T",120.39748715181,2.56023712387733,0.857869812120928,0.000100505556823599,0.000956733684758239
"AFUB_005310-T",54996.0193666498,0.487129996639246,0.134832001485605,0.000100995088008617,0.000960447382223683
"AFUB_041810-T",722.329482099261,0.905204343825583,0.274260255409391,0.00010453941552511,0.000993175843464717
"AFUB_036210-T",10315.5968819544,0.66814547210653,0.193516396908238,0.000104660720124802,0.000993351549946799
"AFUB_068070-T",20035.7127972609,-0.48601778993922,0.135413518771573,0.000105820463710772,0.00100337322902206
"AFUB_051880-T",3349.68628778452,0.67339742074278,0.195554929642917,0.000106037053954167,0.00100444119147565
"AFUB_022720-T",1554.63033897893,-0.790610753618591,0.235670653424493,0.000106468837522717,0.00100754349475465
"AFUB_017860-T",1832.03042126387,0.725856990114928,0.213425366786068,0.000107581278117697,0.00101707466650997
"AFUB_049980-T",3884.45226280498,0.642727793673512,0.18580429394977,0.000108988598999697,0.00102937228107045
"AFUB_031840-T",10522.6262384058,-0.465559371656377,0.128385024844555,0.000109340077743,0.00103168342886022
"AFUB_065050-T",786.406320015088,0.978958432911606,0.30122295363597,0.00010961898923211,0.00103330602337624
"AFUB_014300-T",10464.9414649105,-0.50724111165384,0.140467170000994,0.000110889907186361,0.00104426733258735
"AFUB_021220-T",3533.17519093971,-0.61481116677198,0.17766942649648,0.000111077310020178,0.00104501360215673
"AFUB_005180-T",6596.95754252151,0.543143225712473,0.153690697749438,0.000112782932021538,0.00106002790777441
"AFUB_037980-T",16524.9677753796,-0.420358555956513,0.115614918497586,0.000113646396868641,0.00106710542910088
"AFUB_053800-T",8100.27966159111,-0.520426968253212,0.146163213506223,0.000114303023762894,0.00107184453965201
"AFUB_094700-T",8149.31980134546,0.598171850924649,0.171358343996272,0.000114372978718818,0.00107184453965201
"AFUB_101680-T",341.383960225886,-1.32040762699006,0.425513488976078,0.000116222817181811,0.00108812486396382
"AFUB_014570-T",19983.2705136358,-0.43944242339444,0.121534772059919,0.0001168849516962,0.00109287495152232
"AFUB_093300-T",3317.66825784728,0.509181729820511,0.146673504405124,0.000116956396178232,0.00109287495152232
"AFUB_069510-T",1546.67748604323,-0.644934925656213,0.187880599155442,0.000117775037822921,0.00109946127096141
"AFUB_024570-T",17194.8079653926,-0.481087812774031,0.134683946131905,0.000117965060448499,0.00110017221433725
"AFUB_021180-T",3914.78920080116,-0.558564855249716,0.159467469718861,0.000118542458300833,0.00110326072284221
"AFUB_058780-T",3529.06858294612,0.582374858964996,0.167082030767776,0.000118617085485204,0.00110326072284221
"AFUB_039050-T",77059.2510842103,-0.52991413539136,0.151692134792674,0.000118638779862663,0.00110326072284221
"AFUB_030960-T",17952.5553931973,0.4660511330655,0.130377943688356,0.000118759571460208,0.00110332209562359
"AFUB_015230-T",2272.26667165708,-0.585206397399642,0.168329220287517,0.000119656760204462,0.00111058944965947
"AFUB_099710-T",2146.01988582087,-0.704195077683746,0.208372856451761,0.000119880231897111,0.00111159577791736
"AFUB_074060-T",5336.65371640971,0.506188422203923,0.14231155963772,0.000121120589084832,0.00112202026053466
"AFUB_047780-T",47558.0836949771,0.622393370192872,0.180619529913291,0.000121714986518385,0.0011264465514757
"AFUB_061630-T",6485.77280527922,0.524688874669875,0.148949239384891,0.000124806230919506,0.00115395005085576
"AFUB_055940-T",7896.51953103896,-0.469523537070413,0.13107610425238,0.000129207089154383,0.00119349798796333
"AFUB_040280-T",5546.60736645672,-0.503763205574767,0.142870981618733,0.000129721187552307,0.00119710230575969
"AFUB_003270-T",8521.04222419002,0.611552826895334,0.178052703117273,0.000130653164826801,0.00120455236503488
"AFUB_057350-T",1196.25607128144,0.71388293507444,0.212839647659244,0.00013087013118208,0.0012054024856828
"AFUB_082260-T",12969.4602844107,-0.447704545484209,0.125331641974654,0.00013288751843099,0.00122281828864784
"AFUB_095900-T",19374.3476365645,0.505845321232061,0.143750196858454,0.000133732154300167,0.00122941967159678
"AFUB_065580-T",23570.7042974712,-0.445915887294622,0.122686585833824,0.000134828048536914,0.00123831616441413
"AFUB_063140-T",12309.2333552716,-0.450221441520047,0.12631849777025,0.000135720352881584,0.00124532768237594
"AFUB_074230-T",9756.88176710654,-0.509077691572822,0.143370502092406,0.000137094449131505,0.00125674247391708
"AFUB_090790-T",5350.19741638988,0.585671154454398,0.170081692831738,0.000137638998659049,0.00126053839340638
"AFUB_022770-T",23642.5173046384,-0.483780311457438,0.137116694664198,0.000138035214618912,0.00126253587441532
"AFUB_067980-T",2675.13045239312,0.545085359764063,0.156789183386411,0.000138118445379527,0.00126253587441532
"AFUB_029770-T",3627.63614964461,0.535033930294726,0.153581594155467,0.000138971617357385,0.00126913399518625
"AFUB_076420-T",4564.18682129523,-0.602842839803718,0.176386400910924,0.000139487289673684,0.00127264040871306
"AFUB_049170-T",21595.3006657046,-0.461410585614269,0.126743582460654,0.000140843099593342,0.00128379813987818
"AFUB_083130-T",3959.08930553461,-0.604487577440709,0.17725573943735,0.000144373170683136,0.00131473475508054
"AFUB_036790-T",46680.7216219579,0.424163661211886,0.117661197274646,0.000145535395055511,0.00132407060925268
"AFUB_095620-T",1411.48967600757,-0.863064191839178,0.268251958105291,0.000146358488993788,0.00133030641642331
"AFUB_030460-T",1522.92875656059,-0.769387459069708,0.234966990418236,0.000147034273065059,0.00133519280672425
"AFUB_023080-T",18583.6190060973,-0.523985917279112,0.148995021918764,0.00014807256146123,0.00134335876886235
"AFUB_056100-T",4031.75451645731,0.522231967240126,0.15018072210498,0.000148284307386029,0.00134359327353982
"AFUB_001820-T",2817.98436873921,0.691965743370635,0.207522516197955,0.000148376528965741,0.00134359327353982
"AFUB_073780-T",660.09888241562,1.11275762600373,0.358807620591124,0.00014882189734582,0.00134636439340385
"AFUB_004950-T",4412.90336350908,0.559066478162287,0.16242097611878,0.00014963676039335,0.00135246995221754
"AFUB_018880-T",10119.7744315578,-0.450810129382474,0.126469183234068,0.00015160293461728,0.00136896033109548
"AFUB_083890-T",3242.81254450486,0.597487310380835,0.175549001345276,0.000152455550916343,0.00137537398034894
"AFUB_013540-T",1937.52334630056,-0.645942741271607,0.192565570936952,0.000154020215856966,0.0013881934007556
"AFUB_096980-T",3442.37878646069,-0.625040785101106,0.185497105348778,0.000155562325158854,0.00140078582076873
"AFUB_022520-T",4385.72900410799,0.552118156412506,0.160780247713294,0.000156768196824243,0.00141032990476335
"AFUB_015290-T",4738.91749369432,0.504511739020411,0.145325082008584,0.000159411033023985,0.00143277153588627
"AFUB_017560-T",960.240111960652,1.10172014345387,0.357651909498405,0.000160931555590456,0.00144509357817378
"AFUB_002350-T",9948.90378487965,-0.606977194684091,0.183572770414357,0.000165054591964027,0.00148074045269864
"AFUB_090350-T",10232.3156447532,-0.519530381216956,0.153800058340436,0.000165503856143746,0.00148339356035332
"AFUB_052510-T",1253.62592010877,0.778891372162829,0.240819369244546,0.000168281049189361,0.00150688739320446
"AFUB_028520-T",2221.70364887453,0.828564025629427,0.260186957261038,0.000168908080236271,0.00151110173263227
"AFUB_001850-T",26107.7261666096,-0.406273078835777,0.113795865088587,0.000169126296633177,0.00151165428128562
"AFUB_075630-T",680.60828816299,0.899422441337317,0.284696344373668,0.000170547999461751,0.00152295265323423
"AFUB_072100-T",4408.37916730662,0.732656668528978,0.224517524587919,0.000171238530309661,0.00152770699893993
"AFUB_052270-T",59534.585560941,-0.596231920617749,0.177647513132679,0.000171671783191551,0.00153015938117783
"AFUB_014340-T",23936.0782296816,0.405688109481098,0.113617947004589,0.000173924281526753,0.00154880774941151
"AFUB_013460-T",8571.66963079484,-0.499709935161834,0.14497485524132,0.000176011260431356,0.00156594916969407
"AFUB_011360-T",1063.84873300456,0.771575043444483,0.239128163650894,0.000176476859617663,0.00156864711833106
"AFUB_043470-T",15679.0761255679,-0.486489842130115,0.137197671721484,0.000177020470672859,0.00157203289305254
"AFUB_092810-T",820.352582958477,-0.94194252351703,0.302394395281632,0.00017742446321924,0.00157417370397088
"AFUB_057130-T",155643.639879039,0.554789681857462,0.161458832728949,0.000178490153367814,0.00158217602003653
"AFUB_083000-T",19356.4857101645,-0.460710009804959,0.133558846213084,0.000179537603976926,0.0015900021353117
"AFUB_035380-T",848.908754285897,0.784376410866405,0.244311204854957,0.0001801228917704,0.00159372470722125
"AFUB_091120-T",11152.3417861335,-0.4774405154149,0.138307386234817,0.000180676438767882,0.00159715988231956
"AFUB_090000-T",6139.82549803735,0.512944223916164,0.14938223534888,0.000181936900328505,0.00160683211240769
"AFUB_038780-T",2988.39481406613,-0.634074683504214,0.191272576653007,0.000183077085019121,0.00161542538397694
"AFUB_042320-T",32138.8110082511,0.448600795433131,0.128296149662464,0.000183694032184257,0.00161939027277763
"AFUB_032220-T",365.446203541019,-1.21255527472564,0.406466912392253,0.000187275873008826,0.00164946170010144
"AFUB_016070-T",8329.9725101596,-0.592898815218556,0.177341766515957,0.000187742550338864,0.00165206604861029
"AFUB_043650-T",48195.8823714689,0.387613981878389,0.11162200722959,0.000188319071299568,0.00165563136205316
"AFUB_082870-T",6234.39766107719,-0.535577050819512,0.158011206641365,0.000191377783752176,0.00168099286055775
"AFUB_019630-T",99163.4519074752,-0.492620924580229,0.143543688462688,0.000193575428238611,0.00169875185071886
"AFUB_009640-T",512.381776587886,-1.11507832545472,0.370904672439043,0.000194726256440631,0.00170730044440052
"AFUB_042620-T",6918.83080268369,-0.502478775725169,0.147488017403057,0.000195130735917477,0.00170929571208945
"AFUB_038900-T",1247.38315834504,0.721106650280777,0.223160904899131,0.000195936223968345,0.0017147969166505
"AFUB_049180-T",24243.3085283759,-0.466263751218562,0.13546053874377,0.000200736385084065,0.00175521715174863
"AFUB_098910-T",14552.4563652515,-0.585394246766045,0.176013524571995,0.000204254502546736,0.00178436437939111
"AFUB_092960-T",7948.39204132407,0.463326299036599,0.134586332760463,0.000206372555439604,0.00179934655605209
"AFUB_077310-T",1339.3342240132,-0.636422139275204,0.198048129899254,0.000206489779991353,0.00179934655605209
"AFUB_010360-T",11843.7659516932,-0.43717856182141,0.125816055600054,0.000206528185744336,0.00179934655605209
"AFUB_006080-T",1349.23547956488,0.737328691811321,0.230275474265017,0.000206929200626891,0.00180121615897029
"AFUB_050480-T",9091.43767407385,0.466968953730878,0.13589967990551,0.000208721832307004,0.00181518482785803
"AFUB_003260-T",1484.99028118076,0.729489241818913,0.227679064797956,0.000209467954811586,0.00182003541312009
"AFUB_041740-T",6511.86961809916,-0.525210626789237,0.156114602715559,0.000210622743362583,0.00182842492935245
"AFUB_027660-T",11296.2698625558,-0.509258786457838,0.15033907101683,0.000210955604612168,0.00182967060301864
"AFUB_060450-T",1225.86645163503,0.844716669000273,0.270846588445608,0.000214743318420381,0.00186085196643741
"AFUB_100930-T",785.332978034666,-0.877381195429667,0.284066130536255,0.000217211005433536,0.00188054904524984
"AFUB_078230-T",6841.9760488093,0.537398619982994,0.160001785178449,0.00021991908605707,0.00190229025020896
"AFUB_099960-T",1695.2398900084,0.630425763285782,0.192828989661295,0.000220417995240859,0.00190490042040892
"AFUB_036040-T",16983.0472889577,-0.440446707912447,0.126421222311146,0.000225842318486413,0.00195003438893273
"AFUB_032390-T",12390.606030565,-0.553292417478433,0.1620424785263,0.00022841693094596,0.0019705039167856
"AFUB_036710-T",3552.68540294071,-0.58468549712526,0.178211389816186,0.000229341856329861,0.0019767181229787
"AFUB_085340-T",582.776727528845,-1.16722593880231,0.398228492722815,0.000229849144783181,0.00197932481006693
"AFUB_088680-T",19247.1916891954,0.416957727953873,0.119029193944963,0.000230863445844422,0.00198628905943794
"AFUB_016690-T",3229.64301462536,0.562582630432347,0.169588317655432,0.000231682982998831,0.00199156670972839
"AFUB_040680-T",1791.78778394661,0.735059562076545,0.23185520003288,0.000233050931101081,0.00200114478130105
"AFUB_076430-T",27790.7206968931,-0.418532944524926,0.119044526206204,0.000233293824077554,0.00200114478130105
"AFUB_044030-T",1372.24808373991,0.858877498003096,0.278341585734591,0.000233418564326877,0.00200114478130105
"AFUB_056080-T",17703.7061414649,-0.444934884290661,0.127839133651843,0.000234036343170838,0.00200335160724291
"AFUB_034370-T",2343.94756278544,0.541785762104834,0.162588024871282,0.000234090660792512,0.00200335160724291
"AFUB_002520-T",35061.6896644337,-0.421085152438987,0.118425777615038,0.00023897148492626,0.00204331193571463
"AFUB_068240-T",4589.61725053621,-0.584995388830699,0.178327590753321,0.000239199996268372,0.00204345743938551
"AFUB_052310-T",2198.48018310621,-0.670515380512506,0.209443973088877,0.000243287153250571,0.00207653752182599
"AFUB_049330-T",1384.62789216194,-0.715146530160081,0.225955136240539,0.000243939250617343,0.00208026570120456
"AFUB_056630-T",131.644702232537,-1.82245128927632,0.662974883154041,0.000245855221298027,0.00209475586259395
"AFUB_040020-T",366.094376977558,-1.24569854224264,0.432553845174766,0.000246802544615308,0.00210097461328027
"AFUB_101140-T",11992.6638070124,0.56199691289159,0.170485244568877,0.000248295129198047,0.00211182001611931
"AFUB_030710-T",3058.46641553073,-0.579742583058445,0.177169800495177,0.000249823282588922,0.00212294859839416
"AFUB_068360-T",7075.12105434805,0.481417243593611,0.142785717228178,0.000250181021916459,0.00212407626191209
"AFUB_070470-T",1701.6248263493,0.625177123782303,0.193132952325749,0.000250395659523687,0.00212407626191209
"AFUB_091080-T",2340.63510333281,0.757072828896364,0.241961348249525,0.000252358057621983,0.00213884522170492
"AFUB_076300-T",8060.8226030737,-0.457628433902964,0.135102401810191,0.000254600667761087,0.00215596113225909
"AFUB_055000-T",44744.4981435721,-0.394329363464074,0.111578855755287,0.000255357640890858,0.00216047769377187
"AFUB_011580-T",4780.27405065405,0.490244596082195,0.146354826393354,0.000264460620415827,0.00223553675805575
"AFUB_037480-T",12149.5123375434,0.506248343347747,0.151998977171221,0.00026541429108192,0.00224163713324608
"AFUB_044150-T",1270.49381052652,-0.760887833057832,0.245953782471055,0.000271074605910818,0.00228744353040203
"AFUB_090360-T",5346.95907105539,-0.448118889691502,0.133108672865659,0.000271865357248344,0.00229046046008132
"AFUB_075150-T",3496.11761621075,-0.525661763011768,0.159707510633425,0.000271906245882144,0.00229046046008132
"AFUB_029560-T",714.883472022502,0.893509971486902,0.296505777696111,0.000273748133567178,0.0023039673053363
"AFUB_012430-T",3660.66989468032,-0.557231593145567,0.170447662818078,0.000276152172197424,0.00232217779614579
"AFUB_004020-T",8222.55006854071,-0.57232470486363,0.17614068502389,0.000277772235057607,0.00233376985663183
"AFUB_054440-T",5902.74113540051,0.494068283480258,0.148415288359246,0.000278634523955832,0.00233898068676043
"AFUB_072430-T",4360.61696422079,0.492930961027858,0.148085946796609,0.000279737399680513,0.00234620030877875
"AFUB_058710-T",1764.2850841919,0.589566069458228,0.182196879724869,0.000280905213377955,0.00235263266745944
"AFUB_073890-T",15114.4686616894,-0.421359714420166,0.123284455730917,0.00028099131631631,0.00235263266745944
"AFUB_005600-T",18392.7364874075,-0.438999001035807,0.127472994154635,0.000285095399804389,0.00238492792459741
"AFUB_035140-T",14977.6793408707,-0.520464588608205,0.158272225016051,0.000287879591415707,0.00240276156186236
"AFUB_040690-T",6532.81798510641,-0.435303787407887,0.128875030571085,0.00028789413441562,0.00240276156186236
"AFUB_020670-T",13700.4406587488,0.520474754399187,0.157944608951971,0.000287973285928029,0.00240276156186236
"AFUB_046180-T",2095.69526091058,0.828708553595627,0.27306414655817,0.00029153456694249,0.00243037703692695
"AFUB_053390-T",4207.99675956907,0.524342778353925,0.159614696832973,0.000292758391155144,0.00243847549598362
"AFUB_031190-T",5175.59028869003,-0.50789195213952,0.15412741647916,0.000294244783958593,0.00244874513575188
"AFUB_070800-T",3593.43852270906,0.627317631406448,0.196827334183796,0.000295769608281394,0.00245931665681138
"AFUB_044610-T",6309.64001886792,0.451410956923964,0.132682131022731,0.000296224139559547,0.00246097819125051
"AFUB_094530-T",5987.14754189499,-0.555114351786916,0.172500098776202,0.00029713436394576,0.00246641943680751
"AFUB_001560-T",28233.3004733694,-0.395447240490199,0.116048381471733,0.000300899642264488,0.00249552990863475
"AFUB_090920-T",54423.7046784551,-0.387544262971086,0.112889769830542,0.000301930308703176,0.00250101063361996
"AFUB_029290-T",2586.57310479349,-0.511970044148952,0.155856365170616,0.00030207818354735,0.00250101063361996
"AFUB_028770-T",26399.8798603494,-0.448030802809651,0.134365729363284,0.000303679857616465,0.00251211882216634
"AFUB_030360-T",9922.12185672526,-0.542882578744417,0.167036667824647,0.00030462535177737,0.00251778455848841
"AFUB_081080-T",1141.83402895073,-0.926285892628285,0.31383222283696,0.000306581322034367,0.00253178524230432
"AFUB_060630-T",2963.74921229691,0.557626896845127,0.172118129424625,0.000308008436697205,0.00254139839057933
"AFUB_001720-T",16237.453958162,-0.437317161669223,0.128570589288313,0.000308630262481256,0.00254257889035679
"AFUB_014690-T",20104.5752034831,0.439350699748416,0.133045466570164,0.000308677813950374,0.00254257889035679
"AFUB_096280-T",11021.2298925468,-0.429818428849263,0.127932276785282,0.000309452206002793,0.00254571911927843
"AFUB_059450-T",6700.45046723738,-0.46556656470059,0.140075409904584,0.00030958600343119,0.00254571911927843
"AFUB_092570-T",14081.593409303,-0.520163670647409,0.159645895370303,0.000312069550676327,0.00256395918251247
"AFUB_038430-T",34346.9451604431,0.442876040304486,0.129526827671422,0.000314775322135983,0.00258034336702656
"AFUB_025810-T",11905.0546945657,-0.422597488137518,0.124995750304344,0.000314781779132979,0.00258034336702656
"AFUB_020170-T",4222.6032389451,0.47218298833874,0.14239529921042,0.000314864917172875,0.00258034336702656
"AFUB_021970-T",4000.528230065,-0.513181800800989,0.157027865524361,0.000317153563417664,0.00259689638113684
"AFUB_009440-T",1160.44887948304,0.714723803293991,0.23138434695626,0.000319073487379336,0.00260875351920944
"AFUB_050830-T",706.503052690079,0.85406609495917,0.285739714869691,0.000319141653871409,0.00260875351920944
"AFUB_090330-T",4711.72262970904,0.454974822313309,0.136530513789364,0.000321502973134134,0.00262583408826881
"AFUB_039130-T",1195.09542544853,-0.754431245494061,0.247614822824671,0.000322708094061631,0.00263345067974956
"AFUB_066980-T",2614.37847729485,0.589343569849332,0.184622520805747,0.000327514873830393,0.00267042085312174
"AFUB_025600-T",963.799527034436,0.719475249255227,0.23403926932959,0.000330370600794557,0.00269143401760288
"AFUB_037310-T",4571.06772004292,0.513503596574821,0.157473189818419,0.000331892651805605,0.00270003506473887
"AFUB_000550-T",2959.68456305258,0.53111554414244,0.163829485544654,0.00033198526774061,0.00270003506473887
"AFUB_046650-T",889.090230850465,1.15642043130285,0.4107900657989,0.000333956171772702,0.00271378009391745
"AFUB_060470-T",1140.40848901771,0.667582106706362,0.214746052903657,0.000339537218687331,0.00275681395542605
"AFUB_030570-T",12132.7264221793,-0.456014201769606,0.138802144140745,0.000341236460390286,0.00276786133056629
"AFUB_074160-T",19311.2098841654,-0.440443728107011,0.133288434063384,0.0003417884829512,0.00276786133056629
"AFUB_055330-T",17202.5228774232,0.392574246067453,0.117204875320772,0.00034189098850124,0.00276786133056629
"AFUB_008120-T",6822.07571332453,-0.453712720729207,0.137216160020803,0.000342043720626801,0.00276786133056629
"AFUB_052460-T",704.430025447772,0.807637130891742,0.26957856697979,0.000343362801444116,0.00277029663431402
"AFUB_022370-T",59774.6079071293,-0.472980802882073,0.142209971875568,0.000343379170185362,0.00277029663431402
"AFUB_053950-T",5766.13054712041,-0.534940909099078,0.165910534269089,0.000343482382599714,0.00277029663431402
"AFUB_070710-T",509.329377494588,1.24485323059424,0.447937412738447,0.000343491551222128,0.00277029663431402
"AFUB_060660-T",4171.51343634044,-0.659222608581132,0.213012236704811,0.000343902157491169,0.00277129495052517
"AFUB_094600-T",1730.06272578515,0.570960234810305,0.17895354382402,0.00034668615087606,0.00279140132480374
"AFUB_046860-T",2221.56972092062,0.66943999765777,0.21589436359219,0.000347061256153158,0.00279209480179169
"AFUB_027540-T",10786.6629157787,0.44727121291098,0.13500679226982,0.000352402115641756,0.00283270319578257
"AFUB_066140-T",4391.41453477972,0.582797185501416,0.183625612277285,0.000353192363876121,0.00283669544453124
"AFUB_063450-T",2046.4508320076,0.631165204222337,0.201752850952456,0.000353982950880231,0.00284068378023653
"AFUB_097930-T",6356.23856736193,-0.585408769926977,0.185003817394243,0.000354907242014244,0.00284573757040799
"AFUB_005590-T",8124.66121952199,-0.399916174897127,0.119785823012014,0.000357126286719362,0.0028598175321709
"AFUB_060330-T",10377.1169999205,-0.445736721286363,0.132830621097764,0.000357255201959251,0.0028598175321709
"AFUB_063000-T",5225.93684387749,0.500311544675041,0.153992590453283,0.000359867974982929,0.00287834799195783
"AFUB_084820-T",4081.55620086074,0.623013666388986,0.199017437856538,0.000360191260540511,0.00287855083485725
"AFUB_040850-T",7157.1557311418,-0.482137793384121,0.147867588297863,0.00036085569075766,0.00288147742487646
"AFUB_074750-T",8443.07175570586,0.508244380939456,0.156288463164618,0.000363791688107797,0.00290252294838772
"AFUB_067330-T",23595.3342185351,-0.424845860627008,0.128030371254578,0.000365178492432812,0.00290926663660782
"AFUB_005640-T",637.261536952492,0.948558085984015,0.328527739304593,0.000365239125461114,0.00290926663660782
"AFUB_093460-T",7067.51682285672,-0.444492616826237,0.134848508365304,0.000366688421263922,0.00291840488159145
"AFUB_078260-T",6404.13438978671,0.451751874341347,0.137483477753771,0.000375644988879167,0.00298722788687285
"AFUB_066150-T",21001.2040457962,-0.391497815334423,0.116020664392729,0.000377257525251908,0.00299265588527682
"AFUB_025830-T",19795.4674937967,-0.378389878364391,0.112789116420715,0.00037744249203083,0.00299265588527682
"AFUB_030420-T",6654.95677375959,0.617916683996389,0.198003312607969,0.000377545453307557,0.00299265588527682
"AFUB_033150-T",2411.10552977786,-0.708657562006436,0.233489453472179,0.000377566500119276,0.00299265588527682
"AFUB_046360-T",23.0699716644933,5.02157155002963,1.95751386632619,0.000379897115939985,0.00300866060181322
"AFUB_024770-T",1918.68495619208,0.641618128221079,0.207189024860553,0.000380627132977775,0.00301197326685607
"AFUB_097160-T",1658.36024492192,0.780216427622237,0.261742956676356,0.00038293625136663,0.00302776600712306
"AFUB_052360-T",1267.05445483987,0.7876055543467,0.26481482267489,0.000384305317958864,0.00303610628137248
"AFUB_050620-T",1300.24613751103,0.658688145951375,0.214080354501925,0.000386057738126507,0.00304745904066855
"AFUB_045610-T",523.09215778551,-0.941535516463268,0.329222354778158,0.000393891488045234,0.00310675882244331
"AFUB_035710-T",6618.28551317395,-0.457895317369605,0.140378041746502,0.000394688754966199,0.00311050795308598
"AFUB_005520-T",1378.41304893261,0.649850124580523,0.211206593418202,0.000396253350010806,0.00312029329079414
"AFUB_001200-T",74090.0840669864,-0.449225581901891,0.137481113155911,0.000397644017623221,0.00312869421683678
"AFUB_067850-T",3975.64020430265,-0.544770200564772,0.171862363623558,0.000398868064353023,0.00313372247261259
"AFUB_033470-T",1598.63193903515,-0.616304999492843,0.198511400262751,0.000398931757536068,0.00313372247261259
"AFUB_054000-T",2586.15050386605,-0.639054651581028,0.207804184648428,0.000403485101085683,0.00316691555376919
"AFUB_067000-T",4076.08165560365,-0.529555062399992,0.166575330578606,0.000403997042209803,0.00316748266248806
"AFUB_049490-T",483.354119964885,1.05173131563257,0.375688438722669,0.000404213012093539,0.00316748266248806
"AFUB_050400-T",4452.16761734666,0.488716085229414,0.150465817832889,0.000405955523725903,0.00317855937620719
"AFUB_071170-T",9523.23592973716,-0.500882236650018,0.156223309818357,0.000407236387622619,0.00318600645927914
"AFUB_000780-T",1353.75911399996,0.838431298950051,0.287668199216698,0.000413279437257387,0.00323066822231462
"AFUB_026090-T",2706.5848983106,0.565820660586131,0.180015213800774,0.000414142695271681,0.00323479928998786
"AFUB_022410-T",5082.24431100306,-0.469346365233483,0.144631640734547,0.000414645609085265,0.00323611136912911
"AFUB_098980-T",1327.95426298563,0.634143730019108,0.206197333595304,0.000416941250467924,0.00325140142213162
"AFUB_015660-T",1036.43255806253,0.707800808729838,0.235269065074011,0.000420155041489244,0.00327382097650732
"AFUB_024920-T",78214.3678399848,-0.491522015020406,0.153266430201755,0.000421078772791894,0.00327837478059249
"AFUB_028230-T",2562.85078058961,-0.518875709215789,0.161311977888503,0.000423022351596384,0.00328863660201995
"AFUB_009120-T",18767.6747815887,-0.470662041161446,0.148388340883049,0.000423077550849803,0.00328863660201995
"AFUB_074200-T",8179.17887563082,-0.502770201337041,0.157805996805025,0.000423900203592469,0.00329238244944569
"AFUB_038580-T",3556.71733450551,0.463253409281474,0.143138184571523,0.000428431520964488,0.00332490390004729
"AFUB_056140-T",11088.0264253706,0.454134079792161,0.14006171458475,0.000430766543596403,0.00334034217032781
"AFUB_038660-T",15523.3017433722,-0.486068963059521,0.151622617115798,0.000431530929789872,0.00334358608149939
"AFUB_040390-T",2980.58236382881,-0.493554844196324,0.154535726753177,0.000435130282146968,0.00336877306578847
"AFUB_094280-T",21484.6857101661,-0.434790721842647,0.13344251276098,0.000435977460991492,0.00337262948606869
"AFUB_081930-T",7175.55750855711,-0.528914532893889,0.167730124623473,0.000437361075568755,0.00338062616971625
"AFUB_038040-T",3478.96297379248,0.492278872433256,0.153911026066378,0.000437758234883383,0.00338099125934712
"AFUB_085720-T",7953.41802289764,0.48024516986766,0.14951072954517,0.000438578913919273,0.00338462417435145
"AFUB_097380-T",1614.74517655644,-0.618587614799025,0.201797115023492,0.000442771545705982,0.00341425273312945
"AFUB_031120-T",10666.619147376,-0.527468277188373,0.167154684445893,0.000443254011488998,0.00341524741547583
"AFUB_013980-T",1208.29852025851,-0.665870326321304,0.220640962465233,0.00044861869165767,0.00345382772812463
"AFUB_010540-T",14533.896550025,-0.395462201479338,0.119195662598693,0.000450254573700851,0.00346366217444078
"AFUB_064410-T",490.017995320421,0.896252134348867,0.314809023956286,0.000451621226938779,0.00347092293104409
"AFUB_072470-T",8042.62015558774,-0.439018478089913,0.135380402764677,0.000451916895803505,0.00347092293104409
"AFUB_035040-T",5496.68427385829,-0.509265221352935,0.16079452774731,0.000453760405609357,0.0034823137720394
"AFUB_085930-T",870.018354951118,0.951366326896848,0.338350876919853,0.000454490515155624,0.0034851486963759
"AFUB_021670-T",30957.97016139,-0.414862069127205,0.127832894830018,0.000455376759759673,0.00348917545820615
"AFUB_047300-T",16516.5625772292,0.441345820257183,0.136193418002954,0.000456865780461844,0.00349781075342499
"AFUB_029390-T",1822.43728643915,-0.582763307815854,0.189044613127557,0.000461890724862562,0.00353348233065881
"AFUB_099690-T",7405.43916676552,-0.61957148942102,0.203114226296418,0.000462879711785528,0.00353783775734145
"AFUB_057540-T",531.651918690795,-0.888932886130974,0.313564436730565,0.000463339891507747,0.00353783775734145
"AFUB_027130-T",332.489603263668,1.17112623179601,0.435487301184844,0.00046355853868705,0.00353783775734145
"AFUB_055270-T",4423.88168014022,-0.486487548496133,0.152772752882442,0.00046422840682016,0.00354015380165461
"AFUB_090890-T",3629.53297363751,-0.526389953819196,0.167675470013843,0.000465039656125921,0.00354354349959673
"AFUB_042940-T",27341.4202242993,-0.381146985530487,0.115809085586851,0.000465510401629996,0.00354433530382113
"AFUB_001880-T",2901.0877527335,0.5584401713939,0.179387834585131,0.000469132027380845,0.00356737079756225
"AFUB_018440-T",267.723564918159,1.44645584688069,0.556775660092335,0.000469274299700023,0.00356737079756225
"AFUB_092990-T",18892.2750687809,-0.433956069350117,0.13346452740856,0.000472212261218511,0.00358603595007381
"AFUB_050710-T",4670.8699411789,0.482205678632329,0.151271029981505,0.000472471927597181,0.00358603595007381
"AFUB_026400-T",35552.1547565902,-0.406096943922811,0.123810787892818,0.000478859657138596,0.00363166562580307
"AFUB_052140-T",2455.00510071414,0.564213467980923,0.181917847709085,0.000482113396586064,0.00365347422573691
"AFUB_093830-T",2691.63427942214,0.555936475345702,0.179158662653045,0.000486638232566369,0.00368487351336698
"AFUB_014040-T",1715.51937268013,0.601865865518829,0.196849228613446,0.000487377198378067,0.00368757908436091
"AFUB_049960-T",694.35359176309,0.837071473686057,0.292772344162607,0.000489566311697367,0.00370124389954614
"AFUB_089450-T",3012.67392538355,0.627543181779922,0.207111552869657,0.000492303642300743,0.00371902876615307
"AFUB_040870-T",3564.00574586075,-0.503751546606341,0.160003130061321,0.000496131873203373,0.00374502043663358
"AFUB_092190-T",3306.02937571622,-0.563585929255052,0.182830540632793,0.000499347119085695,0.00376634805980171
"AFUB_042540-T",4902.01581266228,-0.558602646212773,0.181061235173337,0.00050073157073872,0.00377384433422583
"AFUB_069520-T",16740.7755760933,-0.567848140418508,0.18464861402451,0.000501863804476186,0.00377942952365465
"AFUB_053160-T",1995.85078358945,0.632759883132843,0.209543638267822,0.00050333568884723,0.00378756185797658
"AFUB_072670-T",15511.983545348,-0.44760333757848,0.137783803473797,0.00050424097541574,0.00379063873369968
"AFUB_060090-T",5294.33402220579,-0.521206111115864,0.166304956905707,0.000504529229097267,0.00379063873369968
"AFUB_039560-T",3059.66279551984,0.479046985290106,0.15116350297318,0.00050661373237752,0.00380334256583652
"AFUB_034940-T",1010.16254545697,0.812499809603018,0.283653148935569,0.000507863059249329,0.00380976155160483
"AFUB_034250-T",1943.70994022764,0.651087723892935,0.217311003401966,0.000510985190222454,0.00383020861747816
"AFUB_057140-T",2535.26405560903,-0.651751937812699,0.21818387518434,0.000513088581146567,0.00384299369847917
"AFUB_078510-T",3162.66161855057,0.478197374227465,0.148607289284325,0.000514777605316167,0.0038526578021416
"AFUB_092170-T",340.856495292556,-1.21416659915631,0.461809793492196,0.000515857393671591,0.00385775088053786
"AFUB_014530-T",595.845921795618,0.901774053257078,0.32247792310932,0.00051734480205506,0.00386588203979582
"AFUB_082890-T",1079.49249352553,0.776372405018382,0.269318717921733,0.000525874758649243,0.00392658571720942
"AFUB_078270-T",11644.8662213403,-0.403433118262328,0.123430400390311,0.000529119078626068,0.0039477594885599
"AFUB_012740-T",30871.5829032267,-0.502964705967716,0.160923120449703,0.000532796650466329,0.00396984690384154
"AFUB_083700-T",24732.5077252841,-0.50313255401268,0.161004424542152,0.000532901204127766,0.00396984690384154
"AFUB_083120-T",5757.39639396964,-0.429030977543981,0.134313921313849,0.000534681144578101,0.00397766114028556
"AFUB_067190-T",8191.426868582,0.442662373922226,0.138639881950621,0.000534773527347437,0.00397766114028556
"AFUB_101629-T",14.6595335179388,-0.117625464276674,0.374534537383022,0.000535544660589957,0.00398033270047705
"AFUB_041240-T",45552.9655161279,0.575997614506022,0.189413559561736,0.00055014874385149,0.00408573187017148
"AFUB_083170-T",21532.3877488833,-0.408729034575178,0.127096847715652,0.000550835102923216,0.0040868035695637
"AFUB_014760-T",3006.70367439481,0.564040215044944,0.184344116227244,0.00055150021160935,0.0040868035695637
"AFUB_040490-T",10570.2301059794,-0.393512570466569,0.121769359977498,0.000551561980408928,0.0040868035695637
"AFUB_031050-T",2895.83158303366,0.531624003725631,0.171926545357587,0.000553653426347892,0.00409915663246999
"AFUB_020430-T",18349.7039366421,-0.384517742081466,0.117197397839236,0.00055694679075369,0.00412038276589751
"AFUB_038510-T",12198.2540244812,-0.407170598095386,0.12694856921935,0.00056685786137115,0.0041904978244591
"AFUB_093160-T",42055.3985361882,-0.438371300473236,0.138311360970348,0.000571672151838665,0.00422285652222109
"AFUB_009520-T",630.253157238715,0.782801323411773,0.275153112289807,0.000575761172811365,0.00424981241535784
"AFUB_006470-T",10771.6369431146,-0.447672645080141,0.141631675838412,0.000576790869690408,0.00425163213771658
"AFUB_085540-T",2933.94071156156,-0.653652074384872,0.222186971267475,0.000576887780226292,0.00425163213771658
"AFUB_052930-T",22103.1830842822,-0.433566083838123,0.135448007247857,0.000582423393433823,0.00428915764280305
"AFUB_082610-T",8665.36095234498,-0.425228126516276,0.133678196129456,0.000586503321197937,0.00431591400564697
"AFUB_052850-T",106254.382088388,-0.398501074563695,0.124628905232435,0.000589589188798909,0.00433355758032212
"AFUB_019560-T",22605.5383395915,-0.357115873341981,0.110176114716307,0.000589797994009893,0.00433355758032212
"AFUB_101590-T",21.1936809153148,0.129517702105513,0.381221543927154,0.000598755588438244,0.00439603077164918
"AFUB_065930-T",10902.3728979854,-0.420409724672259,0.132245435326456,0.000599523024207533,0.0043983230523107
"AFUB_064480-T",4476.99921321689,0.605330064595039,0.202591683537068,0.000602048365410334,0.00441349871517044
"AFUB_077600-T",581.20295590658,0.835466280007594,0.29972114752404,0.000605824440113105,0.00443781329823565
"AFUB_027290-T",4615.56032414139,0.49598085581364,0.160251667078606,0.000613791966679492,0.00449277119852822
"AFUB_063020-T",9922.138911589,0.459942589285425,0.146887869804022,0.000618469272972378,0.00452358070814467
"AFUB_084630-T",7793.36340597235,0.513206066892061,0.167219846920873,0.000628482599957348,0.00459334257245681
"AFUB_047550-T",5089.53770747264,0.575335405977864,0.191480492190902,0.00062916505295421,0.0045948546800027
"AFUB_063500-T",3379.46689617047,0.526808811218953,0.172476814653516,0.000630660328206786,0.00460208113866298
"AFUB_070240-T",30586.8920145634,-0.454362060758458,0.143437425275391,0.000631107173331448,0.00460208113866298
"AFUB_032770-T",62672.6010440476,-0.393539291141159,0.122808681368971,0.000639205092611461,0.0046576165948808
"AFUB_099290-T",3350.71222501331,-0.575588473891149,0.192287039059537,0.000642212246426121,0.00467600205348092
"AFUB_068160-T",8282.74314484388,-0.416032195331328,0.130574539102489,0.000648810417355825,0.00472048663591264
"AFUB_035270-T",18383.6509381179,-0.39513162494873,0.122718923999088,0.000650384866093158,0.00472838117094965
"AFUB_074480-T",15688.5329533291,-0.385388841595191,0.121389309371423,0.000652574958183073,0.00474073627516154
"AFUB_059180-T",10780.9896442498,-0.422535278695431,0.134221210335251,0.000657777046217378,0.00477493750604982
"AFUB_023700-T",2871.71320584056,0.496890277148502,0.161813793527483,0.00066206789445831,0.00479961534408195
"AFUB_040580-T",4417.83968375989,-0.489785777408284,0.159351474756301,0.000662170073862683,0.00479961534408195
"AFUB_042640-T",1628.03737896638,0.54626584978745,0.181130583783557,0.000666688493480124,0.00482874379610567
"AFUB_030140-T",10562.4642603895,-0.46071614379736,0.148592883866353,0.000671583283100687,0.00486055257027628
"AFUB_004660-T",18540.812395943,0.51201883057158,0.167894981315279,0.000674627648359343,0.00487893139105387
"AFUB_007570-T",2216.98166423679,0.685446805454337,0.238948707800915,0.000680802357464477,0.0049199045458652
"AFUB_082160-T",13367.9877634136,-0.476374888981283,0.154773569556952,0.000681375100151936,0.00492036339138117
"AFUB_046800-T",12092.9809270637,0.47658707521916,0.154420908192978,0.000682915251292774,0.0049278022091044
"AFUB_090180-T",12664.0283478634,-0.419804586133935,0.133730500164931,0.000686135087805327,0.00494478434064368
"AFUB_010300-T",26594.7434771683,-0.456564768656258,0.146961141886165,0.000686292258414736,0.00494478434064368
"AFUB_095210-T",434.991044884257,-1.29603289330462,0.521781973007947,0.000688208715007403,0.00495489761877908
"AFUB_095260-T",995.810751191208,0.741820576118824,0.263582058805758,0.000695824290584824,0.00500599724172045
"AFUB_012420-T",13116.0640382808,-0.43230014413845,0.138572680105665,0.000698793557312881,0.0050216932511133
"AFUB_034200-T",90.9366710258425,-1.99949215753995,0.870896070777107,0.00069913699422002,0.0050216932511133
"AFUB_070790-T",1146.52985426686,0.699746755526636,0.245530264548032,0.000699565215897174,0.0050216932511133
"AFUB_054660-T",8429.92416992472,-0.412331094241861,0.130384992116406,0.000705396404771459,0.00505979217735845
"AFUB_031240-T",39068.4063654263,-0.424572076889903,0.135851961836718,0.000706358951721035,0.0050629378275435
"AFUB_019510-T",15485.0633790329,-0.392673883227795,0.124209554919548,0.000709174479974718,0.00507935050075295
"AFUB_074680-T",3860.03200202013,0.595925654127653,0.202492328861134,0.000713638560920422,0.00510753761156527
"AFUB_093200-T",2876.18261948574,0.539764033095107,0.179822304658624,0.000716858395042491,0.00512678446550744
"AFUB_100670-T",2015.47502104521,-0.634224886288498,0.219129622291426,0.000722906287234822,0.00516367910065488
"AFUB_020280-T",5221.98032017004,0.492861405090958,0.161188004358388,0.000723086092236188,0.00516367910065488
"AFUB_041390-T",5762.43096257188,0.579070060724796,0.195909753714194,0.000724228780345071,0.00516801955368839
"AFUB_026650-T",21206.404844129,-0.400930887980389,0.124251922594606,0.000725222604592123,0.00517129210743107
"AFUB_072080-T",6050.98158421138,0.592060945774222,0.201483039280032,0.00072938710892733,0.00519715209915624
"AFUB_086970-T",1205.73570452904,-0.778057256077838,0.281958932393416,0.000730701698594003,0.00520268224894271
"AFUB_026130-T",21092.9185090138,-0.38457516175052,0.120235701970231,0.000733248311081322,0.00521696994231792
"AFUB_076690-T",64353.7936847634,-0.447344565127727,0.149027796769361,0.000735553389714392,0.00522951939030203
"AFUB_078520-T",14614.5205530404,-0.376497869921488,0.118159110418169,0.000737281128899483,0.00523794872604912
"AFUB_053520-T",7050.70540942087,-0.442773343115825,0.14425223483803,0.000744946454145404,0.0052885177369235
"AFUB_042220-T",9539.26976739508,0.443867451083752,0.144545852785685,0.000756698598690569,0.00536800430289888
"AFUB_072650-T",4669.74898129088,-0.445956691222591,0.144273917413975,0.000759943005344334,0.00538116001382066
"AFUB_034540-T",29352.5422750372,-1.13512888571536,0.452010113260762,0.000760186699026575,0.00538116001382066
"AFUB_038550-T",26666.8366574509,-0.414665548147451,0.133444770283399,0.000760223910046078,0.00538116001382066
"AFUB_094360-T",6331.68081310191,-0.445713758220343,0.14477178698826,0.000763541691159061,0.00540068800876929
"AFUB_094510-T",904.49725380444,-0.754515653738712,0.273290302034226,0.000771811462805543,0.0054551882616146
"AFUB_004770-T",3715.83314250356,0.579322562837845,0.197475315350622,0.000775321951579226,0.00547599466093456
"AFUB_084870-T",13.7879163942172,0.104500027909943,0.367887344575553,0.00077720416051127,0.00548527874277567
"AFUB_016670-T",2068.69154755233,0.683481656676311,0.243186133275368,0.000779564155002013,0.00549791888002149
"AFUB_093410-T",14583.0421734925,-0.463313915800419,0.154153263179452,0.000782628325979606,0.00551550319884388
"AFUB_094760-T",5661.6850205438,0.414322393203752,0.133220603055649,0.000783819153013823,0.00551986928310463
"AFUB_046490-T",1714.26026743377,0.552859414600375,0.186932847721305,0.00078523495628369,0.00552581219782448
"AFUB_000930-T",1029.8213843334,-0.739987713507052,0.267496571642699,0.000787635274131996,0.00553866959145804
"AFUB_020330-T",2062.86085516752,0.528750040491156,0.177330144023265,0.000789296585248807,0.00554343255354034
"AFUB_067660-T",1178.52037349401,0.806309526021816,0.296692551576754,0.000789460069723816,0.00554343255354034
"AFUB_063850-T",5343.30017900617,0.415912674847032,0.133946605086557,0.000790835430957747,0.00554905732310367
"AFUB_022430-T",13395.1586952897,-0.36919702741923,0.117404725266134,0.000794626698773435,0.0055716133262329
"AFUB_053500-T",28512.2627098372,-0.38212440650912,0.121852635818425,0.000795856261758848,0.00557618796309934
"AFUB_073570-T",1260.66572366564,-0.652941389660761,0.229684643221623,0.000798244185745301,0.00558886617584862
"AFUB_046770-T",150.237190458987,-1.65791623595193,0.718738431006531,0.00080396593323451,0.00562485072187678
"AFUB_055570-T",7743.14733018745,-0.444975976179356,0.145303002862406,0.000805957095560938,0.00563470148864673
"AFUB_036560-T",11543.9277767932,0.384613911231567,0.122779508968303,0.000807680442287628,0.00564266698003113
"AFUB_089020-T",4060.23098311855,-0.48447070746899,0.160661560821501,0.000809845318274456,0.00565370337078598
"AFUB_097020-T",449.711037545574,0.975458315405516,0.376973027252332,0.000812653401808072,0.0056692109518192
"AFUB_095500-T",2719.18927568949,0.602488689145305,0.208306083450056,0.00081685894076842,0.00569049653016573
"AFUB_032000-T",700.792894231812,0.849183211517863,0.317881117540128,0.000816882497137225,0.00569049653016573
"AFUB_042850-T",1719.4653370712,0.645952250874581,0.226767746578684,0.000818357780594971,0.00569666633725404
"AFUB_091670-T",203.825990358068,1.29311102491695,0.532612333777883,0.000819475032047203,0.00570033676000006
"AFUB_041510-T",6894.96135099853,-0.439163801938152,0.143696300279292,0.000824214292967055,0.00572917877600553
"AFUB_060820-T",1253.223003561,0.664066517476519,0.235160945949385,0.000833650199297719,0.00579060260648063
"AFUB_055320-T",9227.25825447941,-0.413795136594677,0.134118219720404,0.000835858031845848,0.00580176745955071
"AFUB_085840-T",4123.08413496039,0.533007318599189,0.180164123974973,0.000840548219229801,0.0058301341666894
"AFUB_022500-T",170.846143050561,1.39695510857057,0.587081664851207,0.000842338114518927,0.00583835786404725
"AFUB_012810-T",706.670004921275,0.849706158491496,0.31955163450152,0.000843341800647323,0.0058411243568849
"AFUB_077590-T",2082.17861122332,0.650972045660933,0.229899554268536,0.000846485053128427,0.00585869526026279
"AFUB_047100-T",351.289298217401,-0.99677572030796,0.390977589573663,0.000847727139320142,0.00586309206879829
"AFUB_054930-T",1171.96221138623,0.658579778678645,0.233276982173068,0.000848361226613756,0.00586328052327762
"AFUB_047640-T",504.395466835179,0.939893956153134,0.362405926897543,0.000849954741926311,0.0058700948652552
"AFUB_038470-T",3521.11912863961,-0.71453271728456,0.258416663819514,0.000853237895005667,0.00588856038681768
"AFUB_008930-T",4105.41544600553,0.449394844229471,0.147669982848304,0.000860393062833173,0.00593370290727632
"AFUB_013330-T",559.641188554884,0.828385974651886,0.310521447822414,0.000863084979833838,0.00594802216487485
"AFUB_056850-T",14279.3130921832,-0.480412833269803,0.164358116073013,0.000866719992473202,0.00596881579991167
"AFUB_007340-T",36057.3231326073,0.385028608364727,0.123773199956976,0.000867606389793868,0.00597066448588914
"AFUB_061250-T",665.356964400863,0.825098092260128,0.30935376179451,0.000871650762340891,0.005993635193012
"AFUB_080720-T",7863.86345115061,0.445176734750025,0.146298568312487,0.000872184959777983,0.005993635193012
"AFUB_085740-T",7919.66802364191,0.537239974453042,0.182814072159853,0.00087610449125174,0.00601629111192204
"AFUB_043800-T",16009.7834539486,0.406167388933036,0.131726889708169,0.000883103091058087,0.0060594641314758
"AFUB_001500-T",3614.62392843463,0.679038651853553,0.244311133562312,0.000883645721512047,0.0060594641314758
"AFUB_036500-T",14597.4762026032,-0.503365943467772,0.169647802832639,0.000887531833535572,0.00608179615292248
"AFUB_093990-T",91975.2809198948,-0.374354918852949,0.120367074875603,0.000889989420772339,0.00609431451701087
"AFUB_004310-T",6619.5081240411,0.537699784782507,0.183392216130128,0.000897146150857514,0.00613897033256749
"AFUB_085260-T",2814.31706579401,-0.496270028437255,0.166791819149698,0.000904057140440962,0.00617864707678308
"AFUB_006190-T",15313.6320231822,-0.379868323923871,0.122772273040268,0.00090422344924149,0.00617864707678308
"AFUB_068740-T",14195.2131277476,0.415161575424701,0.135482602900285,0.000907847425395616,0.00619902602415014
"AFUB_034360-T",5323.84070587325,-0.538537701737592,0.184615886601003,0.000910307458669234,0.00620754356351023
"AFUB_087140-T",2632.39007772357,-0.591665946648224,0.206729042430495,0.000910379758796729,0.00620754356351023
"AFUB_023400-T",6334.24254163062,-0.387962513277396,0.125547222400338,0.000912476329881671,0.00621745155099909
"AFUB_035320-T",1128.08416304696,0.663359516453056,0.237554084816427,0.000913924381316516,0.00622229590477648
"AFUB_002980-T",26889.6788677127,-0.44695972314105,0.144808686522168,0.000915098175063442,0.00622229590477648
"AFUB_039140-T",29072.0749914939,-0.37947084684597,0.122607242914942,0.000915119279723388,0.00622229590477648
"AFUB_052940-T",1487.23170833512,-0.674319251911403,0.243063504894871,0.000919295523592683,0.00624629630728024
"AFUB_091710-T",17762.4879369993,-0.410452920674777,0.134125771472532,0.000922696148218037,0.0062640455206635
"AFUB_041480-T",592.406087263804,0.911203018428871,0.353054759550942,0.00092320439054283,0.0062640455206635
"AFUB_032080-T",327.605382492471,1.15346097485093,0.471848693147563,0.000927234425132934,0.00628697474781362
"AFUB_039350-T",10582.6139053398,-0.390128393103327,0.125798598671596,0.000930108831361973,0.00630204174517488
"AFUB_039930-T",2107.63808689558,0.53728431236417,0.184019581548495,0.000934107296543963,0.00632469845774897
"AFUB_041060-T",22546.2900411432,0.384758237110652,0.124390476991584,0.000935855876544338,0.00633210047561022
"AFUB_101420-T",3111.47853192309,0.468481446349622,0.156460417477264,0.000937626568684628,0.00633964164214897
"AFUB_066060-T",10015.1431482096,-0.582832542612447,0.204302454683312,0.000939500124704816,0.0063478672761524
"AFUB_027260-T",5822.90739907641,0.459735099248704,0.153217947613154,0.000953131918302026,0.00643547211365071
"AFUB_070510-T",2528.05039176353,0.49373047463031,0.166810016168247,0.000954122530006664,0.00643766193081312
"AFUB_057260-T",7376.90191187525,-0.445082267763021,0.149161897353736,0.000959384106402571,0.0064653467557193
"AFUB_076620-T",2706.619286418,-0.686282932748159,0.249811249673467,0.000959616507391177,0.0064653467557193
"AFUB_037330-T",5687.81956952507,-0.440030600557006,0.145952016479134,0.000960479992145227,0.0064653467557193
"AFUB_100030-T",1675.38842795442,0.651654047725707,0.233724721758471,0.000960902291576579,0.0064653467557193
"AFUB_062350-T",4819.70052888149,0.589493839671636,0.206708347675194,0.000965227498759541,0.00648992908351753
"AFUB_093580-T",15183.2813303468,-0.42281297950294,0.13951253660684,0.000968972755360891,0.00651058050229272
"AFUB_029700-T",4387.11077888205,-0.464853084741441,0.155904061274218,0.000974235683007342,0.00653974137190946
"AFUB_047340-T",3685.29515530945,-0.490810691116463,0.166241743985816,0.000974666484739146,0.00653974137190946
"AFUB_000900-T",3891.50792010065,0.489172394370511,0.165148176922248,0.000975377947413466,0.00653997344060299
"AFUB_008420-T",2930.95805039339,0.467763250581422,0.156994048683818,0.0009872039865673,0.00661467747448908
"AFUB_026080-T",33319.947383149,-0.348197535514231,0.112147171961064,0.000988204146355395,0.00661679034101582
"AFUB_091740-T",2221.60858102302,0.586916605359634,0.206494671464537,0.000999504693227121,0.00668782156922468
"AFUB_057550-T",70.5058593878781,-2.07243611090334,0.982459450146272,0.00100427334735626,0.00671275165966368
"AFUB_017810-T",1640.80867710255,0.861066767943597,0.332945928638767,0.00100462004759612,0.00671275165966368
"AFUB_004000-T",6260.74695850933,-0.508681680501316,0.176112100373465,0.00101099166332424,0.00675065753354447
"AFUB_020350-T",7928.48352304304,-0.464278737762492,0.156005032253786,0.00101700290928096,0.00678610642919382
"AFUB_085620-T",23873.1761066508,-0.386524467314145,0.1224600352149,0.00102565814157601,0.00683610437468484
"AFUB_058260-T",3758.4584409145,0.466468071634361,0.157176398865569,0.00102667310201303,0.00683610437468484
"AFUB_084010-T",2599.02142834713,0.563012491511003,0.196812411223238,0.00102699107466,0.00683610437468484
"AFUB_060840-T",2217.65310544375,0.55896665803571,0.195236757699937,0.00102798998400802,0.00683610437468484
"AFUB_065830-T",5230.66145604104,-0.489863389879671,0.167302400304821,0.0010280334978697,0.00683610437468484
"AFUB_003130-T",28.9444664446472,-0.188435905006216,0.425268350820951,0.00103977933639878,0.00690945526016849
"AFUB_094550-T",9102.45810525027,0.396191523035467,0.130230305604265,0.00104901308128861,0.00696602363670829
"AFUB_072760-T",4329.11735229041,0.416666791583564,0.138197267424277,0.00105814760948067,0.00702185590851803
"AFUB_089330-T",15413.317963733,-0.387537744768876,0.125968749559651,0.00106752629767218,0.00707923067131679
"AFUB_001510-T",7105.89611233106,-0.451415827307123,0.153045201666492,0.0010837669228729,0.0071801673017761
"AFUB_073420-T",30764.6458162053,-0.420380517958546,0.13900315590487,0.00108423350168612,0.0071801673017761
"AFUB_059680-T",6926.11194063076,-0.393763549679182,0.129760137833999,0.00109057121224286,0.0072171911319798
"AFUB_025080-T",5242.37418234058,0.452984801538648,0.152874122390395,0.00109491820054458,0.00724099907848165
"AFUB_068530-T",32362.9600354943,-0.44382329004884,0.149110733726845,0.00109734584198211,0.00725208996253841
"AFUB_088000-T",18143.4455902445,-0.490221121211445,0.169455496049806,0.00110175908749403,0.0072762790863755
"AFUB_042110-T",1714.66693531805,0.619297454058532,0.223579812290873,0.00111713684961418,0.00737279797880616
"AFUB_078360-T",14255.7757858116,-0.378673591851353,0.12479821984767,0.001121076825106,0.00739366733265496
"AFUB_053350-T",4731.57043262924,0.416239380718196,0.138854413425545,0.00112182946695013,0.00739366733265496
"AFUB_019200-T",5574.29989805046,-0.451794348082826,0.149533462134275,0.00112524636469265,0.00741113181708274
"AFUB_035280-T",2677.33654440659,-0.608426294239331,0.219594883171658,0.00112901289110626,0.00742585057963017
"AFUB_050760-T",2254.47798203808,0.602420111606287,0.216367579341647,0.00112901826759229,0.00742585057963017
"AFUB_012130-T",6115.64700554005,-0.447745183932188,0.147904726512209,0.00113715361624661,0.00747427091168347
"AFUB_039000-T",2299.76314986018,0.541821594410498,0.190375058360105,0.0011550990522086,0.00758706121171955
"AFUB_013650-T",4230.59412391599,0.441605785346475,0.149568325861108,0.00115898063779989,0.0076073851375153
"AFUB_032470-T",9087.00826413273,-0.400293422625135,0.134298676893497,0.00116880873776181,0.00766668704973161
"AFUB_003210-T",6568.42573897845,-0.380916325393787,0.12644513436446,0.00117340054747733,0.0076915848641289
"AFUB_032660-T",201.478187382743,1.12838753789989,0.479296732273238,0.00117563948834974,0.00770103643148151
"AFUB_003010-T",1387.37898841136,0.676138190879296,0.250871296427871,0.00117828221188089,0.0077131183815672
"AFUB_048310-T",4227.70604086966,-0.542516828534806,0.191693354365674,0.0011802238797229,0.00772059791867481
"AFUB_098480-T",1695.02133473098,0.69340910825411,0.259416326790041,0.00118390015937204,0.00773527988078505
"AFUB_102020-T",20.5217160282392,4.07573046499867,2.12401178068877,0.00118406944149049,0.00773527988078505
"AFUB_061660-T",12991.4957596908,-0.395902377453721,0.132623524089526,0.00119585571507726,0.00780513535709222
"AFUB_087030-T",1772.30719833708,-0.700496470514477,0.263838993804697,0.00119637812708068,0.00780513535709222
"AFUB_005980-T",30625.1207832137,-0.422031575331157,0.139260796717975,0.00119875431446619,0.00781536044964398
"AFUB_009350-T",2515.86530039869,-0.519596476882598,0.182542531900699,0.00120133785011749,0.00782692266206011
"AFUB_055360-T",6675.91946047107,-0.406732121928805,0.135547902594703,0.00120855449071147,0.00786863442672115
"AFUB_031910-T",35188.7372718504,-0.361221005779257,0.115545004904984,0.00121419001998272,0.00790000267547009
"AFUB_090070-T",2073.98604747394,0.607015646391318,0.220556615140754,0.00122282965989028,0.0079508614898115
"AFUB_066920-T",1215.65439796588,-0.623655475782301,0.228690461665164,0.00122538345767071,0.00796210825017779
"AFUB_007930-T",3122.85740149241,0.514185378789678,0.179972219328676,0.0012312896565598,0.00799510797155967
"AFUB_083520-T",7636.60875551708,-0.42188828670413,0.145015521444199,0.00124100861607294,0.00805280406212002
"AFUB_039150-T",5507.9775170913,-0.395696214308823,0.132867966923573,0.00124325850165501,0.00806198902214145
"AFUB_063110-T",2296.69310543476,0.473287475129525,0.163345724094475,0.00124785366508169,0.0080863595654053
"AFUB_002020-T",941.564704059162,-0.806229664340694,0.317333512476102,0.00124956587459885,0.00809202780185929
"AFUB_011370-T",11136.0065266264,-0.46157380078841,0.158879226018585,0.00125692201459503,0.00813421333222854
"AFUB_025800-T",29327.5130495454,-0.359907347032618,0.116282370937745,0.00125793055078438,0.00813529115239537
"AFUB_089570-T",11806.6786670611,-0.495481262795161,0.173198884267028,0.00126733291591621,0.00819061580841631
"AFUB_030100-T",3411.65232261695,-0.47569891572059,0.165086691255715,0.00128894506022491,0.00832472404538306
"AFUB_062530-T",684.432295567731,0.978340336457942,0.406901822591824,0.00129098028405966,0.00833229893425814
"AFUB_032510-T",9357.3307118406,-0.460641013004803,0.158499819280773,0.0013077330713961,0.00843479101190198
"AFUB_076030-T",18446.0236708276,-0.362407391950992,0.120514955617373,0.00130893309986645,0.00843689900661087
"AFUB_091860-T",555.42238279512,-0.785754584169937,0.309515297817206,0.00131277326035746,0.00845432383085266
"AFUB_090880-T",6955.10779348667,-0.470662430778557,0.162837626333433,0.00131385200905569,0.00845432383085266
"AFUB_075790-T",3210.49021528911,2.56874201202565,1.35945869506426,0.00131426147732775,0.00845432383085266
"AFUB_022470-T",7506.43365376273,0.431197148893462,0.147235302069412,0.00132225845161547,0.00850010722522197
"AFUB_062900-T",9248.09934760607,0.376469041435226,0.125936654945023,0.00132991939776339,0.00854367102472734
"AFUB_031940-T",3728.02133183136,-0.53113941933795,0.185531556221492,0.00133243836222245,0.00855416575135766
"AFUB_047160-T",293.007610621707,1.24505875345065,0.557170347038137,0.00134529121910077,0.00863094539107014
"AFUB_024690-T",9648.46894925103,-0.399073576518268,0.135213894170678,0.00134963961281938,0.0086530975043536
"AFUB_019830-T",22228.3701752712,-0.408167168833266,0.143348303468645,0.00136041527149312,0.00871640076469928
"AFUB_035030-T",351.543547681893,1.04128843005302,0.44483728922661,0.00136145310211727,0.00871726963065409
"AFUB_052050-T",2139.3892037033,0.557877686680716,0.201572563339018,0.00137290362963531,0.0087847648142625
"AFUB_001080-T",3348.36721006574,-0.477348151717494,0.1671046575484,0.00137429864790593,0.00878787130116946
"AFUB_001710-T",2979.49960937488,-0.467328123701892,0.163026367046524,0.00137712005262713,0.00880008859026678
"AFUB_000340-T",1117.82926646551,-0.731397602507942,0.284357139214858,0.00138198602813195,0.00882534633430991
"AFUB_020210-T",5271.05878923773,-0.458806890108952,0.159497558787584,0.00138413042980109,0.00882907680825544
"AFUB_028690-T",1878.09400160254,-0.539005632924506,0.194625596754734,0.00138439778146419,0.00882907680825544
"AFUB_091470-T",1760.91226071359,0.526165601366631,0.187763477649688,0.00138822151313674,0.00884762286274882
"AFUB_038880-T",7574.8783385217,-0.410013292742919,0.140253531288121,0.001389778366971,0.00885170638211851
"AFUB_060400-T",28380.4924755197,-0.415996865709701,0.139987073545076,0.00139950602782874,0.00890779133127886
"AFUB_040910-T",9086.61677173364,-0.449883952509637,0.155866573488329,0.00140069498618146,0.00890948976727138
"AFUB_015170-T",2473.70717414438,-0.628554700009133,0.235023592487171,0.0014020342713258,0.0089121415325986
"AFUB_047970-T",879.736457295471,-0.695606151283194,0.267314752749987,0.00140484138649304,0.00892411405410635
"AFUB_074780-T",10019.4566085677,-0.362060189968876,0.121330216840801,0.00140712524481815,0.00893274909029762
"AFUB_096710-T",566.626688099439,0.908247976299879,0.375473177129019,0.00141270278448659,0.00896226809173304
"AFUB_022510-T",1917.55591351182,0.560825095015007,0.20373873815038,0.00142000978438381,0.00900087845420423
"AFUB_098330-T",16960.1251144547,-0.343480144725988,0.114230718545016,0.00142071858525594,0.00900087845420423
"AFUB_060370-T",1529.86085048597,-0.620455496871243,0.231700703362994,0.00142158357701466,0.00900087845420423
"AFUB_007780-T",17523.7681178557,0.348736577406876,0.116811834166628,0.00142355662646749,0.00900746832018921
"AFUB_093640-T",1267.18103480936,0.662426408159115,0.251137364003344,0.00142898409495361,0.00903424899586984
"AFUB_030240-T",389.74887106256,-1.01419878187292,0.435877805026046,0.00142965915076433,0.00903424899586984
"AFUB_028060-T",5434.88313113675,0.432116510128172,0.148947758228336,0.00144074738795291,0.00909585985407778
"AFUB_078810-T",10338.6699908287,-0.438648025609716,0.15286209636945,0.00144129180672667,0.00909585985407778
"AFUB_079000-T",1128.74270814877,0.744212612062425,0.291544893742001,0.00144491733210075,0.00911185843666772
"AFUB_084560-T",1193.00082851529,-0.756752827467413,0.299032772660547,0.00144571299766214,0.00911185843666772
"AFUB_019740-T",185.060892996186,-1.38981385666411,0.65535562702176,0.00144858670647037,0.00912401874701223
"AFUB_020560-T",11767.6341456673,-0.366691029646458,0.122036401769414,0.00145084156051408,0.00913226785517074
"AFUB_075050-T",10836.3075348703,0.370211001075172,0.124682878031516,0.00145364417638667,0.00914395184391148
"AFUB_056750-T",92171.2399840625,-0.352848697330639,0.117622574539006,0.00145882089787093,0.00917054490255623
"AFUB_066660-T",3292.55695093752,0.508912962317417,0.181488193395589,0.00146036759853002,0.00917429891872372
"AFUB_056410-T",12.5562174549966,-0.099520596784505,0.365549854674974,0.00146227555926902,0.00918031608424776
"AFUB_069060-T",11563.7475942417,-0.416688441642463,0.14429152813956,0.00146768781477956,0.00920831147168838
"AFUB_027020-T",5135.82198847507,0.418855119836921,0.144723095474609,0.0014687351281391,0.0092089025360675
"AFUB_089650-T",1136.16435734936,-0.651798217606523,0.247699589024638,0.00147203835325051,0.00922362812523113
"AFUB_098830-T",31719.8315287467,-0.461400682453299,0.161802742957683,0.00147396796192795,0.00922973327812563
"AFUB_025230-T",3146.0517026522,0.449917746228325,0.156694217916042,0.00147878957219771,0.00924567417964604
"AFUB_075020-T",3379.44090974469,0.484815928220435,0.171372592744136,0.00147899446015144,0.00924567417964604
"AFUB_091500-T",62433.0753748209,-0.431461657471975,0.1445229056316,0.0014794694268412,0.00924567417964604
"AFUB_066130-T",10302.3771397767,-0.426371053173114,0.145093443840534,0.00148034133263428,0.00924567417964604
"AFUB_073870-T",6545.80513757452,-0.43579634707907,0.151245833549993,0.00148215834476845,0.00925104258859996
"AFUB_027510-T",10145.5878827964,-0.425675499503025,0.145373432063479,0.00148443284508523,0.00925585412740509
"AFUB_010190-T",10820.7477274378,-0.491988228331,0.175026844552507,0.00148504051144077,0.00925585412740509
"AFUB_029740-T",695.457659950014,0.768885714696938,0.305533649491042,0.0014858031206381,0.00925585412740509
"AFUB_086360-T",3862.22982117936,0.481917488296636,0.170221324347611,0.00148771699815979,0.0092582212151274
"AFUB_055030-T",4685.69788693615,0.410610565397587,0.140551748862354,0.0014880995184323,0.0092582212151274
"AFUB_046990-T",2074.8149108448,-0.632809690926616,0.239001906558444,0.00149016602276295,0.00926511204114262
"AFUB_034800-T",1738.78166176511,0.527943347128473,0.190311006340565,0.00149221136352033,0.00927186250439451
"AFUB_094880-T",477.155376137755,-0.83903466056159,0.343440569596541,0.00149387074841682,0.00927620769357539
"AFUB_078340-T",15673.9476930559,-0.402995506619781,0.139278070362432,0.00149556171460442,0.00928074327970965
"AFUB_022950-T",32164.6505975313,0.370678184925878,0.126540029361093,0.00149725726357725,0.00928530146385328
"AFUB_028600-T",8138.890772655,-0.419225289792892,0.144040851068083,0.00149936412798786,0.00929240295357199
"AFUB_099750-T",3284.36335081614,-0.628608866535555,0.237667516015709,0.0015045205066419,0.00931838277895771
"AFUB_032650-T",1966.87934207703,0.585865958389351,0.216808909478791,0.00151128679785704,0.00935429406847835
"AFUB_083750-T",9636.02642544483,-0.44199527990291,0.154188162713349,0.00151523229037937,0.00937271087685369
"AFUB_032030-T",974.693398972871,0.728864779976839,0.28627232001947,0.00152554342337883,0.00943045461080376
"AFUB_014160-T",1070.19440389638,0.640470866199404,0.242933644696303,0.00153034221119715,0.00945407061674349
"AFUB_028170-T",1068.76948449422,0.597938373089147,0.22279702471324,0.00153241435807566,0.00946082270142305
"AFUB_066560-T",18586.0259140027,0.883456322410615,0.365744199943478,0.00153819016382811,0.00949041721769301
"AFUB_051070-T",3741.2137671346,-0.439445921862706,0.153359129653736,0.00154184016531971,0.00950686641819974
"AFUB_046100-T",1344.82177629937,0.7193303247468,0.281983274991392,0.00154387496778854,0.0095133417976868
"AFUB_015360-T",14027.3115999725,-0.386008527471654,0.129770015002683,0.00155019958896648,0.0095462258945788
"AFUB_063010-T",962.121035347674,0.635188755337378,0.241078315193948,0.00155545644706652,0.00957249693729727
"AFUB_018290-T",10418.2386122871,-0.381478666660742,0.130262828951673,0.00155841239124408,0.00958458340178252
"AFUB_089410-T",7247.49221579142,-0.44543312802185,0.155732832770274,0.0015676703820306,0.00963538882390562
"AFUB_063360-T",2968.22992120072,0.458383511869947,0.161227837562463,0.0015701045361137,0.00964421489378927
"AFUB_065610-T",2102.1397499974,-0.477641777608365,0.16996250280723,0.00158206581182405,0.00971151199100633
"AFUB_019450-T",10239.239957534,-0.390694568597194,0.132073530009212,0.00160515625571302,0.00984699666203123
"AFUB_032600-T",8812.181036746,0.427061717087485,0.14877349705333,0.001607953947369,0.00985790040576099
"AFUB_026390-T",16462.2458184682,-0.376930669948073,0.126563479396476,0.0016130650649741,0.00988296427252996
"AFUB_011200-T",9004.9564922784,-0.412631543045805,0.143571776168772,0.00162924980222604,0.00997579948612671
"AFUB_097610-T",358.25859067929,1.22961518364416,0.571442948517358,0.00163047979244393,0.00997700807763979
"AFUB_031640-T",2654.62029689336,0.518379710067243,0.188067349940533,0.00163483097052072,0.0099928770058688
"AFUB_085920-T",595.111173972191,0.925799007077561,0.394916796890924,0.00163514164213192,0.0099928770058688
"AFUB_037550-T",4039.12813940343,0.521718547996391,0.189349699421428,0.00163630432790434,0.00999366145146129
"AFUB_032680-T",3362.80245588422,0.51411109971935,0.186435736999721,0.00164746905918459,0.0100554933985101
"AFUB_008010-T",3540.98476744345,0.484377206545864,0.173409184956172,0.001653056561869,0.0100832275888752
"AFUB_018770-T",8819.21382650238,-0.40570642552318,0.140767744281073,0.00165465961376795,0.0100866379736441
"AFUB_041680-T",12.8891154673216,-0.094717151950646,0.363476195880007,0.00166108489808963,0.010119421365285
"AFUB_007280-T",4940.19316753938,-0.408710573096521,0.140102423864759,0.00166548762304833,0.0101398496621884
"AFUB_003810-T",11410.5807026322,-0.381553999002641,0.130079249222873,0.00167186662566103,0.0101722766606655
"AFUB_094840-T",266.621789065963,0.963658183266234,0.417880200914778,0.0016732819149781,0.0101744807190173
"AFUB_009670-T",6783.63987237123,0.497719956590318,0.179441406992958,0.00169312463274705,0.0102886605041522
"AFUB_038520-T",8715.67271537474,-0.402277143607755,0.138572836049223,0.00169742882118138,0.0103083326651505
"AFUB_007190-T",2927.17149404343,0.53230847427109,0.195420138911818,0.00170693585743022,0.0103595566925193
"AFUB_068420-T",1771.7388243202,0.501321552818713,0.181685464167199,0.00171276177260323,0.0103883893577479
"AFUB_036470-T",18979.8548032857,-0.405506225389002,0.141206003578597,0.00171496136931509,0.0103952049876552
"AFUB_013410-T",9218.80142614687,-0.411222119785658,0.14444197676577,0.00171846978999701,0.0104099405084333
"AFUB_087350-T",755.848210977134,0.826008067289212,0.34328741615285,0.00172072602598643,0.0104170769818803
"AFUB_067520-T",972.884926019719,-0.64101721072684,0.247921629396624,0.0017253261095935,0.0104383850162132
"AFUB_080710-T",5155.55260071857,-0.476510046740214,0.171477685533533,0.00173114632348525,0.0104670436655285
"AFUB_009060-T",9179.03776745082,-0.372559289213484,0.127023690280425,0.00174157668243656,0.0105235233931845
"AFUB_091010-T",6540.72075032276,-0.388486108591709,0.13463607720153,0.00174695007841438,0.0105493947860248
"AFUB_101530-T",1594.94645347963,0.595966201148035,0.226230288536586,0.00174954224030122,0.0105584491728859
"AFUB_014030-T",9090.40240644759,-0.420434013700932,0.148281192339296,0.00175446467712049,0.0105815466356668
"AFUB_092180-T",1037.41112848987,0.602119067861504,0.229324014893824,0.00177645158452749,0.01070434200978
"AFUB_053230-T",6386.55708939939,0.415908134260991,0.14587044199588,0.00177796120020575,0.01070434200978
"AFUB_018270-T",1872.72003279619,-0.654351460193013,0.255723712684026,0.00177814830528843,0.01070434200978
"AFUB_014420-T",1058.637643232,0.667617817037631,0.261875870057291,0.00178834334312822,0.0107590120680603
"AFUB_023820-T",2568.80812740712,0.539949615892546,0.200161498011542,0.00178954340494694,0.0107595322828857
"AFUB_101560-T",195.920506365075,1.2522713682847,0.596740362854629,0.00179393752662956,0.0107792440188401
"AFUB_017480-T",150.968813557714,-1.62150869238973,0.848028447398392,0.00179560248144023,0.0107825426822098
"AFUB_078630-T",21354.920014751,-0.391088009443821,0.137779521572322,0.00179730667246504,0.0107860727138864
"AFUB_094010-T",238.336174642526,1.28577000172097,0.620287857886874,0.00181151641962815,0.0108646006495637
"AFUB_035330-T",4941.6472916346,-0.443042298093388,0.161103007138276,0.0018162658216,0.0108863277718978
"AFUB_069880-T",9199.54743353815,-0.394342318970884,0.137948815611358,0.00184711626089089,0.0110643752713749
"AFUB_043770-T",83816.0562830738,-0.420089533343779,0.149901433053089,0.00184861471212718,0.0110664903027093
"AFUB_054100-T",6682.73512111771,-0.376606793630259,0.130784154499229,0.00185745880660945,0.0111066118964715
"AFUB_006240-T",866.813042855311,0.730300914705802,0.295890001084404,0.00185786587545948,0.0111066118964715
"AFUB_093610-T",555.999312356925,0.756466897447213,0.309827343185571,0.00185922922432352,0.0111066118964715
"AFUB_083670-T",6645.58920037656,0.357748606486894,0.123067378110134,0.00185991492946501,0.0111066118964715
"AFUB_003670-T",15.4278508310036,0.0791518747416907,0.357505868118208,0.00186404686674174,0.0111137255857196
"AFUB_008960-T",3919.89225897591,0.506540761286796,0.185912050678179,0.00186553945903728,0.0111137255857196
"AFUB_042600-T",26354.3678147043,-0.403371163519503,0.14056987140119,0.0018659422059044,0.0111137255857196
"AFUB_046300-T",519.501523264705,0.864978792374626,0.369969820539342,0.00186650372272496,0.0111137255857196
"AFUB_012980-T",21961.2090952592,0.425691547432595,0.150762577255851,0.00186777021369447,0.0111137255857196
"AFUB_013520-T",1408.07535065012,0.59267788645794,0.227046421937533,0.00186800769521927,0.0111137255857196
"AFUB_059260-T",60209.7824222748,-0.386328903817522,0.132017292697685,0.00187461815316098,0.0111461911359024
"AFUB_096070-T",2568.64726212611,0.517800335931498,0.191490872824066,0.00189667815175732,0.0112704208501102
"AFUB_020770-T",34110.0221881618,-0.382166057537718,0.133424854577233,0.00190664870792995,0.0113227042507801
"AFUB_032190-T",4333.81271689896,-0.466892263182073,0.169185755596397,0.00190914743584531,0.0113305789466446
"AFUB_060320-T",4842.93103443396,-0.438043965397965,0.151656070672118,0.00191039507455279,0.01133102345631
"AFUB_013000-T",14004.0013882576,-0.420409408835969,0.149303411907671,0.00191907001414292,0.0113754935439564
"AFUB_024030-T",145.686986757891,1.44557045416944,0.734025334218609,0.00192330656724511,0.0113879639413504
"AFUB_069730-T",215.991191424513,1.02828672638991,0.468764024114944,0.00192379989119654,0.0113879639413504
"AFUB_008290-T",4515.64192988092,0.420507529615889,0.149238127209314,0.00192470969946442,0.0113879639413504
"AFUB_056790-T",9268.79608912867,-0.374118224134615,0.131212851526175,0.0019390273981982,0.0114656565002393
"AFUB_033650-T",4982.14764361192,0.487159376025886,0.178069533438865,0.001946545914063,0.0115030743863466
"AFUB_036320-T",1177.71959477794,0.563657978914596,0.213888506927347,0.00195919080822061,0.0115707222426819
"AFUB_067240-T",19122.4159092754,-0.383571033688195,0.134372822776674,0.00196543203965557,0.0116004913666171
"AFUB_024130-T",1155.29092134747,0.68776253809075,0.2763256767903,0.00197891210220584,0.0116729235235121
"AFUB_028490-T",1010.80901541697,0.637870960306553,0.250898344596727,0.0019899371332324,0.0117288723032255
"AFUB_057900-T",24.0140114481411,0.114350649289725,0.372537868400957,0.0019908249407255,0.0117288723032255
"AFUB_064650-T",13117.5588170553,-0.354293488837414,0.122872931376953,0.00199891200946332,0.011769340545664
"AFUB_087490-T",1180.18604994609,-0.774962426453746,0.325132831103511,0.00200245665357641,0.0117830305644673
"AFUB_099740-T",4938.15724444271,-0.44347496964593,0.160600119869064,0.00200988791662528,0.0118195599820045
"AFUB_071340-T",15059.8149733734,-0.406339249021456,0.144338758656541,0.00201295480789306,0.0118303949841014
"AFUB_030640-T",14530.4367879095,-0.398188813373218,0.139944074506371,0.00202003068510567,0.0118647638173198
"AFUB_097300-T",411.151475594776,-0.89376249308004,0.393933297948851,0.00202372109133004,0.0118762988770938
"AFUB_028790-T",8612.44076591663,-0.450923945838744,0.163986430511415,0.00202445293423447,0.0118762988770938
"AFUB_082600-T",9970.58668990052,-0.48501468883986,0.178774932776445,0.00204804264472126,0.0120073956512723
"AFUB_053960-T",14741.2439163328,-0.338213778673121,0.117016265890924,0.00205726410217738,0.012051225949706
"AFUB_046960-T",7326.13485295449,-0.378246902405714,0.132969297391092,0.00205801312533791,0.012051225949706
"AFUB_033050-T",16.1450043728367,-0.079036120217863,0.357491301528175,0.00207923991616027,0.0121681502543552
"AFUB_085800-T",707.680229224564,0.916190106466459,0.407711216602463,0.00208476077836576,0.0121930742376331
"AFUB_067500-T",6021.78082470527,-0.402643882792915,0.143378086846417,0.00210552927536587,0.0123070924734332
"AFUB_061490-T",3433.42042435106,0.518540432571129,0.194486701445675,0.00211123929266936,0.0123330072828122
"AFUB_029160-T",14395.76215093,-0.393402326308085,0.138209543632282,0.00211528481134702,0.0123491733215921
"AFUB_055770-T",4534.37384478577,-0.597642233737033,0.233712085264574,0.00213446260613849,0.0124536097225302
"AFUB_075600-T",13.4513540256686,-0.0861660527721683,0.360051739858877,0.00215785646765511,0.0125808116853292
"AFUB_092620-T",1876.85388864233,0.532169160773681,0.201534779921855,0.00215886832687599,0.0125808116853292
"AFUB_047420-T",67.6446222224984,-2.00082183025615,1.20413407216625,0.00216444968866392,0.0126002235294871
"AFUB_027470-T",9826.22318658565,0.407196523189046,0.145580596993618,0.00216480760287193,0.0126002235294871
"AFUB_083220-T",2334.95028030124,0.529363872320445,0.20037861671625,0.00217347524391575,0.0126430570780939
"AFUB_002140-T",6058.31899773784,0.459218035205207,0.168378319436296,0.00217502826368194,0.0126444783897081
"AFUB_009740-T",3778.05944646784,0.413685155996191,0.148904159313599,0.00223492592648265,0.0129848793154993
"AFUB_051510-T",648.828207525824,0.670853331833871,0.273546703771291,0.00228118828328177,0.0132456978323729
"AFUB_011930-T",421.674123681021,0.826377758053978,0.361403386874695,0.00229158501427312,0.0132980747194636
"AFUB_061210-T",6169.26244543829,0.434838220888356,0.158636490070544,0.00230039385702408,0.0133411797398359
"AFUB_063150-T",13888.6855163478,-0.451372915525151,0.166236231257153,0.00230514845583147,0.01336073448125
"AFUB_098610-T",7054.44072509687,0.474138185692725,0.176146903544278,0.00230840888963827,0.0133716107264298
"AFUB_015060-T",1444.90963785471,-0.557893336096409,0.217008438822594,0.00234792875342785,0.0135923832328459
"AFUB_040590-T",10491.9554670186,-0.355088228017242,0.124244460593561,0.00235496751452888,0.0136249677397473
"AFUB_014520-T",8792.66712603859,-0.39819404404827,0.143253285274307,0.00236017019753248,0.0136468967376175
"AFUB_025350-T",452.979964827677,0.854995879751179,0.380738308606529,0.00236173163691969,0.0136477578205251
"AFUB_011540-T",6429.88359542844,0.399224422718278,0.142507788617733,0.00238680367805539,0.0137843975716504
"AFUB_036960-T",509.16867484432,0.766842321292158,0.32950623448871,0.00239577598027107,0.0138260354716796
"AFUB_002210-T",4438.63903278724,-0.436877971823607,0.160564063075322,0.00239687532757849,0.0138260354716796
"AFUB_006930-T",1050.92376157279,-0.602517442636993,0.24028644583596,0.00240168564178224,0.0138455171067422
"AFUB_051630-T",5493.76529726432,-0.375645440764668,0.134353785363156,0.00240660517969206,0.0138577845563566
"AFUB_038200-T",3768.04792735526,-0.487642868100961,0.186351518261179,0.00240795541368226,0.0138577845563566
"AFUB_041080-T",3956.21349938404,0.4139667716251,0.150369177786898,0.00240811635997958,0.0138577845563566
"AFUB_060530-T",4379.14777217214,0.399509557303762,0.144803157521556,0.00242563216861011,0.0139502726268517
"AFUB_094330-T",15826.4412520664,-0.323425499199272,0.113636632664881,0.00243865566366695,0.0140168298764724
"AFUB_001670-T",1062.50747632857,0.573077712601482,0.225341656793145,0.00244960161390129,0.014067715094038
"AFUB_087820-T",1862.02592936109,-0.559560187076152,0.219080132973034,0.00245042066893666,0.014067715094038
"AFUB_065380-T",3584.75036490743,0.449457621715754,0.16642206448357,0.00246046082843363,0.0141169483775637
"AFUB_015610-T",6227.30713770932,0.429582734836039,0.157591297051151,0.00246191865205909,0.0141169483775637
"AFUB_014610-T",4560.2953136632,-0.410062041385739,0.147324306615676,0.00246351406745646,0.0141177182205008
"AFUB_029800-T",3508.7182636391,-0.507642113543016,0.194202540904449,0.00247211140488805,0.0141585894451857
"AFUB_030130-T",9887.51436822493,-0.3349828580476,0.118186350108502,0.00247640178052687,0.0141747594807172
"AFUB_100920-T",740.308473400381,0.794559339102182,0.347908133933475,0.00248011411631189,0.0141876036659595
"AFUB_091260-T",980.857768121008,0.615422538836022,0.24785784828935,0.00250159430357793,0.0143020142965502
"AFUB_026000-T",5968.40175830669,-0.40783389011508,0.14874939341663,0.00250541975457527,0.0143154143516891
"AFUB_030670-T",1643.10899500037,-0.52255098661288,0.195374937573577,0.00252775876414876,0.0144345184274263
"AFUB_033240-T",33044.1768271835,0.338301184137245,0.120625973349772,0.00253895493868724,0.0144898893193125
"AFUB_018650-T",2390.8120999956,0.511046367454067,0.195846897002773,0.00254447917357628,0.014512844023078
"AFUB_072970-T",1129.73342599064,0.601093622851686,0.241121009280454,0.00255636448657365,0.0145720316632889
"AFUB_051150-T",1418.66634868211,0.556475333955415,0.218413392808922,0.00256751536950648,0.0146269655071767
"AFUB_088930-T",616.225746223044,0.656282463527158,0.270934417937768,0.00257604099421385,0.014663311262737
"AFUB_030580-T",4228.71628189706,0.404130628123594,0.147336974444829,0.00257693050342864,0.014663311262737
"AFUB_052100-T",1230.03004958309,0.566092093295288,0.223541729455795,0.00258339951465094,0.0146914691645423
"AFUB_002850-T",6929.43456976552,-0.433609454203222,0.160675564966058,0.00258713824047555,0.0146931935441747
"AFUB_072870-T",2465.02548459958,0.487986499011839,0.18535594274171,0.00258822884150559,0.0146931935441747
"AFUB_070060-T",38613.4082547183,0.355030517182641,0.127594381263871,0.00258826489465798,0.0146931935441747
"AFUB_051390-T",1485.67511199461,-0.597210146980185,0.240451084668331,0.00259979263794061,0.014749968565932
"AFUB_072580-T",1651.30825655402,0.610959579486344,0.247227778643202,0.00261038566656296,0.0148013769426827
"AFUB_076650-T",6912.11167108954,0.449173643750961,0.167698274125181,0.00263227299732057,0.01491672826986
"AFUB_038730-T",11109.4179302131,-0.392320994607013,0.143022374157674,0.00264018908986679,0.0149528176941928
"AFUB_096220-T",10488.3099333458,-0.350836013483511,0.124337311229754,0.00265023842002963,0.015000939434286
"AFUB_050190-T",15896.9338438539,0.408281568172114,0.149759966775545,0.00266797641137981,0.0150924988798312
"AFUB_010390-T",20393.5434531874,-0.397236516948853,0.145294450635263,0.00267376093740682,0.0151058547816309
"AFUB_018900-T",4867.91100123471,0.392327242412347,0.142919951230334,0.00267402746610085,0.0151058547816309
"AFUB_074600-T",1936.35076722247,0.615578435666957,0.250612677580238,0.00267569606850194,0.0151058547816309
"AFUB_052060-T",1933.79289433475,0.587758673560211,0.235845752876226,0.00267659111841773,0.0151058547816309
"AFUB_053090-T",29034.7796341111,0.362666455203899,0.130479890816349,0.00267988253130809,0.0151156012945118
"AFUB_071870-T",251.775625763027,1.01442883400541,0.496787222925664,0.00269149998635728,0.0151722712183104
"AFUB_009220-T",30216.0520697603,-0.437125539348084,0.163237200771169,0.00269556377824406,0.0151863190818624
"AFUB_085980-T",4207.89926577542,-0.479890597807985,0.182913471006066,0.00270057460645271,0.0152056828948404
"AFUB_072090-T",5700.57890903484,0.442782193055349,0.16556011142746,0.00272165892443092,0.0153154738077179
"AFUB_061260-T",8523.25018968178,-0.409963971271365,0.15123117376955,0.00272408193749937,0.0153201860769027
"AFUB_045980-T",999.662685538203,0.583293446186893,0.234708366834185,0.00276293903125983,0.0155249200351003
"AFUB_066220-T",2422.52873228391,-0.434993252852577,0.161535520493848,0.00276369928176076,0.0155249200351003
"AFUB_082910-T",2754.96898910099,0.445230211929678,0.167029182163488,0.00277451068776083,0.0155765963190849
"AFUB_006160-T",13173.7010207819,0.412251774586678,0.15237306267217,0.00278974606710316,0.0156530351337693
"AFUB_056960-T",2512.01073536207,0.583539940347512,0.236299975545195,0.00280465865656918,0.0157275751246497
"AFUB_087590-T",31754.3911469252,0.462911113378363,0.175503186539519,0.00281096118324635,0.015753774334412
"AFUB_012440-T",11908.8441266993,-0.342135280002144,0.122896064188059,0.00286814216616867,0.0160649215127662
"AFUB_082550-T",10659.1233556699,-0.380582453894458,0.139358580308798,0.00286992678219084,0.0160656040379652
"AFUB_067310-T",6169.08363523311,0.373852847752976,0.136271374765317,0.00287374478739668,0.0160741540387419
"AFUB_048830-T",725.378129306076,-0.686771679183043,0.291690381037885,0.00287478143023659,0.0160741540387419
"AFUB_055020-T",5379.37865785757,0.397597100239141,0.146539180825693,0.00287971851421439,0.0160924466653207
"AFUB_025490-T",15358.7852543394,-0.321794866765923,0.114801070093999,0.00288758349061131,0.0161194745808567
"AFUB_081030-T",1270.61917333828,0.629107483071107,0.262763408576001,0.00288789179253394,0.0161194745808567
"AFUB_063490-T",45608.0422132895,0.379542476498186,0.138806044021953,0.00289859985903257,0.0161624696058768
"AFUB_054740-T",11227.7284600302,-0.320823899057957,0.114513588425858,0.00289896223724456,0.0161624696058768
"AFUB_040900-T",8888.74761176664,0.384794673028825,0.141149290063596,0.00290202408315049,0.0161624696058768
"AFUB_059300-T",1570.53978400843,0.59159126956908,0.240927726652251,0.00290365387547564,0.0161624696058768
"AFUB_026830-T",1291.54804367583,-0.547822174673505,0.218575193548792,0.00290397963154697,0.0161624696058768
"AFUB_021490-T",1797.91316059235,0.500201351735979,0.194213027052668,0.00290563130877747,0.0161624696058768
"AFUB_043370-T",10167.5240756713,-0.327885539069799,0.117521533982644,0.00290796868408336,0.0161661642264749
"AFUB_075780-T",4156.07942018105,2.38815647987244,1.86500050023806,0.00291080511862979,0.0161726274043709
"AFUB_031450-T",39146.9058098874,-0.378701061654883,0.13945264693058,0.00295458924636726,0.0164064605163221
"AFUB_007840-T",4332.09652096609,0.502350243570959,0.195774704784004,0.00296583871290463,0.016442864365175
"AFUB_054680-T",22561.3174717814,0.33066608597621,0.119120242019067,0.0029676156759127,0.016442864365175
"AFUB_073800-T",1341.41599708615,0.561206016049831,0.225700176274869,0.00296781336675931,0.016442864365175
"AFUB_057590-T",2458.45600529319,0.614833649874593,0.256048892658701,0.00296795233418187,0.016442864365175
"AFUB_008910-T",5420.28396998181,-0.371426102967921,0.136094942333126,0.00299545331139463,0.0165827985740045
"AFUB_049020-T",406.447826954987,0.921650650023873,0.44462816603898,0.00299664317017304,0.0165827985740045
"AFUB_087850-T",3282.44680801284,-0.390744329514978,0.144682469924504,0.0030005305494964,0.0165948060499337
"AFUB_028810-T",1366.68197075664,-0.49919554143901,0.195074615615061,0.00300412332794647,0.0166051713928025
"AFUB_032290-T",1219.72848527005,-0.663610212927669,0.283288807123488,0.0030100766622261,0.0166285653004166
"AFUB_097570-T",410.510816246807,0.879281712696058,0.416760406363866,0.00302128963121513,0.0166785588803149
"AFUB_027460-T",2391.19751460121,-0.477182890828469,0.184700400270564,0.00302257882420114,0.0166785588803149
"AFUB_082860-T",2735.86430742881,0.422505154080488,0.15865312011368,0.00303264925212819,0.0167245759555152
"AFUB_077270-T",4658.8171142407,-0.416271051722573,0.149700949334399,0.00304023273077175,0.0167568332257368
"AFUB_058730-T",1001.03302276175,0.625309220521052,0.261385203412255,0.00304939373985461,0.0167977436228479
"AFUB_101760-T",515.860446411221,-0.742612941614568,0.331572232800743,0.00306599471490379,0.0168795674845586
"AFUB_072700-T",102866.546402473,0.355004479800688,0.128892933088998,0.00307049860312035,0.0168947366192192
"AFUB_081900-T",6184.67416358023,0.452942652617677,0.172981547382261,0.00307836132917,0.0169283592273424
"AFUB_079130-T",3863.24804387723,-0.48752727360871,0.190217610158502,0.00309674029248402,0.0170197410159162
"AFUB_101260-T",101.309140875748,-1.31312187736925,0.760344370332763,0.00314932659253532,0.0172989161666152
"AFUB_098890-T",2676.0711763631,0.443023676977852,0.169041782827891,0.00316197360569214,0.0173585164648849
"AFUB_002010-T",1638.95449149051,-0.536995522660685,0.215966437685651,0.00318145041289555,0.017455521799771
"AFUB_098700-T",1537.06895132946,0.580298485126519,0.238457976034039,0.00319267269970411,0.0175071530218735
"AFUB_053120-T",2390.96361473364,0.424726097437265,0.160789123950968,0.0031954766547788,0.0175125895850668
"AFUB_066940-T",1481.61692909151,0.590951653999856,0.244437480838417,0.0031995400558952,0.0175249183787185
"AFUB_095270-T",1543.40714727422,0.600634799289334,0.250886635908309,0.0032141128690624,0.0175947640458249
"AFUB_078500-T",1560.68379928956,0.587816652782017,0.243003556476664,0.0032188833729278,0.0176109009905031
"AFUB_037570-T",1778.85439653113,0.602434385889232,0.252488571266993,0.00322293814601161,0.0176231060366521
"AFUB_065660-T",4412.80473167173,-0.448216729030477,0.17244446894041,0.00325188422242787,0.0177713265594446
"AFUB_051850-T",4865.05320294787,-0.450365991773873,0.17360091104972,0.00326538987936229,0.0178350463620115
"AFUB_053990-T",5746.65858425512,-0.38089573150556,0.141814161908632,0.00327402947569111,0.0178721315221059
"AFUB_049070-T",1392.73195664851,0.499979388445,0.19751110417918,0.0032768176703068,0.0178772514570888
"AFUB_069310-T",4815.9442644486,-0.394753418113548,0.14801905209791,0.00328195553741623,0.0178951774280562
"AFUB_047190-T",157.077577163362,1.1016758263732,0.589538006325486,0.00329959567957472,0.0179812145832211
"AFUB_095480-T",3202.54653466023,0.474917835500847,0.18542466785857,0.00331599137217994,0.0180603769098098
"AFUB_065150-T",7908.75466981885,-0.393063907242853,0.14752255422731,0.00332634646894303,0.0181065687791141
"AFUB_065410-T",8214.73918010248,-0.358998893400579,0.13299167690524,0.00335369252229415,0.0182451447918953
"AFUB_035640-T",77.9294082173439,1.74402986078384,1.21685983024473,0.00337668862241218,0.0183599130386868
"AFUB_074030-T",2528.47545742467,0.452541582242485,0.175531406518787,0.00343970521481981,0.0186825372216642
"AFUB_003970-T",4619.20446148586,0.373840707855483,0.139221511153596,0.00343989171158566,0.0186825372216642
"AFUB_080340-T",3972.33337741028,0.431094820733892,0.165363242150656,0.00344606452417457,0.0187055479958285
"AFUB_018150-T",405.93810669028,0.843192416262588,0.404897660475113,0.00345202820379427,0.0187178402793509
"AFUB_082810-T",1595.65068829633,0.486666542413245,0.192349972816332,0.00345467741895765,0.0187178402793509
"AFUB_041220-T",1333.22534261636,0.560420428238389,0.231229006212734,0.00345561033494045,0.0187178402793509
"AFUB_013920-T",1367.91826697367,0.629815843484804,0.269544714030241,0.00345607814721196,0.0187178402793509
"AFUB_078750-T",1832.52871613868,-0.503505953192332,0.201251815075742,0.00346086711574344,0.0187332762309877
"AFUB_095570-T",3750.32799469501,0.414997807003665,0.154897052483749,0.00347765266026103,0.0188135946267873
"AFUB_017700-T",1168.28157442204,-0.593511145631811,0.249927783920226,0.00348175988336486,0.0188252736390998
"AFUB_004450-T",200.231584254115,0.97647949484957,0.502342794588267,0.00350012716890276,0.0189139981576837
"AFUB_015960-T",31383.6992449721,-0.332172342053931,0.116666942118197,0.00351856104443119,0.0189958405953237
"AFUB_001150-T",1606.20748089026,0.618765056169729,0.264027817916494,0.00351920458141476,0.0189958405953237
"AFUB_050800-T",633.633161990681,-0.817709324198419,0.391518226017754,0.00352806955307729,0.0190330586386559
"AFUB_091930-T",1643.58741783304,0.466043843542206,0.182749978517534,0.00353274126784863,0.0190476261885901
"AFUB_059540-T",25805.9857508076,-0.328989118946974,0.11732939703065,0.00354530898304351,0.019104726934839
"AFUB_006520-T",585.334458121151,-0.656806432490704,0.288117644567965,0.00357658568532904,0.0192560310334718
"AFUB_080380-T",558.862560355512,-0.654601953422211,0.286774254165817,0.00357737277013888,0.0192560310334718
"AFUB_057390-T",4738.65855591838,-0.427044247934392,0.165185694372678,0.00360627402019723,0.0194007904137782
"AFUB_039380-T",2943.59899444861,0.433634766787321,0.167384544429048,0.0036106726481553,0.0194136444777276
"AFUB_069160-T",10703.4615289201,-0.360733121475373,0.134720557659885,0.00361553892167226,0.0194289972531688
"AFUB_033230-T",16907.38731238,0.43819071107349,0.169489531698792,0.00361756610006358,0.0194290848575955
"AFUB_069940-T",642.364010385274,0.67402936988776,0.298676845613995,0.00364652149610566,0.019558629928022
"AFUB_015680-T",7345.7216631071,-0.351594175670399,0.130844433256897,0.00364709838637101,0.019558629928022
"AFUB_055400-T",4443.57456317533,-0.432668537302414,0.167821318856509,0.00364775938007614,0.019558629928022
"AFUB_062480-T",809.668119842332,0.654402194190851,0.286700121722477,0.00365749291925275,0.0195999426432723
"AFUB_004640-T",461.755789545638,-0.769575458060072,0.36153164753506,0.00366011613413004,0.0196031275432175
"AFUB_077440-T",100788.858511784,0.309360464360085,0.113253166837537,0.00366548568411666,0.0196210097949779
"AFUB_023610-T",373.735198725226,-0.804914551518132,0.386844581141358,0.00371236479454186,0.0198559276087529
"AFUB_008920-T",8364.33826541057,0.41892361107409,0.16124944220606,0.00371454275230769,0.0198559276087529
"AFUB_006970-T",14953.9913935538,-0.396452669841907,0.151381850116747,0.00371553685744414,0.0198559276087529
"AFUB_078030-T",839.635536161836,0.622779824408649,0.268791883215846,0.00371932761122824,0.0198651981092799
"AFUB_069670-T",8775.45208559082,-0.352212721697883,0.131489277092604,0.00374278690503024,0.0199690124206545
"AFUB_015450-T",2025.07427633269,-0.456676103110751,0.180016649981988,0.00374289810534105,0.0199690124206545
"AFUB_068640-T",604.001224064584,0.766494203711407,0.359777729110651,0.00375095168995653,0.0199892483313421
"AFUB_033630-T",512.763239332661,0.781376933181807,0.369802930035859,0.00375251814596093,0.0199892483313421
"AFUB_038750-T",2482.9170002402,0.476730945662353,0.18961293833001,0.00375289758570218,0.0199892483313421
"AFUB_004630-T",102.659151783387,-1.49913153747723,1.03032590518699,0.00375671747446898,0.0199985698282751
"AFUB_047520-T",375.83105805019,-0.816021941783811,0.396010566321456,0.00376390764328061,0.0200258125822562
"AFUB_092410-T",1688.08142562014,0.744708341169671,0.346116424978263,0.00378555296784644,0.0201298914558791
"AFUB_078990-T",6523.53739139334,-0.352881255629536,0.132218899269129,0.00378851967265218,0.020134585851026
"AFUB_002700-T",251.605381364017,-0.979885325383923,0.520945266928747,0.00379764880421634,0.020172008106838
"AFUB_064130-T",18939.3801213033,-0.33949588935837,0.123324420227226,0.00381697140925699,0.0202575096624158
"AFUB_081970-T",1626.26916346502,-0.536844651768683,0.222284213251715,0.00381793884239901,0.0202575096624158
"AFUB_098840-T",7973.08202440836,-0.347345363414293,0.128636821909457,0.00382654725357538,0.0202899770320895
"AFUB_020930-T",18492.8075714928,0.45671890485145,0.180163558942101,0.00382825793101833,0.0202899770320895
"AFUB_046510-T",389.772903878128,-0.84688397265753,0.420052054201447,0.00383583373258685,0.020318983291806
"AFUB_065420-T",530.289957420722,0.673211826604034,0.301176714044124,0.00384195456039763,0.0203402547740065
"AFUB_098670-T",9096.35176657113,-0.343061026087153,0.128079535875375,0.00384669375127192,0.0203541922370149
"AFUB_074650-T",64.8886084632277,-1.48259975981063,1.01684596945579,0.00385424086867294,0.0203829640246951
"AFUB_038220-T",9755.6668770272,-0.346620040000856,0.12989958426184,0.00387179599790571,0.0204543120191561
"AFUB_053410-T",3769.62457448938,-0.407547135429695,0.156744949998148,0.00387196612327018,0.0204543120191561
"AFUB_015860-T",907.201832717699,0.666429063631026,0.297549329019853,0.00388624034175038,0.0205184995530012
"AFUB_022460-T",2664.41491839169,0.44316069230814,0.174316469441853,0.00391532420860631,0.0206607659768182
"AFUB_075970-T",2910.61350369011,-0.406118073997995,0.157002480833269,0.00391782570410338,0.020662681197078
"AFUB_039120-T",2390.18737986399,-0.512630913785929,0.210085781641749,0.00392297112874907,0.0206785308488672
"AFUB_021950-T",4761.23823486221,-0.380792047113154,0.145247175049108,0.00392777810400348,0.0206920004498641
"AFUB_085630-T",1149.90433296387,-0.585160413007554,0.250362822311031,0.00392980964867528,0.0206920004498641
"AFUB_014880-T",6166.05617583694,-0.355539890237752,0.133881037891078,0.00393533926782954,0.0207098300685016
"AFUB_034500-T",5812.08050834533,0.47937430703349,0.192558972481231,0.00396521689693453,0.0208557025901913
"AFUB_011880-T",130.723493336051,-1.15803659991341,0.685807283677986,0.00397709158935519,0.020906778529026
"AFUB_004940-T",3025.33048007993,-0.389849572578983,0.150350924955423,0.00398208850419813,0.020921663473389
"AFUB_033450-T",830.783461746926,0.630546223630807,0.277051686332133,0.00399105385182793,0.0209561494396668
"AFUB_023470-T",39411.4504718999,-0.334124264746164,0.123110283908106,0.00399299017992409,0.0209561494396668
"AFUB_027180-T",7654.13386423546,0.358060763993731,0.13527081521095,0.00404042196301701,0.0211868069043686
"AFUB_028939-T",2178.6554928848,0.557726389488389,0.235760917646921,0.00404132530788154,0.0211868069043686
"AFUB_081790-T",1429.4176710795,0.510149178378117,0.209546436463899,0.0040584774772085,0.0212651894711434
"AFUB_087020-T",8269.75102478479,-0.440231199395643,0.170445266519362,0.00406358638146903,0.0212804182210047
"AFUB_090370-T",2688.99505001289,0.452849124690431,0.180028961616208,0.004067497726052,0.0212893624209721
"AFUB_093180-T",5705.96603745231,-0.361498759169966,0.137203716249419,0.00407928781966997,0.0213395121351658
"AFUB_003740-T",94.947065143712,1.31634678278428,0.844715152726809,0.00409228190314598,0.0213959024611453
"AFUB_005930-T",4253.02297687607,-0.380321499175042,0.146046513709102,0.00410900070846556,0.0214675186084504
"AFUB_038240-T",1774.41864091017,0.500411041597421,0.204688764492757,0.00411254978347079,0.0214675186084504
"AFUB_071920-T",1386.08485249687,0.528726753270795,0.21984785453038,0.00411264509876233,0.0214675186084504
"AFUB_005070-T",2179.20162170888,-0.540114782600739,0.226815854122192,0.00412639140830894,0.021527642433629
"AFUB_037710-T",6278.84181204669,-0.412787388293853,0.161006363824499,0.00413088012889583,0.0215394300083063
"AFUB_039740-T",9571.72982739338,0.313984391136237,0.119020390280435,0.0041438274530382,0.0215952863275378
"AFUB_072830-T",12903.3377304578,-0.344034876557976,0.129789700327664,0.00415149147151383,0.0216235636645642
"AFUB_046760-T",113.850260377537,-1.48419728884631,1.08533273671643,0.00415522676412508,0.0216313582947072
"AFUB_039080-T",3455.83156149253,0.395034056483398,0.152582417585808,0.00418228074597047,0.0217604720342309
"AFUB_021370-T",28054.6965540651,0.334023800245688,0.125265065896638,0.00420310365740898,0.0218570438847608
"AFUB_000940-T",883.818222720303,-0.550323946994392,0.233371393864507,0.00421242217139927,0.0218743882027838
"AFUB_068630-T",2526.8570810443,-0.534576263930406,0.224531209501125,0.00421295810773653,0.0218743882027838
"AFUB_068610-T",8332.7218231195,0.433490914821182,0.171219910446875,0.00421323084717249,0.0218743882027838
"AFUB_035980-T",2306.51591105847,0.434842961064744,0.172100880801317,0.00421839618660426,0.0218894435848391
"AFUB_038790-T",6043.49525220345,-0.348605750389133,0.132298759029551,0.00422427025111253,0.0219042587934759
"AFUB_027570-T",25135.1024255638,-0.340316436101162,0.128408920943775,0.004225785385121,0.0219042587934759
"AFUB_089790-T",3873.13165590202,-0.381484985592065,0.147140914081168,0.00425212977352465,0.0220289961779062
"AFUB_054300-T",3023.17309251185,-0.453965458417782,0.182262199271784,0.00430668740712598,0.0222996858133179
"AFUB_087570-T",1539.02472488778,0.613058356182261,0.270293330600919,0.00431483579804589,0.0223299108091695
"AFUB_052190-T",1910.85714389446,0.485910116728931,0.198551983254127,0.00431960762827579,0.0223426385997862
"AFUB_060900-T",12782.1368242253,-0.350900762654258,0.1329853672007,0.00432766587198724,0.0223500628163378
"AFUB_038530-T",2802.72976413507,0.438821973162088,0.173937136752271,0.0043277346049551,0.0223500628163378
"AFUB_022240-T",2734.85101684094,0.472111690585186,0.19141494458957,0.004327982563586,0.0223500628163378
"AFUB_025650-T",2972.26675878987,0.506794486412577,0.209784436801167,0.0043395828220005,0.0223979963815005
"AFUB_021230-T",450.31130661785,0.774314739162921,0.377451487506454,0.00434230588848587,0.0224000851545918
"AFUB_069140-T",30722.0305884755,-0.404522384541022,0.151858910974452,0.0043459024345928,0.0224066751990585
"AFUB_039420-T",1048.5411042686,0.663876697060055,0.302670754086636,0.00435346482209523,0.0224336944592449
"AFUB_020240-T",7598.13141806257,-0.416441727227314,0.164249387339749,0.00436506570990674,0.0224814844824728
"AFUB_081350-T",271.529600635644,0.992305719109895,0.549350648618575,0.00437375135446616,0.0225142171480299
"AFUB_004600-T",10176.9186667661,-0.352086494836859,0.13380539536516,0.00438147606529452,0.0225419711090925
"AFUB_007420-T",4119.57346369668,-0.384218931105688,0.149143263268766,0.0044117379411204,0.0226797104654497
"AFUB_089830-T",104191.356406614,-0.343275615008148,0.13051896755562,0.00441540320507078,0.0226797104654497
"AFUB_076020-T",5886.66894473871,0.362900327260651,0.138771838936751,0.00441697079596007,0.0226797104654497
"AFUB_066190-T",3922.37095005636,0.372988788080845,0.143674042487123,0.00441763766259329,0.0226797104654497
"AFUB_056760-T",19127.2728567302,-0.313288888768902,0.11650130827424,0.00442099289089041,0.022684882268605
"AFUB_022780-T",1073.94574411164,0.628491375633949,0.281323171351002,0.00442824160270961,0.0227100161175054
"AFUB_101430-T",2526.83802070876,0.434395484552498,0.173109527427536,0.00443538085329351,0.0227245810138599
"AFUB_021410-T",13261.0047041106,0.335239842167052,0.125882998787275,0.00443578553013246,0.0227245810138599
"AFUB_009960-T",4667.08593119403,-0.356681658804324,0.134629640428876,0.00444244636328191,0.0227466437530629
"AFUB_052800-T",1573.60025731992,0.505601231975223,0.21013583788443,0.00446607206496976,0.0228448435858696
"AFUB_075670-T",12.6537754387743,0.0999522762658733,0.365376288919907,0.00446635370872569,0.0228448435858696
"AFUB_077400-T",141839.40423557,-0.312652508825676,0.117352053887286,0.00447166622946678,0.0228511394178442
"AFUB_095340-T",660.31459179734,0.612792501292554,0.272140317564726,0.00447231470080142,0.0228511394178442
"AFUB_085250-T",9075.05931603099,-0.369217484702278,0.142517001495206,0.00448931398824161,0.0229230575335566
"AFUB_041190-T",4724.64246759305,0.356276209120838,0.135728589718606,0.00449113515949314,0.0229230575335566
"AFUB_098810-T",6776.4093462651,-0.375665893547408,0.139985431765775,0.00450503818080303,0.0229818790406119
"AFUB_070450-T",11239.5827901626,-0.331656091587545,0.125061725351332,0.00450920089259274,0.0229909757383805
"AFUB_074350-T",5456.4358670614,0.56394575296024,0.243375380434566,0.00452436779172054,0.023056140086289
"AFUB_081870-T",3041.62175246891,-0.398379563545339,0.156001312920482,0.00452724149434407,0.0230586227297588
"AFUB_032350-T",8021.03428083211,0.348019173877883,0.132788687730176,0.00455130832140199,0.0231689889364521
"AFUB_007620-T",3639.80186187228,0.385415798935848,0.15001477327586,0.00455576384749179,0.0231794577643316
"AFUB_012210-T",1732.65669399092,0.445609910563344,0.179366918055776,0.00456414305050179,0.0232098685020781
"AFUB_064820-T",2752.867558355,-0.466763376263582,0.190671980883519,0.00456775671032962,0.0232160259522382
"AFUB_055720-T",8895.21250349636,-0.378599062363223,0.147569148588213,0.00459214988483933,0.0233277026604155
"AFUB_016400-T",345.992585718622,0.8863793742298,0.471307410395786,0.00459455787236294,0.0233277026604155
"AFUB_031270-T",5605.59531315651,-0.378948416168483,0.147501996409929,0.00460555359007298,0.0233712493630699
"AFUB_006560-T",7517.48472583767,-0.3597395212462,0.135072734443032,0.00461265297386963,0.0233949884690438
"AFUB_011180-T",888.753413195112,0.579335440771825,0.253510122378281,0.0046216874576685,0.0234181602411885
"AFUB_089910-T",1576.8195628052,0.441262206255951,0.17746704730875,0.00462206909334988,0.0234181602411885
"AFUB_096030-T",12030.6634459732,-0.442416908138791,0.178537517903221,0.00462450525161269,0.0234182231347389
"AFUB_059230-T",9623.9472074589,-0.369824842837893,0.143402236736854,0.00463742984885422,0.0234713709793763
"AFUB_081920-T",21933.1107175414,-0.340449042822651,0.130103049348849,0.00464028075612632,0.0234735040134516
"AFUB_033670-T",1269.46106209042,0.5351701558913,0.227937403316618,0.00464299988415534,0.0234749685404024
"AFUB_005190-T",3311.71124458705,0.406327109085081,0.160469938699017,0.00465826945418626,0.0235398532773785
"AFUB_011220-T",5204.08346523001,-0.373524177150871,0.143241259837172,0.00467040015348752,0.0235888166664905
"AFUB_051290-T",9236.4700299245,-0.36314431920683,0.140997401288424,0.00468957281290739,0.0236732771778011
"AFUB_081230-T",2809.85516034912,0.467355565429202,0.191373682008701,0.00470132759627844,0.0237116978984293
"AFUB_072060-T",1599.24291127097,0.527016159614496,0.223824991017322,0.00470209202788144,0.0237116978984293
"AFUB_089820-T",3633.52128198128,0.487154009858586,0.201958189787883,0.00471658039703377,0.0237723525279814
"AFUB_084950-T",1140.06253604271,0.791008217612408,0.39705076240821,0.004738088999845,0.0238683086113151
"AFUB_095770-T",628.420697367874,-0.71290691787528,0.343265952885946,0.00474818957334861,0.0239009837162153
"AFUB_020860-T",7646.19623512703,-0.357217728888478,0.13974358497908,0.00474952274219968,0.0239009837162153
"AFUB_089340-T",20341.7724113763,-0.340968539169348,0.130563918134872,0.00475333020497178,0.0239076920564484
"AFUB_097050-T",974.345669957876,0.588995472233317,0.260866337910314,0.00477939149424398,0.0240211744357651
"AFUB_063810-T",3904.35183084097,0.356630166025072,0.138587440203472,0.00478247086517514,0.0240211744357651
"AFUB_010110-T",3442.23812404321,-0.418071118566533,0.166968734510915,0.00478335123312068,0.0240211744357651
"AFUB_101310-T",257.753712770515,-1.0988502976648,0.684579113907363,0.00481768121629654,0.0241810056684972
"AFUB_013480-T",22652.0935803792,-0.355905373355585,0.13917128710021,0.00486596993501282,0.0244106965275669
"AFUB_028150-T",2399.70550366502,0.446844898042932,0.181601686005973,0.0048716482176364,0.0244264997814234
"AFUB_096370-T",26011.6475904387,-0.330960943498947,0.124242675372059,0.00487899106522027,0.0244410575606302
"AFUB_029590-T",2151.35738141853,0.467871695218557,0.19272965387374,0.00487961085018172,0.0244410575606302
"AFUB_082150-T",452.28628737997,-0.897606902837328,0.490666607764927,0.00488814984628293,0.024462447176415
"AFUB_001480-T",4949.22769135374,-0.338161732769989,0.131010289089866,0.00488894488694445,0.024462447176415
"AFUB_018220-T",625.185084326786,-0.683475239393175,0.325144791341096,0.00489506224917302,0.0244753334944772
"AFUB_012120-T",1335.28442512458,0.560288855957818,0.244614474684512,0.00489695863316512,0.0244753334944772
"AFUB_055500-T",13389.3741247356,-0.325768925382774,0.124383090511461,0.00489911974522034,0.0244753334944772
"AFUB_040620-T",49767.3713822322,-0.330529713704633,0.127850212054488,0.0049111033549103,0.0245225222817278
"AFUB_041590-T",5320.92452072942,-0.410357986319281,0.163006221812656,0.00492606794836232,0.0245845395232834
"AFUB_073670-T",25387.1638987814,0.322669984032761,0.12288491945249,0.00493480230227737,0.024614133356216
"AFUB_089580-T",1925.37520967248,-0.524810173742879,0.225122805915276,0.00494243360379813,0.024614133356216
"AFUB_012830-T",10200.6677209579,-0.35226051881901,0.136619798309781,0.00494377896070277,0.024614133356216
"AFUB_017390-T",686.261250505981,-0.61776863954881,0.281631836547487,0.00494883697250343,0.024614133356216
"AFUB_065650-T",2212.3494116852,0.484019988826979,0.20184125268529,0.00494901152830161,0.024614133356216
"AFUB_074100-T",2707.47443516657,-0.421642175796723,0.169458058925413,0.00494976449372826,0.024614133356216
"AFUB_003070-T",4261.89835948606,0.399079626093813,0.158361918894418,0.00494983037788529,0.024614133356216
"AFUB_001930-T",3038.52896940937,-0.492101641200745,0.207001730767445,0.00497657295459499,0.0247343867733008
"AFUB_058230-T",7123.19813784102,0.336553586610402,0.130438045302142,0.00502091065908439,0.0249419222560789
"AFUB_078740-T",39117.9044937121,0.287399906026555,0.111782488702981,0.00504799367339834,0.0250635739323611
"AFUB_068840-T",5281.22907927728,0.346158242829367,0.133976213302796,0.00505313106667911,0.0250761953601713
"AFUB_036690-T",4919.84999730364,-0.427379102602365,0.174335835408402,0.00505613855312819,0.0250782395792221
"AFUB_102090-T",131.121305014577,-1.17431699085968,0.790096659763459,0.00506126603879234,0.0250907914144749
"AFUB_011450-T",24196.0433619296,-0.332473113663845,0.12724598439763,0.00507206479246578,0.0251204720885712
"AFUB_080060-T",2116.35709609667,0.454565717950493,0.186821036212107,0.00507245301643577,0.0251204720885712
"AFUB_047820-T",302.005624371799,1.06775160510214,0.656011801400718,0.0050752216881227,0.0251213073517631
"AFUB_006690-T",2915.45370835764,-0.385637531207582,0.152168453494206,0.00509484117931108,0.0252041847957211
"AFUB_095200-T",211.869014380322,-1.1848891879649,0.809750759031005,0.00509718247679973,0.0252041847957211
"AFUB_085190-T",753.289319521337,0.675847769751008,0.321206782888666,0.00510417175746151,0.0252258350488967
"AFUB_012030-T",17854.2570658326,-0.402192763980415,0.160944440882054,0.00510920068266273,0.0252377796502491
"AFUB_068700-T",1081.54107072621,0.649098946235389,0.303127596965969,0.00511786352747369,0.0252676532460147
"AFUB_052120-T",1388.06635131056,0.533826365029495,0.231269424118496,0.00512363493416391,0.0252832281582695
"AFUB_051450-T",3477.68920415207,0.484684599604375,0.203395989296728,0.00512987117015288,0.0253010797580486
"AFUB_063780-T",2184.22734531684,0.419889360025706,0.169600889781902,0.00514059300347665,0.025341025305914
"AFUB_000230-T",24.831841987011,0.10903013123889,0.369492507897109,0.00514622537924399,0.0253558539593347
"AFUB_073120-T",1389.15301979906,-0.518561324548339,0.22331294957468,0.00517501266850276,0.0254846954144106
"AFUB_064600-T",4587.34126719808,0.406038623994399,0.162831663797679,0.00517986279532534,0.0254955854958907
"AFUB_064750-T",37161.3191663696,-0.330959306684193,0.128073581972571,0.00518753397121261,0.0255203427850592
"AFUB_027310-T",3314.30742224167,0.39349790922984,0.156769533235591,0.00519546904358389,0.0255463724677392
"AFUB_018300-T",14097.5486024446,0.345419808512819,0.134186214414585,0.0051995347677995,0.0255533595760319
"AFUB_093590-T",1106.59050185069,0.521764521772938,0.224885865769231,0.00522203361306841,0.025647055102883
"AFUB_013740-T",17683.6856057792,-0.356362439045696,0.14013492553276,0.00522390855335062,0.025647055102883
"AFUB_035400-T",10990.7842964109,-0.391505125308617,0.157456222276231,0.00523438871491658,0.0256831315797968
"AFUB_058670-T",1271.84471918032,0.493022633435963,0.208965109611481,0.00523657309172011,0.0256831315797968
"AFUB_099780-T",226.015799276479,0.961144666737087,0.558594339855396,0.00526218484504831,0.0257956519395519
"AFUB_073220-T",26318.6445215434,-0.363411193072407,0.145886878718685,0.00528078204228412,0.025873689702104
"AFUB_081880-T",654.122581919838,0.796048078520049,0.414647040364267,0.00532130821764264,0.026059036998917
"AFUB_047500-T",12371.475234625,-0.34556039146671,0.134722222614569,0.00533408824730919,0.0261083893847525
"AFUB_041570-T",4713.78675778048,0.981355452256398,0.580335601626143,0.00535314373391251,0.0261862336029198
"AFUB_067570-T",4906.94632014839,-0.341976320094029,0.133346057829124,0.00535541270951869,0.0261862336029198
"AFUB_100210-T",3086.96119764332,-0.412968263420858,0.167623205960919,0.00536283950438924,0.0262092844164941
"AFUB_035560-T",12.2575725935949,0.0663072509434359,0.353351463531562,0.00536932716305514,0.0262277244941551
"AFUB_077140-T",2563.48329060356,0.413497354767532,0.167608387548695,0.00539217657875119,0.026326028349618
"AFUB_053340-T",7962.88508796403,0.405120540314475,0.163319694604524,0.00540133589796984,0.0263525787184071
"AFUB_000650-T",3371.92914517005,0.48241399414215,0.203900235177321,0.00540306959647739,0.0263525787184071
"AFUB_076740-T",1987.93078989424,0.469482265289933,0.196827785512597,0.00540646134524942,0.0263558171129162
"AFUB_044680-T",96.8784733605678,-1.38144191748547,1.20363433069423,0.00541137961755784,0.0263664900982571
"AFUB_005650-T",8451.41165658983,-0.323197315419062,0.12429366721371,0.00541614619797155,0.0263764135911296
"AFUB_034340-T",24381.063428018,-0.405224470959385,0.164405553991915,0.00543821464359841,0.0264654648536159
"AFUB_030810-T",371.797184095704,-0.745708134369215,0.379266044862769,0.00543991028765071,0.0264654648536159
"AFUB_049470-T",986.869698093314,0.629075087438024,0.293668281176548,0.00544490280366099,0.026471566347818
"AFUB_006180-T",10978.2247602932,-0.448362131829508,0.187279643819573,0.00544664395564708,0.026471566347818
"AFUB_074340-T",857.000587933697,0.636048199590204,0.29860873822503,0.00547070687749031,0.0265663172256314
"AFUB_044480-T",708.44204212158,0.700297190421516,0.34389540265811,0.0054716385095225,0.0265663172256314
"AFUB_011840-T",5877.88570438668,-0.377147448179152,0.150371506828021,0.00549010712983336,0.0266425992408086
"AFUB_041000-T",60319.9725596968,-0.436720692860908,0.180998063050356,0.00552735956108993,0.0268099136944031
"AFUB_030430-T",3219.02942751114,-0.427693378365676,0.175838594273701,0.00554423080668396,0.0268782529122832
"AFUB_016780-T",1540.71545600587,0.489100764680408,0.208639327192307,0.00555453526909559,0.0269147039969918
"AFUB_029730-T",9069.7120864965,-0.349398851618497,0.137504077861694,0.00556358674438129,0.0269385950445258
"AFUB_099760-T",1986.21356865346,0.479905450145061,0.203433381529799,0.00556504199015457,0.0269385950445258
"AFUB_088170-T",5315.20534524805,0.372733725862392,0.148275848101298,0.00557869856023749,0.0269777077645502
"AFUB_053550-T",14233.6924040802,0.309623128596803,0.119362878291833,0.00557870628374781,0.0269777077645502
"AFUB_042720-T",1238.64936616735,0.519721316859944,0.226408951385113,0.00559110322730023,0.0270241317569659
"AFUB_002620-T",15.0802120476252,0.111159406598474,0.370515818700578,0.00561889351528595,0.0271448745723464
"AFUB_037430-T",2717.08878220725,-0.469925889084518,0.198859665532398,0.00562343591255464,0.0271532422724152
"AFUB_094750-T",19886.5031110466,0.34870994405184,0.137056743993869,0.00564411370091828,0.0272394738153209
"AFUB_040790-T",1405.94878652935,0.489386182046141,0.209512005208257,0.00564789933008115,0.0272441354604314
"AFUB_007860-T",8582.16095667273,-0.313959386162521,0.121883443073812,0.00565942307023079,0.027286100650983
"AFUB_053590-T",3804.75816146712,-0.383128485825083,0.15399821784953,0.00566288779982115,0.0272891879909586
"AFUB_023680-T",1391.74665094851,0.465701555101007,0.196534746053085,0.00569534022664636,0.0274318929560604
"AFUB_043950-T",391.434267011464,0.871523948643339,0.489392529269292,0.00570470232895363,0.0274632954172147
"AFUB_014350-T",13168.6470231829,-0.33775232219376,0.13271112941063,0.00572873409576647,0.0275652534030357
"AFUB_043530-T",2205.1607971454,-0.45629884700052,0.192059367579883,0.00573438776005704,0.0275787230152669
"AFUB_099180-T",2932.55161354187,-0.444315188929633,0.185892586213041,0.00578686589739024,0.0278172628361117
"AFUB_008130-T",72773.4986534159,-0.342858534174404,0.139417455598568,0.00580755824161744,0.027902848200153
"AFUB_030820-T",5063.58195073331,-0.335894079082238,0.132107469296863,0.00581583941585177,0.0279231971173422
"AFUB_068470-T",18871.3842456073,-0.299394746455442,0.115079577614277,0.00581757356626058,0.0279231971173422
"AFUB_044080-T",10.4669665703035,-0.0738834734904839,0.35564982131035,0.00582251433951133,0.0279330355255007
"AFUB_090780-T",313.992876404547,0.811643557289269,0.439706361010833,0.00585034882496371,0.02805264037062
"AFUB_012140-T",528.017297069443,-0.745722485556775,0.387119000236144,0.00585428764774784,0.0280576028038391
"AFUB_067170-T",1767.15682920168,0.421114319160512,0.173688414345453,0.00587932837740046,0.0281636444137052
"AFUB_064090-T",475.610880452373,0.632340010788705,0.301126860648636,0.00590508778545032,0.0282730218944603
"AFUB_059000-T",9672.48839496563,0.37847057682981,0.152321565920663,0.00591570260706026,0.0283098160423062
"AFUB_036020-T",15250.8788141344,0.34868378861737,0.138155006450251,0.00592004802223549,0.0283165861340789
"AFUB_034910-T",14169.4642214812,-0.332515798459813,0.128143508978022,0.00597151493443218,0.0285421945435426
"AFUB_087250-T",298.837134670274,0.930912155740228,0.553588885107019,0.00597312330439278,0.0285421945435426
"AFUB_047990-T",13.7184346119086,0.116248190440299,0.372997458263488,0.00598892550690959,0.0286035582045281
"AFUB_047620-T",1781.57871816304,0.495530206201756,0.215060994491898,0.00599813054597055,0.0286080063039354
"AFUB_021750-T",8956.42547998469,-0.349405078768405,0.139893287225172,0.00600079413189061,0.0286080063039354
"AFUB_064610-T",3816.10142334373,-0.403035478743892,0.163333723032016,0.00600123455308173,0.0286080063039354
"AFUB_065240-T",3401.63583680961,0.396393759884983,0.161575474334033,0.00600170034962504,0.0286080063039354
"AFUB_098250-T",1833.50479578497,0.420359915605958,0.173881823547415,0.00601320790505009,0.0286487252359931
"AFUB_058900-T",20404.2277236167,-0.31919214103424,0.121534539646068,0.00602722806207139,0.028701368918548
"AFUB_008360-T",5723.67090365683,-0.345905538763121,0.13786784726012,0.00605544904461707,0.0288215510685173
"AFUB_069600-T",2801.70012928312,-0.405020680202621,0.166583250692486,0.00606679002098911,0.0288613122515001
"AFUB_044540-T",321.790278254226,0.933718177599853,0.564130403233185,0.0061004481619832,0.0290071506599811
"AFUB_077330-T",18044.6883214035,-0.326892335523925,0.128297004225031,0.00613019566887316,0.0291342599865482
"AFUB_029710-T",2305.87953037898,0.474740933077306,0.204269074694246,0.00614959308003241,0.0292007107960761
"AFUB_014870-T",856.181088570491,0.647370249890798,0.314695535615608,0.00615022215586989,0.0292007107960761
"AFUB_098570-T",3546.17723907863,-0.385585045475747,0.157334380121399,0.00617104255367621,0.0292851734546265
"AFUB_067690-T",4046.80165367884,-0.389782870137113,0.159343557174643,0.00617884490800322,0.0293078053515597
"AFUB_046620-T",475.148406753982,0.760788668643498,0.403836473515013,0.00622406298987118,0.0295078001021273
"AFUB_045180-T",667.109998753428,0.697042412226041,0.352717386368791,0.00624090512107248,0.0295689072588171
"AFUB_028640-T",1301.34287237016,0.538744931778039,0.242690077550127,0.00624307294638656,0.0295689072588171
"AFUB_060030-T",1384.62721347905,0.511686725117012,0.227141810746355,0.00625897472941594,0.0296296981066227
"AFUB_074470-T",7537.77714811247,-0.347236839724468,0.140471167930123,0.00626829034560191,0.0296557392043903
"AFUB_039970-T",818.244387415056,-0.571876604408675,0.264866602802956,0.00627061428219514,0.0296557392043903
"AFUB_047030-T",1400.7125423761,0.487860818153428,0.212417780260859,0.00628405176716387,0.0297047495960554
"AFUB_087760-T",1103.24065518048,-0.526109558294842,0.235981728282831,0.00629115391768234,0.0297125211635114
"AFUB_085270-T",1058.55722933716,0.6519024216406,0.319459036349792,0.00629257373720301,0.0297125211635114
"AFUB_076070-T",2761.92253811209,-0.437045450242386,0.184519388742387,0.00629676189750657,0.0297125211635114
"AFUB_052350-T",220.913949772847,0.92225013260262,0.558646400108683,0.00629799662004464,0.0297125211635114
"AFUB_049360-T",1763.27603526753,0.521035214387568,0.232191079040423,0.0063049533729463,0.0297308245433905
"AFUB_058410-T",3192.16606344573,-0.473791941150874,0.205196070000054,0.00633863033842162,0.0298750469901608
"AFUB_038970-T",1857.39190536526,0.406691040952467,0.168335131808292,0.00634836056752695,0.0299063187730109
"AFUB_002670-T",3343.47809022206,-0.44504969048164,0.189114342138086,0.00635435543805414,0.02991997185306
"AFUB_017220-T",1092.65286206914,0.624646949844085,0.300775291186316,0.00637152985179192,0.029986225732106
"AFUB_031960-T",1514.03364255718,0.475579852785061,0.205946408936859,0.00638274971545412,0.0300215138817541
"AFUB_037120-T",1428.43546989806,0.474822393804595,0.205604887914138,0.00638524229217602,0.0300215138817541
"AFUB_011760-T",1081.89337078011,0.540089583524663,0.245055466682775,0.00644043580643596,0.0302555860702812
"AFUB_018260-T",549.961642783355,-0.661853271662053,0.330256058122644,0.00644128964464588,0.0302555860702812
"AFUB_067480-T",3746.83978490164,-0.400366553233152,0.165798784408221,0.00645773360911482,0.0303180865555235
"AFUB_009490-T",6085.5537188656,-0.373044975835364,0.15351130018363,0.00646855265768266,0.0303541310240553
"AFUB_069290-T",5652.65900478064,-0.390935436073919,0.161156766527807,0.00649813136878331,0.0304781287792157
"AFUB_089760-T",937.863124159952,0.527505584069005,0.238149778187064,0.00650585347468678,0.0304995421020979
"AFUB_037530-T",4449.56847089037,0.412970056487066,0.172684175193129,0.00660101337797137,0.0309306456149172
"AFUB_092930-T",10522.5862713086,-0.365211459249395,0.148696753233653,0.00661383644513529,0.0309757090319424
"AFUB_093940-T",1377.85375568762,-0.502310858997864,0.224463260510065,0.00662917872549002,0.0310325217275604
"AFUB_100960-T",506.492043728264,-0.653111472436072,0.325851757233076,0.00664103124131588,0.0310729510186896
"AFUB_089870-T",13083.339187442,-0.357745737142178,0.145081677809472,0.00670603057750875,0.0313618913068197
"AFUB_059580-T",167.208376787724,0.985289533953829,0.647916567716145,0.00671800578574088,0.0313969777706258
"AFUB_037420-T",5064.35255626834,-0.359361213985396,0.146166889131015,0.00672003208752371,0.0313969777706258
"AFUB_088760-T",231.727579299425,0.958277786678302,0.618726260893771,0.00673877061781168,0.031463587489181
"AFUB_030250-T",1418.45410315947,-0.508188909013493,0.227975412768124,0.00674080170799055,0.031463587489181
"AFUB_024890-T",2847.81431299582,-0.391941004412252,0.162687695635562,0.00676215583139131,0.0315420814065249
"AFUB_083740-T",5367.76334423609,-0.336786336988218,0.135398637714997,0.00676728140758195,0.0315420814065249
"AFUB_005950-T",464.428899801896,0.672853210398226,0.341290937953271,0.00676741200121363,0.0315420814065249
"AFUB_049190-T",1218.95426231248,-0.559246103912437,0.260955288417091,0.00679368803938342,0.0316492834313031
"AFUB_047880-T",255.678184424239,0.841259000446879,0.49193404433975,0.00680854675641476,0.0317032186797491
"AFUB_099470-T",1700.15024302084,-0.478647674878071,0.211209490170036,0.00682986015999985,0.0317767898334099
"AFUB_005090-T",10267.2648088589,-0.354225564408665,0.142228901559589,0.00683092449637677,0.0317767898334099
"AFUB_024100-T",5488.11653857367,-0.431732536963856,0.184314598459783,0.00684476614665579,0.0318258568378192
"AFUB_008310-T",16846.8744015537,-0.334393006520017,0.13458207727673,0.00685596672820196,0.0318626024665163
"AFUB_057070-T",3482.08921704298,-0.382156859185646,0.157660837594191,0.00686064347771463,0.0318657094998225
"AFUB_011800-T",20048.7844155272,-0.294771189317967,0.115077312299373,0.00686323136712177,0.0318657094998225
"AFUB_024350-T",580.589854933479,0.61677140000292,0.300340293055272,0.00686755266956141,0.0318704581620088
"AFUB_072380-T",2937.36363327565,0.535523492180492,0.248268544907751,0.00689612216408303,0.0319851490110946
"AFUB_031520-T",1147.05340391076,0.493203924413736,0.219183861686845,0.0068988874497124,0.0319851490110946
"AFUB_012300-T",45903.1770250987,-0.325562149903109,0.133346899424075,0.00698462984219778,0.0323671431824052
"AFUB_043750-T",3885.47307596687,-0.342118481800937,0.138257284073228,0.00700153320664175,0.0324287663348753
"AFUB_066850-T",10237.8392642639,0.376982610978804,0.155570954326135,0.00700464037889514,0.0324287663348753
"AFUB_096110-T",1306.86788394719,0.541066065889798,0.250165933084817,0.00701914104881631,0.0324803356387276
"AFUB_064780-T",11545.7744479654,0.34888276824994,0.141811337643264,0.00703079828397542,0.0325187041741362
"AFUB_002550-T",3755.35612860252,-0.41956387141358,0.178358713539947,0.00703998164648053,0.0325455993628205
"AFUB_091850-T",196.023451465211,-0.96717897429858,0.654156923735959,0.00704456923700951,0.0325512328876068
"AFUB_012640-T",3823.67475216286,0.393836045431134,0.164465525490127,0.00705420212038055,0.0325801629479526
"AFUB_014660-T",8068.79269969007,-0.359480652984251,0.147028804249198,0.00713002025349845,0.0329043569567248
"AFUB_090690-T",1336.66720873608,0.471152307123741,0.207447220254908,0.00713120714835248,0.0329043569567248
"AFUB_094990-T",790.060195859315,-0.651515576195396,0.330921102289599,0.00713985207381303,0.0329285206382728
"AFUB_096470-T",16230.3241509792,0.403206846895235,0.169543125782202,0.00715095222995263,0.0329639792203255
"AFUB_091430-T",791.917098512059,-0.559941626612131,0.264222045659555,0.00716157378341034,0.0329971988055845
"AFUB_033720-T",34831.737053421,0.279684480485433,0.112309642847251,0.00717222703305961,0.0330305326946721
"AFUB_035190-T",4874.912627778,-0.424143184694161,0.183736688773849,0.00718422950784541,0.0330700455001441
"AFUB_001410-T",5017.19929712307,-0.384057951013251,0.15825813407731,0.0071913236578973,0.0330822734959291
"AFUB_012090-T",3018.58971648822,-0.390738617015258,0.163740216895285,0.00719387756624278,0.0330822734959291
"AFUB_033930-T",478.552321088912,0.684967463408672,0.356476195441104,0.00719715782327084,0.0330822734959291
"AFUB_034820-T",15665.8458229573,-0.359995580015695,0.147796838584073,0.00720405025957003,0.0330982090385
"AFUB_038820-T",677.371622546984,0.565217384717288,0.267354408858772,0.0072075066582531,0.0330983504429855
"AFUB_073140-T",2780.94159072388,-0.476324818558869,0.21148973543274,0.0072124723451465,0.0331054193818553
"AFUB_087050-T",1215.96084165707,-0.467699219405085,0.206900327082925,0.00725468408657575,0.0332833607048884
"AFUB_065750-T",2476.50438026012,-0.462335417041474,0.203831155582721,0.00726186526564717,0.0333004946353502
"AFUB_011710-T",521.026249018616,-0.638413598872847,0.320822298811583,0.00728368020488299,0.0333846860244684
"AFUB_023230-T",39256.8490528465,-0.30509356162446,0.118314437146998,0.00730351844679272,0.0334597416941258
"AFUB_076440-T",10086.1638947386,-0.324826600745372,0.130019536727443,0.00736448287108683,0.0337123796988687
"AFUB_001760-T",6681.17780447201,-0.324451661509795,0.131290730907367,0.00736564205592131,0.0337123796988687
"AFUB_005920-T",9411.73374822824,-0.321531713906486,0.129812029399051,0.00738398583602041,0.0337803367176275
"AFUB_004970-T",30642.8122370053,0.363992165745659,0.149767652770989,0.0073902913319525,0.0337931826073474
"AFUB_079180-T",247.416049777707,0.924990033432767,0.606205600734167,0.00739422638573342,0.0337951822795442
"AFUB_020110-T",3370.32185766509,-0.367900071464007,0.15276179750656,0.00740393112872751,0.0338090077575578
"AFUB_100140-T",429.643036725614,-0.711491949601935,0.384248667871641,0.00740424968070714,0.0338090077575578
"AFUB_009340-T",1832.18322511011,-0.418831200995177,0.179551899176792,0.00741218861838812,0.0338292708695635
"AFUB_046090-T",1109.84458763213,0.528323253538324,0.244382852258356,0.00741965384511164,0.0338473538486632
"AFUB_050120-T",1143.03494865378,0.712724380376468,0.384432949883812,0.00747763663670966,0.034095764598343
"AFUB_005290-T",2588.92198678071,-0.431817259684481,0.187145692286769,0.00750277058732019,0.0341942308559848
"AFUB_085860-T",1293.62831389233,-0.481744242458671,0.21674367393682,0.00754515999806045,0.0343712097601415
"AFUB_060340-T",4031.76579987266,-0.375941663377841,0.157306559083875,0.00756530210228564,0.0344467242753458
"AFUB_085670-T",306.398560712629,0.746100074007476,0.415635835324628,0.00757363963221532,0.0344684437712974
"AFUB_052740-T",12595.6769736683,0.331179646687365,0.134856277728355,0.00759999820283222,0.0345721198850117
"AFUB_061170-T",1478.56755692791,0.473554360481464,0.211372892493064,0.00763101138879181,0.0346968621357677
"AFUB_055420-T",839.456897296344,0.559583978279197,0.266948597356486,0.00765897178918425,0.0348076130889455
"AFUB_060830-T",1994.35859198779,0.483490230159069,0.217840792709158,0.00770892017037721,0.0350181413663303
"AFUB_095810-T",5846.08165377872,-0.382292497209053,0.161096915237626,0.00771471635799835,0.0350280025615508
"AFUB_001910-T",412.469196888074,0.830082435675796,0.504581201962654,0.0077315156938024,0.0350784690092898
"AFUB_056600-T",301.560848333757,0.799738689233168,0.472927793312634,0.00773525035093462,0.0350784690092898
"AFUB_002530-T",12833.5663432224,-0.347133996068795,0.143244378226718,0.00773672298269473,0.0350784690092898
"AFUB_073380-T",4679.36777363429,-0.417331599652222,0.180063195086633,0.00774659359724777,0.035106748281711
"AFUB_093100-T",1465.39437763937,0.444020869960516,0.194712894059333,0.00776900652559499,0.0351783817878005
"AFUB_056730-T",17116.4379655024,-0.328010291893486,0.131700040084104,0.00777288088095922,0.0351783817878005
"AFUB_000450-T",8791.82312675487,-0.356621373830158,0.14753553165387,0.00777332282311675,0.0351783817878005
"AFUB_089210-T",3187.76186186703,-0.395583864658861,0.16849271787932,0.00780142356351974,0.0352890236286178
"AFUB_053570-T",1078.23402083086,0.629506457032062,0.319784012568004,0.00783682352024328,0.0354325638056109
"AFUB_003080-T",2249.17321419918,-0.481776746337448,0.218246724443235,0.00785829722322451,0.0355130345045815
"AFUB_011470-T",17057.1471889144,-0.366974496043168,0.154624982001461,0.00788686777749528,0.0356232928144991
"AFUB_034210-T",149.425054712822,-0.982311460992193,0.730669047071837,0.0078900689943105,0.0356232928144991
"AFUB_099230-T",263.488620161378,0.818570731447228,0.497340738694584,0.00790401116450849,0.0356695730366563
"AFUB_056360-T",118543.709915383,-0.330822782082812,0.137520954804201,0.0079544054021194,0.0358802357587664
"AFUB_065910-T",553.586756250202,0.592095756125499,0.292588914655483,0.00796342552638465,0.0359041611926871
"AFUB_015130-T",7572.66146767839,0.364018197004342,0.15222082737882,0.00797085975565091,0.0359209174249529
"AFUB_023710-T",6844.31882865535,-0.414958926446132,0.179730529177981,0.00798611616781806,0.0359728925004467
"AFUB_096870-T",195.250187815056,0.956195609357696,0.680536501136112,0.00800387460812515,0.0360360840930593
"AFUB_089110-T",24622.6726208016,-0.288533454888372,0.114953337467734,0.00801704152075962,0.0360785538768418
"AFUB_078860-T",902.262710999624,0.551861564616636,0.264577968492623,0.00806079241691279,0.0362464859744664
"AFUB_085890-T",2091.7275135343,0.544495658065139,0.260633760922511,0.00806186072853739,0.0362464859744664
"AFUB_065940-T",2337.90708932965,0.451297748925382,0.200477857289653,0.00808674694530107,0.0363414646444181
"AFUB_040080-T",5618.68122976752,0.373687423177324,0.157544471006858,0.00811190474909675,0.0364207784207734
"AFUB_093950-T",3043.43820548232,0.365977343634501,0.153650384297558,0.00811193491632211,0.0364207784207734
"AFUB_093860-T",6345.45369369306,0.401010401901394,0.171925223833416,0.00812262951889931,0.0364518562060405
"AFUB_049830-T",19.9609156333871,0.13428137839024,0.38240364202061,0.0081457170922065,0.0365384951461928
"AFUB_056900-T",13868.1051780364,-0.302473885117187,0.122825613308709,0.0081537860908437,0.0365532072158851
"AFUB_100020-T",1431.83099643866,-0.553565853259617,0.26853643550324,0.00815656331581952,0.0365532072158851
"AFUB_008810-T",745.655775638947,0.619528675657224,0.315518698207667,0.00816897624521699,0.0365918629954968
"AFUB_005410-T",605.926426228227,0.586910411910442,0.290688751399126,0.00817800883572065,0.0365986424037999
"AFUB_032810-T",138.391030377709,0.901036339180727,0.606761698657402,0.00817806550919106,0.0365986424037999
"AFUB_012950-T",585.182156707797,-0.715115792084583,0.400108919925685,0.00818491447905782,0.0366123350447485
"AFUB_078830-T",3452.45748543865,0.377014803059514,0.159568581875262,0.00819267304192627,0.0366300818746375
"AFUB_063820-T",10199.6744789119,-0.370360493066304,0.155873827055704,0.00820258585533422,0.0366574396550598
"AFUB_083930-T",9071.32466353365,-0.405745916525339,0.17592128709593,0.00820979077190059,0.0366726761156281
"AFUB_050150-T",9.16335929999224,-0.0709937989461095,0.354699252459688,0.00822117881379806,0.0367065756464496
"AFUB_017000-T",15.0425567062881,-0.105330226922057,0.367581677183282,0.00824681595744387,0.0368040350026895
"AFUB_018030-T",2192.79420122335,-0.392924350986656,0.16871140875595,0.00827798871924048,0.0369260974170367
"AFUB_071290-T",13.41248126361,0.125559115918229,0.377516918659958,0.00829390476928886,0.0369800220954633
"AFUB_031550-T",8379.384290899,-0.353406716038837,0.14900926700297,0.00832231019254515,0.0370895576938982
"AFUB_050110-T",1351.04700480904,0.651615462194811,0.343144420616761,0.00832699388923517,0.037093321787824
"AFUB_003390-T",739.521348900968,0.602835556219787,0.304147805061062,0.00834641966508822,0.0371627220295311
"AFUB_016300-T",55.1714517980507,-0.169131563082062,0.40545710835994,0.00839375614988227,0.0373562744910928
"AFUB_086790-T",742.07892687107,0.585807808156572,0.291732720592575,0.00840614622345474,0.0373941919019428
"AFUB_019210-T",9377.72452863991,-0.330788417842436,0.13849084100967,0.00841684756457183,0.037424565655266
"AFUB_053280-T",1271.27016886802,0.446959549014418,0.199481215287055,0.00844419535819539,0.0375288939976467
"AFUB_046340-T",965.548243210654,0.48785589343798,0.224547238149645,0.00845288201576357,0.0375502280626702
"AFUB_012970-T",683.302690124739,0.631528742033595,0.328083517690721,0.00847615053567435,0.0376362897406643
"AFUB_033350-T",290.535147347036,1.03633182981025,0.892744898208945,0.00848422185067996,0.0376548238499172
"AFUB_016720-T",7431.71912167343,-0.326676380861038,0.133249933838621,0.0085005981642889,0.0377101834083376
"AFUB_026690-T",5255.75690213685,-0.358487008702595,0.151185699106848,0.00850571093176425,0.0377155479681993
"AFUB_065950-T",1907.7599378692,0.528448283205625,0.251825277485531,0.0085330937372612,0.0378196108667054
"AFUB_056310-T",1907.66766331719,-0.396375526029534,0.171500427617791,0.00856472803050331,0.0379424127605332
"AFUB_067840-T",12894.1958138084,-0.301525291290635,0.123358312876601,0.00857002575929618,0.0379484825326855
"AFUB_097000-T",5487.05072950433,0.513931129454381,0.240217933780132,0.00861078984752178,0.0381115215330991
"AFUB_079570-T",210.652938456863,0.842550209919043,0.544735348547398,0.00861716696104046,0.0381222835062147
"AFUB_027050-T",3373.03431619949,0.369511349475061,0.156703579034975,0.00863244023350275,0.0381723741583998
"AFUB_078390-T",11958.0866278779,-0.354290448689049,0.149525121403937,0.00867066901358561,0.0383238810655371
"AFUB_026750-T",709.754166315619,0.53297008750258,0.255765601986487,0.00867647409644594,0.0383245129063007
"AFUB_090900-T",806.723602001192,-0.530176352535325,0.254683754441167,0.00867874500506995,0.0383245129063007
"AFUB_057060-T",8781.02253625852,-0.354796983182365,0.150180204824068,0.00869060181334913,0.0383514982373522
"AFUB_046550-T",1367.93936338868,0.480003105034828,0.220812490966581,0.00869279457046175,0.0383514982373522
"AFUB_076310-T",1702.91624223911,-0.510352322694543,0.241183722630113,0.00872740154752702,0.0384866060028325
"AFUB_069770-T",13534.7318872991,-0.31547796986792,0.127723640899718,0.00873558788839847,0.0385051323803403
"AFUB_040070-T",7469.38761769232,-0.345282142349502,0.145134999899077,0.00878095012616202,0.0386874327947913
"AFUB_024710-T",16345.3796606283,-0.379362047093346,0.163059151068508,0.00878713200693966,0.0386970234507981
"AFUB_088260-T",8613.5821677672,0.326213080443207,0.135510717183151,0.00880446049860385,0.0387556707687975
"AFUB_085370-T",9.64177408162876,-0.067404272305641,0.353635206283505,0.00883099023576632,0.0388547484781303
"AFUB_078020-T",221.697521073857,0.865036385828083,0.583566187104493,0.00885080899527717,0.0389242223542867
"AFUB_076190-T",1287.33508051091,0.550112052730684,0.269007803220786,0.00890231697876734,0.0391161923089104
"AFUB_023870-T",815.742590809925,0.545688415993641,0.266006391619957,0.00890255711936389,0.0391161923089104
"AFUB_053420-T",5072.83096461434,-0.362332915060648,0.154222680977195,0.00891223854733047,0.0391409312928668
"AFUB_034710-T",578.111348627254,0.666838898201773,0.363252269235427,0.00891671852151631,0.0391428143366154
"AFUB_074410-T",3963.75404503839,-0.349887163726852,0.147974978806646,0.00893464823902627,0.0392037108471716
"AFUB_042960-T",2151.30817784979,-0.447304912429498,0.202496094122703,0.00894288357628631,0.039222034096268
"AFUB_001440-T",15028.6822260163,0.396119678497565,0.172237514708914,0.00897377803289957,0.0393396748429563
"AFUB_096810-T",3275.51071378926,0.409194308659711,0.179914842794031,0.00900067255928662,0.0394356235134145
"AFUB_038300-T",940.759692187347,0.517723065385042,0.247294160753824,0.00900382793113148,0.0394356235134145
"AFUB_056480-T",9725.11324361964,-0.343767581993881,0.145372972211338,0.00901940876201437,0.0394859662250035
"AFUB_079410-T",5286.12200544588,0.382178077661914,0.164926405848643,0.00903793434170792,0.039549149279702
"AFUB_090530-T",648.108591618501,-0.623523295466577,0.329287113034556,0.00907322375881702,0.0396855988943821
"AFUB_062040-T",869.1442928724,-0.527171187590263,0.255252064573371,0.00908488451720405,0.0397119935223419
"AFUB_079360-T",10.6788080724159,-0.0931030336238323,0.36226259391017,0.00908747854252721,0.0397119935223419
"AFUB_026340-T",19010.9822531726,-0.278799594217382,0.111959912450747,0.00914687143742533,0.0399534682768551
"AFUB_028870-T",13889.8243941399,-0.314031230222642,0.130793505360177,0.00916655847389622,0.0400213682669613
"AFUB_010740-T",99.6176820959117,1.05391159575863,1.2721571746069,0.0091905853153936,0.0401081460331224
"AFUB_085700-T",8.86452574246033,-0.0695898631069793,0.354261243656783,0.00919775714182004,0.040121322575289
"AFUB_093110-T",1442.94934772232,0.480894736641572,0.224969978090015,0.00921076791958833,0.040159162349886
"AFUB_005450-T",5253.93545736575,-0.335922038872619,0.141541018988627,0.00921474466256439,0.040159162349886
"AFUB_039630-T",746.912441379326,0.704197964112251,0.402914589895674,0.00925280413090734,0.0403068500959543
"AFUB_058070-T",1184.75012831951,0.493482663059876,0.233323223388711,0.00935538983265488,0.040735365733714
"AFUB_038690-T",7832.70250341621,-0.30707391209035,0.126349240855544,0.00938805962870156,0.0408592036632948
"AFUB_061980-T",4075.67468179298,0.392602950613176,0.171794916545854,0.00939639921591795,0.0408770865484913
"AFUB_051200-T",324.276667890424,0.71013148106847,0.411202805908493,0.00940387597371381,0.0408912014662569
"AFUB_074880-T",32646.5328576839,-0.3754958873876,0.162920921595083,0.00942303179353524,0.0409560653122526
"AFUB_090970-T",3423.51112339662,0.360837010294024,0.154808037046108,0.00945143992691789,0.0410610668048025
"AFUB_025420-T",832.144755488076,0.52857412625935,0.257675183967103,0.00946356807918438,0.0410952785532942
"AFUB_025920-T",2727.55993121693,0.391487721365554,0.171522638236483,0.00948944758981984,0.0411891476248155
"AFUB_038560-T",4492.49229891004,-0.328577390698595,0.138675393428442,0.00949379173745181,0.0411894996709741
"AFUB_031720-T",5105.18201498479,-0.403430810577095,0.178825572292082,0.00950975024443271,0.041240218519618
"AFUB_068200-T",2292.28543867065,-0.416910455775957,0.186638407920003,0.00953808412009085,0.0413445351136464
"AFUB_008250-T",518.962659932207,0.631007288660399,0.338802255269876,0.00954839781455119,0.0413611949165737
"AFUB_002820-T",4720.48917309916,-0.363830042720029,0.152798917144648,0.00955283513465444,0.0413611949165737
"AFUB_002450-T",10203.1196634304,0.324937976457161,0.136604576498868,0.00955476992897874,0.0413611949165737
"AFUB_060610-T",500.356545553391,0.634570110187536,0.342260835819586,0.0095782356269108,0.0414442062817788
"AFUB_093350-T",10691.8018532889,-0.316704920115931,0.132924991548355,0.00960344702165012,0.0415342687916128
"AFUB_088640-T",854.195181496133,0.547690713811521,0.272628733224383,0.00960764756253929,0.0415342687916128
"AFUB_055970-T",577.763508950989,0.569837712046406,0.289257743698912,0.00962013040715525,0.0415696332709902
"AFUB_024260-T",11767.2087732327,-0.311546353783879,0.128154497439875,0.00968587440147821,0.0418350104904258
"AFUB_092940-T",6672.83362134526,0.321839296405385,0.137597302621631,0.00970293608843487,0.0418899769823314
"AFUB_043010-T",2099.34438976632,0.396792295154615,0.175257389584714,0.00972161672253314,0.0419518806490019
"AFUB_101470-T",1880.64983975987,0.420647782148047,0.189072435206702,0.00974483683687271,0.0420333096061893
"AFUB_094200-T",13572.6805902345,-0.317333817540166,0.133597997862147,0.00974927731992774,0.0420336981102819
"AFUB_007100-T",4971.41313788206,0.379329803617108,0.165605600957198,0.00976035025492983,0.0420626691182569
"AFUB_086280-T",636.893497582064,0.68365077426632,0.392334282486095,0.00976931127238928,0.0420825169477598
"AFUB_096820-T",240.515060028162,0.751991387087756,0.464343223587203,0.00978875874259862,0.0421474986501729
"AFUB_026360-T",9555.63926463288,0.32076422636557,0.135707773279264,0.00984525168059106,0.0423677825729893
"AFUB_064450-T",310300.746936202,-0.3126422398248,0.135189839242367,0.00984868967697516,0.0423677825729893
"AFUB_005860-T",1621.82470365945,0.594668554210322,0.310974581714004,0.00986593432922284,0.0424230785442595
"AFUB_018400-T",23833.1639318646,-0.291391358117962,0.117206705807896,0.00991552126909439,0.0426093926810253
"AFUB_085310-T",2066.55748748546,-0.39488506715176,0.17517257408379,0.00991808364102939,0.0426093926810253
"AFUB_026370-T",12169.2644426467,-0.309791508505913,0.127825997071726,0.00994843412852877,0.0427207869110422
"AFUB_015410-T",7583.89312488381,-0.341865216573789,0.146735584566231,0.00996717040063952,0.0427822303025229
"AFUB_029170-T",297905.896932215,-0.305384286382334,0.128148032720118,0.00999097866550795,0.0428653800471305
"AFUB_019520-T",3078.41905410158,0.392895444923676,0.173995353444244,0.0100113365801104,0.0429226115543678
"AFUB_029530-T",37.2135707233822,-0.228892168114275,0.45891443482727,0.0100132029024576,0.0429226115543678
"AFUB_072920-T",6599.44678274555,-0.333352500486156,0.1422112375927,0.0100224581824561,0.0429432332411935
"AFUB_006100-T",2677.53152358251,-0.40705779529109,0.183875707117543,0.0100319006992016,0.0429646385441871
"AFUB_046920-T",750.981682507728,-0.580619236596012,0.294938172424224,0.0100677105274993,0.0430989008049173
"AFUB_058480-T",5697.37252171142,-0.359562558330932,0.15621330626683,0.0101216831192027,0.0433107627536478
"AFUB_069010-T",3699.52949765765,-0.351041383750608,0.151444592801502,0.0101564687397513,0.0434403722724554
"AFUB_026180-T",2731.2307919006,0.423766786851534,0.192468566834673,0.0101837846046017,0.0435282996549606
"AFUB_063070-T",4243.40966246962,-0.395169047837683,0.181619987619259,0.0101860365886841,0.0435282996549606
"AFUB_092290-T",1034.05386785442,0.530961344970473,0.263820337604501,0.0102046559178271,0.043588587744494
"AFUB_073040-T",1582.20530983064,0.505154161761939,0.245276025022925,0.010220251817098,0.0436359138562973
"AFUB_021730-T",17156.1642980554,-0.276451999558825,0.113077077269844,0.0102606048871808,0.0437888535423767
"AFUB_019690-T",10167.0574416807,0.301528879570269,0.126300440461184,0.0102721212152474,0.0438186468793469
"AFUB_040330-T",2536.52003926146,0.429575197240367,0.196181725386618,0.0103028461076426,0.0439303173398246
"AFUB_069150-T",5015.25033369811,0.352078836154404,0.152448466839038,0.0103201117702126,0.0439845257714132
"AFUB_034580-T",986.6213069943,0.522928264001095,0.258856958610314,0.0103290599031422,0.0440032525503349
"AFUB_099360-T",1512.13101312545,0.418939415453253,0.190156420244305,0.0103354510628053,0.0440110745565556
"AFUB_028860-T",9643.64381094454,-0.33835523119807,0.145355802037625,0.0103511762489015,0.0440394442119094
"AFUB_033220-T",11554.8784750012,0.401004410605299,0.179686844879468,0.0103551436852708,0.0440394442119094
"AFUB_037730-T",5045.20855369727,0.355220926074473,0.154255051389162,0.0103564245205544,0.0440394442119094
"AFUB_092600-T",16330.6003235593,-0.307622564415821,0.13078369565192,0.010360345341924,0.0440394442119094
"AFUB_046320-T",1802.18117846376,0.450676716638374,0.209846603684939,0.0103807910667039,0.044101817509966
"AFUB_091870-T",1817.11260632373,-0.428771443017447,0.196656617205878,0.0103841476749299,0.044101817509966
"AFUB_063880-T",3478.426378465,-0.412548984723163,0.187288172297132,0.0104464781447811,0.0443470438641806
"AFUB_002590-T",594.229565730699,0.677466114650897,0.395256384127062,0.0104947550879898,0.0445324214581279
"AFUB_010570-T",1411.74345400429,0.566384614389322,0.293183848420809,0.0105361840653673,0.0446885910621506
"AFUB_052420-T",1787.54119447117,-0.445424278921444,0.207826204412746,0.0105437236041143,0.0447009466708875
"AFUB_015580-T",3051.77106100055,0.427371014660036,0.196050698597559,0.0105735594679966,0.0447982637444796
"AFUB_072790-T",43314.2197422168,-0.304119764865911,0.126628844510244,0.010575951107551,0.0447982637444796
"AFUB_013870-T",4099.60756999897,-0.389832498071403,0.174754577409322,0.0106429001770126,0.0450620953156422
"AFUB_038490-T",2044.80370369551,-0.4319481515038,0.199755061197755,0.0106691131451296,0.0451532944407543
"AFUB_032820-T",11505.8657286625,0.415799852823732,0.189623412289123,0.01073753108828,0.045422953316533
"AFUB_047790-T",374.706649808076,0.652121645959441,0.371252447038995,0.0107547163609442,0.045465005451412
"AFUB_019100-T",25886.7099453909,0.340804322284422,0.147827262527297,0.0107568828878004,0.045465005451412
"AFUB_018500-T",751.391232197441,-0.515592516531298,0.25714369827849,0.0108053194368426,0.0456497579356243
"AFUB_053440-T",16176.8521893304,-0.305606080426679,0.125654583842167,0.0108562972333345,0.0458450803620968
"AFUB_091540-T",7410.0797097394,-0.308540290100022,0.130214914847579,0.0108810599586227,0.0459295768109271
"AFUB_090040-T",1465.90311703223,0.489504212175423,0.237990489691172,0.0108947149945657,0.0459671337456305
"AFUB_054220-T",31980.9264346334,-0.315367978158777,0.135243151134253,0.0109361404324825,0.0461217760186145
"AFUB_026500-T",2851.51212798168,0.368776148534049,0.163105316585351,0.0109458537794791,0.0461426000075597
"AFUB_022540-T",16476.4947983762,-0.319097545462239,0.131927353507224,0.010953793272585,0.046155931356178
"AFUB_005770-T",7115.11023942719,-0.35167035513557,0.154119636833921,0.0109622161672175,0.0461712871001113
"AFUB_025950-T",11141.3443605598,-0.27365635733797,0.114548840909445,0.0109676576983008,0.0461740778566374
"AFUB_089780-T",2683.21836715691,-0.414576635590231,0.190611122013143,0.0109811707690431,0.0462108327397623
"AFUB_022650-T",18792.1438652679,-0.300171498678961,0.122878544818588,0.0110007516716011,0.04627307908185
"AFUB_093500-T",6667.50675792336,0.319130571962826,0.137241884855685,0.0110518661494857,0.0464678549766453
"AFUB_097290-T",1959.19246558483,-0.396082748247663,0.179529544080093,0.0110899863837308,0.0466078505609428
"AFUB_060770-T",597.73842985509,0.566240838796029,0.297642377391359,0.0111408299068943,0.0468011732871358
"AFUB_054800-T",1629.13061558989,-0.447600345033175,0.211630278686092,0.0111626777393498,0.0468725738016503
"AFUB_018710-T",11718.2465807103,0.305068707659605,0.130278863292551,0.0111762364230973,0.0469091209035474
"AFUB_014370-T",11773.0438546546,-0.318748170168946,0.137269072666001,0.0111850002016502,0.0469180165730723
"AFUB_098860-T",4335.63878318293,0.377349975578984,0.168537242315918,0.0111880677069301,0.0469180165730723
"AFUB_054690-T",806.795636784054,0.511020428829732,0.255256284318233,0.0112275044796763,0.0470629710553719
"AFUB_054560-T",7246.02207213027,0.378182882231413,0.169127196258817,0.0112357913432162,0.0470772835898328
"AFUB_054850-T",1407.27374950478,0.509173691794235,0.25671417144919,0.0112885622642113,0.0472778884251452
"AFUB_068400-T",111.596091359405,0.924119959846642,0.991621816936879,0.0113096361743265,0.0473456259602872
"AFUB_008260-T",17243.8104896961,-0.305308665444917,0.134078801036005,0.011314760421518,0.047346563530839
"AFUB_040290-T",7390.97256643386,-0.320202535765411,0.136091063263767,0.0113556871890807,0.0474972509181374
"AFUB_027270-T",49614.9570678648,0.333019152188919,0.146252686199885,0.0113862675390794,0.0476045508276006
"AFUB_089400-T",14301.7177986614,-0.312311875233839,0.131569927199612,0.0113970996357692,0.0476292286681668
"AFUB_089250-T",2444.65982623896,0.393418676492343,0.178400483515464,0.0114425732812149,0.0477985918906606
"AFUB_059350-T",1815.30994570271,-0.456735957358054,0.218992856392371,0.0114839358997125,0.0479196769926348
"AFUB_020890-T",877.533095614656,0.543102931502043,0.28095372999393,0.0114842141792187,0.0479196769926348
"AFUB_098510-T",8586.25852379297,-0.336776072207072,0.147371789402897,0.0114879821890376,0.0479196769926348
"AFUB_017790-T",3469.03173716479,0.406185199337112,0.186297108469622,0.011491398425992,0.0479196769926348
"AFUB_083510-T",14805.8615726528,-0.314733940207232,0.14037235776254,0.0115005273954489,0.0479370559511765
"AFUB_051640-T",3599.23497382234,-0.372117792462317,0.166914303639613,0.0115213379617455,0.0480010962095877
"AFUB_051890-T",3567.72742017876,-0.368794481504085,0.164866298496903,0.0115258272827824,0.0480010962095877
"AFUB_082780-T",6917.97718729724,-0.388036113930988,0.176354847074836,0.0115763018327669,0.0481825825206395
"AFUB_101740-T",5685.21845904488,0.325231096852602,0.141176435142129,0.0115793786600005,0.0481825825206395
"AFUB_045630-T",106.023330457826,0.879819327008649,1.42199128816126,0.0115999841459718,0.0482475449067496
"AFUB_083070-T",933.925317413864,0.479545261890415,0.235036509131787,0.0116168642178028,0.0482969630259942
"AFUB_033580-T",148.593111182156,-0.853650652858592,0.719574943078381,0.0116533490253681,0.0484278100142394
"AFUB_050820-T",7909.85588176752,-0.297648257426455,0.126126155351738,0.0117076050138264,0.0486323644211481
"AFUB_046270-T",115.036225509435,-0.08215637638712,0.358144058854782,0.0117509210603834,0.0487913189881499
"AFUB_047380-T",3080.37280104931,0.387687490405303,0.176263128326063,0.0117640996494979,0.0488250561913441
"AFUB_062950-T",12800.0853299961,0.298954906317436,0.128121160307266,0.0117935814096977,0.0489263991328894
"AFUB_017300-T",5288.84047001965,0.374557295228248,0.168664460259902,0.0118007352742048,0.0489350661885696
"AFUB_027340-T",752.410053484619,0.526605692243718,0.269826319609134,0.0118088207046382,0.0489475871506709
"AFUB_098720-T",11262.6041335693,-0.305193711958025,0.132013119940197,0.011820198177395,0.0489737370454504
"AFUB_031220-T",5189.14355640447,-0.367046458485921,0.158282579691809,0.0118441449689914,0.0490519197129855
"AFUB_016260-T",1128.10986293816,0.519636282620055,0.265336980781581,0.0119151515605678,0.0493149630033392
"AFUB_088210-T",2891.14652989847,-0.422293885941041,0.19811494950355,0.011917867792672,0.0493149630033392
"AFUB_022750-T",560.131289281785,0.614448511027176,0.347122599832716,0.0119282320772805,0.0493367201758066
"AFUB_072690-T",2075.62031822601,0.387593403962808,0.176472142283319,0.0119530280941652,0.0494134921649664
"AFUB_001290-T",4402.56252529718,-0.331258017346157,0.145440262071312,0.0119570218051844,0.0494134921649664
"AFUB_075160-T",6932.11366767216,-0.407111028068511,0.188931717853463,0.0119633001809386,0.0494183011322055
"AFUB_096390-T",17796.0392507862,-0.408696471152848,0.190796418382056,0.0120004598258386,0.0495506165971167
"AFUB_017950-T",1213.4777308609,-0.484192722791494,0.240563113260174,0.0120280470688218,0.0496433108837917
"AFUB_041750-T",871.315095341539,0.575588374464357,0.312482989676757,0.0120456354564777,0.0496946753973046
"AFUB_037910-T",1432.24852575611,0.465059842779036,0.22704225196925,0.0120553999535936,0.0497137321176362
"AFUB_081530-T",216.787811297683,0.713398704425537,0.459436689553479,0.0120646073068803,0.049730476023497
"AFUB_001360-T",604.01479858169,0.667319891510513,0.405616171389407,0.0120795298378318,0.0497707536431262
