"","baseMean","log2FoldChange","lfcSE","pvalue","padj"
"AFUB_063960-T",39002.9754331676,-3.57197418116734,0.109757973487635,1.35423378209567e-233,1.16748494354467e-229
"AFUB_090430-T",6233.99669474635,-2.88476366153334,0.115528017290984,8.05180046253351e-139,3.47072858937507e-135
"AFUB_047590-T",3418.98928352592,-3.04671328081715,0.128190955405329,3.76518059090459e-126,1.08198739580628e-122
"AFUB_017380-T",13754.1742195083,-3.39412650214499,0.16189519426435,1.7376940972451e-99,3.7451652030875e-96
"AFUB_006090-T",23059.9367882762,-2.61392215407276,0.127631014599949,1.78168039088059e-94,3.07197332995631e-91
"AFUB_030790-T",78466.947965745,-2.59821827028757,0.132972936175022,3.37433947163811e-86,4.84836343083203e-83
"AFUB_084150-T",40904.1285061971,-2.69018856088518,0.15552263619331,2.65882349187151e-68,3.27453104620347e-65
"AFUB_003560-T",5943.02162328246,-3.23891852278542,0.188663569602367,2.49173914118115e-67,2.68516039201533e-64
"AFUB_099400-T",30342.0945629893,-2.8834854106855,0.174709110393262,1.82134426036545e-62,1.74464542984562e-59
"AFUB_041100-T",163850.846422207,-1.46034593168857,0.110503742977583,4.42399227744164e-41,3.81392374238243e-38
"AFUB_093140-T",7740.48840721402,-1.97112716618348,0.156098342952681,9.25827499392756e-38,7.25596261114995e-35
"AFUB_011820-T",34950.9347702488,-1.3844188348296,0.109595806013844,1.05343289057776e-37,7.56803745805906e-35
"AFUB_003610-T",2447.33635162928,-4.4027457513057,0.37773056683146,1.05249068156085e-32,6.97963243518163e-30
"AFUB_047580-T",2308.37667800511,-2.7708626849542,0.243017785501798,2.14174631240375e-31,1.31885678280234e-28
"AFUB_065820-T",34571.3697919193,-1.15562350258859,0.103113176250368,3.32908814170029e-30,1.91333792463988e-27
"AFUB_090280-T",1876.90283637751,-1.71846162963926,0.154317035004357,5.40448697259122e-30,2.91200513691931e-27
"AFUB_019790-T",14749.1295780087,-1.25273422896816,0.116213392895368,3.50453929321822e-28,1.77721372040201e-25
"AFUB_088610-T",5834.20949092711,-1.55665130385614,0.148364792617653,6.25206960228189e-27,2.9943940022929e-24
"AFUB_057560-T",1287.02486995787,-2.18231446929392,0.210632603582727,2.1217266139143e-26,9.26290669699522e-24
"AFUB_098170-T",60328.9818394762,-1.91497197705842,0.184705482108591,2.14891699269115e-26,9.26290669699522e-24
"AFUB_015800-T",9464.71118089071,-1.27469883252495,0.122759221240909,2.3425775332508e-26,9.61683853055006e-24
"AFUB_003250-T",11023.1796295223,-1.21008812195197,0.119422449327161,3.24976597590986e-25,1.27346511265086e-22
"AFUB_070260-T",32774.8547333365,-0.86979686418487,0.0866742498614848,1.77617620780717e-24,6.65757177717634e-22
"AFUB_021050-T",27541.234220819,2.77117997179337,0.280651165067774,3.36997804260265e-24,1.21052419605323e-21
"AFUB_019090-T",12506.1292493122,-1.19861135039422,0.121221643501906,3.85287876863247e-24,1.31875849454721e-21
"AFUB_093620-T",15764.2735052095,-1.13777952724335,0.115006146076406,3.97723243918657e-24,1.31875849454721e-21
"AFUB_099390-T",3772.834853394,-1.3128408223033,0.135117796788228,1.98343044913475e-23,6.33301996370025e-21
"AFUB_100430-T",2956.84925219228,-1.61616763839187,0.170185563772403,1.42153898462239e-22,4.37681699515343e-20
"AFUB_092660-T",25088.1201520425,0.947719840794121,0.102588384352371,3.00694316095386e-21,8.93891620364939e-19
"AFUB_073440-T",11492.7207620295,-1.71313026306107,0.18766948797546,5.79495099937888e-21,1.66527575218818e-18
"AFUB_090110-T",10786.8459644924,-1.67055567194665,0.184561992970383,8.98253445876575e-21,2.49801385706515e-18
"AFUB_083470-T",17139.8594452996,-0.867397774272787,0.0950671865085692,1.5049861965313e-20,4.0545268750926e-18
"AFUB_087120-T",2105.86170229738,-1.78674991014155,0.201735604597863,4.97992579901555e-20,1.30096788828221e-17
"AFUB_085360-T",1020.46994237456,-2.9500997010757,0.337839713957372,1.2495635746766e-19,3.09647925986635e-17
"AFUB_089270-T",20125.7830996328,-1.39502724238365,0.158938813346407,1.25712532299411e-19,3.09647925986635e-17
"AFUB_000610-T",3029.53544768925,-1.84800466677321,0.211390499175425,1.39617400985738e-19,3.30300893301633e-17
"AFUB_070850-T",5203.80854069785,-1.22292388579834,0.139399124178378,1.41760040043619e-19,3.30300893301633e-17
"AFUB_047810-T",1153.10728071436,1.68161233534022,0.192354704101622,1.54895892923248e-19,3.51409866550348e-17
"AFUB_045800-T",4641.17020599926,-2.93469446572597,0.337183393319928,1.60971863865788e-19,3.5583036881717e-17
"AFUB_030800-T",3168.94414724514,-1.85610911412349,0.215966555177571,4.82162467405054e-19,1.03918065787474e-16
"AFUB_023180-T",32998.6886528498,-1.16174949265109,0.135484137790606,7.82200304101696e-19,1.6447192247953e-16
"AFUB_001050-T",20521.6314148788,-0.608059063719901,0.0701231915052056,8.51333900541961e-19,1.74746418013625e-16
"AFUB_013890-T",20171.6231170445,-1.25415352367072,0.149353003803377,4.68169042624283e-18,9.38624492200918e-16
"AFUB_018340-T",30894.9609923535,-1.84453237846577,0.223056638380443,8.00320700539663e-18,1.56808289985283e-15
"AFUB_050370-T",14924.8464096676,-1.20927191956306,0.146064826313244,1.03300154521616e-17,1.97900140473522e-15
"AFUB_010910-T",22403.2132044163,1.03137046083513,0.124913937994624,1.17724649854689e-17,2.20631349216799e-15
"AFUB_070460-T",10868.6417344614,-2.36614585675063,0.289157372981984,1.25649808703811e-17,2.30473829965012e-15
"AFUB_047350-T",2187.69577382595,-1.26425419274953,0.153521135041505,1.3764062083018e-17,2.47208290036871e-15
"AFUB_067530-T",36340.8518357947,1.8468507584061,0.226698220108594,1.71648229327935e-17,3.01995792864515e-15
"AFUB_049210-T",424.213172429827,-3.09025686347344,0.379792031402506,1.97980662012534e-17,3.4135825744201e-15
"AFUB_042790-T",16998.4271677593,-1.18611011621905,0.146541260170296,4.61425613226048e-17,7.79990237572895e-15
"AFUB_080970-T",1226.70866662743,-1.97372812175966,0.245248966179151,4.82840067489801e-17,8.00493119582611e-15
"AFUB_091940-T",10535.6488373956,1.23573213351828,0.153898861119672,4.94525673506663e-17,8.04397326660554e-15
"AFUB_007880-T",1553.77693500243,-1.1296550873658,0.143903911013188,2.10736443508661e-16,3.36436829534846e-14
"AFUB_039980-T",1217.96296116827,-2.73774590763443,0.351339484547166,3.28549199061127e-16,5.14985935473814e-14
"AFUB_084050-T",6406.07161566052,1.91927848977274,0.246425844372993,4.61080363096177e-16,7.0981675183074e-14
"AFUB_049120-T",9928.59644231893,-1.00912684723934,0.129505794340381,9.86681695621243e-16,1.49231278911416e-13
"AFUB_073360-T",3502.75855937919,1.49344953287262,0.195547232732151,1.5635819299413e-15,2.32407583069379e-13
"AFUB_044960-T",654.080043689481,-1.72402759958374,0.226712628639136,1.74928094940111e-15,2.55602560420118e-13
"AFUB_041670-T",1510.9770441082,2.34885163153223,0.310080374645484,1.91444706743866e-15,2.75074136139812e-13
"AFUB_024580-T",45950.3335300007,-0.890135524658215,0.117175528392477,3.52099778543783e-15,4.97615113250156e-13
"AFUB_094350-T",9027.15265813638,-1.08525537387881,0.144677732490592,5.41633322917246e-15,7.50620886904095e-13
"AFUB_088080-T",5814.77101961674,-0.812977053641805,0.106558643743132,5.48533996925623e-15,7.50620886904095e-13
"AFUB_021350-T",3796.43945048934,-0.809960683012505,0.107638135812002,7.09594796419859e-15,9.55846365614938e-13
"AFUB_039210-T",28902.299575457,-0.912330538042779,0.122130807833908,9.06221775153039e-15,1.20192891132221e-12
"AFUB_062080-T",488.398711346969,-1.68116559830821,0.229176962029934,1.3851041298774e-14,1.80923980358683e-12
"AFUB_053680-T",16041.5765144709,-0.752124045978092,0.101154088394383,1.4665064719093e-14,1.88697795437762e-12
"AFUB_013960-T",5171.307462259,-0.965771730625924,0.132167918174903,2.84719055490665e-14,3.58094537609007e-12
"AFUB_000690-T",3723.45514380621,-2.39410430619118,0.332017668513233,2.86608549994449e-14,3.58094537609007e-12
"AFUB_051820-T",11402.2421998111,-1.5448006742139,0.213737064608329,3.1362358838715e-14,3.82996182648361e-12
"AFUB_020790-T",16230.1671114366,0.814671458076403,0.111094620390898,3.15424300754363e-14,3.82996182648361e-12
"AFUB_039550-T",26854.7707489924,-1.27285035755937,0.176437504349894,4.0105680519384e-14,4.80209821885568e-12
"AFUB_047440-T",13136.7098523303,1.02317861590897,0.143073114122421,6.73791936848063e-14,7.95720587337966e-12
"AFUB_040480-T",4621.09298955514,-1.13438667235887,0.158640035952303,7.42397000294982e-14,8.64892505343654e-12
"AFUB_018780-T",6005.2688593703,-1.19272670061041,0.167130444090311,7.76558950886351e-14,8.92628628745498e-12
"AFUB_090100-T",3702.96647713531,-1.1596820705207,0.164130600613246,1.33957664738887e-13,1.51953819436046e-11
"AFUB_010620-T",26439.1487800547,1.06377078205904,0.154926885593806,2.589817387389e-13,2.89958645411436e-11
"AFUB_018960-T",5735.02020642383,-0.98971090850596,0.141784749541761,2.89067662000301e-13,3.19493886423666e-11
"AFUB_032440-T",3564.45058867387,0.826320872547808,0.119441569756297,6.28565401693521e-13,6.85931940253144e-11
"AFUB_032790-T",11699.1124799636,-0.675192006389321,0.0971918109941258,6.81985265571743e-13,7.34924371811749e-11
"AFUB_064390-T",109809.723381453,-0.736481800752622,0.106466831655712,7.09724239514893e-13,7.53647759022304e-11
"AFUB_031740-T",10378.4994347336,-1.51550996724685,0.222441489047661,7.16843942000104e-13,7.53647759022304e-11
"AFUB_065590-T",3207.6817343868,1.09591130741941,0.161360625513432,8.80379147452878e-13,9.14427545806176e-11
"AFUB_033620-T",368.281402680379,-5.96830204910528,0.894786453785548,9.93555272191606e-13,1.00929553977051e-10
"AFUB_036820-T",2702.4899160656,-0.801733681228324,0.117032447647109,9.95129577548934e-13,1.00929553977051e-10
"AFUB_059860-T",23676.373630476,-1.03916549180008,0.153073299278931,1.05210312903586e-12,1.05467221807188e-10
"AFUB_042820-T",18662.5375674257,-0.764645176525918,0.112144143378739,1.47200516457875e-12,1.45863868090039e-10
"AFUB_010850-T",56026.3531162434,-0.570522007563775,0.0832084178054305,1.6718842885574e-12,1.63787664223333e-10
"AFUB_035240-T",14113.8471191853,-0.789418718518113,0.116480245548635,1.69318249878227e-12,1.64010408112381e-10
"AFUB_022630-T",22914.4597231578,-0.648776509640597,0.0953615448335592,1.95348162318697e-12,1.87121834149943e-10
"AFUB_072320-T",14422.1211347196,-0.936539272597318,0.139631587375927,2.02978646556277e-12,1.92294385929853e-10
"AFUB_091650-T",18127.5633909099,-1.16178549270852,0.173243262254199,2.10141907526902e-12,1.96916672259719e-10
"AFUB_009620-T",10257.7177121882,-0.753773418881357,0.111825382003413,2.32733447698358e-12,2.15741403506188e-10
"AFUB_025900-T",24960.9793846284,0.914687438832525,0.136611357432325,2.44349350586398e-12,2.24099548021844e-10
"AFUB_094170-T",16574.0691069096,-0.905915910793426,0.136707079203538,3.05237607832253e-12,2.76995096539142e-10
"AFUB_039270-T",9984.97772493098,-1.02206668105909,0.153633477396376,3.57758337686264e-12,3.21274440540967e-10
"AFUB_068990-T",4904.83109344368,-0.783291367862532,0.118430909868079,3.84177076497455e-12,3.41442327472635e-10
"AFUB_013880-T",53240.7242889821,-1.77332445873984,0.271798716029148,3.97311560510633e-12,3.49512547261446e-10
"AFUB_068010-T",3076.36944234458,1.51072881234709,0.231383601307388,4.52859514207458e-12,3.94353724442677e-10
"AFUB_051760-T",14950.2626164178,-0.62530764621421,0.0938968837195756,5.56002797029231e-12,4.793300113189e-10
"AFUB_101670-T",2636.53136636383,-1.54766806670406,0.238748277826568,5.72244638185524e-12,4.88447626316574e-10
"AFUB_034560-T",5309.26739530766,-1.64903726316071,0.258213866270541,1.03487769693115e-11,8.74674571102299e-10
"AFUB_090030-T",7689.44438205127,1.28223306511596,0.201106214183851,1.42932380926763e-11,1.19633015142682e-09
"AFUB_056780-T",10002.547562346,0.638787488816865,0.0979960118781672,1.46145340041117e-11,1.21146055432161e-09
"AFUB_078970-T",6096.19106894737,-1.44397383522327,0.227596721799835,1.49647117745389e-11,1.2286740972219e-09
"AFUB_051830-T",483.06539699253,-2.22644840467794,0.355767232196383,2.01721890657031e-11,1.64060794278704e-09
"AFUB_056240-T",13322.7275959467,-0.609595334175765,0.0946552494183657,2.15323994083597e-11,1.73486743270532e-09
"AFUB_001490-T",1376.27294672312,1.60868365263937,0.259196277246725,3.25784187582879e-11,2.60054211217778e-09
"AFUB_046050-T",24256.263354575,-1.01342063946987,0.159502547247406,3.4298434097783e-11,2.71272293905493e-09
"AFUB_070190-T",25424.0699129549,-1.06479578945252,0.168087058612328,4.07035777881896e-11,3.19005040101802e-09
"AFUB_038700-T",1626.64321294353,1.12237400588109,0.180042784448426,4.12845876111281e-11,3.20643630446428e-09
"AFUB_091270-T",27978.5566888561,-0.701557155315544,0.111597323055016,5.29184967910904e-11,4.07330679317848e-09
"AFUB_089990-T",7874.33781830713,-0.6205945174688,0.0984921347658292,5.3530345155586e-11,4.08393898748944e-09
"AFUB_045140-T",636.182757840201,3.11870210111281,0.515581175048154,6.92117089348368e-11,5.23398370813358e-09
"AFUB_094470-T",24174.3337021947,0.997610101511087,0.163158112589666,7.44819313176138e-11,5.58355417294912e-09
"AFUB_021710-T",16398.376090535,-0.564599618726677,0.0893311028775244,7.59514033626546e-11,5.64462972749522e-09
"AFUB_049200-T",16651.7232056916,-2.54122806945175,0.42563980408003,8.36591204861798e-11,6.16431861291757e-09
"AFUB_038040-T",3427.32511357951,0.571660032400124,0.0914908339533315,9.95819121169323e-11,7.27538698610232e-09
"AFUB_088930-T",607.670467005797,0.746575930739196,0.120924582596005,1.01341260430661e-10,7.34170593422464e-09
"AFUB_051400-T",2985.15025282392,-0.849238082954949,0.138590496437443,1.08614687684967e-10,7.80306018776749e-09
"AFUB_010980-T",3681.2273741541,1.10488118497504,0.182085646763051,1.16135644603749e-10,8.2744247283382e-09
"AFUB_032200-T",31045.2290585733,-0.9235859316104,0.151730801571376,1.22590519338288e-10,8.66272841979817e-09
"AFUB_039990-T",2892.96734465466,-1.98066296543601,0.332696269912208,1.38208683498359e-10,9.68696797105167e-09
"AFUB_080860-T",9131.3179810631,-0.703052563563998,0.114642846645147,1.40076055104855e-10,9.73867476660444e-09
"AFUB_035460-T",4843.4433767458,1.39156721426069,0.232877990150541,1.47764071991089e-10,1.01909925170814e-08
"AFUB_068340-T",9936.39477561794,0.673230052033939,0.109628246065235,1.55699844437304e-10,1.06530822134444e-08
"AFUB_082360-T",6517.23022932414,-1.03131525640738,0.171118567693451,1.59126019511481e-10,1.07065310347815e-08
"AFUB_072430-T",4290.65865324182,0.570258111072498,0.0923726092794212,1.59893644022408e-10,1.07065310347815e-08
"AFUB_064180-T",18843.5145642671,-1.08201490356106,0.179912802315323,1.60206762961003e-10,1.07065310347815e-08
"AFUB_053820-T",3250.23375433665,0.65397134283523,0.107032658285279,1.88456365382735e-10,1.24975563535736e-08
"AFUB_036860-T",15750.1993215331,1.12365959352159,0.189029294130915,2.43406723644585e-10,1.60183920957249e-08
"AFUB_019560-T",22050.5711385911,-0.453736635320297,0.0736759123470369,2.47173164822046e-10,1.61430291964459e-08
"AFUB_011360-T",1131.09919724058,0.97235717259369,0.162948945456949,2.53805790644835e-10,1.64515768507453e-08
"AFUB_002030-T",993.365991831043,-1.62983430082575,0.278974210082188,3.07575524862181e-10,1.97444821247537e-08
"AFUB_005690-T",24313.3928546842,1.03437071334381,0.174604229204898,3.09187459325107e-10,1.97444821247537e-08
"AFUB_043270-T",4538.39734496918,-1.27323847817663,0.217047152954534,3.29580366677653e-10,2.08223776760296e-08
"AFUB_055530-T",7762.70543255091,-0.801840364358561,0.134537690064145,3.30897313724168e-10,2.08223776760296e-08
"AFUB_013950-T",24489.0266125825,1.15533077414826,0.196353723399902,3.48666339306984e-10,2.17815399359819e-08
"AFUB_040690-T",6542.46400508701,-0.482155206832464,0.0791881634589313,3.53935908623496e-10,2.19516652391594e-08
"AFUB_064010-T",9313.10109732404,-0.93258280079618,0.158058839007982,3.84858756006261e-10,2.36990523966427e-08
"AFUB_003150-T",17026.849253669,-0.593198832237848,0.0989957863349077,4.31000947184099e-10,2.63521926643555e-08
"AFUB_051190-T",5025.73163510052,-1.29263931084325,0.222492047055653,4.53450179277026e-10,2.75295351799101e-08
"AFUB_064950-T",24976.5486341356,0.645274082261564,0.107825356043901,4.60140436083462e-10,2.76672540522147e-08
"AFUB_071210-T",1138.3872347772,-1.13398331971753,0.194495974809864,4.62137174749903e-10,2.76672540522147e-08
"AFUB_028410-T",1530.88308810656,-1.76333716174965,0.306258869473319,4.83335069707276e-10,2.87367699030788e-08
"AFUB_021100-T",9984.57342547779,-1.00262295826949,0.171182824956539,5.34787666809482e-10,3.15781128463325e-08
"AFUB_003510-T",8701.19707019991,0.801294927650036,0.136195096733175,5.43777183912775e-10,3.18904972960002e-08
"AFUB_090300-T",8991.83577781418,-0.718528703592872,0.121910216832587,5.70436283719863e-10,3.3227913526682e-08
"AFUB_074120-T",70500.1666383448,-1.97017783249924,0.350086503859672,5.81173043373827e-10,3.36261262209783e-08
"AFUB_019720-T",9292.52126212502,-1.09508186356305,0.186866318032824,5.91371071716775e-10,3.39880667284688e-08
"AFUB_086320-T",1333.41478445712,1.98470326731223,0.346470134161445,6.11251388735217e-10,3.48980014720947e-08
"AFUB_036930-T",13062.2171752449,-0.642172220742352,0.10599147871531,6.58230346689967e-10,3.73329198606198e-08
"AFUB_015260-T",14947.860651121,1.39837883281489,0.242437472779123,6.64568365091269e-10,3.7446038401646e-08
"AFUB_055620-T",13338.6016193207,0.992490180339183,0.172317688782398,7.30653397676263e-10,4.09023567621238e-08
"AFUB_053890-T",57259.0732129067,1.10080235535421,0.197637316722043,7.48257243573973e-10,4.15645203528344e-08
"AFUB_032170-T",13088.646263647,-0.83282584866268,0.143202328245894,7.52124483823473e-10,4.15645203528344e-08
"AFUB_030960-T",17195.952777607,0.627748890418709,0.106481312682884,7.86582635962251e-10,4.31919038511501e-08
"AFUB_042970-T",15339.3050539928,-0.666160423717565,0.113978352249726,9.63559547389679e-10,5.25749801142179e-08
"AFUB_052290-T",7740.0666597719,1.16530923397939,0.204994825458222,1.08624962776448e-09,5.8610993670191e-08
"AFUB_029520-T",2639.57783452993,-0.822316116874581,0.142850729745491,1.08778088240698e-09,5.8610993670191e-08
"AFUB_067760-T",11522.6049060589,-1.03787168762023,0.181838891933861,1.21266412765529e-09,6.49340213945107e-08
"AFUB_073570-T",1227.38722793872,-0.932641914726447,0.163575852380815,1.2436059747998e-09,6.61797969675871e-08
"AFUB_065870-T",6732.39807876198,-0.571254538007934,0.0968721821085451,1.31954209315953e-09,6.97900146326888e-08
"AFUB_066070-T",8522.30870747322,-0.93816652676124,0.165737302239089,1.52986735739815e-09,8.0137297953777e-08
"AFUB_034810-T",37429.5482714269,-0.643467460096765,0.111198809255471,1.53377266701928e-09,8.0137297953777e-08
"AFUB_082100-T",12859.2835796498,0.829301782212302,0.145523176486152,1.54716582296559e-09,8.03500997577489e-08
"AFUB_101680-T",433.505403600862,-1.88507929026837,0.341033244024701,1.77035546341564e-09,9.13906254497378e-08
"AFUB_078660-T",27533.4985074282,1.54989913850571,0.275745961440627,1.86470905211083e-09,9.56884329657589e-08
"AFUB_020080-T",1452.10884349738,-1.22255656125607,0.219459821978879,1.92590741507739e-09,9.82440699726758e-08
"AFUB_098300-T",936.720277626359,-1.29077289145618,0.23245760844688,2.02916114148717e-09,1.02902342357417e-07
"AFUB_102080-T",1383.45302011801,-1.83187369851913,0.333260499055349,2.08360662915074e-09,1.05045454677828e-07
"AFUB_013540-T",2026.52177231412,-1.11114139449882,0.200142605912245,2.36734668953041e-09,1.1865637099094e-07
"AFUB_093820-T",2049.37588935531,1.12455841054153,0.203324950625172,2.71593729032757e-09,1.35341591791411e-07
"AFUB_001720-T",16251.5897571994,-0.582662103569935,0.102187759039453,2.77793752132849e-09,1.37635628571109e-07
"AFUB_094480-T",29095.4038773686,0.737646800567822,0.131290719241456,2.93362594275698e-09,1.44518795728617e-07
"AFUB_007470-T",6800.94355564096,-0.681888660833339,0.122771607982861,2.95670141743708e-09,1.44827971134802e-07
"AFUB_039610-T",9836.8877928834,-0.689624057816093,0.122644400746544,3.0724228829844e-09,1.49646088554851e-07
"AFUB_005840-T",14940.6910198811,1.35239190474787,0.246534027022758,3.30432709518668e-09,1.59686114711344e-07
"AFUB_064830-T",69740.3428805534,1.00018993165181,0.180263162883367,3.31560312415387e-09,1.59686114711344e-07
"AFUB_023440-T",24546.3258219238,0.996218384436396,0.180976603453837,3.61864876300246e-09,1.73313172143579e-07
"AFUB_053330-T",8033.38345496393,-0.72093064943221,0.129267989491527,3.76504097768196e-09,1.78928169111589e-07
"AFUB_088490-T",16268.9398561504,-0.447116680799351,0.0781421802774867,3.77739552004514e-09,1.78928169111589e-07
"AFUB_004200-T",1905.12089747033,-1.50472166947568,0.278420622177606,4.1690459479441e-09,1.96400792990307e-07
"AFUB_095510-T",1942.05100457669,-1.22295929453043,0.225204688980105,4.22743860365279e-09,1.98069283707015e-07
"AFUB_004350-T",26945.4437410854,-0.755295588651443,0.136606610723984,4.58433660011603e-09,2.13630085565407e-07
"AFUB_005320-T",22011.1583398457,-0.67513645268904,0.121495917050954,4.80016395353908e-09,2.22485018513228e-07
"AFUB_008520-T",30492.371159905,1.2362918417765,0.229734208531269,5.02836480451828e-09,2.31815684383701e-07
"AFUB_021070-T",15772.328233483,-0.979782292117857,0.180117374204573,5.2204350408892e-09,2.39390268550563e-07
"AFUB_009640-T",566.367537535672,-1.36948664342679,0.25497424147652,5.32131374668287e-09,2.4272511010663e-07
"AFUB_082410-T",3932.08884120854,1.11449756442237,0.205674021398915,5.42661018685275e-09,2.46225296951882e-07
"AFUB_008800-T",4900.92973812523,0.759286304573997,0.138412690110413,5.9243347261442e-09,2.67401516618268e-07
"AFUB_052010-T",35545.3366472511,0.920346674534745,0.170657304342038,6.05533529272465e-09,2.7145457050761e-07
"AFUB_010360-T",11411.8370212231,-0.528242899246975,0.094849431726838,6.07710614870301e-09,2.7145457050761e-07
"AFUB_032220-T",555.711787360338,-2.19682747761724,0.415881104742413,6.37484116840732e-09,2.83286111921853e-07
"AFUB_093300-T",3399.27436352554,0.619664074234915,0.111988392312052,6.44235456016019e-09,2.84818146990467e-07
"AFUB_090090-T",1642.44660794239,-1.15256538216431,0.215204375948948,6.89929633310837e-09,3.03463437182282e-07
"AFUB_088410-T",29302.1877334193,-0.535685379456265,0.0959577702305734,6.9354308836455e-09,3.03504312933542e-07
"AFUB_078570-T",8444.41365152243,-0.648019753247897,0.117957461513498,7.31773123894483e-09,3.18616974802744e-07
"AFUB_026240-T",32864.5703814592,1.35592799248019,0.255194770009534,7.90167784164641e-09,3.41189601935471e-07
"AFUB_081740-T",2590.61859298203,-2.192172705533,0.418355437292383,7.91531381360564e-09,3.41189601935471e-07
"AFUB_045020-T",8496.21178126301,-0.839802112615275,0.156643547154652,8.37104901337433e-09,3.59038873354727e-07
"AFUB_016170-T",22830.2474734251,-0.818964005745384,0.153728823453148,9.29985474587749e-09,3.96901226555494e-07
"AFUB_029460-T",7769.55183269037,-0.942677202668663,0.175517782150512,1.00084820127873e-08,4.25040016907583e-07
"AFUB_021500-T",2066.22059834738,-1.15574818732179,0.21901198849484,1.04417136038516e-08,4.41264769503943e-07
"AFUB_083600-T",26164.1427919544,-0.572258385943484,0.104766450720825,1.08203129378265e-08,4.55033745546353e-07
"AFUB_032040-T",23596.0219011215,0.927510242877265,0.173613184368834,1.14216164291714e-08,4.77989103086828e-07
"AFUB_082920-T",5945.19434110535,-0.716160286924261,0.133406914417814,1.23828593548622e-08,5.15713190812884e-07
"AFUB_064350-T",10779.7298396248,-0.551884880165674,0.101529495474777,1.3160678492754e-08,5.45472160029e-07
"AFUB_047360-T",805.624499806399,-1.43731616077335,0.277041820397065,1.36263427864683e-08,5.62070340488723e-07
"AFUB_000340-T",1379.09185766372,-1.5726407015492,0.30459860003853,1.37377265131738e-08,5.63966382238436e-07
"AFUB_088150-T",1594.96879322408,-1.35726544714493,0.261435126642658,1.40355349729304e-08,5.73461360197315e-07
"AFUB_089440-T",5536.84175109755,-0.701557188648516,0.131127051581747,1.42203785407786e-08,5.78273034905908e-07
"AFUB_009990-T",2142.56050593171,0.840338208121589,0.158934220709429,1.50989175642825e-08,6.11116283200373e-07
"AFUB_030880-T",4043.75441814898,0.820682813903495,0.155594858238789,1.65089150251112e-08,6.65062413231234e-07
"AFUB_088970-T",2489.1797015175,0.720583000442783,0.13567521009796,1.70775953558537e-08,6.84771858431695e-07
"AFUB_042280-T",13303.4858969295,1.22965914362859,0.239009520222427,1.76102203054789e-08,7.00412452126299e-07
"AFUB_059180-T",10306.0820423613,-0.481162644800954,0.0878267642029497,1.76301475596111e-08,7.00412452126299e-07
"AFUB_053960-T",14570.842991061,-0.40055066670718,0.0733313332911098,1.86733339016917e-08,7.38453264066442e-07
"AFUB_087290-T",1286.91403510423,-2.89255254216204,0.572593681632967,1.89001179150418e-08,7.44008751349661e-07
"AFUB_024000-T",5684.06755908621,1.04605324962016,0.201498082179055,1.91734317424255e-08,7.51337068415683e-07
"AFUB_006440-T",16370.0895419289,-0.515763529980514,0.0976990901982675,1.99625035476195e-08,7.78718294497862e-07
"AFUB_065930-T",10946.5981915706,-0.489684265356727,0.0909832526016363,2.20830824292259e-08,8.57559701001606e-07
"AFUB_029490-T",18462.9403717168,0.733010816156232,0.139080631809819,2.24219244564979e-08,8.66813501073849e-07
"AFUB_046580-T",7461.19494970954,1.39948461079955,0.273884254855673,2.34663797207878e-08,9.03141337379071e-07
"AFUB_006540-T",2881.55420704237,-0.755555046659817,0.144497905948952,2.43427824978262e-08,9.32707235172265e-07
"AFUB_049700-T",412.610928832857,-4.06016681637633,0.815977373167737,2.4685371118972e-08,9.41648603613529e-07
"AFUB_078050-T",8249.86285248579,0.814808151956017,0.155445067200961,2.51361500945451e-08,9.54620043899e-07
"AFUB_046440-T",2596.92064977688,-1.73401539551054,0.347198692462661,2.82859030389603e-08,1.06494032072852e-06
"AFUB_084490-T",1913.18598745842,-1.60005470570395,0.317949135791553,2.82880563098054e-08,1.06494032072852e-06
"AFUB_036660-T",16112.2463209173,-0.529089032697156,0.101116564518439,2.9665630588468e-08,1.11063101224866e-06
"AFUB_077390-T",4510.27912304233,0.57337766256782,0.108551245495792,2.97593972659134e-08,1.11063101224866e-06
"AFUB_024140-T",16207.8848900838,1.10357254664734,0.215752484256445,2.99529631986727e-08,1.11303661955068e-06
"AFUB_099140-T",101283.918282166,0.847940488837441,0.165805892909887,3.43687389670103e-08,1.27164334177938e-06
"AFUB_093650-T",5425.25195889089,-0.735031094356347,0.142878062566467,3.97780107572227e-08,1.46549671255563e-06
"AFUB_022990-T",4417.21036725036,1.0814102188281,0.214811117917388,4.12194090150906e-08,1.51213840476211e-06
"AFUB_041090-T",11252.8873537264,-0.954860428214071,0.188795407833205,4.21882955019427e-08,1.54112413356885e-06
"AFUB_005270-T",40785.3307266471,1.10634223939912,0.220232650938157,4.3373062022093e-08,1.5777180071412e-06
"AFUB_055570-T",7739.45639050972,-0.48247095113757,0.091181982446602,4.64013515518362e-08,1.68078172995118e-06
"AFUB_054870-T",2043.2787542082,-1.80016465693469,0.367900668281175,4.89407217477334e-08,1.76534712212222e-06
"AFUB_006000-T",53856.292598932,0.95577571520678,0.18984708069731,5.51826743873407e-08,1.98220764955527e-06
"AFUB_067440-T",126172.542049088,-0.508701651250074,0.0979841811969133,5.8307665034574e-08,2.0857692127098e-06
"AFUB_100720-T",3540.26400541406,-1.86769666287379,0.384554526153903,6.03651566005275e-08,2.15044634319482e-06
"AFUB_067770-T",3309.01246569526,-0.915332919093457,0.183152132347243,6.1077591110658e-08,2.16687206981474e-06
"AFUB_046430-T",3092.36159986947,-0.802328437573811,0.159497644446484,6.30996745469548e-08,2.22943563225122e-06
"AFUB_018480-T",2020.92036465833,-1.588342133794,0.327262178184861,7.02019162984951e-08,2.47024783840541e-06
"AFUB_057540-T",521.35966858977,-1.45798579183133,0.299961746287665,7.39616020255016e-08,2.59196329699939e-06
"AFUB_009940-T",14527.8025398718,1.01737788463319,0.206014104308544,7.46761221878888e-08,2.60640829709227e-06
"AFUB_035470-T",1019.5541935182,1.47489754577775,0.304173170934835,7.58926483293984e-08,2.63818758567638e-06
"AFUB_069200-T",2361.11552558406,0.774017340196213,0.15484078925014,7.87964632352225e-08,2.72812975723234e-06
"AFUB_056300-T",26509.5357150863,-0.980503135894191,0.199216221892479,8.53769434134729e-08,2.9441385166702e-06
"AFUB_040630-T",25937.7976654726,0.948213456207861,0.19310230414701,8.80174804809538e-08,3.02310238735579e-06
"AFUB_088920-T",12386.2093681704,-0.714417812326127,0.143247023682155,9.316510589444e-08,3.18720784887289e-06
"AFUB_037130-T",2810.14287904118,0.728219255715503,0.146044241548352,9.59246367045343e-08,3.26864147442605e-06
"AFUB_004170-T",11723.7639788589,-0.645872865372017,0.129407706502115,9.70325774803256e-08,3.29337736400743e-06
"AFUB_011880-T",184.805196683951,-1.95231060696117,0.410287703038074,9.82027050671679e-08,3.32002164856492e-06
"AFUB_037210-T",22866.501885372,-0.624168528558301,0.124354574185191,1.01202234028001e-07,3.39505726659082e-06
"AFUB_074030-T",2498.65292874285,0.60771742361155,0.120751582327257,1.01209803678673e-07,3.39505726659082e-06
"AFUB_021700-T",5265.60099703772,-0.708673780513161,0.142479571588638,1.02455775939297e-07,3.42353195493286e-06
"AFUB_077310-T",1305.82312238182,-0.929660933712207,0.190284255293632,1.0582179197654e-07,3.52235393293339e-06
"AFUB_071880-T",1601.92841718474,-2.02829618327705,0.428649946329056,1.11546207414632e-07,3.69861482354438e-06
"AFUB_001520-T",5972.64517077197,1.11150041032701,0.231609469632395,1.15362239275833e-07,3.81048990343661e-06
"AFUB_067160-T",24722.7860363865,0.683941224622603,0.138618683382076,1.3746761821627e-07,4.52331426199414e-06
"AFUB_095550-T",3158.77510231615,0.986038296258387,0.204159897529126,1.3846114310245e-07,4.52528372225267e-06
"AFUB_043390-T",25783.2286279167,0.909550366930484,0.188041025798731,1.38577299927468e-07,4.52528372225267e-06
"AFUB_091630-T",2813.23033818005,-0.657057293753549,0.133437551230969,1.50794502221467e-07,4.89534761125922e-06
"AFUB_061150-T",25790.0560600614,1.20498643882791,0.248709130751914,1.51045408258317e-07,4.89534761125922e-06
"AFUB_094770-T",7659.90162666702,0.97833174429575,0.20410673298859,1.59540375631307e-07,5.15130179145132e-06
"AFUB_001700-T",5469.79785881598,-0.82900391398505,0.171372951303855,1.6100124588937e-07,5.17907365974725e-06
"AFUB_068070-T",20589.2763666987,-0.519202057164148,0.104164881924129,1.67214241660003e-07,5.35893671877654e-06
"AFUB_016640-T",68082.2590819336,1.34706976988668,0.284268916659822,1.68497187709176e-07,5.38005279718816e-06
"AFUB_026510-T",10792.0969266761,-0.628928059488127,0.127996884623584,1.7096806873686e-07,5.43698005377324e-06
"AFUB_053290-T",13083.2589192545,-0.53317174064594,0.106383271888896,1.71691460725262e-07,5.43698005377324e-06
"AFUB_021220-T",3852.10846322242,-0.846487877188544,0.175813683165174,1.7217208614779e-07,5.43698005377324e-06
"AFUB_066860-T",2946.35673163006,1.1254054286204,0.237629515425263,1.76109793752545e-07,5.53141755463523e-06
"AFUB_067880-T",144936.358444044,0.979226580065169,0.205080424585431,1.76445867941618e-07,5.53141755463523e-06
"AFUB_058330-T",7110.70399618753,-0.568131718168523,0.115339850912437,1.84611459742139e-07,5.76643258853978e-06
"AFUB_089840-T",14536.9122947819,-0.601481029265321,0.122488844079031,1.88437566756059e-07,5.86469409026709e-06
"AFUB_012810-T",862.265790102632,1.25334912279626,0.268343831521777,2.06523331708491e-07,6.40445195201043e-06
"AFUB_009250-T",13772.4721886466,0.586682139782506,0.11931345732906,2.10475680916357e-07,6.50362310100327e-06
"AFUB_003800-T",10160.0183411351,1.07462620502,0.228098403315234,2.13245360020126e-07,6.56567231690539e-06
"AFUB_016240-T",13546.7454840651,-0.769032011216605,0.160307435558998,2.16444317244842e-07,6.64045003191382e-06
"AFUB_091590-T",1453.62982850797,0.885674435849706,0.186142262476573,2.17910352478923e-07,6.66172038553472e-06
"AFUB_012170-T",8220.39310179811,-0.544592915491548,0.110893942246327,2.18708412057936e-07,6.66249194470482e-06
"AFUB_082000-T",18702.0529364648,-0.827385878757786,0.16921532997902,2.20774134945303e-07,6.7017387935333e-06
"AFUB_014690-T",22220.6434362069,0.77262819627812,0.163160506051843,2.21896902063731e-07,6.70612155999944e-06
"AFUB_050620-T",1463.25686064146,0.903158258675007,0.190195572006667,2.22474279800469e-07,6.70612155999944e-06
"AFUB_088700-T",27522.0930182836,0.717745740978356,0.149058726699381,2.30851688633491e-07,6.93439863313353e-06
"AFUB_067000-T",5235.11551850675,-1.14833167747772,0.24509725407185,2.32264546108398e-07,6.95261337500174e-06
"AFUB_007210-T",6596.36704052354,1.33676605309966,0.286788639522147,2.52317976932762e-07,7.50429738636516e-06
"AFUB_093460-T",7491.2354296913,-0.561386225252369,0.115276546257655,2.52435476400174e-07,7.50429738636516e-06
"AFUB_078270-T",11446.8998104752,-0.380706125961228,0.0761787307874911,2.54865396581725e-07,7.55049685199674e-06
"AFUB_032560-T",3188.48370206596,0.982782519502479,0.209288874468657,2.56127401684227e-07,7.56189839013602e-06
"AFUB_094270-T",28619.4285609876,-0.84978056113707,0.179621494400699,2.58201659238067e-07,7.59712117505589e-06
"AFUB_091440-T",6090.97107116138,1.22435365953174,0.264542928995512,2.60582580327101e-07,7.64109668367327e-06
"AFUB_006860-T",2823.13764868427,-1.26684103074691,0.274978653971375,2.63824196482706e-07,7.70992677246578e-06
"AFUB_006720-T",4436.2505235333,0.952581281214345,0.204084812996333,2.85388602306158e-07,8.31194304216685e-06
"AFUB_100080-T",20259.3849090304,0.768502378898631,0.159771448056028,2.89559286864906e-07,8.40501889583284e-06
"AFUB_010560-T",62713.0641382212,0.92399857753813,0.197115774892398,2.91347619314796e-07,8.42854975205656e-06
"AFUB_067850-T",5707.49098243954,-1.42518318519854,0.313875314784985,2.98430021611731e-07,8.60444623362113e-06
"AFUB_094360-T",6918.17853536651,-0.896638674653985,0.189347724540989,2.99423949667827e-07,8.60444623362113e-06
"AFUB_046260-T",155.549415510024,-0.204846950607192,0.429375533370823,3.20905431975053e-07,9.19111537892669e-06
"AFUB_015860-T",1069.61113062942,1.29032605453973,0.281467758280055,3.29502269528977e-07,9.40608962122287e-06
"AFUB_035380-T",893.064545826366,0.995926274295346,0.214980583898895,3.41573687296928e-07,9.71502786625534e-06
"AFUB_089150-T",4712.20477325542,0.787546360343316,0.167349769420467,3.42578409852874e-07,9.71502786625534e-06
"AFUB_068460-T",17231.8113695493,-0.712582243248421,0.150899951847326,3.4687843983583e-07,9.77351562641458e-06
"AFUB_053150-T",12375.7478623703,-0.738485302499141,0.156677841343822,3.46908221979221e-07,9.77351562641458e-06
"AFUB_037770-T",47549.3026156267,-0.620486924449736,0.13185578802553,3.6506950557046e-07,1.02516749430715e-05
"AFUB_058670-T",1296.76068599659,0.710202293314345,0.150380375438679,3.67267020398006e-07,1.02798992949715e-05
"AFUB_011140-T",25328.8574254894,0.983117075477609,0.220166163615981,3.75930776638859e-07,1.04883470077787e-05
"AFUB_089330-T",15631.3971401175,-0.45970210591767,0.0925573235441306,3.84063933933576e-07,1.06806941111012e-05
"AFUB_015470-T",17619.9367077802,-0.832381496248042,0.178964322749878,3.92298237331408e-07,1.08746080515565e-05
"AFUB_012940-T",48040.4466711521,-0.582998376611462,0.122302773025895,4.04714073913339e-07,1.1156848550672e-05
"AFUB_025710-T",7504.55700036822,0.924904616520607,0.200817035837782,4.05356209340357e-07,1.1156848550672e-05
"AFUB_020450-T",9238.64664537335,1.11900316198682,0.24633613856063,4.0698761677071e-07,1.1156848550672e-05
"AFUB_082890-T",1260.26664180955,1.25767160757186,0.276605945174462,4.0765657040502e-07,1.1156848550672e-05
"AFUB_088840-T",2774.56158659997,-0.631662027495172,0.133457666484323,4.18578333452009e-07,1.141950573636e-05
"AFUB_039050-T",76845.6718879193,-0.773477346052639,0.163172993048493,4.52370928533379e-07,1.23024914034267e-05
"AFUB_063750-T",129473.458206399,-0.582642304066256,0.123033739200255,4.54352202480783e-07,1.23175167848643e-05
"AFUB_011400-T",15167.1497977428,-0.654884767723327,0.139509838158188,4.56528753976762e-07,1.23377253543375e-05
"AFUB_073730-T",14485.3559065977,0.596476594910163,0.12594971830047,4.67464434017406e-07,1.25937840177002e-05
"AFUB_058450-T",7476.24970703194,-0.518545501487056,0.108720637160101,4.94709403315391e-07,1.32862609532149e-05
"AFUB_060860-T",3211.73333964324,-0.762829619706334,0.16505870218824,5.10952776964679e-07,1.36798878578028e-05
"AFUB_012370-T",52046.0517881322,0.861896384430603,0.188212158916662,5.61074551202206e-07,1.49753055910657e-05
"AFUB_009110-T",8292.98779224746,1.11439964149822,0.24802975518678,5.6382311050859e-07,1.50022192459709e-05
"AFUB_008550-T",6834.52872361066,-0.764188603745627,0.166781972566511,6.12904075451446e-07,1.62579877983597e-05
"AFUB_008950-T",28686.7620930213,-0.540932189144621,0.114922130520707,6.2323417733883e-07,1.64812939964358e-05
"AFUB_020750-T",4645.42477200145,-0.565299499414557,0.120665195643829,6.41675546046788e-07,1.69170791512824e-05
"AFUB_037280-T",5813.79298114547,1.07853469928879,0.240825034308456,6.44405161571076e-07,1.6937246639952e-05
"AFUB_067340-T",92243.9136327867,-0.601943954468669,0.131244073324224,6.54479585251832e-07,1.71497522931795e-05
"AFUB_064800-T",43099.1375445855,-0.539598989713131,0.115158666243907,6.62788029743714e-07,1.73040791461215e-05
"AFUB_006190-T",14693.4844376542,-0.630449527882951,0.135938775920315,6.64383505088297e-07,1.73040791461215e-05
"AFUB_083250-T",10412.8461605096,-0.53373392669054,0.113685420417042,6.76690454533684e-07,1.75715313510087e-05
"AFUB_041900-T",12556.1555619637,0.691945002432405,0.150532605636327,6.80944122107462e-07,1.76288867167821e-05
"AFUB_038920-T",52847.6011839388,-0.655831417812267,0.14177256486065,6.83158897429972e-07,1.7633272020191e-05
"AFUB_030160-T",2319.43661407612,-1.38706020225375,0.317973437891948,6.95963446481001e-07,1.79101518570529e-05
"AFUB_059760-T",10018.9850069427,-0.568370528890046,0.121980573292438,7.09322143099477e-07,1.81996017727994e-05
"AFUB_071170-T",8862.19901844049,-0.804102872525569,0.177335623354605,7.16626914490594e-07,1.83324647769241e-05
"AFUB_087580-T",51060.6907801091,0.667260077725084,0.146839861013764,7.22348955134402e-07,1.84038956278582e-05
"AFUB_075990-T",8128.54781477428,-0.794197716834737,0.173444999685699,7.23688738875297e-07,1.84038956278582e-05
"AFUB_000710-T",798.91171444397,1.1013576502216,0.248381363236803,7.4499108556324e-07,1.88899063195314e-05
"AFUB_000930-T",994.795466553802,-0.829166897569689,0.183762325119104,7.6135042302063e-07,1.92480996975392e-05
"AFUB_051530-T",59321.596108689,1.05123302404488,0.236193821272551,7.91851667776118e-07,1.99606819529179e-05
"AFUB_010300-T",26850.8861816538,-0.499874667146294,0.105273229274169,8.06369600377822e-07,2.02319647097964e-05
"AFUB_078400-T",183136.80327814,-0.696970312168461,0.152842964697527,8.07307256718472e-07,2.02319647097964e-05
"AFUB_036360-T",8774.56167270089,-0.522780327057753,0.111852998443906,8.51949400374993e-07,2.12713217793175e-05
"AFUB_098700-T",1698.06598306676,1.44359961294304,0.33122613717145,8.55465666592153e-07,2.12713217793175e-05
"AFUB_004870-T",123294.897760984,0.684720016808342,0.150159932730657,8.56182421693906e-07,2.12713217793175e-05
"AFUB_037480-T",12339.706227571,0.554362159885898,0.119463398604657,8.59191441237491e-07,2.12847396980127e-05
"AFUB_026110-T",22802.3564520336,0.909038784440196,0.203616766266251,8.72559558922283e-07,2.15539712248395e-05
"AFUB_008120-T",7269.26535977823,-0.813752078561756,0.181552222837103,8.99030823062301e-07,2.21444135017717e-05
"AFUB_012410-T",9460.23532997154,-0.619918041965916,0.13538135296738,9.0448539839194e-07,2.22152952123559e-05
"AFUB_007380-T",5717.33059751876,-0.540829713856906,0.116961358848826,9.32974882574338e-07,2.28499331325948e-05
"AFUB_031680-T",1451.68783001737,-1.61780588639148,0.376942029231566,9.62198557112333e-07,2.348243098137e-05
"AFUB_038690-T",7792.75381232112,-0.346275537711852,0.0727655019129915,9.64247832896993e-07,2.348243098137e-05
"AFUB_031410-T",22276.7394822959,-0.604748031441442,0.132825970947158,9.70480350306347e-07,2.35676369013831e-05
"AFUB_012830-T",9735.91898550946,-0.543553950880094,0.11801704941991,9.75331570100557e-07,2.36189142298789e-05
"AFUB_064530-T",6405.20453337112,0.835545336286815,0.187313584656009,9.79427991705983e-07,2.36516770770232e-05
"AFUB_090870-T",30827.2389041565,0.834597126474136,0.18779621748818,9.95639632129352e-07,2.39760035435395e-05
"AFUB_018980-T",789.657781366629,-1.41782110077731,0.329542727019493,1.03088598800882e-06,2.47556214557773e-05
"AFUB_053630-T",14039.7754501936,-1.63682980784044,0.384935286574441,1.04192020945989e-06,2.49510947937603e-05
"AFUB_098810-T",6739.84579539198,-0.46573772845813,0.100116698060788,1.05417519499057e-06,2.51746381053011e-05
"AFUB_025910-T",83258.8767835504,1.31589133532065,0.302243547423591,1.05830518166279e-06,2.52034501964501e-05
"AFUB_012030-T",18251.4885422217,-0.641532417334013,0.141538275573748,1.06354601265872e-06,2.5258485330939e-05
"AFUB_019630-T",108133.615212858,-0.715588690426012,0.159450307779227,1.08211205936862e-06,2.56288133621343e-05
"AFUB_055270-T",4718.86537417613,-0.622755444843056,0.137431909831171,1.09311345333203e-06,2.58184413182888e-05
"AFUB_055520-T",1843.71997960694,-0.562200218942086,0.123156789495843,1.13997102807718e-06,2.68516126586159e-05
"AFUB_007150-T",23202.0221394564,1.24950049404355,0.283628072862387,1.16068904947317e-06,2.72651234210033e-05
"AFUB_063140-T",12480.3204272172,-0.401016498135372,0.0847966984960416,1.18110806023674e-06,2.76693820307091e-05
"AFUB_053000-T",1673.45692026803,0.812519562343467,0.183699609409051,1.21289017457218e-06,2.83248905285065e-05
"AFUB_100670-T",1906.43152630496,-0.743823383873013,0.167154401124362,1.21566053770414e-06,2.83248905285065e-05
"AFUB_101260-T",130.008454736989,-2.49367573002281,0.59708742642525,1.25724820834829e-06,2.92149240004599e-05
"AFUB_098880-T",1534.6220671317,-0.914662743093247,0.209522642914547,1.29106804499267e-06,2.99201548814027e-05
"AFUB_018740-T",22445.4383050373,-0.451665116581339,0.0979607703848776,1.31295919094823e-06,3.02872569984078e-05
"AFUB_036280-T",1094.64041546299,1.26232795394408,0.294464346478345,1.31393505595691e-06,3.02872569984078e-05
"AFUB_037120-T",1638.93482354881,0.845291483104196,0.192498366840394,1.32125280508454e-06,3.03747211536901e-05
"AFUB_068740-T",13197.8073409597,0.557859589463107,0.123134231790786,1.4254742418884e-06,3.268354638117e-05
"AFUB_016370-T",6641.25015950599,0.677855369339972,0.152607558988378,1.45882584000259e-06,3.33595160919425e-05
"AFUB_074320-T",97101.1892035509,0.936972347942013,0.219450127190245,1.46486594776519e-06,3.34090194065706e-05
"AFUB_033530-T",2495.09001364165,0.964155964477103,0.223176510159889,1.49269855953401e-06,3.39539690811153e-05
"AFUB_022520-T",4880.83380073834,0.661098062110944,0.148779297592263,1.5145435147499e-06,3.43602095806814e-05
"AFUB_096270-T",24259.367104836,-0.515471194525679,0.113857890673662,1.5279332485295e-06,3.4572998781031e-05
"AFUB_015350-T",8400.94699374196,-0.67450878467868,0.152140306841971,1.54043331322255e-06,3.47645957939572e-05
"AFUB_073700-T",5986.41988327718,0.528507938381331,0.116746971089482,1.58925448089405e-06,3.5772749033388e-05
"AFUB_004430-T",198612.566994463,0.454796295329645,0.0993658862884539,1.61033380991671e-06,3.6152832748156e-05
"AFUB_098550-T",39466.1111745347,0.870395316998691,0.200273503859557,1.65804681879033e-06,3.71273288955622e-05
"AFUB_059970-T",29352.5952909025,-0.830837786279714,0.189048067105256,1.6815418648206e-06,3.74755334315182e-05
"AFUB_037790-T",24270.9199230449,-0.746571852168511,0.170451896218024,1.68229108432868e-06,3.74755334315182e-05
"AFUB_001750-T",31993.4025686424,0.827406417057255,0.190541037315948,1.7039913940637e-06,3.78135911920534e-05
"AFUB_025080-T",6298.98850064705,0.894296519705378,0.207074444890924,1.7062390643439e-06,3.78135911920534e-05
"AFUB_082260-T",13830.5050638475,-0.499563358696129,0.10764942970486,1.73726634255338e-06,3.84024952285966e-05
"AFUB_034920-T",5225.28207310687,-0.790114828177667,0.180502040860999,1.75004857288691e-06,3.85861093270026e-05
"AFUB_053400-T",16876.2914941194,-0.683283534978399,0.155988067719384,1.85479464101331e-06,4.07301592294938e-05
"AFUB_098230-T",22920.7536415346,-0.632451595876336,0.143169844792233,1.85673965632654e-06,4.07301592294938e-05
"AFUB_055320-T",9095.225860702,-0.383313534392821,0.0834147007232722,1.86362166716437e-06,4.07773664787412e-05
"AFUB_092990-T",19319.7905819149,-0.721945388448311,0.164943712319653,2.02783614227142e-06,4.4258165525372e-05
"AFUB_055000-T",44372.4236285812,-0.343210938595076,0.0745723627317622,2.0401995307698e-06,4.44155559463799e-05
"AFUB_068530-T",30919.9011599556,-0.529310912207978,0.119237164493011,2.05141433757563e-06,4.45472115975806e-05
"AFUB_005490-T",34621.6523490786,-0.589675780116874,0.136362704146838,2.12456900094418e-06,4.60198727566326e-05
"AFUB_038780-T",4129.72341213171,-1.16139905644406,0.277837036516028,2.15265232718826e-06,4.65113175756642e-05
"AFUB_049980-T",3911.23557780142,0.583348475566281,0.131980533612361,2.17222104235e-06,4.68167940152484e-05
"AFUB_060630-T",2819.2742214252,0.766076505971033,0.177664903441003,2.20802151071767e-06,4.74697093364015e-05
"AFUB_070090-T",13388.4359302542,-0.527973309887443,0.11919120159679,2.3491421400764e-06,5.03368175100187e-05
"AFUB_026400-T",35971.7289674657,-0.425258887536231,0.0942147577925232,2.3530608347683e-06,5.03368175100187e-05
"AFUB_089340-T",22109.7430310887,-0.673218975895709,0.155104305501633,2.37569472945309e-06,5.06952085708293e-05
"AFUB_072800-T",26650.5423341156,-0.553498046437681,0.125908388392021,2.47594408221913e-06,5.27039850192868e-05
"AFUB_059260-T",58396.6716508345,-0.678163464273176,0.157144311861901,2.58694872532028e-06,5.48275535437503e-05
"AFUB_033320-T",451.743995942718,2.69827967568089,0.674187433590645,2.58842527459765e-06,5.48275535437503e-05
"AFUB_047700-T",2129.67142868905,-1.02223798149315,0.24544932043822,2.67880933753053e-06,5.66029786736537e-05
"AFUB_021960-T",5778.02864323831,0.54551069437742,0.123769219651388,2.71297201838151e-06,5.71846742554206e-05
"AFUB_051910-T",9368.56240572815,-0.517344732968348,0.117350129705998,2.74832818738991e-06,5.7788627569484e-05
"AFUB_064300-T",5948.74938335723,1.32270088017374,0.318442771331681,2.79733216478824e-06,5.86759138507041e-05
"AFUB_098720-T",11410.8805403154,-0.396494629434567,0.0881642291489191,2.8171710637297e-06,5.89486207291595e-05
"AFUB_039530-T",6988.37089300126,-0.64732331904673,0.150328211524821,2.82676074089906e-06,5.90060637948929e-05
"AFUB_056360-T",121385.559026778,-0.500942133458367,0.113486171380998,2.8844981756844e-06,6.00658424458338e-05
"AFUB_012300-T",45945.1762024931,-0.594621859576488,0.135966365810636,2.90362082172942e-06,6.03183496485045e-05
"AFUB_031760-T",6146.59244885118,-0.591146232623906,0.13600600029744,2.91285337726119e-06,6.03646850129056e-05
"AFUB_099170-T",16374.6568511995,-0.457346384773783,0.102776120461038,2.98665928090529e-06,6.17457785627925e-05
"AFUB_000450-T",8533.98929651193,-0.671100849682745,0.156530392704486,3.00887553760263e-06,6.20562583963451e-05
"AFUB_036890-T",2531.35512798273,0.846297287290102,0.201320573092015,3.03359133422384e-06,6.24166847072642e-05
"AFUB_005290-T",2658.62882038708,-0.578587718315531,0.133215278292229,3.04734790198074e-06,6.25504434832761e-05
"AFUB_027510-T",9594.93151991908,-0.534988743579585,0.122703325953046,3.09262048695174e-06,6.33289340095272e-05
"AFUB_023760-T",1044.20863132864,0.696356305773378,0.16312671065788,3.1245118854159e-06,6.38303719530105e-05
"AFUB_071920-T",1421.03461712337,0.736586651069535,0.173883140135011,3.21463937128272e-06,6.55163262880102e-05
"AFUB_023010-T",11211.5168784027,-0.538207226797091,0.123564689882752,3.27913897538765e-06,6.66732478934362e-05
"AFUB_027740-T",3389.92984962451,-0.667653685719788,0.156427266620294,3.31484229640661e-06,6.72406010289915e-05
"AFUB_056090-T",17318.2257549432,-0.491079734437327,0.112068661823956,3.35956720611949e-06,6.7987861229944e-05
"AFUB_060820-T",1237.73347660288,0.662954905970957,0.155303659117162,3.40294734355393e-06,6.86745572599041e-05
"AFUB_020180-T",45942.1417583581,-0.647258854419411,0.150160883895354,3.41201965959035e-06,6.86745572599041e-05
"AFUB_074060-T",5373.88439209234,0.498983758606211,0.113913497061072,3.41739764116678e-06,6.86745572599041e-05
"AFUB_077640-T",4510.14516984233,1.12480440824662,0.274705779339032,3.50169054026381e-06,7.0204823599103e-05
"AFUB_064130-T",18299.8535417624,-0.45678140193395,0.10459149376188,3.52774063940755e-06,7.05629978012355e-05
"AFUB_088470-T",3537.79753120262,0.861259575921786,0.207019855296181,3.55789196572741e-06,7.10013579549445e-05
"AFUB_090420-T",14317.6542494916,-1.32474776207779,0.331469334012634,3.57498803810915e-06,7.11777641490508e-05
"AFUB_044940-T",138.366937304166,-2.69061562599314,0.68810951599593,3.61105260556828e-06,7.15893216251991e-05
"AFUB_101340-T",8763.42459392785,-0.78345818680811,0.18721871218433,3.61226712759095e-06,7.15893216251991e-05
"AFUB_006710-T",19260.2141417533,-0.782326343619972,0.186992643627373,3.72872010597846e-06,7.37277431964227e-05
"AFUB_041880-T",2500.79115833944,0.825882159327618,0.198346207006435,3.74409110394888e-06,7.38622640895728e-05
"AFUB_020100-T",3035.76078780925,0.920734430476432,0.223205360744117,3.76916198341057e-06,7.41870900890012e-05
"AFUB_053740-T",32616.7799392507,-0.485282868544003,0.111210850445843,3.88880007713926e-06,7.63675295330696e-05
"AFUB_046700-T",615.519920744397,-1.04867276941964,0.258023189725807,3.98895306488648e-06,7.81562826645143e-05
"AFUB_004490-T",1600.0786852175,-1.38003348125433,0.346439289166342,4.09987920247778e-06,8.01475251804102e-05
"AFUB_019230-T",8901.37334862772,1.05268840145854,0.25746329115147,4.12487148884239e-06,8.04536586092991e-05
"AFUB_015000-T",8145.33403332506,0.847273717708988,0.205176110091323,4.16454513270181e-06,8.1044116453775e-05
"AFUB_038800-T",5732.0571791723,-0.438288073043847,0.100225059688042,4.30949043907059e-06,8.36759393586206e-05
"AFUB_032280-T",5499.3567625828,-0.672189058361327,0.160168119500867,4.43944117891058e-06,8.57188998331903e-05
"AFUB_093200-T",3026.06608129951,0.579144342767007,0.135888380045218,4.44022636565881e-06,8.57188998331903e-05
"AFUB_044830-T",3724.15284091694,-1.2917558967928,0.326915392064193,4.44453639084052e-06,8.57188998331903e-05
"AFUB_047530-T",365.470874260033,-1.59749894080956,0.406584116665515,4.52595112038601e-06,8.70942513590352e-05
"AFUB_056940-T",8995.55715801317,1.36891671223779,0.341039988660725,4.57057698705239e-06,8.77571140431596e-05
"AFUB_068470-T",18890.0329245495,-0.333549274964373,0.0758540157893765,4.7434967879306e-06,9.08748573527772e-05
"AFUB_063000-T",5612.07754754518,0.540445775859867,0.126450587898715,4.77720836933761e-06,9.13177679646552e-05
"AFUB_064230-T",6791.0034503662,-0.525042767928384,0.122695751395588,4.82912057858404e-06,9.21058595309138e-05
"AFUB_004410-T",7004.09533998486,1.03032781778848,0.255766187966285,4.86794938384195e-06,9.26414826448156e-05
"AFUB_027590-T",74113.5663137566,0.894217428457174,0.219650459378931,4.95685954277484e-06,9.41257403485944e-05
"AFUB_053990-T",5809.73656786497,-0.425267193228587,0.0977275746135104,4.97654777387233e-06,9.4291908480337e-05
"AFUB_042340-T",30211.1399200202,-0.6318644337027,0.150641122097955,5.03772612289316e-06,9.52417475996971e-05
"AFUB_090530-T",720.631203639893,-1.22259824874142,0.309519796005858,5.0773012413475e-06,9.57798993471703e-05
"AFUB_097090-T",2855.28460805875,1.49986775032938,0.379837359890124,5.09716893056068e-06,9.59447453064707e-05
"AFUB_016080-T",7301.04949374078,-0.813586005580059,0.198882025499298,5.11581035224893e-06,9.60858410604314e-05
"AFUB_005440-T",103470.937350779,0.866623248507534,0.2132268094296,5.3448455870379e-06,9.9976532753063e-05
"AFUB_094290-T",14265.7913561927,-0.484650695032269,0.113007357899884,5.34615260400905e-06,9.9976532753063e-05
"AFUB_089020-T",4264.26331737726,-0.527761148166278,0.12420640322629,5.35776294685843e-06,9.9976784339538e-05
"AFUB_038430-T",38776.2637188042,0.656792949085047,0.157597839449396,5.41359460475491e-06,0.000100800429994799
"AFUB_005070-T",2168.41275425077,-0.931445598780718,0.231472284134124,5.51308739996502e-06,0.000102379799730468
"AFUB_005740-T",97579.8565042985,0.903083107095122,0.226432396329766,5.52216759942786e-06,0.000102379799730468
"AFUB_047110-T",243.968030075394,-1.77636677949842,0.460529371719643,5.6102193088354e-06,0.000103789057213455
"AFUB_083220-T",2538.61098413283,0.765381168108545,0.186869713990888,5.66837427852806e-06,0.000104640373993984
"AFUB_006380-T",52972.1652271769,0.761976070421133,0.186146587884249,5.74720034251839e-06,0.000105868833659938
"AFUB_022410-T",4932.82780374763,-0.478580574670024,0.111924548417179,5.78566717155287e-06,0.000106350184831465
"AFUB_043570-T",34031.6835560491,-0.865276143257333,0.212905995821993,5.8118087678406e-06,0.00010660341146288
"AFUB_093030-T",2143.42015970222,0.714075515836421,0.173365581524605,5.83036874872118e-06,0.000106697904363765
"AFUB_077890-T",14900.9582676311,-0.878691176829115,0.217923204459408,5.841713358044e-06,0.000106697904363765
"AFUB_074230-T",10577.9999624288,-0.542373237084875,0.128653637219133,5.89546998030209e-06,0.00010745210718855
"AFUB_030710-T",3465.40563422676,-0.770539434702577,0.188094826503142,5.94307557941882e-06,0.000108091254367446
"AFUB_059390-T",14601.7919316355,-0.499074718799202,0.117556722189082,6.24010026135359e-06,0.000113254535480272
"AFUB_072260-T",7407.8578063652,0.756126848622273,0.185824955778364,6.49870766906638e-06,0.000117592902139235
"AFUB_095330-T",5499.83118567189,0.769029952248912,0.189322719764531,6.50641623018387e-06,0.000117592902139235
"AFUB_056750-T",94572.6295059846,-0.387874065399468,0.088912062569323,6.59407209430989e-06,0.000118927814905953
"AFUB_095570-T",3649.66328511732,0.536894516416848,0.127772592546415,6.64281308602461e-06,0.000119367614535579
"AFUB_032670-T",7498.23760347697,-0.889389514855615,0.222511094656026,6.64614951595848e-06,0.000119367614535579
"AFUB_080890-T",1130.82158562543,-1.37700319772158,0.35672114809838,6.73310124513333e-06,0.00012067789154739
"AFUB_047300-T",18671.5531815735,0.678417132320157,0.165943109571553,6.81512624526228e-06,0.000121894612780926
"AFUB_088180-T",7682.49356375158,-0.496724081430166,0.121041182866234,6.91449131050578e-06,0.000123415796248179
"AFUB_031230-T",10242.6175481403,-0.499893768633342,0.118379425204671,7.38102099515238e-06,0.000131470623965307
"AFUB_047640-T",451.326227033342,1.29231768161181,0.335234528094885,7.62909776624621e-06,0.000135409346120768
"AFUB_056100-T",4259.92761296378,0.594728945273057,0.14405069288329,7.63356248865483e-06,0.000135409346120768
"AFUB_036870-T",1919.08558020681,0.95230653304214,0.242251606847763,7.74010695183773e-06,0.000137017375835304
"AFUB_072700-T",106712.702001749,0.572852255538151,0.146861706675478,7.79449243886625e-06,0.000137697375646447
"AFUB_040850-T",6664.83350085468,-0.609869619903323,0.148605216184201,7.87261124209058e-06,0.000138793009239392
"AFUB_017480-T",183.259234655755,-2.29461671572806,0.616841830458772,8.1948037196959e-06,0.000144178373198976
"AFUB_050820-T",8039.51091284376,-0.544757920082233,0.131788712299251,8.26576143991769e-06,0.000145130609722058
"AFUB_019610-T",12477.1865688227,-0.44731045709452,0.103720802739336,8.48693860867727e-06,0.00014855172023328
"AFUB_046090-T",1293.81685210003,0.862780906718729,0.218156203466866,8.49506995418244e-06,0.00014855172023328
"AFUB_042690-T",2175.46778878709,0.85724468860553,0.217082719003246,8.62726116219413e-06,0.000150557932144282
"AFUB_024060-T",4590.01561189851,1.13316187021571,0.289688291125594,8.73258406210861e-06,0.000152088095352401
"AFUB_074840-T",30659.5587071732,-0.458881775849088,0.109441180806258,8.90484539268098e-06,0.000154775548649804
"AFUB_085070-T",747.074521892913,-1.46491137602529,0.38806833581569,8.95585577194385e-06,0.000155348958973698
"AFUB_085250-T",8848.30159992528,-0.696725488315382,0.173473647518838,9.06194202721376e-06,0.000156694045046435
"AFUB_055560-T",6222.68990042626,-1.38879245586598,0.366998061248801,9.06975159241051e-06,0.000156694045046435
"AFUB_027650-T",2281.16241657011,-0.715070867476946,0.178654125148489,9.18897072309125e-06,0.000158436233207539
"AFUB_098890-T",2843.7584480798,0.539893062222075,0.130928944701597,9.24187610826753e-06,0.0001590303671245
"AFUB_077190-T",8683.42830618412,-0.562728246663349,0.137649376666085,9.3301478972652e-06,0.000160229492076341
"AFUB_083130-T",3681.40503727901,-0.57117102476335,0.139851137481806,9.44401620060197e-06,0.000161862552018667
"AFUB_028939-T",3076.6356343425,1.54120221973258,0.409555359326027,9.66273912917296e-06,0.000165282686572619
"AFUB_055360-T",6929.00827373013,-0.458233827105788,0.110658133429128,9.88259765977712e-06,0.000168708662227601
"AFUB_005980-T",30272.6619171422,-0.427991979926804,0.0998127107233796,1.00124795267243e-05,0.000170498623387566
"AFUB_053520-T",6461.28290606793,-0.512825081057244,0.12445011876536,1.00270040665231e-05,0.000170498623387566
"AFUB_093640-T",1191.28878675624,0.751289330481493,0.189511530645562,1.00982569455946e-05,0.000171372191196793
"AFUB_094780-T",26053.7964182599,0.989435506884504,0.254410969513376,1.01960356675231e-05,0.000172691598211624
"AFUB_030460-T",1606.07397637601,-0.803163401149984,0.204801431216554,1.03576391140842e-05,0.000174964988256261
"AFUB_065380-T",3661.26047771507,0.568895557235694,0.13960908141422,1.03708512932316e-05,0.000174964988256261
"AFUB_017860-T",2006.30045914677,0.749064635724339,0.189319545742448,1.04824338744372e-05,0.000176502075061568
"AFUB_053100-T",16128.0567546709,-0.756244188982179,0.191793208423031,1.06224579443091e-05,0.000178511130483214
"AFUB_038880-T",7417.54500370012,-0.532801930318637,0.130383199893218,1.08929866352071e-05,0.000182503540136492
"AFUB_021490-T",2014.4029368296,0.768147617892214,0.195083866669235,1.09023690024699e-05,0.000182503540136492
"AFUB_020580-T",6459.11550441858,-0.820719679444233,0.210447032599003,1.10767180510769e-05,0.00018472478268838
"AFUB_001190-T",26825.8877521027,0.766223837603018,0.194664322970057,1.10779158624165e-05,0.00018472478268838
"AFUB_031630-T",26400.0161588819,-0.870360350645738,0.224551827398376,1.11378353189012e-05,0.000185365402093141
"AFUB_068330-T",19770.6280195903,-0.456489366914036,0.11037138802358,1.13290662344638e-05,0.000188184739898482
"AFUB_029290-T",2799.74955448509,-0.599535389846605,0.148939414385618,1.14248924880054e-05,0.000189411534882874
"AFUB_082910-T",2778.60079898698,0.448210824716955,0.108173816397536,1.16517148455126e-05,0.000192801216282465
"AFUB_071340-T",14115.6547336107,-0.753142184742898,0.188645422656489,1.17436247456232e-05,0.000193949787226087
"AFUB_072050-T",4585.00902370151,0.709717644524239,0.178237788512893,1.1835131036211e-05,0.000195087312931501
"AFUB_003160-T",9568.94769945266,0.544764112505897,0.13410915701411,1.19222734479296e-05,0.000196148701134735
"AFUB_073190-T",297.854532192183,-1.33910514719076,0.360043705725593,1.20245373787455e-05,0.000197454355699362
"AFUB_008750-T",16243.5440198541,0.769896502600209,0.196397237617863,1.20772938105561e-05,0.000197943631066167
"AFUB_015400-T",5152.17710709696,-0.945073764827855,0.247217025544876,1.22065177711552e-05,0.000199681953899676
"AFUB_009060-T",8819.73963246756,-0.35436689343764,0.0842085906946085,1.2315163306866e-05,0.000201077694826689
"AFUB_055030-T",4496.53780474565,0.606895747520165,0.151517149265452,1.23907819476119e-05,0.000201929926598038
"AFUB_007190-T",3784.33375069973,1.29065957234399,0.342289695737171,1.25062569826366e-05,0.000203427248013793
"AFUB_013260-T",131451.047421382,0.571085950870608,0.141780496123291,1.2587584146853e-05,0.00020436452529194
"AFUB_068180-T",15446.8659466647,-0.751906395441707,0.192617758715619,1.26627351215722e-05,0.000205198194517056
"AFUB_054850-T",1498.53082460263,0.876381666478892,0.22778394113235,1.27259689228196e-05,0.000205835981395174
"AFUB_023470-T",41192.4943216698,-0.531172877251348,0.134510238397299,1.34859940211525e-05,0.000217720513963212
"AFUB_049360-T",2139.35835401211,0.979557341278848,0.257871275185988,1.35343916394835e-05,0.00021809343985792
"AFUB_028810-T",1418.2043812091,-0.983034571433251,0.259940586145557,1.35845998243465e-05,0.000218494095309125
"AFUB_090140-T",25380.38791291,-0.380615584314711,0.0915179545665898,1.36433355513596e-05,0.000219030159754694
"AFUB_031920-T",23992.7175396823,-0.418285907321747,0.101540794012655,1.42346976990145e-05,0.000228099124281048
"AFUB_051950-T",8785.48699643959,-0.45794609965936,0.111380699365012,1.42762209284154e-05,0.000228340075368959
"AFUB_097050-T",1341.68002558819,1.1759051950192,0.316234406012762,1.44482696672974e-05,0.000230663949632908
"AFUB_092930-T",10752.303560873,-0.664204502535392,0.169504691592314,1.46820090031321e-05,0.000233962291341962
"AFUB_009040-T",6272.83047670956,-0.873930285301877,0.228947496874607,1.4800801936916e-05,0.000235420135605447
"AFUB_003010-T",1467.09148294588,0.720328300282994,0.185340417126589,1.48812914577601e-05,0.000236264481873573
"AFUB_019860-T",24208.1468024103,-0.844409117240432,0.221518644039647,1.50430918340619e-05,0.000238394291730602
"AFUB_015310-T",7299.27244852356,0.847647695855373,0.222636976238582,1.56882293881243e-05,0.000248161881752329
"AFUB_078690-T",3635.67805536939,-0.670637969995377,0.172128717641183,1.5939823746379e-05,0.000251679891057754
"AFUB_007850-T",8981.33297264853,0.634461618858968,0.161899106747304,1.60398855821963e-05,0.000252796807320136
"AFUB_016670-T",1879.92237903567,0.807485707890008,0.211722944280084,1.64694165595774e-05,0.000259092774014811
"AFUB_005000-T",137844.598381355,0.626471464372316,0.159945499240354,1.69082276318889e-05,0.000265511530809681
"AFUB_053860-T",21352.499381591,-0.393685991560966,0.0962764791809517,1.70750733399248e-05,0.000267644013206349
"AFUB_062940-T",4494.68832979192,-0.850982813808571,0.225726875494404,1.7568997839367e-05,0.000274886262020295
"AFUB_012310-T",78755.0305815332,-0.563787503166849,0.143035374837429,1.83742483088819e-05,0.000286964483099403
"AFUB_096280-T",11114.8112432333,-0.363515000643864,0.0885607601609176,1.84261134813783e-05,0.000287036472897477
"AFUB_020890-T",898.028308082884,0.860489566888914,0.228760302431587,1.84454478581606e-05,0.000287036472897477
"AFUB_036960-T",502.93246902759,0.737453144449582,0.19301222388761,1.86023863583535e-05,0.000288957068099758
"AFUB_099180-T",3334.6252004147,-0.741477587199148,0.194631500553963,1.86802110932129e-05,0.000289189044427244
"AFUB_070430-T",9252.90432336354,1.37985536171903,0.379910846259025,1.87120212380107e-05,0.000289189044427244
"AFUB_038470-T",3789.67366006722,-0.996329763968332,0.26720797852432,1.87179546213203e-05,0.000289189044427244
"AFUB_017330-T",3559.61695943768,0.967907007303955,0.262557719622784,1.87886607180437e-05,0.000289762153936055
"AFUB_077420-T",1541.43342125379,-1.02767162891723,0.279234766841499,1.89421638494929e-05,0.000291607847404426
"AFUB_087820-T",1689.67500801836,-0.757857972720591,0.199586919746379,1.90646825159471e-05,0.000292970816345776
"AFUB_050350-T",25664.1768991935,-0.709992176279171,0.185268264438448,1.94499972905482e-05,0.000298360189754121
"AFUB_090180-T",11705.1950833752,-0.448235160171411,0.111753357125404,1.99970279844734e-05,0.000306206710930987
"AFUB_013850-T",5066.11085155886,-1.80799726789958,0.515390318189708,2.05069227229971e-05,0.000313457767366947
"AFUB_071195-T",3685.42061117788,-0.95048889470655,0.25794713693595,2.06975019601019e-05,0.000315537815225872
"AFUB_020720-T",15847.9171247514,-0.508980712718999,0.128848517781767,2.07162050130894e-05,0.000315537815225872
"AFUB_089760-T",957.530225590775,0.679567750514636,0.17752141818269,2.0801600603408e-05,0.000316279715700141
"AFUB_032550-T",11612.0943641178,0.287060482791722,0.0690772758462265,2.08778494486819e-05,0.000316880176227265
"AFUB_083810-T",12189.2377794168,-0.678566929407629,0.177644582137157,2.10036018685646e-05,0.000318228561878551
"AFUB_040020-T",365.804464097767,-1.19713922268478,0.332643582619457,2.10707806500361e-05,0.000318686315761335
"AFUB_099590-T",7410.56464995206,-1.00563051740566,0.274930683882512,2.1342962038948e-05,0.00032223761074916
"AFUB_053460-T",16918.9679718654,0.528354632147088,0.134414558302775,2.15873647463647e-05,0.000325357817269947
"AFUB_077280-T",26802.1283679167,0.861714639314232,0.231885108829434,2.18952518245106e-05,0.000329416643902292
"AFUB_087090-T",380.078561680098,-1.11948164182432,0.309850519927673,2.19330882264141e-05,0.000329416643902292
"AFUB_093180-T",5667.51091357613,-0.701940277547967,0.185305761563883,2.25987162106441e-05,0.000338823534699065
"AFUB_004660-T",21278.5887724559,0.864202964190036,0.234644943434307,2.27325069667344e-05,0.000340156173421593
"AFUB_069160-T",11241.540831326,-0.494454173607291,0.125435120443479,2.27665134049715e-05,0.000340156173421593
"AFUB_086040-T",2733.37584867277,1.68942402715517,0.48237840927116,2.37405581167463e-05,0.000354095763883165
"AFUB_022040-T",10593.3876655488,-0.460562819996491,0.116325633017163,2.37899294066345e-05,0.000354219311596884
"AFUB_019360-T",2473.44820843888,0.578435275585252,0.149531057601035,2.38661768822572e-05,0.000354741915348172
"AFUB_085200-T",6484.00336185033,1.19377956551669,0.330525760752034,2.41362282149913e-05,0.00035813842244654
"AFUB_054670-T",2858.96423165651,-0.529027213358592,0.135984429418836,2.47326303468598e-05,0.000366357399003914
"AFUB_009490-T",6115.34821984842,-0.490900592830774,0.125188331640888,2.48239755760722e-05,0.000367079748612896
"AFUB_065180-T",10132.8286575585,-0.644534016811611,0.167735026613099,2.49646894812976e-05,0.000368528404140868
"AFUB_001340-T",16440.738925941,0.429095854313105,0.10784556759544,2.52015495427514e-05,0.000371388989073607
"AFUB_033470-T",1552.08954506851,-0.708708492574895,0.188446702765104,2.53501086776635e-05,0.000372940762645285
"AFUB_036810-T",174291.564390288,-0.921081775363445,0.253565608565889,2.62930381165563e-05,0.000386153801708402
"AFUB_000260-T",691.69800065412,1.98648295855405,0.577967269720843,2.66167449027801e-05,0.000390243125521883
"AFUB_002350-T",10486.9502792438,-0.675069943936606,0.177907663861824,2.67715952847772e-05,0.000391847067826934
"AFUB_018260-T",590.286148314243,-1.01343857854441,0.281983583491758,2.69112576018919e-05,0.000392445378555478
"AFUB_031450-T",39106.3041599965,-0.451187587833721,0.115895457142895,2.69328938270149e-05,0.000392445378555478
"AFUB_054930-T",1254.32852403772,0.64608311325559,0.170771741251918,2.69490388707625e-05,0.000392445378555478
"AFUB_000060-T",387.470113093881,-0.166951744942877,0.387243294035712,2.82340401159241e-05,0.000410464856390188
"AFUB_014670-T",3992.95908278803,-0.55157772598361,0.144085802265894,2.95532522518772e-05,0.000428920181251571
"AFUB_089290-T",10921.1975588164,-0.537831508439319,0.140484820177872,2.99609787553257e-05,0.000434106887142291
"AFUB_077020-T",32924.6519331272,-0.72518602842896,0.197012731429529,3.03478431243207e-05,0.000438974422105317
"AFUB_036470-T",17396.689427972,-0.490811544448914,0.127023436397248,3.11391721243576e-05,0.000449666336489257
"AFUB_025250-T",5132.45073231089,2.72332194160541,0.815564097992158,3.18399792429445e-05,0.000459017493400376
"AFUB_078170-T",13035.9802928737,0.980276999794353,0.273833599807005,3.27291525943645e-05,0.000471048454951613
"AFUB_066980-T",2593.94708429223,0.554765039663141,0.145900196273123,3.31829910024353e-05,0.000476784275719991
"AFUB_069840-T",646.803091523412,-0.905873060074753,0.253889316032591,3.45613859824503e-05,0.000495763242187528
"AFUB_087850-T",3803.40566272932,-0.683029552628291,0.184024901829089,3.47701034574064e-05,0.000497928674262958
"AFUB_021830-T",7864.53090645096,-0.404489131676248,0.10321399812192,3.48603501419494e-05,0.00049839316513059
"AFUB_040280-T",5608.38141914187,-0.421317202334744,0.108207334983762,3.63866515301698e-05,0.000519353183512573
"AFUB_053780-T",20159.7089064698,0.777719121944244,0.214563186181257,3.65221518006548e-05,0.000519633659626741
"AFUB_032510-T",9171.90824755242,-0.514237913575571,0.135105098422628,3.65268527704216e-05,0.000519633659626741
"AFUB_023990-T",23903.0245856079,0.676713320132522,0.184436283535988,3.67874443075819e-05,0.000520951505989534
"AFUB_089390-T",2060.15389694538,0.434606881873761,0.111999628816001,3.68173466861411e-05,0.000520951505989534
"AFUB_050800-T",566.000192001781,-1.0980242070549,0.317021927987099,3.68326303127303e-05,0.000520951505989534
"AFUB_038560-T",4739.07975772513,-0.47070118924009,0.122444604063222,3.68902051971871e-05,0.000520951505989534
"AFUB_011540-T",6002.48409064669,0.537394898420366,0.141751860892123,3.69216297598428e-05,0.000520951505989534
"AFUB_018320-T",4231.80996803806,-1.10204863869956,0.317851451707549,3.77678479771444e-05,0.000532020616684578
"AFUB_042290-T",2175.60695990221,0.697001928280474,0.190212161111738,3.80111909476562e-05,0.00053443243242044
"AFUB_009820-T",8763.54767179528,-0.50365281045272,0.132379367320452,3.81038018859805e-05,0.00053443243242044
"AFUB_052710-T",6510.56123871579,-0.499028623913978,0.131692190105752,3.8125037227534e-05,0.00053443243242044
"AFUB_061210-T",6061.65377638995,0.579714731177459,0.154813041276645,3.82995826082192e-05,0.000536007632573795
"AFUB_019510-T",16351.0251203725,-0.431875960242671,0.112738645304978,3.90226048995423e-05,0.000545241291473184
"AFUB_092090-T",33523.2543196544,4.3646480830929,1.35892901345396,3.92980838833742e-05,0.00054820191125982
"AFUB_022530-T",2412.8005989064,0.680984949801969,0.185812381913276,3.93734602610598e-05,0.000548366075784486
"AFUB_050890-T",16142.1874613781,-0.630490969419813,0.169847260336243,3.95515576686302e-05,0.000549958030098808
"AFUB_062170-T",1528.32290638072,1.32757116859351,0.389806126549181,4.0354924333389e-05,0.000560225125085583
"AFUB_059670-T",16565.11839863,-0.93920995484496,0.268394154581845,4.15729080916915e-05,0.00057620585314867
"AFUB_053350-T",4546.31612784753,0.395721555659771,0.101860379978959,4.16558705672209e-05,0.000576428989020885
"AFUB_082610-T",9324.40613945378,-0.514764415610729,0.136973433390381,4.20642395107759e-05,0.000581147129523075
"AFUB_096120-T",475.378863909106,1.25344780328723,0.368241109063446,4.22582054620992e-05,0.000582892782862011
"AFUB_005920-T",9252.7952058674,-0.310384324169023,0.0784835581895398,4.30194252843468e-05,0.000592444832869575
"AFUB_095340-T",707.795631803757,0.852641856318792,0.241386277487318,4.38790099669799e-05,0.000603307543164791
"AFUB_069190-T",6102.20683403135,-0.607921480023529,0.165047132852113,4.3948165770501e-05,0.000603307543164791
"AFUB_094680-T",1885.98645080069,0.935583606822637,0.266908748850512,4.40555827142331e-05,0.000603810081453317
"AFUB_086310-T",9508.98929292393,1.24450279237571,0.365618303883953,4.41248522579271e-05,0.000603810081453317
"AFUB_090950-T",65756.7023435248,-0.525989575073579,0.13990643383216,4.42088462878861e-05,0.00060400073509963
"AFUB_091670-T",245.205823044177,1.58520579615029,0.475629776418504,4.48948293415275e-05,0.00061240241100207
"AFUB_005330-T",28292.9042218785,-0.44309582325621,0.116172024130365,4.62230086873703e-05,0.000629523788141895
"AFUB_053390-T",3802.78041940874,0.573690772640097,0.155141815922626,4.7208057574247e-05,0.000641925338087671
"AFUB_024480-T",2950.29078375381,0.780991170829644,0.219890555214081,4.75990894113587e-05,0.000646223228055627
"AFUB_073680-T",9139.28253030593,1.08116882508669,0.312797161831304,4.77438876404754e-05,0.000647082049132294
"AFUB_040650-T",3175.52474669209,0.931034656512718,0.269320692843705,4.78124655257246e-05,0.000647082049132294
"AFUB_095620-T",1332.0370995533,-1.01288523737294,0.295134102900747,4.81445039163442e-05,0.000650554495709724
"AFUB_012620-T",15886.3680524588,-0.590886700195988,0.1609688661053,4.86637645455122e-05,0.000656541962671144
"AFUB_018160-T",4767.30943928589,-0.550852341227558,0.148926352295561,4.89259870882036e-05,0.000659048335449067
"AFUB_024010-T",12617.0698277471,-0.691580693288874,0.192885096646183,5.05162064744076e-05,0.000679407513285286
"AFUB_051880-T",3375.61182049129,0.565967234934042,0.153534263619852,5.08395662340634e-05,0.000682691433806637
"AFUB_009180-T",6205.30491288462,-0.671371025306734,0.185001744028355,5.09952765242979e-05,0.000683717385561387
"AFUB_034240-T",5230.31430892016,0.780318039099637,0.2209964838364,5.13627212126489e-05,0.000687574564556283
"AFUB_005120-T",5379.425677057,0.505485126005938,0.135454897764406,5.1748412456325e-05,0.000691663664784461
"AFUB_040710-T",40307.7687633676,0.5103743574451,0.136841092575569,5.21087446510971e-05,0.000695401683648774
"AFUB_034540-T",25532.0322665751,-1.0471517460575,0.308682550460682,5.27232243163985e-05,0.000702163927722866
"AFUB_013280-T",1192.935075406,-0.843943541818,0.242360160906509,5.27783580981809e-05,0.000702163927722866
"AFUB_038750-T",2590.39702106972,0.512465497320428,0.13786374577392,5.3410751074434e-05,0.000709482411421718
"AFUB_088030-T",57613.5182564216,0.600793004211431,0.165080065590848,5.43601395312971e-05,0.000720982712152789
"AFUB_088810-T",19178.7504687449,-0.416363039742075,0.10960872780293,5.46616763815666e-05,0.000723868374939302
"AFUB_002450-T",10975.1909593902,0.648723755011655,0.179291333402141,5.47750231597439e-05,0.000724256862975694
"AFUB_015410-T",8663.85189276592,-0.681047297098157,0.190716763961956,5.52166345423904e-05,0.000728977957718144
"AFUB_005130-T",12067.8152307162,-0.514568990285142,0.139274891649286,5.55729098673263e-05,0.000732559718602783
"AFUB_009100-T",878.646234040394,0.714349952202404,0.20127873055751,5.58124097171071e-05,0.000734593563620122
"AFUB_008890-T",17479.2884852023,0.800781616944319,0.234018464805652,5.6362495330497e-05,0.000740325408057156
"AFUB_027020-T",6466.77854703446,0.810826157697419,0.23763295475332,5.64196488914919e-05,0.000740325408057156
"AFUB_069510-T",1352.93083894859,-0.69967311064987,0.197143739959233,5.66806859188244e-05,0.000742620354568671
"AFUB_009030-T",7172.18636984413,-1.02566627646417,0.303576948195737,5.71015522362161e-05,0.00074699921370018
"AFUB_018330-T",3838.88537196454,-1.43220531453314,0.438784599522937,5.77804991613864e-05,0.000754735883742897
"AFUB_054100-T",6793.95236876533,-0.37131401949365,0.0963393660907052,5.84511456955584e-05,0.000762340888111058
"AFUB_021200-T",30187.2553670131,0.695843267682361,0.196056721848287,5.85831857858831e-05,0.000762908828791689
"AFUB_044820-T",2654.03484831897,-1.34539599069539,0.413785629025112,6.03240956973524e-05,0.000784395217204939
"AFUB_075880-T",1203.1962842664,1.48708539313218,0.455367803634693,6.05476560285962e-05,0.000786116479853204
"AFUB_015530-T",22035.672495667,-0.68349075939041,0.190348438688246,6.22251526472327e-05,0.000805991966941667
"AFUB_070060-T",44147.4162021883,0.63556346586943,0.17380074056503,6.22654738409872e-05,0.000805991966941667
"AFUB_099610-T",888.494725526831,-1.72179357820634,0.53845397133086,6.26178563380026e-05,0.000809338140164799
"AFUB_018120-T",18294.7053895123,0.689542075297523,0.195882542729207,6.28277963335897e-05,0.000810743738317197
"AFUB_001710-T",2736.18922008949,-0.732014030840078,0.209218175612191,6.29146921394508e-05,0.000810743738317197
"AFUB_043750-T",3996.65371051947,-0.398995528353089,0.105654062794087,6.33482843085173e-05,0.00081511277466228
"AFUB_064880-T",4371.05722985738,-0.357134337167726,0.0931920157491948,6.36737152159602e-05,0.00081807913394455
"AFUB_069060-T",12427.9799573128,-0.504572440044967,0.137340855411024,6.39457103576249e-05,0.000820351144334947
"AFUB_067240-T",18566.3039714864,-0.45487921916455,0.122329169457451,6.44393326655088e-05,0.000825455404025782
"AFUB_039200-T",2008.36680953039,0.679887119646155,0.192604424559745,6.56819037912095e-05,0.000840124172973319
"AFUB_057020-T",7006.52435452352,0.875475254320466,0.254790740331315,6.59094405512911e-05,0.000841785610359527
"AFUB_038510-T",12554.5976970255,-0.44961120167873,0.121275952528667,6.70265686006457e-05,0.00085478705311563
"AFUB_014480-T",13436.0140184114,-0.483601010170152,0.131548381114937,6.79980266121106e-05,0.000865895106976374
"AFUB_043800-T",17739.8611682251,0.507696148893805,0.139200802122203,6.85235896971088e-05,0.000871300688464269
"AFUB_089750-T",3723.63809902517,0.569733915534555,0.158161281191687,6.87462838732285e-05,0.000872844938543597
"AFUB_040580-T",4226.90725148847,-0.478025836080611,0.129910643471335,6.8858384186661e-05,0.000872982544225301
"AFUB_077600-T",568.667994812512,0.882823862887044,0.260306003721406,6.94395204913828e-05,0.000878941508657378
"AFUB_046490-T",1652.06287469569,0.463650494545878,0.125453875834863,6.95728637799994e-05,0.000878941508657378
"AFUB_092600-T",15368.6560723398,-0.378134530968216,0.100252972701647,6.96342710141502e-05,0.000878941508657378
"AFUB_000550-T",3962.71382538325,0.868802583496992,0.258120212319988,7.04622786588768e-05,0.000888092550172774
"AFUB_007050-T",12915.0087098208,-0.445408678631171,0.120300364432492,7.09721217428804e-05,0.000893212644591784
"AFUB_068250-T",10700.2221767033,-0.277026715994421,0.0718224677189945,7.13743255855002e-05,0.000896965103312824
"AFUB_014880-T",6620.72248904138,-0.48513882826411,0.132498387703477,7.15289369237935e-05,0.00089759965825331
"AFUB_013830-T",4912.24767434323,-0.562497934037709,0.156327553069908,7.20108304615007e-05,0.00090233338576831
"AFUB_067640-T",34160.3989617295,-0.695841493734314,0.198709841351534,7.39334491167986e-05,0.000925080210211786
"AFUB_094700-T",7996.12237968046,0.773737950008044,0.226345312345173,7.43727536975385e-05,0.00092896384419549
"AFUB_038100-T",14572.7204741937,-0.565097770978447,0.157657229475574,7.44593453589008e-05,0.00092896384419549
"AFUB_052510-T",1347.14367255729,0.656187936410437,0.186950354566638,7.47911541666813e-05,0.000931755115709479
"AFUB_078720-T",7335.53802202436,0.738470998868065,0.213948963906305,7.52174982094194e-05,0.000935714360841854
"AFUB_071560-T",4639.56487664593,4.47034817936072,1.51186070367046,7.58853869444538e-05,0.000942662710155816
"AFUB_029700-T",4508.35048772971,-0.50599791013178,0.139740495211874,7.73090631423424e-05,0.000958966091151271
"AFUB_019690-T",10730.9071352432,0.423993280411214,0.114537873968695,7.87953928086009e-05,0.00097599868017665
"AFUB_058300-T",6543.04512537001,0.432989283742142,0.117462929675804,8.05283600211128e-05,0.000996032986717379
"AFUB_098910-T",14338.1131299575,-0.639380316118795,0.182066767431292,8.24706997452976e-05,0.00101784405045992
"AFUB_016510-T",734.749604923947,1.29717824965846,0.405326307267509,8.25278959832364e-05,0.00101784405045992
"AFUB_027580-T",32746.3292209899,-0.398886232644383,0.107551272345504,8.29907329973923e-05,0.00102209015595788
"AFUB_063760-T",24946.3079079502,-0.416316849782731,0.112843572317097,8.32854923402824e-05,0.00102425710337457
"AFUB_076970-T",7667.21188300819,-0.711980460472589,0.207481949451419,8.38208911663228e-05,0.00102937308083315
"AFUB_069810-T",3165.56972485966,-0.568357119211453,0.160493209157458,8.42542271641314e-05,0.00103322289101277
"AFUB_052480-T",655.739657084091,0.980849928374327,0.29821622522288,8.48196727621969e-05,0.00103867954386776
"AFUB_008930-T",4307.89672098791,0.451948606312968,0.12380323238941,8.59856800165396e-05,0.00105031090712934
"AFUB_078440-T",1304.27086273163,0.909614514927034,0.276081709717158,8.61252727526282e-05,0.00105031090712934
"AFUB_093700-T",11649.4429839022,-0.650783402918794,0.186341600136134,8.613499725559e-05,0.00105031090712934
"AFUB_025210-T",1510.76106823527,-0.777234959053206,0.229966254903778,8.68017543290589e-05,0.00105584088577108
"AFUB_021180-T",3794.06623837058,-0.425594427241508,0.11656085244561,8.68334518050914e-05,0.00105584088577108
"AFUB_038490-T",2288.40899920223,-0.634921727819007,0.182423886980007,8.70426063459721e-05,0.00105659974324563
"AFUB_053170-T",2835.11492605207,0.851089935710962,0.252743124534938,8.71409833485261e-05,0.00105659974324563
"AFUB_050480-T",9281.16414345698,0.405045169531082,0.109695996830439,8.73624247370241e-05,0.0010577969995195
"AFUB_095120-T",743.661976707889,1.01588112369207,0.310741776359679,8.761533836372e-05,0.00105937143342725
"AFUB_052040-T",1358.75178155799,0.854107426550382,0.257881831734496,8.77990660310794e-05,0.00106010608999151
"AFUB_022200-T",2741.41959674547,-0.652884469381021,0.188697217943375,8.99522337286462e-05,0.00108458490485966
"AFUB_008810-T",797.731321787076,0.772075443039331,0.228916030931045,9.19869757495918e-05,0.00110756943845982
"AFUB_076040-T",16225.1011255687,0.71775508188062,0.213226185654085,9.28064999984882e-05,0.001114853035954
"AFUB_002560-T",3578.77069743594,-0.50506220413452,0.141412326939991,9.28505370392037e-05,0.001114853035954
"AFUB_090970-T",3450.20261946388,0.736162164576787,0.217002348235352,9.44011247468204e-05,0.00113189443176959
"AFUB_032800-T",1613.20019018743,-0.881682394941873,0.267801027938574,9.56911651277417e-05,0.0011457687980087
"AFUB_054160-T",10335.935721951,-0.635530967031874,0.183869430284473,9.64143664357767e-05,0.00115282698064193
"AFUB_069140-T",29412.2431765778,-0.568145462494652,0.160285270013487,9.72429227702807e-05,0.0011611235972335
"AFUB_018140-T",9442.97443385633,-0.383717532087143,0.104268329918713,9.76566486221946e-05,0.00116337434749987
"AFUB_072420-T",28528.5591965278,0.430011333595724,0.117614244932343,9.77682050234496e-05,0.00116337434749987
"AFUB_030150-T",989.408816064615,-1.36853829585725,0.439025957223423,9.78362605193603e-05,0.00116337434749987
"AFUB_050760-T",2706.14203916177,0.816347264447829,0.245963716744866,0.000101628635824513,0.00120680505432937
"AFUB_055420-T",933.173786258416,0.890332741329253,0.272563562917889,0.000102309528472116,0.00121321931906205
"AFUB_065240-T",3522.22213501382,0.66367793196516,0.194132103513043,0.0001025811142695,0.00121391282669736
"AFUB_007430-T",11295.5120598655,0.49357541078605,0.13878749634172,0.000102649628890195,0.00121391282669736
"AFUB_054680-T",25338.073149188,0.575482495705216,0.165410777067605,0.000106754309831539,0.0012607245274763
"AFUB_009350-T",2295.9668564888,-0.640274153207332,0.187401094832519,0.000107765623455374,0.00127092673024457
"AFUB_030430-T",2926.6068116122,-0.6006602015473,0.175100187005796,0.000107998685797254,0.00127193534188269
"AFUB_056400-T",2513.60677699414,-0.960251240854157,0.299715591672945,0.000108310164073305,0.00127386347131782
"AFUB_014980-T",1431.97497323319,-0.816293957105043,0.247947715760682,0.000108631669380353,0.00127587897298712
"AFUB_026780-T",4665.3879461114,1.03271347574358,0.321229282779983,0.000108777525245973,0.00127587897298712
"AFUB_088670-T",13690.318197931,-0.50821766752455,0.144044298880671,0.00010906412775241,0.00127750250727381
"AFUB_078390-T",12800.1694868304,-0.510059331550412,0.144644133971969,0.000109474967689697,0.00128057489342318
"AFUB_036690-T",5111.67786521348,-0.497492618118681,0.140877423635029,0.00011045350792447,0.00129027058511769
"AFUB_094550-T",9710.01931824793,0.426748144949064,0.118280879156059,0.000112622741508677,0.00131383038504236
"AFUB_012020-T",29779.3076590136,-0.405709621812122,0.112092710556726,0.000113744083638963,0.00132511857439392
"AFUB_068380-T",7495.53733382761,-0.553851688210662,0.159635455208446,0.000114452974347698,0.00133121488136697
"AFUB_078230-T",5881.1875710243,0.673441818470007,0.199742596312608,0.000114715327459481,0.00133121488136697
"AFUB_042220-T",11101.0313726385,0.699781521339081,0.208199782066214,0.000114730617893012,0.00133121488136697
"AFUB_047370-T",6858.53238760999,-1.30679913042509,0.426969767915889,0.000115237467882841,0.00133405384726208
"AFUB_086330-T",3551.17667721366,1.34194284850553,0.431186592711219,0.000115284783228193,0.00133405384726208
"AFUB_041320-T",2888.88195713626,0.707746099645022,0.21154437067704,0.00011803436893922,0.00136404060941691
"AFUB_076460-T",8801.19836548485,-0.390134363473015,0.107612273584431,0.000118295288345622,0.00136522581101421
"AFUB_097200-T",448.02776131155,-1.09860470168319,0.349812797771115,0.000118927322128927,0.00137068508565973
"AFUB_023640-T",3597.73421129286,-0.410345483895277,0.113923798061258,0.00011950117585279,0.00137546012954193
"AFUB_048010-T",1341.41507558018,-1.31276297087566,0.428507518303462,0.000120446168332826,0.00138448855626306
"AFUB_091090-T",11141.6730783555,-0.426975546598475,0.119310387836533,0.000121711116383094,0.00139716582468529
"AFUB_060770-T",581.343850715162,0.676539363047317,0.20147866295857,0.000122371228411972,0.00140287547890906
"AFUB_096950-T",778.854428151205,-0.921214934812813,0.288117716573219,0.000123446541436387,0.00141332355076108
"AFUB_080670-T",3537.64368492795,0.525913671788062,0.150734047217172,0.000123941439766864,0.00141710762895244
"AFUB_066150-T",23397.8446259287,-0.469805529012475,0.133905061795401,0.000124305256170755,0.00141938491847428
"AFUB_011340-T",15315.9548914096,-0.509411795113901,0.145971147360591,0.000124936844980096,0.00142343184912401
"AFUB_066180-T",33050.347701356,-0.711248614716136,0.214436346491128,0.000124989897898953,0.00142343184912401
"AFUB_101780-T",38740.2846289528,-0.667578269548011,0.199043050417771,0.000125335239891528,0.00142548166636526
"AFUB_038660-T",13809.8698155973,-0.641766305321011,0.186516300396456,0.00012875810158053,0.00146248167816304
"AFUB_067520-T",1028.52523503307,-0.693072800563958,0.208567595710032,0.000129834153697913,0.00147023796779538
"AFUB_050430-T",7373.18242426762,-0.566312810806548,0.165103238413155,0.000129897208515518,0.00147023796779538
"AFUB_072490-T",4739.73379722962,-0.641566905393219,0.189437763729631,0.000129952596155907,0.00147023796779538
"AFUB_011740-T",202.415906249094,1.14741246921032,0.370799742361105,0.000130234483312256,0.0014714960427719
"AFUB_094630-T",3493.00505223594,-1.17912629907532,0.385690680379944,0.000131177049215705,0.00148020594409501
"AFUB_053650-T",13884.0418767877,-0.458692955214504,0.130040743522491,0.000131487179947543,0.00148176598474219
"AFUB_053430-T",3531.04956218326,0.584425000037432,0.172454669587137,0.000132164279294551,0.00148745202584638
"AFUB_020280-T",5260.40672819315,0.423632259897263,0.118884143509739,0.000135335597119351,0.00152115799578347
"AFUB_086400-T",5331.46061939228,0.661239762987274,0.198110804846466,0.000136953973624255,0.00153517423169239
"AFUB_018220-T",661.329538748655,-0.949972059757241,0.301418871518753,0.000137090395033878,0.00153517423169239
"AFUB_022470-T",7149.24070319299,0.424179385935314,0.119306459607585,0.000137116826169022,0.00153517423169239
"AFUB_010500-T",2171.41834980927,0.654221670670289,0.195788470575277,0.000137697646184814,0.00153967757167222
"AFUB_092680-T",5695.62430910833,-0.411260756482622,0.115483863715919,0.000138711664119138,0.00154900680877084
"AFUB_036500-T",15893.8258751417,-0.527801609506176,0.154132932841753,0.000140073223768612,0.00156218791993429
"AFUB_046570-T",1837.04460775947,-1.28893628913427,0.426524742842993,0.000140348122141226,0.00156323147413374
"AFUB_011200-T",9734.13577161442,-0.469775993268056,0.134378820532709,0.000141591598009385,0.00157504666637279
"AFUB_074750-T",8651.75127602657,0.441899541244807,0.125276124165585,0.000141902214072902,0.00157646776742588
"AFUB_095780-T",2251.65238473039,0.396481874668988,0.111483766846697,0.000143753199869623,0.00159176821078452
"AFUB_059790-T",4496.64259220621,-0.762494233342248,0.234116412155114,0.000143786704585793,0.00159176821078452
"AFUB_069880-T",8764.87359710245,-0.475709126994857,0.136479462293344,0.000143833364598207,0.00159176821078452
"AFUB_006400-T",44680.9542153255,-0.538953314366402,0.153960285727082,0.000144560590954875,0.0015977651982333
"AFUB_030910-T",15667.3265833916,-0.927939149089375,0.292999532785251,0.000147814874376535,0.00163147961923923
"AFUB_043370-T",10306.4393381485,-0.34945305785566,0.0968820906372772,0.000147989451600172,0.00163147961923923
"AFUB_010860-T",5342.94877262879,-0.470791216987437,0.135230525850928,0.00014934392280628,0.00164430901470362
"AFUB_035190-T",4731.20687216538,-0.471597583871546,0.13588897375075,0.000153331506893237,0.00168605984812065
"AFUB_084500-T",146.308537786469,-1.93319230902043,0.67291938297964,0.000155014572955066,0.0017023957113957
"AFUB_038730-T",11150.3805176601,-0.351840086009451,0.0973181238953395,0.000155839988880734,0.0017092831350392
"AFUB_076280-T",5347.43808945564,-0.704136876722102,0.215970083852249,0.000156179967643381,0.00171083545241878
"AFUB_027920-T",2767.41478376404,0.545885440382831,0.161561566576712,0.00015657838332092,0.0017129963218983
"AFUB_089110-T",23275.1277187211,-0.448339737524395,0.129282724034178,0.000156774631478687,0.0017129963218983
"AFUB_071550-T",991.901519211434,3.8496598295157,1.41857967706749,0.000158768301655608,0.00173258421338354
"AFUB_057390-T",4663.38808784445,-0.438350780083761,0.127673285045751,0.000159181673247009,0.00173489912144433
"AFUB_083370-T",9258.46935554261,-0.367009653825971,0.102914040798157,0.000162297859520531,0.00176662859460416
"AFUB_032600-T",8273.44120913158,0.472024454641797,0.136447505356752,0.000163150567411508,0.00177367092264138
"AFUB_012130-T",6299.08248282793,-0.532143218123072,0.156792987890556,0.000168055863534941,0.00182469722863316
"AFUB_035280-T",2777.1673559299,-0.595590798069145,0.178769414826725,0.000168272047112055,0.00182474631214217
"AFUB_056250-T",8231.62184552039,-0.516165833173344,0.151761810168743,0.000169206026059487,0.00183256928474729
"AFUB_022720-T",1709.4993722062,-0.775989985769766,0.243684514457315,0.000170181460714568,0.0018408210449439
"AFUB_093500-T",6518.13220015041,0.381481109129325,0.10771233383872,0.000170932669101839,0.00184662974978315
"AFUB_086090-T",8495.63208257597,1.08161123213602,0.349421750969073,0.000171613433599626,0.00185166384363251
"AFUB_036040-T",14703.4628800445,-0.705752268021622,0.218312519483232,0.000172213994006711,0.00185461312596085
"AFUB_016030-T",2350.92988910053,0.54703933114042,0.162209825345153,0.000172317029798705,0.00185461312596085
"AFUB_028060-T",5826.93420091232,0.758224206294558,0.237107710072298,0.000173884677964711,0.00186915188121418
"AFUB_082550-T",10894.6163762981,-0.430250401490141,0.123748751529989,0.000175919055346454,0.0018886652255813
"AFUB_037670-T",8885.74745240822,-0.510012376828689,0.150102179874669,0.00017653769447871,0.00189294958221512
"AFUB_097570-T",401.45398082988,0.915272679084154,0.295817603194515,0.000178632941342993,0.00191303675443223
"AFUB_027310-T",3570.02362204007,0.484598817142278,0.141694855987418,0.000180070682157466,0.00192604137826243
"AFUB_064610-T",4363.19925794943,-0.604543014493894,0.183239405574041,0.000181118929769536,0.0019348529040188
"AFUB_055970-T",547.334344254054,0.713822871157621,0.222150090285953,0.000182723568294983,0.00194957906221664
"AFUB_028870-T",14193.7239189659,-0.322634390935355,0.0896430731512834,0.000187339660688363,0.00199635996884349
"AFUB_052120-T",1490.82804315327,0.601105736919,0.182054247598129,0.000188396156261009,0.00200513983101995
"AFUB_003520-T",1873.08801039084,0.587118322908589,0.177385810567936,0.000189169807750216,0.00201089138423504
"AFUB_038070-T",22398.27219021,0.502911274018517,0.152228263072758,0.000189586572068937,0.0020128397017319
"AFUB_028640-T",1542.10593884704,0.693915341933178,0.215744762879786,0.000190001471193134,0.00201476344791637
"AFUB_063070-T",4871.66858786645,-0.733390314319344,0.230797829596082,0.000192133263839293,0.0020348659306616
"AFUB_014300-T",9797.78723913465,-0.407035285496845,0.120355748192933,0.000193706851884088,0.00204885034449858
"AFUB_093830-T",3138.75969022564,0.644652792709874,0.198335902580475,0.000193928996764974,0.00204885034449858
"AFUB_042120-T",2083.74660514746,-0.756858673046658,0.239920741647796,0.000195657454512103,0.00206458129173665
"AFUB_067320-T",15612.0370349825,-0.566831550010827,0.171224411893522,0.000197919799352627,0.00208533866036457
"AFUB_090040-T",1834.02266169529,0.80845830025289,0.25879844416119,0.000198108382187516,0.00208533866036457
"AFUB_057580-T",2758.17687446992,1.15958849137411,0.386273113294937,0.000199220169006357,0.00209448424024854
"AFUB_086300-T",4187.92873745745,1.07295444380322,0.352651713593194,0.000203517022473282,0.00213705268056293
"AFUB_084520-T",4643.73353364424,-1.33705489909862,0.469031095893714,0.000206728257043955,0.00216813175666172
"AFUB_051050-T",4646.13569469661,-0.445912453589162,0.130564577764025,0.000207449490452266,0.00217305231736207
"AFUB_087970-T",8369.69012071929,-0.596327573869074,0.182559717342576,0.000207857408608225,0.00217468291214989
"AFUB_065150-T",8115.96981984485,-0.407820814713007,0.119155699602704,0.000209088180600957,0.00218490812722528
"AFUB_058480-T",5485.996546929,-0.4049831201472,0.117227314700099,0.000209712976646418,0.00218665662904651
"AFUB_042530-T",973.247510474734,0.739131931747651,0.23437881384411,0.000209762792277167,0.00218665662904651
"AFUB_011370-T",12590.757537998,-0.617225109399104,0.190327516096789,0.000212055131339487,0.00220788319719531
"AFUB_042100-T",21261.6392143644,0.686651453530491,0.21557744042197,0.000215748290287838,0.0022436260682406
"AFUB_029320-T",15942.0540625918,-0.463718787558049,0.137289537365553,0.000218463531312932,0.00226912542584191
"AFUB_028260-T",5740.03053339889,-0.652212305010178,0.203725624831458,0.000219040980406243,0.00227238542970183
"AFUB_070950-T",338.49057256819,-2.42509780479827,0.902769847393132,0.000219582678365277,0.00227393324351455
"AFUB_050460-T",36519.0569780401,-0.284010973205309,0.0780446958155646,0.000219987046786437,0.00227393324351455
"AFUB_010540-T",15495.8839704838,-0.388652409656374,0.112252343532788,0.000220425163312865,0.00227393324351455
"AFUB_089250-T",2436.96436272574,0.481445161714338,0.143007401254985,0.000220437872942514,0.00227393324351455
"AFUB_051520-T",60204.412476363,-0.702828330883279,0.222836833083597,0.000220509011898639,0.00227393324351455
"AFUB_011930-T",402.884275129127,0.717744757321127,0.228043676821093,0.000223504244805449,0.00230206701848002
"AFUB_055470-T",1339.07256051109,-0.954995239794806,0.318941158608812,0.000224593275074854,0.00230453260082316
"AFUB_058230-T",7737.48420997573,0.566793369281203,0.173460139666488,0.000224627205977372,0.00230453260082316
"AFUB_038210-T",5529.70051786317,0.752380361683589,0.245413370871908,0.000224809946700361,0.00230453260082316
"AFUB_025690-T",15052.873369959,0.435082313858844,0.127590452289468,0.000224812889141895,0.00230453260082316
"AFUB_068320-T",19509.7901608097,-0.560317193002313,0.169522895956982,0.000225835041922526,0.00231226115963669
"AFUB_001550-T",7722.87101666467,0.520701214185136,0.158465569362135,0.000228605338805519,0.00233784890372762
"AFUB_016530-T",1738.44535354047,0.520204594903986,0.15693559515009,0.000230545454212024,0.00235489616204011
"AFUB_086290-T",4563.54631362388,1.02343666343687,0.339995795028098,0.000231384992750214,0.00236067458283976
"AFUB_009080-T",57063.9452318377,0.716310975929292,0.228062059919184,0.000231920831640752,0.00236334455032497
"AFUB_050790-T",2168.07750842562,-1.17927295466427,0.408384742027035,0.000232872397786498,0.00237023960013861
"AFUB_073580-T",26846.1494408773,-0.409960419745906,0.121230297620154,0.000237422883104196,0.00241370598495433
"AFUB_033930-T",629.985636378459,0.921339133217887,0.308083682149366,0.000238172496140281,0.00241847478118417
"AFUB_035030-T",358.563828131344,0.907936082981826,0.302252586317953,0.000240226296288821,0.00243645988271286
"AFUB_023400-T",6854.49436237667,-0.524159699481171,0.159295441880404,0.000242833052549115,0.0024600044019106
"AFUB_055400-T",4210.3296627841,-0.412210514776433,0.121041178404857,0.000243153960314559,0.00246036419233781
"AFUB_091890-T",900.823293612028,-0.56370343950241,0.173621702297457,0.000247461328387189,0.00250101302699409
"AFUB_005770-T",7040.28664136668,-0.504485493587289,0.153800550552373,0.000249306036518601,0.00251670648808766
"AFUB_063700-T",47439.4749333981,0.904594788663255,0.301985231810346,0.000250440499620599,0.00252520180962477
"AFUB_052850-T",94236.6734119889,-0.617566137937153,0.191122151746179,0.000252262488118163,0.00254060153045173
"AFUB_045890-T",3283.01678529655,-0.949673221054044,0.318478030076217,0.000254341277701324,0.00255702187075604
"AFUB_005040-T",15217.9937531818,-0.624746580345749,0.195141595787825,0.000254486111252602,0.00255702187075604
"AFUB_054630-T",9670.89076773969,-0.469524513122937,0.141258827916159,0.000254810191985286,0.00255729763108865
"AFUB_060180-T",19436.4789212958,0.496176000697164,0.152149865187421,0.000255464149679946,0.00256087957487304
"AFUB_091680-T",2373.72646297279,0.867161457587464,0.285581901939421,0.000263037223361614,0.00263373275563353
"AFUB_063940-T",22830.1162856289,-0.43207835496804,0.129032901982187,0.000265120646110692,0.00265151402566158
"AFUB_024070-T",29313.1456722609,-0.388724429697808,0.114341232587529,0.000274551291957634,0.00274264969636937
"AFUB_020650-T",36581.6004643114,-0.479148799672237,0.145173099836108,0.000276062412203497,0.00275455330509994
"AFUB_071540-T",966.612424583884,5.74830652961219,2.60567709309033,0.000279717043349531,0.00278779263666625
"AFUB_059030-T",384.619694096613,0.899692678906897,0.304574890434189,0.000280788011533632,0.00279523492774993
"AFUB_037910-T",1795.091135137,0.866078360100108,0.291731081127643,0.000283233660404381,0.00281632916533584
"AFUB_040070-T",8518.31166646731,-0.545791823133981,0.168561884197571,0.000284305303091482,0.00282372813128072
"AFUB_041390-T",6453.14114190499,0.818390714816826,0.272503868475592,0.000295071974617779,0.00292729055601827
"AFUB_078710-T",8874.26794351404,-0.499397454580758,0.153509162549103,0.000301881045368835,0.00299139826681003
"AFUB_073630-T",2730.57490837939,0.608567196587987,0.193373046539549,0.000305079974681169,0.00301962624767665
"AFUB_007340-T",32283.7637515083,0.451081556275154,0.136424231292732,0.000306099033424748,0.00302623826508572
"AFUB_000760-T",1740.3048174912,1.18388005503768,0.419127970599827,0.000309993766237105,0.00306123282786951
"AFUB_098510-T",8949.20527499504,-0.442277404023008,0.134024353815378,0.0003125752409448,0.00308301802516383
"AFUB_088580-T",731.043040736133,1.49517017604686,0.549340365704909,0.000312915064611803,0.00308301802516383
"AFUB_031550-T",8033.72924839799,-0.543508409697778,0.170088484842277,0.000314875100032267,0.00309878794221253
"AFUB_067090-T",10267.8892328308,-0.564507628486939,0.177949195393368,0.000317754896013051,0.00312356323663456
"AFUB_008310-T",15937.0046481829,-0.521136905671031,0.162089670898032,0.000318571353344139,0.00312802236580845
"AFUB_074220-T",3513.46183282741,-0.56387424528894,0.177854784729159,0.000320827096221697,0.0031465874818285
"AFUB_031950-T",1477.29175689711,-0.616424426503519,0.197704048574327,0.000321357441333997,0.00314820738834135
"AFUB_065720-T",1464.67658604365,0.668258964748299,0.217191210358455,0.000321967863558899,0.00315060720969497
"AFUB_051180-T",17490.4347253608,-0.964805458188433,0.333602863271421,0.000323789947716843,0.0031648448291008
"AFUB_041370-T",3070.72228107105,1.3231009643584,0.479489118620783,0.000324184162510038,0.0031651094733851
"AFUB_032870-T",23236.6062553504,-0.620895338253835,0.19985156214728,0.00032592258144424,0.00317848255048733
"AFUB_037850-T",12985.9535921321,-0.471279721654141,0.144628397911609,0.000328424234676773,0.00319926025666493
"AFUB_075150-T",3440.17336556747,-0.492351022398869,0.152891211202147,0.000332620342448008,0.00323647852397774
"AFUB_027570-T",23263.1408422203,-0.488421337012696,0.151506093690874,0.000339801522774713,0.00330262562327035
"AFUB_074600-T",1705.07799066352,0.829192867787721,0.280616272287829,0.000340272726702833,0.00330348105507334
"AFUB_092070-T",2808.30610167289,1.52517791116114,0.566135168517943,0.000341344539885441,0.00331015891828165
"AFUB_058990-T",14314.1443030551,0.487589720823538,0.153673158178305,0.000342825557918487,0.00331772393223398
"AFUB_077830-T",431.813418252344,-1.46663020219169,0.549655622973609,0.000342894330544075,0.00331772393223398
"AFUB_075860-T",513.882015541926,0.75545634191561,0.252944297238048,0.000343844321464099,0.00332318598132511
"AFUB_085630-T",1144.14690191442,-0.505515314833232,0.157577606606671,0.000345665658066565,0.00333704774713534
"AFUB_074680-T",4601.63270216092,0.668403242289908,0.218801952422997,0.000347119078954063,0.00334733062602123
"AFUB_076330-T",1822.57598865544,-0.602880732304291,0.194794803698169,0.000359796722012003,0.00346570674912344
"AFUB_094900-T",351.877202165715,-0.977190543035067,0.346099318676773,0.000362002623807826,0.00348069550771514
"AFUB_094670-T",1885.03842130482,0.652160064041784,0.213562210020899,0.000362238086587579,0.00348069550771514
"AFUB_089580-T",2507.0352259827,-0.862058396602326,0.297737122062162,0.000362564037342326,0.00348069550771514
"AFUB_000280-T",1157.76510696468,0.889877571651452,0.310123546240152,0.000367823578522825,0.00352726036756983
"AFUB_056900-T",14967.3075078436,-0.423335959175274,0.129304397543337,0.000373062730846271,0.00357352644736189
"AFUB_055960-T",20356.1566146655,-0.377721279814815,0.113597798726117,0.000374100444936693,0.00357948938490481
"AFUB_088210-T",2975.49784116721,-0.531030160581142,0.168671745154401,0.000375243774005852,0.00358644853182312
"AFUB_051630-T",5697.71464740239,-0.343722310570203,0.102325045773956,0.000377461298060849,0.00360364767506376
"AFUB_097220-T",14895.5509797562,-0.402543871023143,0.122367260102941,0.000378124267901551,0.00360598375395937
"AFUB_026290-T",50699.2283867448,0.588660447463223,0.191268062769304,0.000379056990757344,0.00361088432852935
"AFUB_099070-T",1270.57330467524,0.665357252980351,0.219749913817669,0.000379959152169022,0.00361548327908293
"AFUB_021410-T",12923.3359778702,0.295082642194289,0.086626716917359,0.000385523569950651,0.00366438665550668
"AFUB_050360-T",838.712358714347,-0.789230806825989,0.270665070217868,0.000387058896089529,0.00367492813126413
"AFUB_050710-T",5388.55807339575,0.529157943052524,0.168746018905734,0.000393904433952083,0.00373580871848285
"AFUB_053950-T",5560.98182692318,-0.422025207332488,0.129463446567503,0.000395103703095339,0.00374306486196145
"AFUB_039970-T",1320.21036331797,-1.04931227945074,0.381696121664401,0.000400354282471935,0.0037856893047967
"AFUB_052940-T",1955.5207205459,-0.913359784423513,0.323761468620019,0.00040048122560893,0.0037856893047967
"AFUB_023410-T",13827.5585086385,-0.520759445845099,0.162746945959981,0.000402255563925093,0.0037982970608962
"AFUB_038600-T",441.059202117337,0.940903869699865,0.33394767476349,0.000404526871935851,0.00381556472971441
"AFUB_024130-T",981.285848763671,0.737730824832325,0.250318726763537,0.000405259057054759,0.00381829325778041
"AFUB_004000-T",5986.06162040126,-0.444972240056185,0.138002368282508,0.000406005733995191,0.00381845649864976
"AFUB_055020-T",5522.70368863706,0.389853454585667,0.11842517855741,0.000406162232833991,0.00381845649864976
"AFUB_064210-T",553.844475117639,0.663816066177081,0.221159665663691,0.000414690015846741,0.00389040326019282
"AFUB_040000-T",2618.34234578291,-0.485115156164583,0.152763983259385,0.0004147176193153,0.00389040326019282
"AFUB_007780-T",18894.8954269806,0.478635248485808,0.15212178369505,0.000420610371732204,0.00394139349424275
"AFUB_004710-T",1268.88692630236,0.707218900071623,0.239452995802207,0.000426618612047806,0.00398714398040478
"AFUB_020090-T",38371.4519215135,-0.409398318671482,0.126689602216159,0.000426682938419017,0.00398714398040478
"AFUB_053870-T",6162.2374121756,-0.828479586385613,0.293385310516685,0.000426880164008075,0.00398714398040478
"AFUB_094490-T",11441.8447116113,0.352676785573957,0.106333884913538,0.000428863592082637,0.00399432556564513
"AFUB_073040-T",1643.98372766289,0.686842124775659,0.231383150502414,0.000428957920777993,0.00399432556564513
"AFUB_023730-T",14096.7622400284,-0.401682069085933,0.123411237449453,0.000429039029554274,0.00399432556564513
"AFUB_051750-T",5740.44676930921,0.44637425129832,0.139161558633927,0.000435261557616622,0.00404788553205275
"AFUB_094600-T",1630.90107532065,0.663750587905967,0.222328096776127,0.000436035181542218,0.00405071045266753
"AFUB_075020-T",3359.14864354306,0.674853503526702,0.227186451410313,0.000438342440434162,0.00406776122603112
"AFUB_046770-T",235.316408938487,-1.62040557606914,0.638033229748382,0.000439781406007238,0.00407672634536387
"AFUB_047010-T",11437.6712227467,0.653685022833501,0.219624904069021,0.000441726344062631,0.00409035747815676
"AFUB_051390-T",1498.41773519619,-0.51774208433956,0.166159741407212,0.000448666906370142,0.00415016888392381
"AFUB_011450-T",23269.16295474,-0.301195812557573,0.0899464477084792,0.000451325972118552,0.00417029068127978
"AFUB_037030-T",3815.92074369339,-1.00030785628875,0.366135952728542,0.000452786564904289,0.00417546870082026
"AFUB_026390-T",17120.7144076479,-0.37134952894576,0.113293666908463,0.000452855032509796,0.00417546870082026
"AFUB_050440-T",807.203171555966,-0.772216234044754,0.269321160348706,0.000458693299589148,0.00422478091427141
"AFUB_024540-T",6237.62257809411,-0.425049057829678,0.132428409170188,0.000463787780303792,0.00426714456136499
"AFUB_079130-T",5803.00724429756,-0.893064260182865,0.321112048098853,0.000468174468295632,0.0043029126771606
"AFUB_094330-T",15801.2751032139,-0.293255634769365,0.085388585257289,0.000471588259335199,0.00432732903879372
"AFUB_032480-T",3847.31957323336,-0.436010931126864,0.136932110682796,0.000472067332031877,0.00432732903879372
"AFUB_067860-T",88002.1405260556,-0.49281895233906,0.150328962898192,0.000472336924429288,0.00432732903879372
"AFUB_009310-T",10994.4022125127,-0.298034747822361,0.0882854208911286,0.000474808556375678,0.00434325042978811
"AFUB_064780-T",11149.3379993827,0.491375786506387,0.157714077446416,0.00047508237504816,0.00434325042978811
"AFUB_050510-T",1420.78672039293,1.16821704462426,0.439235064118278,0.000484540824066785,0.00442502801300822
"AFUB_013520-T",1411.24101253656,0.635862570417771,0.213608064935773,0.000485412328783005,0.00442829596448496
"AFUB_051890-T",3500.48375014963,-0.37833845294583,0.116493977185357,0.000488203515860306,0.0044490512793147
"AFUB_009120-T",18747.4490229756,-0.372234891090643,0.114328109606421,0.00049659609547292,0.00452075495150163
"AFUB_017850-T",1077.68064925127,1.36555689485819,0.527749097484514,0.000497259214629205,0.00452091923929389
"AFUB_078990-T",6992.27235397578,-0.396748416694652,0.123215456239993,0.000497662957671953,0.00452091923929389
"AFUB_055280-T",2290.63986346928,0.507560675851696,0.164784402484767,0.000498550022930478,0.00452421026071963
"AFUB_043340-T",846.77176898457,0.719283951170259,0.248853809355922,0.000500194017099851,0.00453435606878845
"AFUB_000830-T",4320.18946266891,0.801641682648108,0.280579059802059,0.000501838208938333,0.0045444823521611
"AFUB_052460-T",1025.06540030325,0.992538203389029,0.363355014876929,0.000505807082206903,0.00457561684754009
"AFUB_006910-T",1181.27272929867,0.776569938869044,0.273128380490289,0.000506621546430049,0.00457818066223633
"AFUB_002570-T",19566.6415042303,-0.535851029608069,0.172819079099068,0.000509054718616623,0.00459535154889414
"AFUB_018410-T",2514.92996707418,0.497185920732371,0.160138966512871,0.000512573982740742,0.0046222806539832
"AFUB_014370-T",10887.9906211637,-0.467439780345415,0.148779511663793,0.000517708156443191,0.00466370116687226
"AFUB_042540-T",5127.90668204688,-0.459912187881825,0.146779921203733,0.000524761216556768,0.00472230318156148
"AFUB_065130-T",3737.51309877589,0.508626602643216,0.166020684543692,0.000533395873547939,0.00479500086116453
"AFUB_031840-T",9492.71118337426,-0.390474354908078,0.121887642084651,0.00053673844617481,0.00482002306715941
"AFUB_078260-T",7074.43504542391,0.436760107242488,0.138333992495314,0.000537537392942793,0.00482217467696131
"AFUB_065750-T",2696.98622898394,-0.526020808155581,0.172439718788141,0.000538509706168199,0.00482253150304739
"AFUB_072830-T",13554.918304738,-0.358764749326832,0.107082839394266,0.000538695956087999,0.00482253150304739
"AFUB_001150-T",1633.55342033701,0.610722715212789,0.205833781824422,0.00053961338039374,0.00482573335308551
"AFUB_014520-T",8162.52526768571,-0.392036157799221,0.122436600098457,0.000540376603296706,0.00482755098136881
"AFUB_004320-T",8074.24408205702,-0.537016415878494,0.176880872245873,0.000544310541038292,0.00485766167110881
"AFUB_004070-T",3002.20484825354,0.81854929724366,0.292153428592437,0.000546150615202899,0.00486904286831871
"AFUB_013000-T",13406.8625434,-0.378391908410217,0.117772456427132,0.000550689107930342,0.00490443264407797
"AFUB_064410-T",572.795166263644,0.753384880188995,0.26617345053511,0.000553579242171867,0.00492508425878603
"AFUB_015130-T",8458.20489255508,0.475247103057538,0.153177597722041,0.000557167170904789,0.00495019345197263
"AFUB_050030-T",11613.1614432437,0.581366907210086,0.194686541545285,0.000557549917859346,0.00495019345197263
"AFUB_052140-T",2522.6507314681,0.498165739264096,0.162566391257953,0.000559778629743768,0.00496486786730558
"AFUB_020170-T",4875.11304787564,0.526149814049093,0.173069991954658,0.000562740172660162,0.00498600516804035
"AFUB_020910-T",1600.27334712765,0.497595559851468,0.162089994629819,0.000569596583649575,0.00503827933432085
"AFUB_054000-T",2460.90620445153,-0.521909347233588,0.171796558020645,0.000569808879592022,0.00503827933432085
"AFUB_093320-T",7767.3609376616,0.454148613655058,0.147682401885979,0.000572938367086094,0.00506075990025534
"AFUB_006970-T",16210.9533461866,-0.486284148003845,0.156239931253962,0.000574651706155229,0.0050706984224813
"AFUB_013060-T",1835.64517598555,0.640862308484045,0.219762833110066,0.000575275022701826,0.00507100815001272
"AFUB_046920-T",829.216284457316,-0.693455131864011,0.242586836772448,0.000581190757118401,0.00511290305661367
"AFUB_025090-T",59695.0789043036,0.452951035466275,0.147810441309105,0.000581213895775594,0.00511290305661367
"AFUB_049320-T",652.8681891479,-1.06551623788642,0.408934798853705,0.000586505283387699,0.00515419169019914
"AFUB_063880-T",3787.57906667555,-0.500240254686942,0.163946051160514,0.000589053373135019,0.00517007780723151
"AFUB_061050-T",5378.68858118363,-0.343632442785897,0.106599820021858,0.000589512409756244,0.00517007780723151
"AFUB_097210-T",496.671345459603,-0.945392440090903,0.353734113848593,0.000592652246994329,0.00519233233875824
"AFUB_037310-T",4896.64390007273,0.588325321105141,0.198761321613483,0.000594370564408041,0.00519788471355074
"AFUB_039130-T",1252.21818525528,-0.581712275926029,0.200316529728344,0.000594491860290109,0.00519788471355074
"AFUB_073450-T",510.584939191146,-1.00935128593295,0.383944905029202,0.000595415032368544,0.00520068185820589
"AFUB_092170-T",299.23250726269,-1.06823986675563,0.411012470105346,0.000596339092132995,0.00520348108631432
"AFUB_032090-T",22168.5692754376,-0.36849645697349,0.114854635733914,0.000599431238817724,0.0052251736196639
"AFUB_021230-T",520.147529687653,0.881295528646666,0.325462496228348,0.000610786703867009,0.00531877997377524
"AFUB_008020-T",56119.365473994,-0.593733392297931,0.200099128855352,0.000615014725347191,0.00535019369043202
"AFUB_090790-T",6324.21971636616,0.609130888767964,0.208131854337539,0.000616035592901963,0.00535367222420143
"AFUB_076650-T",6558.29049765933,0.472769691331517,0.15355012483397,0.000619201791125713,0.00537576902446603
"AFUB_069600-T",3265.53377325514,-0.586651107004742,0.199863182798564,0.000627468259194797,0.00544205619971665
"AFUB_013760-T",11587.4690248396,0.508978451881355,0.169036059952784,0.000631498118675364,0.00547150279507569
"AFUB_099470-T",1614.3356019007,-0.616910105174721,0.212820879163912,0.000641123272739686,0.00554791206476474
"AFUB_004310-T",5823.60318597632,0.599733672792484,0.202374962864476,0.000641604028369151,0.00554791206476474
"AFUB_054110-T",2959.68374130326,0.523988317176872,0.175993039301313,0.000647940597674585,0.00559663205970053
"AFUB_026420-T",1283.41453632075,-0.614546454538974,0.212572273101067,0.000649054779588627,0.00559663205970053
"AFUB_054530-T",10136.9280780807,-0.293061599019398,0.0899640431008612,0.000649384210688907,0.00559663205970053
"AFUB_031260-T",9915.63663144695,-0.32286098081911,0.0996522627050242,0.000649980829950181,0.00559663205970053
"AFUB_001730-T",1418.65551867197,-0.494846831375539,0.163430682052375,0.000650484320127587,0.00559663205970053
"AFUB_059540-T",25323.814468868,-0.274778264056849,0.0840833471681495,0.000661422918300897,0.00568507176338189
"AFUB_060640-T",1901.27550237706,-0.684043858547984,0.242349612185117,0.000662985735432804,0.00569282871032491
"AFUB_075710-T",274.336254412119,2.20274017588087,0.967081937807335,0.000664201275174834,0.00569759123709676
"AFUB_068490-T",3947.29986305018,0.59797288773781,0.205426494262331,0.000672194131278077,0.00576042306734424
"AFUB_073250-T",506.54650410759,-0.694123068039802,0.247276778212733,0.000676512296838594,0.00579167081533815
"AFUB_066900-T",5150.19448982518,0.533261223494453,0.176792083576814,0.000678205435414746,0.00580040581221282
"AFUB_082050-T",1709.23623579593,-0.402848121691349,0.128998598369226,0.000680075579998747,0.00581063585249673
"AFUB_057280-T",17460.1927213982,-0.69187284674951,0.240934193131804,0.000682716425207589,0.00582742406110359
"AFUB_058940-T",2622.65338571311,0.487727620612167,0.162750140092694,0.000684371701893416,0.00583425183543715
"AFUB_087050-T",1520.15368749762,-0.772437456383161,0.282424428806251,0.000684869836151537,0.00583425183543715
"AFUB_003210-T",6765.7153323989,-0.294672488998504,0.0904689199644669,0.000688962386084229,0.00586332155027852
"AFUB_026090-T",2370.69168912907,0.561489180659395,0.191375221334172,0.000703100467873402,0.00597774076285661
"AFUB_099490-T",124.45769091728,2.4706537495977,1.1186940361892,0.000706107119690027,0.00599738864911105
"AFUB_081350-T",332.626850626289,1.37734410527702,0.56607673039234,0.000708377229079673,0.00601074812194475
"AFUB_028690-T",2477.78975182084,-0.765757808877817,0.280904557018965,0.000710314572971275,0.00602126050500036
"AFUB_000050-T",195.329510590153,-0.154028692738273,0.374707542257046,0.000713513465085066,0.00604243573919288
"AFUB_056630-T",126.583265632146,-1.27707489510108,0.525479449781413,0.000736190525735207,0.00622835968828579
"AFUB_054770-T",5567.29797203345,0.539820988166803,0.183602051029005,0.000744779640035958,0.00629484831053921
"AFUB_044800-T",532.564919535473,-1.29756494652725,0.538285858884914,0.000750102781482229,0.00633362985226081
"AFUB_039000-T",2471.10857717333,0.745305769481645,0.275613027986596,0.00075130177265977,0.00633754655782767
"AFUB_069920-T",15372.9243374649,-0.357251592264483,0.113657223614527,0.000756360113673405,0.0063739790224618
"AFUB_089280-T",11906.9787361239,-0.389938243195,0.125886710817167,0.000759580280371524,0.00639486484090128
"AFUB_078060-T",10083.6081358625,0.449950879953385,0.148298829541454,0.000761484707175414,0.00640464357127732
"AFUB_066850-T",10833.5025123641,0.438982448150841,0.144359510841556,0.000774917888277092,0.00651127399106902
"AFUB_086960-T",894.293703858796,0.687410371148304,0.248576964070172,0.00078704120627528,0.00660228022544136
"AFUB_064680-T",13721.7997694985,-0.254818702893764,0.0785986168423195,0.000787280370230103,0.00660228022544136
"AFUB_021020-T",20434.9135982573,-0.599365564597015,0.21078365524135,0.000793607050149649,0.00664886917331402
"AFUB_069220-T",6844.95235626823,-0.405886969068464,0.132425293076022,0.000797613169977128,0.00667594479453672
"AFUB_006390-T",329.276268450244,0.946355068658047,0.369278806045083,0.000799444127442803,0.00668477965342813
"AFUB_033150-T",3405.79352613796,-0.909570629675528,0.352694692512966,0.000802137617329719,0.00669402175931209
"AFUB_091200-T",4094.32564250525,-0.425183390048096,0.139705044766598,0.000802538794658514,0.00669402175931209
"AFUB_000660-T",7021.40178719647,0.890561978211897,0.340987293272288,0.000802878842260607,0.00669402175931209
"AFUB_028140-T",4672.88733734474,0.418582312596958,0.137049691947717,0.000810730117310033,0.00675295105442492
"AFUB_047320-T",4078.47369304396,0.475860668423248,0.159447115677026,0.000813467357784717,0.00676921051299425
"AFUB_006820-T",2091.02274093582,0.65947490733262,0.237130414898406,0.000824053655306523,0.00685069099556175
"AFUB_054220-T",30947.1532938229,-0.381362882350337,0.123660979422942,0.000835508773113537,0.00693923037862409
"AFUB_060190-T",5936.50173848555,0.518127750792056,0.178920959018287,0.000837865405113709,0.00695210554137179
"AFUB_004600-T",9502.19016260964,-0.325486995972667,0.103710390125554,0.000864008764719092,0.00716213419292624
"AFUB_096130-T",1599.91255582279,0.932410222472708,0.360735173882422,0.000865577352716925,0.0071682443398392
"AFUB_024390-T",21994.3833862763,-0.529860674697307,0.183307510614047,0.000870882222504627,0.00720525493302532
"AFUB_059420-T",8954.76871177426,-0.418745523132415,0.138347665083454,0.000874400411553656,0.00722742660403075
"AFUB_009810-T",10292.0864573627,-0.486483602545272,0.162594399133986,0.00087651039908888,0.00723792734726555
"AFUB_029640-T",12801.5404972838,-0.388298784991216,0.126993107400951,0.000877829290523771,0.00724188163981381
"AFUB_014450-T",7581.97789550942,-0.3467518217658,0.111467474309506,0.000881110758794401,0.00725531073490098
"AFUB_073810-T",2301.3697363738,0.603175978485254,0.21438781759797,0.000881140278325174,0.00725531073490098
"AFUB_098240-T",10885.3610301819,0.424099645311571,0.140370487297388,0.00088253295768461,0.00725984411087693
"AFUB_072470-T",7423.73500237007,-0.355315131798016,0.116196444313574,0.000887656712526809,0.00729503195299677
"AFUB_056320-T",693.396708316901,0.773700337244167,0.292105691625571,0.000891575326689168,0.00732025799179745
"AFUB_095820-T",16267.0103664339,0.547168953397312,0.191541846667172,0.000893644392736032,0.0073302648047358
"AFUB_037050-T",3105.44369520588,0.561507883910455,0.197110458114177,0.000909028676224034,0.00744936902825798
"AFUB_030670-T",1388.6496908477,-0.685104954475753,0.252750922429326,0.000912157159746712,0.00746790776275062
"AFUB_057720-T",6560.22242323686,0.558049008694126,0.195033680401193,0.000914391510768443,0.0074790979263138
"AFUB_087240-T",323.495558895533,-0.739942377447658,0.278377028856352,0.000919478186962097,0.00751357483393388
"AFUB_071569-T",1349.24272745082,2.71227793543069,1.33372549802818,0.000923607321675233,0.00754016924257782
"AFUB_074330-T",1032.26473186851,0.765369498929871,0.289819847923439,0.000925732735756679,0.00755037078047145
"AFUB_010270-T",2906.93480464183,0.467243118961981,0.1581885838334,0.00092887917978765,0.0075688727872867
"AFUB_036430-T",9248.40644492609,-0.787366758576741,0.294526745428497,0.000930917986565217,0.00757311202666766
"AFUB_098480-T",1381.73803953356,0.747960685417947,0.281243795390761,0.000931156333171062,0.00757311202666766
"AFUB_016260-T",1217.91629371327,0.578982398428602,0.205804379457881,0.000953299481641576,0.00774589522265035
"AFUB_012580-T",13517.2803727079,-0.451404827627319,0.152968173000636,0.000957604306060383,0.0077735468197237
"AFUB_093730-T",68780.6947000377,0.510416589160157,0.173402573451109,0.000962648415755539,0.00780489334486043
"AFUB_090270-T",2433.78228385138,-0.836647956920699,0.326539420657035,0.000963355364778095,0.00780489334486043
"AFUB_060430-T",1480.56570829219,-0.761058928881668,0.290475286817781,0.00096418181327878,0.00780489334486043
"AFUB_073870-T",7603.23543852184,-0.521315569337403,0.181429700116483,0.000974039350581427,0.00786922607305468
"AFUB_005880-T",3364.46278661854,-0.542168109745827,0.190772665786139,0.000974108475722868,0.00786922607305468
"AFUB_029890-T",12507.6335378454,-0.39268940991712,0.130818689073866,0.000974867584505556,0.00786922607305468
"AFUB_068500-T",16307.5565452983,-1.1459020596539,0.485744723537885,0.000979583373734041,0.0078857463031528
"AFUB_028950-T",4245.7862245895,0.287866538629555,0.0914144209565591,0.000979703523974783,0.0078857463031528
"AFUB_026130-T",19889.0591217046,-0.288289809860736,0.0916503120711257,0.000979809251277011,0.0078857463031528
"AFUB_000720-T",1232.16927600008,1.04979733510211,0.432957928409007,0.000981046335649687,0.0078857463031528
"AFUB_042620-T",7128.0611505705,-0.363893162303532,0.119068367573432,0.000981487737302279,0.0078857463031528
"AFUB_016060-T",27250.2108701283,-0.446325213102937,0.151888408998805,0.000986678878142506,0.00791758255917639
"AFUB_025550-T",1454.44848271068,0.582719030789046,0.208331436492735,0.000987287002797195,0.00791758255917639
"AFUB_101740-T",5037.77289979192,0.466818510120949,0.159714060968659,0.00100105646545036,0.00802054627197726
"AFUB_053500-T",25975.9048918994,-0.372565952861668,0.122636813620512,0.00100847029964578,0.00807244424628251
"AFUB_095520-T",3722.83279741476,0.50998170764427,0.177745844954238,0.00101327753857479,0.00810340042676555
"AFUB_083000-T",18802.7589702999,-0.346998393193844,0.114027381179128,0.00101998756806922,0.00814950215414713
"AFUB_076910-T",1507.95935499667,0.434663137411754,0.146719820232499,0.0010209988116463,0.00815002847703959
"AFUB_001200-T",79712.4605697656,-0.365861958970813,0.124941323843494,0.00102375753947372,0.00816449005347171
"AFUB_032770-T",65547.3881473186,-0.326786765037063,0.105826807507963,0.00102647210543115,0.00817337416810282
"AFUB_071400-T",11210.2828296855,-0.641287335994134,0.236073407515322,0.00102676768635371,0.00817337416810282
"AFUB_093110-T",1521.80009317345,0.579791186099261,0.208122084846661,0.00103072290599576,0.00819728982711207
"AFUB_005750-T",1790.22498918098,0.548088810880644,0.194279951752088,0.00103455663828471,0.00822019610935714
"AFUB_012500-T",7123.04838831778,-0.764883755549096,0.296205779066966,0.00103911032371105,0.00824877541502111
"AFUB_042580-T",10384.9717983828,-0.424721151014708,0.143362570335781,0.00104781090321565,0.00831019116524575
"AFUB_002660-T",8169.39847306717,-0.372468566897152,0.123154854129158,0.00105143961789046,0.00832245075936304
"AFUB_039170-T",8286.76842058778,-0.502916588017152,0.175596883883922,0.00105208705770955,0.00832245075936304
"AFUB_061700-T",30897.1076824634,-0.386344950104128,0.131682155624077,0.00105225279291332,0.00832245075936304
"AFUB_012120-T",1203.97133324189,0.66948966493985,0.249722638837626,0.0010580594552109,0.00836070629090119
"AFUB_017180-T",8671.47896765458,-0.554138467377267,0.194900629012098,0.00106177217020536,0.00837961968946567
"AFUB_017300-T",4853.20689718924,0.611490932734712,0.228191152027384,0.00106239697489688,0.00837961968946567
"AFUB_026690-T",5694.71543599556,-0.416062037389945,0.140279151539539,0.00107399478569301,0.00846335379109637
"AFUB_010390-T",23571.870418439,-0.499227202532747,0.174717529056324,0.00107591246616192,0.00847072271304282
"AFUB_089240-T",7564.81968717936,-0.386802003582038,0.12935177016574,0.00109034968046665,0.00857287812457267
"AFUB_029930-T",5114.20196525656,0.687291084218471,0.258843850606799,0.00109087661554996,0.00857287812457267
"AFUB_063180-T",8003.52221089703,-0.332428951358311,0.10872400081264,0.00109482303361815,0.00859605589510205
"AFUB_027290-T",3904.37976980598,0.563813767343422,0.202813852401483,0.00110790328091309,0.00869084093244019
"AFUB_039120-T",2939.43110500264,-0.677778786611559,0.255942408221494,0.0011089386725603,0.00869105481467482
"AFUB_063860-T",4336.77513566752,0.658817768291696,0.243769376823238,0.00111674278628091,0.00874426844734578
"AFUB_063820-T",9998.73925169406,-0.366893150389131,0.121929989987137,0.001132215725036,0.00885737909758197
"AFUB_016660-T",792.559268004968,-0.817492713044648,0.327839005704367,0.00114354682456864,0.00893791221632475
"AFUB_024770-T",2062.26301966751,0.500591280574599,0.176001861167995,0.00114765221061416,0.00896187473523973
"AFUB_058210-T",2963.01681945858,-0.529577703525381,0.189097292326695,0.00115110128275861,0.00898067344675289
"AFUB_055500-T",13446.1480264802,-0.27644946390606,0.0873287157720765,0.00115375695020716,0.00899325376829651
"AFUB_032450-T",1380.33364621044,-0.436401225937305,0.149771158166176,0.00115670720375208,0.00900810551359234
"AFUB_027530-T",16138.213575957,-0.487557774342848,0.169937012972317,0.0011611567841476,0.00903459624200044
"AFUB_019020-T",2633.67253029829,0.603160754291238,0.222089779657826,0.00117006927575742,0.00909573239522519
"AFUB_074950-T",5132.50538303668,-0.526416512836239,0.18665228475345,0.001172129068051,0.00910353576186275
"AFUB_095070-T",325.939588410244,-1.67311018429816,0.803446819195322,0.00118189812787855,0.00917114649904675
"AFUB_040820-T",4698.92363967633,-0.383098177559397,0.124971891759668,0.00118529119238694,0.00918920446903583
"AFUB_082490-T",4890.41317822638,-0.683385985873945,0.262135475894941,0.00118700028311484,0.00918920524727044
"AFUB_058540-T",4775.28503186482,-0.643518548882088,0.24147495475041,0.00118742311164126,0.00918920524727044
"AFUB_080380-T",633.039673576822,-0.588726773907177,0.216483162742462,0.00119012643270259,0.00920186544962246
"AFUB_068890-T",16495.985685017,-0.396470651764142,0.134423905674236,0.00119359603524366,0.00922042241920752
"AFUB_028580-T",1890.73035598515,-0.495871552334632,0.175186332978175,0.00119489775657346,0.00922221446680377
"AFUB_043400-T",1389.9876029847,-0.470408281775819,0.164633870019905,0.00121453911884633,0.00936399366314948
"AFUB_007860-T",9372.60050582188,-0.419834346771535,0.143715285094,0.00121658913990022,0.00936399366314948
"AFUB_059930-T",11556.5684970276,-0.421013631162659,0.14424092664547,0.00121754819911909,0.00936399366314948
"AFUB_005630-T",12289.4982121584,-0.357645513991635,0.119567490168814,0.00121761244593325,0.00936399366314948
"AFUB_051840-T",780.367937851417,0.731329132830324,0.284914910384365,0.00122274478362237,0.00939508269127313
"AFUB_025340-T",6075.10497802289,-0.389160122207771,0.131709093181677,0.00123059170467258,0.00944695555296735
"AFUB_055890-T",10573.3125469666,-0.546547088595466,0.202608316736159,0.00123585886765213,0.00947894955340658
"AFUB_057230-T",1529.06833630021,0.65626536638441,0.248655809111109,0.00124638961660166,0.00953677323980515
"AFUB_033270-T",8423.06414544345,0.837304577706286,0.336372575093632,0.00124639885151623,0.00953677323980515
"AFUB_082150-T",458.342433238878,-0.908407123083969,0.377953857940715,0.00124671655739014,0.00953677323980515
"AFUB_016140-T",2878.57824563436,0.653923362177185,0.24957521095998,0.00125852452156299,0.00961856374148454
"AFUB_017890-T",231.514534716856,1.96351719407375,0.982263872796432,0.00126739574344982,0.00967778450334887
"AFUB_093410-T",13392.3035319875,-0.442436950127701,0.153830532428375,0.00127648543566903,0.00973856720433865
"AFUB_056890-T",1219.03769090546,0.477126925971257,0.16830896327281,0.00128548883509544,0.00979858465725714
"AFUB_065610-T",2137.51541497468,-0.360330821998445,0.121037258476535,0.0012926006003535,0.00984166210567794
"AFUB_008850-T",18647.0678507439,-0.406884212028248,0.139437653807174,0.0012934234039825,0.00984166210567794
"AFUB_005240-T",18560.383658189,-0.31464855955072,0.104046836884945,0.00129577020179475,0.00984911543901751
"AFUB_099960-T",1968.97901737063,0.556102682890758,0.203364580096362,0.00129668785793816,0.00984911543901751
"AFUB_016340-T",1762.35784729235,0.380618473174209,0.128782996939375,0.00130272035934301,0.00988622554392265
"AFUB_004540-T",5802.60304925292,-0.381462430741097,0.12962100670369,0.00130598100954941,0.00990225354733986
"AFUB_096070-T",3060.29235787985,0.584624185276492,0.216920283453821,0.00131829362033976,0.00997852986944596
"AFUB_039810-T",61753.6389274713,0.500971671315292,0.180692121133278,0.00131835581966117,0.00997852986944596
"AFUB_059680-T",6901.12997866489,-0.297601048424666,0.097710492849354,0.00132580713181009,0.0100261256871357
"AFUB_038790-T",6525.14581394008,-0.399968259075684,0.137074999290955,0.0013303952164225,0.010052004523031
"AFUB_030310-T",8869.44789924469,0.495629621949341,0.176450476596252,0.00133193385564127,0.0100548176615441
"AFUB_014820-T",31277.7587293265,0.522180881358023,0.188777949005085,0.0013419214061183,0.0101213512179754
"AFUB_072250-T",141086.633207064,-0.535646813523991,0.195525194218872,0.00134620716633667,0.0101409382205473
"AFUB_096520-T",952.488176694013,1.54912228428856,0.740289260686721,0.00134687092709972,0.0101409382205473
"AFUB_021210-T",6297.16073342277,-0.464425067021208,0.163868670340598,0.00135093701399443,0.0101626771358168
"AFUB_034340-T",23346.3837682707,-0.490454499362335,0.175423968422085,0.00135346457848838,0.0101728144125095
"AFUB_018060-T",546.810363134056,0.692740538636934,0.270306027376171,0.00135999243715504,0.0102129745650815
"AFUB_099380-T",267.710853959465,0.755773224421274,0.303612523025228,0.00136848411301906,0.0102677994241404
"AFUB_078730-T",24168.3609838869,-0.518657849707927,0.184564573190554,0.00136969905511914,0.010267978742767
"AFUB_052420-T",1651.59622889388,-0.479930659141207,0.171364573240601,0.0013815078606337,0.0103475058788211
"AFUB_085540-T",3447.00880819322,-0.641950694178268,0.245927541388461,0.00138476609270971,0.0103629066712243
"AFUB_085260-T",2569.29856272583,-0.616996425016025,0.234321742704309,0.00138599877655095,0.0103631356918003
"AFUB_067250-T",6470.17672882121,0.767087535498496,0.306153154512475,0.00139187223331427,0.0103939273287847
"AFUB_081230-T",3225.5198541914,0.501436440959784,0.180338950019807,0.00139252825249349,0.0103939273287847
"AFUB_002550-T",4079.13062498481,-0.558460366343242,0.207082504689383,0.00139778659140634,0.0104241506959464
"AFUB_073600-T",25419.2160809764,0.433926053958417,0.156228152411858,0.00139957068591829,0.0104284346441673
"AFUB_028190-T",5605.07330823626,0.502975489978276,0.181531382298703,0.00140139759491351,0.0104330299358803
"AFUB_086020-T",8525.25144946038,1.0354228447647,0.44554408533874,0.00140439769102771,0.0104403603051175
"AFUB_068580-T",10039.2700991598,0.716162857642913,0.277855460974075,0.00140480430970146,0.0104403603051175
"AFUB_002270-T",1251.98930666904,0.642809799180256,0.247106579870323,0.00142778835182087,0.0106020356425906
"AFUB_035140-T",13393.480001344,-0.48200101655148,0.173007311810748,0.00143132620865878,0.0106191594189736
"AFUB_028710-T",3401.03782243779,0.434524824987994,0.1513066671769,0.00144000245726673,0.0106743432365404
"AFUB_070600-T",1693.15746318104,0.786312109899812,0.319730459735246,0.0014470253344073,0.0107171867765682
"AFUB_001640-T",7057.3875791488,-0.383817636238502,0.132190574368349,0.00146288957677442,0.0108253828681307
"AFUB_027460-T",2553.28557742674,-0.519223001843894,0.19006352451498,0.00146708102517492,0.0108470887804742
"AFUB_077040-T",22586.1972434392,-0.385241563769448,0.133017727400026,0.00147880626440974,0.0109179888545997
"AFUB_021760-T",4166.87012958855,-0.497643472776911,0.180583586204904,0.00147976351510592,0.0109179888545997
"AFUB_086120-T",3975.93915871294,0.902809430649273,0.378067169572708,0.00148092156990673,0.0109179888545997
"AFUB_029590-T",2153.05881994389,0.391122064839542,0.134889009731732,0.00148173610484649,0.0109179888545997
"AFUB_074740-T",262.951573069688,0.914065421110339,0.391357586158849,0.00148746981156542,0.0109508772378356
"AFUB_046340-T",932.19323486838,0.601578445404487,0.228654608257869,0.0014918338781866,0.0109736346961149
"AFUB_067750-T",4369.79140265952,-0.497931595291554,0.180808323717928,0.00149558640789362,0.0109918588426691
"AFUB_018520-T",1385.38197155768,0.492300002761437,0.178772428670477,0.00150052510868883,0.0110187623185744
"AFUB_054300-T",3051.04474210256,-0.475339989558081,0.171028821729153,0.00150259553785284,0.0110231078045921
"AFUB_081890-T",23318.8481749905,-0.274922637086096,0.0924834057830491,0.00150367414200213,0.0110231078045921
"AFUB_076340-T",6304.17632984505,-0.741857360515214,0.303246273097262,0.00151092180766448,0.011066713006324
"AFUB_096380-T",1085.29562300558,-0.795384210072628,0.328971541185234,0.0015121897600568,0.011066713006324
"AFUB_101490-T",7400.28249002884,1.01489221722831,0.441806030663952,0.00151487649103549,0.0110769722045946
"AFUB_040780-T",406.727177106588,0.781326504977368,0.320484554196003,0.00153286013188366,0.0111957856966732
"AFUB_012430-T",4389.525804868,-0.546391215257683,0.203816096705666,0.00153372264328628,0.0111957856966732
"AFUB_030890-T",847.857066956527,0.455389185719342,0.16242603981373,0.00153723428435375,0.0112119261974735
"AFUB_052730-T",22166.4984001223,0.586938500543218,0.220759173991861,0.00154762659439475,0.0112781816316797
"AFUB_087440-T",831.000991559736,0.708323550901927,0.284585953679589,0.00155829688306758,0.0113463491798358
"AFUB_051450-T",3100.87319441314,0.591001846712391,0.225055839210225,0.00156089457672131,0.0113556726969742
"AFUB_052230-T",3077.56884293062,-0.401380370308204,0.140490843752196,0.00156300721983446,0.0113614546730126
"AFUB_098840-T",7578.10922154919,-0.36740400040972,0.126446544229592,0.00156715124769717,0.0113763827524623
"AFUB_002490-T",6650.77400364009,0.439699281088921,0.156088545702689,0.0015677001171471,0.0113763827524623
"AFUB_069310-T",4980.03764089415,-0.417240769658325,0.146870072751021,0.00157461451266346,0.0114169484555691
"AFUB_059230-T",9410.43101105627,-0.393204086400038,0.137288611447018,0.00158097440915581,0.0114534288918758
"AFUB_000810-T",8143.98496075449,0.759461235211535,0.310529945502669,0.00158342612998375,0.0114615589140133
"AFUB_023420-T",12511.4718559033,0.326659696486024,0.110621804202523,0.00160025769320241,0.0115736758163574
"AFUB_038810-T",3705.38515274936,-0.743016704128947,0.304264771181799,0.00161256349336842,0.0116529001478032
"AFUB_068420-T",2087.83042626099,0.498438650860101,0.182664330745783,0.00162883887153286,0.0117606531921983
"AFUB_060450-T",1214.84854314029,0.568604941032031,0.215743853134245,0.00164286211550361,0.0118519784918466
"AFUB_052540-T",672.427658537844,0.581393345501632,0.222053820160567,0.00165021933227902,0.0118951010565029
"AFUB_077720-T",406.554343354752,-1.69963403110587,0.902185708047379,0.00165917350658545,0.0119489979595153
"AFUB_030240-T",413.751352748679,-0.910507813619035,0.399224233224311,0.00166046857156935,0.0119489979595153
"AFUB_034740-T",23275.8409549816,0.523163931952878,0.19473762762963,0.00166726984092648,0.0119879343608234
"AFUB_091130-T",643.419363693175,0.728385550954656,0.297690564615729,0.00167135601962012,0.0120073002042875
"AFUB_023230-T",41984.5883532473,-0.314516445415238,0.106570836020083,0.00167851122693831,0.0120486638529852
"AFUB_053490-T",3394.59441806048,-0.396813432404268,0.13943313162075,0.00168406360628666,0.0120784628534088
"AFUB_093160-T",38733.0365617854,-0.367658596024512,0.131254964889223,0.00169155732048045,0.0121221244055378
"AFUB_046990-T",1774.46075361152,-0.604925183375497,0.23508788724395,0.00169649084856678,0.012147381732138
"AFUB_064860-T",9614.54363935947,-0.518870311393353,0.193436600624526,0.00170208833350864,0.0121773473221394
"AFUB_098180-T",2668.44759115437,-0.378471265980718,0.132140395846279,0.00170852383693009,0.0122132537298295
"AFUB_084660-T",785.181117944938,-0.774032208030851,0.325598521996128,0.00173206815258348,0.0123713003673755
"AFUB_059360-T",34993.7392851141,-0.481637659628971,0.17341426049442,0.0017343594299024,0.012377411130123
"AFUB_037980-T",14232.3469928429,-0.440663113557628,0.156658188350203,0.00174296436265361,0.0124285324817509
"AFUB_042080-T",721.488523200192,0.589615570110994,0.227892454507724,0.00175029966551366,0.0124705234846225
"AFUB_024530-T",3655.34963261129,0.527435943688593,0.198036214392113,0.00175594695305877,0.0125004283090997
"AFUB_045540-T",1052.76577428519,-0.604004733588355,0.235805840745932,0.00175784359103469,0.0125036052791337
"AFUB_060340-T",4146.02686549571,-0.351094582577007,0.121425337574691,0.00175929614601315,0.0125036208365864
"AFUB_037430-T",3303.86554050534,-0.652006960578077,0.260558927442232,0.00176394145855177,0.0125210435325741
"AFUB_077590-T",1695.89377264727,0.661846766786723,0.268211939908905,0.00176465234799646,0.0125210435325741
"AFUB_074410-T",4609.40002190885,-0.508296985049281,0.18835529109609,0.00177315009880338,0.0125709926001512
"AFUB_031350-T",10953.4959229955,-0.328627956243588,0.1129318377715,0.00177535486208318,0.0125762812374848
"AFUB_072760-T",4106.13220575296,0.479111780035329,0.17682126472321,0.00178665958231273,0.0126459706560904
"AFUB_027410-T",988.15237028823,0.658838025393228,0.263871572004557,0.00179341834022892,0.0126801095018908
"AFUB_011960-T",7184.49375191886,-0.494058707074691,0.183307107178742,0.00179442449742568,0.0126801095018908
"AFUB_052700-T",16027.5797720955,-0.457209086535069,0.1661087277048,0.00179871697602741,0.0126976436163311
"AFUB_065260-T",130.136843319155,-1.22357382303435,0.599007758013871,0.00179985158324518,0.0126976436163311
"AFUB_083750-T",11144.2797048415,-0.519035952838315,0.195469266551064,0.00181455061025179,0.0127908755609
"AFUB_011710-T",870.742553575825,-1.00734809717719,0.465167303479819,0.00182289818341478,0.0128289446224853
"AFUB_068200-T",2167.51725844553,-0.362918607857007,0.126685123020145,0.00182292740546856,0.0128289446224853
"AFUB_082270-T",1678.43175445237,0.554135026797475,0.21188509279255,0.00182859135840048,0.0128583084019335
"AFUB_040080-T",5048.50964089588,0.395778703327308,0.140210657486582,0.00183889635920515,0.0129202326916932
"AFUB_026820-T",11744.5605715893,0.770051088457364,0.31908760228411,0.00185087472364501,0.0129938037398564
"AFUB_059090-T",20673.5625140011,-0.273942314965827,0.0923061717282243,0.00186209827177417,0.0130619602937064
"AFUB_056560-T",32024.4819148481,-0.417090240546993,0.150127404255532,0.00186948873974594,0.0130935564115396
"AFUB_070330-T",1105.24862711561,0.754176063779931,0.313958423310689,0.00186964017429594,0.0130935564115396
"AFUB_037150-T",2940.82168218594,-0.357722335548915,0.125224034871129,0.00189386262035592,0.0132524266640328
"AFUB_070470-T",1649.69418535814,0.449068671707354,0.163817755870872,0.00191067291321955,0.0133592142618538
"AFUB_053530-T",2340.5340344795,-0.548866381654173,0.211330827573264,0.00191380045699081,0.0133702380386692
"AFUB_006040-T",1127.67593447615,0.681615372638938,0.281322572095155,0.00194053134231668,0.0135456122439291
"AFUB_019110-T",836.773063992042,-0.689652310228505,0.284606044667084,0.00194204578743722,0.0135456122439291
"AFUB_047460-T",6119.56055254994,0.523525713491145,0.198906066834136,0.00195185319067415,0.0136030124145529
"AFUB_033760-T",143.852992295897,-1.8395115120331,1.06475927756389,0.0019756707075504,0.0137578813972472
"AFUB_037740-T",1184.77301723444,0.741135031001933,0.312319043530656,0.00198271873118517,0.0137943267249632
"AFUB_074480-T",15615.857520279,-0.260529172182515,0.0869842635637355,0.00198410452835568,0.0137943267249632
"AFUB_047790-T",364.461615438052,0.790069657710395,0.341333380237925,0.00198939628745698,0.0138199721145581
"AFUB_068700-T",1196.38662079125,0.699082512298874,0.288751351555583,0.00199275434192842,0.0138321539305676
"AFUB_002990-T",1285.57760962172,0.606916544131266,0.241241111818568,0.00199948459351215,0.0138677044896768
"AFUB_069040-T",6490.63017442544,0.697940588625004,0.279006021212262,0.00201022964766678,0.0139310207335493
"AFUB_060610-T",515.931331093457,0.833998572994945,0.366986614760599,0.00201541668439946,0.0139557487841026
"AFUB_036490-T",1330.88304591702,-0.537747193783809,0.207439725647251,0.00202968622739534,0.0140432784641856
"AFUB_047970-T",808.21959717467,-0.603470129547551,0.240731506511522,0.00203529182055155,0.014070770477125
"AFUB_025600-T",1127.42328660712,0.726142319963305,0.304464741339619,0.0020369852163907,0.0140711935500835
"AFUB_089780-T",2952.53432309133,-0.513315833183384,0.195769116152258,0.00204221705662242,0.0140776382263065
"AFUB_012970-T",1089.40147539877,0.898112338192211,0.406350564988836,0.00204225667503034,0.0140776382263065
"AFUB_042210-T",105374.311361762,0.691353006752499,0.276428599126177,0.00204281700743643,0.0140776382263065
"AFUB_032390-T",11105.8290296114,-0.534120505734388,0.206717371657174,0.00204649866294513,0.0140904862631941
"AFUB_006770-T",915534.769251984,0.307691391427846,0.10925523815894,0.0020489635112601,0.0140904862631941
"AFUB_010040-T",1641.70389051338,0.638328043219962,0.259747012867546,0.00204958470873975,0.0140904862631941
"AFUB_064040-T",2390.01617822244,-0.660519031854865,0.272558568261235,0.00210629713923975,0.0144688347708254
"AFUB_084570-T",1305.64595254155,-1.35884011331229,0.724781355093724,0.00213483354284804,0.0146442171928261
"AFUB_030300-T",1119.22411450852,1.15737068636587,0.576283005218109,0.00213522572919411,0.0146442171928261
"AFUB_000670-T",262.285267046003,-0.982155662267801,0.466298407733574,0.00215254584000511,0.0147512700212115
"AFUB_018270-T",1558.62750365777,-0.675043510701677,0.281336877695512,0.00215468211225046,0.0147541814850764
"AFUB_070580-T",47302.8945675677,-0.474510905954724,0.176712956397678,0.00215762383901436,0.014762599298526
"AFUB_095610-T",1713.51596327355,-0.436716633519682,0.161320241963356,0.00216615714366501,0.0148092313525266
"AFUB_019660-T",16803.9152276249,-0.37273902394319,0.134405419907531,0.00217949502307191,0.0148886106132353
"AFUB_060900-T",14235.6238003398,-0.389804862642758,0.14263935431885,0.00218884426384386,0.0149326644505554
"AFUB_024320-T",1347.72364480454,-0.467417229975933,0.17576256666952,0.00218940817370399,0.0149326644505554
"AFUB_004820-T",1388.61722106768,0.719740200529938,0.306639862229991,0.00219396448888026,0.014951911350701
"AFUB_024247-T",1557.2670418756,0.65383903754452,0.272943473209128,0.00221664387962795,0.0150945394046386
"AFUB_084540-T",4612.03879168029,-1.64753490092369,0.962842128101663,0.00222516858889456,0.0151406301537964
"AFUB_098390-T",5077.39982391339,-0.390604765755694,0.141604747123967,0.00223413284718171,0.0151790570444772
"AFUB_017820-T",1495.80144561172,0.728690621431714,0.310496688356386,0.00223433747702604,0.0151790570444772
"AFUB_036800-T",4229.15952746275,-0.382378624587934,0.13822303188573,0.00225249850252019,0.0152903855041154
"AFUB_008130-T",83674.7389903876,-0.515455974780696,0.195389061660752,0.00227929445586922,0.0154601081857188
"AFUB_076420-T",3998.08893679365,-0.495427335439036,0.189063162685281,0.00228166599068096,0.0154640271270917
"AFUB_005640-T",1079.78213391883,0.956483039564905,0.452782060940713,0.00228511095434314,0.0154752093773702
"AFUB_025130-T",2427.52496838854,0.296909928089051,0.103227556916749,0.00229353818639847,0.0155200884654169
"AFUB_081870-T",3191.80487922767,-0.369814154383729,0.133358866816177,0.00229722482918955,0.0155328433352495
"AFUB_009650-T",243.673117864152,-1.04571402043154,0.517802820595962,0.00232955201573584,0.0157390814480084
"AFUB_014570-T",19052.29366957,-0.284984155831309,0.0991523589702639,0.00233939101441573,0.0157898632147503
"AFUB_029080-T",54216.6928024451,-0.341766739421039,0.122170616264106,0.00234073137553078,0.0157898632147503
"AFUB_074310-T",611.846063581339,0.791551428564999,0.350343525829575,0.00235631733736233,0.0158825737024243
"AFUB_089460-T",2040.95833754255,0.44005405024797,0.164526874457752,0.00238401587822319,0.0160567194423142
"AFUB_070360-T",3238.40139761394,-0.334155773245548,0.118811674405442,0.00239987102974617,0.016145496752915
"AFUB_094180-T",1483.3201610529,-0.625408852708644,0.259023656953689,0.00240253678699272,0.016145496752915
"AFUB_021430-T",2882.8712346843,0.541618903751634,0.213510508616584,0.0024059906627408,0.016145496752915
"AFUB_036990-T",3890.22162095993,0.49646324740849,0.191473078870399,0.00240642946619271,0.016145496752915
"AFUB_053980-T",10418.8459115791,-0.383570340285834,0.139792938377396,0.00240809621320644,0.016145496752915
"AFUB_015715-T",2634.51511794953,0.367211314741944,0.132512884874878,0.00241002944222238,0.016145496752915
"AFUB_022790-T",773.59404083848,0.714461181695914,0.308063112796298,0.0024103067301939,0.016145496752915
"AFUB_017830-T",291.263904045176,0.976761087870721,0.472558914631875,0.00241327673749497,0.0161528406474722
"AFUB_036400-T",849.681244746583,0.524903908467128,0.205837090661894,0.00242466433829568,0.016216471109734
"AFUB_075200-T",3447.75106459899,-0.437386465132073,0.164070017980783,0.00243413530471738,0.0162671941565648
"AFUB_099460-T",2005.594731156,-0.677435287675675,0.290603896219699,0.00243736469913956,0.0162761588468491
"AFUB_064440-T",3783.37258989913,0.560823595495589,0.224457240935058,0.00244263492544549,0.016298727315995
"AFUB_018030-T",2750.57861485434,-0.65209263161373,0.274511011651858,0.00245303651617722,0.016355473941194
"AFUB_032490-T",16180.960220106,0.309574551015591,0.109129780372975,0.00247693092251182,0.0165020258755598
"AFUB_016100-T",1544.04998858472,-0.610065086216208,0.252077739902891,0.00248497729630356,0.0165428488582494
"AFUB_060750-T",2654.02756243674,0.521339144781533,0.20486243427235,0.00249069232634265,0.0165681007294753
"AFUB_063410-T",8336.03887345847,-0.423774362068966,0.158039810307152,0.00250978230092055,0.0166822152785166
"AFUB_037550-T",3796.68525781625,0.570123102940663,0.230396824266061,0.00252452470325517,0.0167672784797864
"AFUB_022240-T",2539.36732076106,0.470430714179939,0.180198360603251,0.00253058280765649,0.0167945761237926
"AFUB_031160-T",536.576270861242,-0.884026356265613,0.419161167369916,0.00253496326760885,0.0168000744631368
"AFUB_007560-T",14714.9297327733,0.373478483527679,0.135610479877003,0.00253530876656316,0.0168000744631368
"AFUB_005160-T",12421.1518983785,0.414296268295023,0.154414542369428,0.00254443987286801,0.0168358381761866
"AFUB_041150-T",1063.45864612128,0.591502975774492,0.242720145385819,0.00254461166263439,0.0168358381761866
"AFUB_034310-T",3207.91578890004,-0.500700151518707,0.196692026481655,0.0025468159567563,0.0168375002785246
"AFUB_021370-T",36419.1140729068,0.614106888149582,0.251389873581137,0.00256082101781263,0.0169171172372128
"AFUB_058070-T",1204.87253829789,0.635732181912133,0.269347471521862,0.00257441583700938,0.0169939042349601
"AFUB_027450-T",175.630618726026,0.898987235188991,0.426984318625831,0.00257701727622134,0.0169980611616711
"AFUB_082140-T",2484.71929751759,-0.618551257549552,0.258365725392914,0.00258961423493452,0.0170680919872863
"AFUB_041340-T",548.047151877145,1.16999392780072,0.615083980691994,0.00259726551162473,0.0170979108308653
"AFUB_054240-T",10353.6864888156,-0.370676899064045,0.135705461795693,0.00259971092959034,0.0170979108308653
"AFUB_100120-T",17964.2253290385,0.674655418692874,0.281666124484085,0.00260008828433643,0.0170979108308653
"AFUB_054340-T",48023.5221584408,0.408146130272114,0.150660564162925,0.00261436952021357,0.0171666678729296
"AFUB_043740-T",9984.36686715365,-0.435624234304704,0.164821219778999,0.00261452672742797,0.0171666678729296
"AFUB_087040-T",138.612115642626,-1.09110654247586,0.568235681900544,0.00264386259814638,0.0173446248047608
"AFUB_060720-T",7911.78115107503,-0.407401957910351,0.152241744016182,0.00264565382418054,0.0173446248047608
"AFUB_086000-T",5959.99966639864,0.965425673329369,0.468222416339259,0.00265190324640468,0.0173723844128075
"AFUB_003940-T",1348.00028841439,-0.588914148171704,0.243246114235731,0.00266484716225922,0.0174348910509686
"AFUB_023480-T",9207.29644875716,-0.342038808347127,0.123709385382455,0.00266548966537254,0.0174348910509686
"AFUB_051070-T",3304.12259094988,-0.422411375145615,0.159343884762789,0.00267713505056846,0.0174977871652393
"AFUB_007220-T",1374.38176995228,0.501822161500827,0.197313135288945,0.00270327882579676,0.017655277846359
"AFUB_052820-T",8381.88441268292,-0.392709368627072,0.146340299583767,0.00270857832213789,0.0176764978918628
"AFUB_040910-T",8152.24081654672,-0.386425614619915,0.145154457419479,0.00271065030580946,0.0176766386432552
"AFUB_057070-T",3874.40805298298,-0.44916210682357,0.172578450893633,0.00272740314240785,0.0177724433036267
"AFUB_098030-T",1176.51124475901,-0.846559712286348,0.405045390931969,0.0027442131387079,0.0178684754296079
"AFUB_002140-T",6939.44701506613,0.488145843498904,0.191469186293388,0.00276297369517044,0.0179744556962661
"AFUB_036320-T",1099.85899742055,0.522574116316929,0.208698781917257,0.00276465934964028,0.0179744556962661
"AFUB_051640-T",3694.45384099314,-0.384830534901793,0.142865570976914,0.0027734053820094,0.0180177300665433
"AFUB_022770-T",26694.5766661513,-0.419695240845783,0.156368239038455,0.00278567220609611,0.0180837952475561
"AFUB_007100-T",5650.72219816407,0.472132474340575,0.183643841914479,0.00279459613346653,0.0181256630018632
"AFUB_043830-T",4334.43161558072,0.303346191452441,0.108154871115499,0.00279632662016912,0.0181256630018632
"AFUB_091030-T",103915.862271557,-0.509080081653735,0.20271862729701,0.00280258282818209,0.0181525669134169
"AFUB_051270-T",8994.60484429612,-0.492741402768701,0.194359302975612,0.00280549704259295,0.0181578003034488
"AFUB_023350-T",2227.96963849821,-0.602917502718668,0.253396707875068,0.0028145190520364,0.0182025271925025
"AFUB_020670-T",11208.4936955258,0.529220628431384,0.219209027526231,0.0028501477982027,0.0184191335594494
"AFUB_060470-T",1453.02023027152,0.595168027181077,0.248860191328673,0.00285803449747401,0.0184562662192685
"AFUB_074770-T",1831.64380801456,0.439632656293545,0.170260952249339,0.00287496520970294,0.0185517028988391
"AFUB_063280-T",4479.00467494893,0.547696455190581,0.223152653339288,0.00287979078322553,0.0185689426643136
"AFUB_002670-T",2861.54887821429,-0.506306568927822,0.202291019639643,0.00288600446264505,0.0185833645048722
"AFUB_090920-T",55664.8937673751,-0.258281619850028,0.09082934862875,0.00288815826694449,0.0185833645048722
"AFUB_043470-T",13423.5447223738,-0.440817039911736,0.169716685560008,0.0028884941928464,0.0185833645048722
"AFUB_097660-T",114.939118682162,-1.1010983120778,0.591078182574991,0.00289336338973355,0.0186008096815011
"AFUB_068610-T",7585.13961538693,0.425277126669315,0.162921032893073,0.0028976502032354,0.0186144876319615
"AFUB_041810-T",808.97175578151,0.557050476597427,0.228586317166872,0.0029055460321472,0.0186513122435897
"AFUB_092610-T",9852.35728708644,-0.682517543820006,0.296713643738214,0.00291622628001359,0.0187059425297598
"AFUB_009880-T",359.394731189314,0.678312346189411,0.298616049818743,0.00293046631565848,0.0187833086299567
"AFUB_077270-T",5288.01228102551,-0.447956514248423,0.17335996637017,0.00293653447915159,0.0188082197212228
"AFUB_007280-T",4642.21537695225,-0.317004415338682,0.11462267013449,0.00294259506092259,0.0188217539868662
"AFUB_089210-T",3879.17475291477,-0.584324569364426,0.244164196279213,0.00294301407891145,0.0188217539868662
"AFUB_060960-T",9179.95083914144,-0.486679024013687,0.192765077657229,0.00295014886749396,0.0188533976179877
"AFUB_100140-T",557.303245639072,-0.717626194372399,0.32375808762048,0.00295313087022507,0.0188584749868225
"AFUB_027270-T",41713.7270701536,0.658337586684826,0.286816194167764,0.00297679981558021,0.0189922245538535
"AFUB_031860-T",3204.95616190344,-0.6071959936712,0.258226865807301,0.00297848133590185,0.0189922245538535
"AFUB_038360-T",2643.93190770382,-0.574428743168157,0.239289699639224,0.00302016010712006,0.0192437548288855
"AFUB_019590-T",930.546912546819,0.759104856637058,0.350421613974944,0.00302461130762996,0.0192578833700723
"AFUB_075190-T",2037.36795337544,0.454493811602556,0.178796795751973,0.00302777969908607,0.0192638293622295
"AFUB_005460-T",5191.7337915145,-0.471564080565216,0.184519309132039,0.00305178725129991,0.0193965254951134
"AFUB_078860-T",1175.90413206072,0.66772001108647,0.294099856700307,0.00305483956323622,0.0193965254951134
"AFUB_027160-T",486.625608006955,-0.727904840454296,0.332771307354775,0.00305538587430276,0.0193965254951134
"AFUB_020550-T",12718.4312179993,-0.359353410838667,0.133819944045951,0.00308769241753815,0.0195749833940821
"AFUB_052180-T",12592.3942956655,0.357847367311416,0.13319813257416,0.00308803821087481,0.0195749833940821
"AFUB_012190-T",1445.09461413058,-0.351689449918879,0.130179554017245,0.00310909772406675,0.0196939981478174
"AFUB_089690-T",666.187329102671,0.727175490736308,0.331376496778457,0.00311678481197864,0.0197281952012246
"AFUB_029740-T",628.237590327669,0.570240794597565,0.238795507040837,0.00313041564228687,0.0197964507490309
"AFUB_075870-T",418.702675602833,0.865229257782727,0.42022769818113,0.00313408896308772,0.0197964507490309
"AFUB_005010-T",33744.3848813042,-0.538094571113447,0.219703057710396,0.00313654182496602,0.0197964507490309
"AFUB_098560-T",4159.06615818205,-0.276960016494545,0.0991655206387115,0.00313675347676328,0.0197964507490309
"AFUB_006690-T",3055.89355456123,-0.360096972434357,0.134411060016468,0.0031428979133228,0.0198207190276195
"AFUB_056960-T",2493.86699894626,0.524694803747428,0.213890156575649,0.00315317291428878,0.0198709822325172
"AFUB_076070-T",3535.85452769222,-0.657143950364309,0.290900298322984,0.0031635285400058,0.0199216797249014
"AFUB_064810-T",29489.0848321357,0.590153561954601,0.250228806852732,0.0031716180677148,0.0199580433297586
"AFUB_052790-T",9348.71352335917,0.324308507672941,0.118357371864436,0.00317796241510622,0.01998338000046
"AFUB_088290-T",1180.11728908321,0.511199791939695,0.207261457785119,0.00318909688846257,0.0200387786264109
"AFUB_019900-T",6973.19611306796,-0.555322828021002,0.231706596792418,0.00319435520191808,0.0200572004338935
"AFUB_099710-T",1743.34051421895,-0.607685565442424,0.261734927383901,0.00320007439469134,0.0200784871591223
"AFUB_006200-T",3799.4492305133,-0.355754051855789,0.132923153615308,0.00321550905155968,0.0201606571152698
"AFUB_098450-T",2852.03096458525,-0.464204670879979,0.182897865511701,0.00322442233791699,0.0202018495459174
"AFUB_017840-T",1373.01612953627,-1.267246010983,0.764228672666165,0.0032352315573034,0.0202425806307767
"AFUB_073050-T",10870.2286589688,0.363164972778191,0.135394358939782,0.00323770784460051,0.0202425806307767
"AFUB_018290-T",10652.2858319988,-0.305739794349049,0.111253804267512,0.00323796760118793,0.0202425806307767
"AFUB_006470-T",10679.7461499524,-0.316148603288777,0.115694582047235,0.00324570020458382,0.020276218451969
"AFUB_095890-T",23193.0827901446,0.377558068206228,0.142346943799782,0.00326107364542073,0.0203487820160802
"AFUB_042720-T",1188.51801330013,0.701161729477004,0.31841871501088,0.00326203650924751,0.0203487820160802
"AFUB_008960-T",5473.00001107718,0.665792320563072,0.285850682086788,0.00328583616907158,0.0204824248832727
"AFUB_074580-T",764.853421120467,0.592390482344008,0.252793166228895,0.00329315977840391,0.0205132445445232
"AFUB_027260-T",6461.55631216023,0.397127373209283,0.151532163821994,0.00330140071618204,0.020549729656466
"AFUB_098540-T",1489.71457937106,-0.605677881549102,0.262386528988217,0.00332528293789956,0.0206834518092584
"AFUB_081880-T",565.599438528592,0.728798803137397,0.337677579699094,0.00333378939429709,0.0207214119453751
"AFUB_095990-T",2168.85680971884,-0.563136143306418,0.238114435457639,0.00333910174212442,0.0207394784717973
"AFUB_012210-T",1975.44207268359,0.426707942188963,0.167637773904553,0.00334568741513285,0.0207516316819195
"AFUB_006810-T",1262.6609710783,0.410253980967753,0.157970216302177,0.00334587264097762,0.0207516316819195
"AFUB_044680-T",181.053588486429,-1.32176504099483,0.825118875307518,0.00335421072179301,0.0207883901025
"AFUB_068590-T",26898.1055173513,-0.377913031403818,0.143102291920036,0.00335753438412101,0.0207940401763701
"AFUB_050730-T",753.383493851699,0.547401634945302,0.228832864360481,0.00337336652240469,0.0208770946085074
"AFUB_101400-T",468.336668482688,-1.4595145395981,0.976041114418816,0.00339141917626034,0.0209737623518941
"AFUB_022620-T",617.535420643042,0.735128040476882,0.343965817988027,0.00343678396838184,0.0212390785601576
"AFUB_006520-T",457.501138623219,-0.902365155925892,0.466566174880354,0.00345261688013546,0.0213216404897191
"AFUB_078510-T",2686.14564168858,0.565079201462503,0.241705294742545,0.00349488395723639,0.0215672115929384
"AFUB_056610-T",3415.69533877428,-0.44351612615304,0.175614289946726,0.00350707624264241,0.0216269701629615
"AFUB_038970-T",2147.40777363021,0.543790334088578,0.228217495965754,0.00351353020988175,0.0216512823012084
"AFUB_049490-T",404.64568584446,0.723083708721633,0.339268585479526,0.00354076435536827,0.0218035210768785
"AFUB_028430-T",249.700645919663,-0.569804459749137,0.244198673032792,0.00354944326936031,0.0218413636153856
"AFUB_019200-T",5389.78056684917,-0.306320998530323,0.112889906234838,0.0035769307200656,0.0219948072308742
"AFUB_077470-T",2017.02016137142,0.534825142331338,0.224110681267146,0.00358504514113654,0.022027525998142
"AFUB_063110-T",2609.65803437796,0.428465498231343,0.168397072942683,0.00358736184913482,0.022027525998142
"AFUB_035880-T",26229.4921510455,0.408930185611442,0.160752142655125,0.0036046627850191,0.0221180056011742
"AFUB_052670-T",12481.2849832099,-0.496754359881264,0.20476273336591,0.00361694087614694,0.0221775585300589
"AFUB_077250-T",7579.89549826714,-0.251355091829819,0.0902127137014278,0.00362415899740382,0.0222060232527493
"AFUB_040840-T",751.566621594438,0.566191739472537,0.242522309503865,0.00364009864674926,0.0222878483193362
"AFUB_077140-T",2539.48965994357,0.49072845751529,0.20063664754765,0.00364373990485136,0.0222943092404
"AFUB_036640-T",21372.1410703555,-0.516616502812999,0.215444146698113,0.00366227843378914,0.0223918456579405
"AFUB_089170-T",22221.3358903263,-0.313201532686613,0.116862858714927,0.00369060926402587,0.0225490733275458
"AFUB_089870-T",11353.5859929267,-0.474840795530691,0.196198365112616,0.00369520761096918,0.0225611790468593
"AFUB_015650-T",1231.70148932196,0.600602867637283,0.264180887680668,0.00371234335365966,0.0226418727523288
"AFUB_022780-T",1477.90486678805,0.710610296105324,0.333158959029585,0.0037136768439616,0.0226418727523288
"AFUB_083700-T",28962.5716172565,-0.486808582607131,0.196977880898019,0.0037311398647424,0.0227322662713387
"AFUB_055380-T",1795.96147754534,0.369126481816189,0.141025937533708,0.00374362428166211,0.0227922209973228
"AFUB_071390-T",2356.96658408754,-0.577834927297335,0.251453490323984,0.00374669065441828,0.0227947919066619
"AFUB_030650-T",3345.76430709983,-0.599593780412677,0.263749660477355,0.00375508487052395,0.0228297508242503
"AFUB_098280-T",11286.8536711681,-0.478218539128902,0.193887788400226,0.0037679951021182,0.0228920970932777
"AFUB_063780-T",2025.63620537568,0.375354895559285,0.144179677138555,0.00379255089065348,0.0230250572030448
"AFUB_097670-T",1114.39174199438,-0.808738206436553,0.40980107122299,0.00380569046857086,0.0230885696900418
"AFUB_047380-T",3111.28705623914,0.36123566317371,0.137806623221958,0.00381856521466268,0.023150387282424
"AFUB_089120-T",1130.60915413128,-0.378598847172693,0.146084953910453,0.00382567216615024,0.0231771748027978
"AFUB_031830-T",6882.38022030701,-0.432619182730931,0.172467595451796,0.00383133888773251,0.0231952054432177
"AFUB_022210-T",2618.48301825901,-0.569691906118455,0.247740339161586,0.00384197189571091,0.0232432559388939
"AFUB_019740-T",220.433524289621,-0.957099387770544,0.52683233213532,0.0038578686498025,0.023323061451576
"AFUB_006080-T",1201.87655792587,0.57066246488924,0.248052486578261,0.00386724501189516,0.0233626047125726
"AFUB_059700-T",1978.40977484123,0.372111848559053,0.143035671274729,0.00386982943156869,0.0233626047125726
"AFUB_058170-T",90664.8267798146,0.417325059609134,0.162539337613719,0.00388569786073268,0.0234419882836784
"AFUB_096510-T",457.915795589606,1.29060254402877,0.838704862513046,0.00388977026498855,0.0234501464716548
"AFUB_029160-T",14284.6637817407,-0.308210592639177,0.114881796163161,0.00390399582574171,0.0235194605267081
"AFUB_037920-T",10513.733633184,-0.466694037392227,0.190669515659187,0.0039098931677687,0.0235332267684005
"AFUB_082520-T",557.770169879765,0.609342495687115,0.272686641217539,0.0039117403966034,0.0235332267684005
"AFUB_031620-T",4211.58964115703,0.335036042474997,0.126401041824595,0.00391852793456555,0.0235576215647766
"AFUB_040870-T",3880.90352875338,-0.416772594364083,0.165115385035093,0.00393857071741309,0.0236616154388977
"AFUB_098610-T",7978.59500098402,0.447104730849341,0.180297913823384,0.00394436024985776,0.0236798953440277
"AFUB_025070-T",10097.9070653688,-0.370740772120559,0.143066492127044,0.00395210123439804,0.0237098571619662
"AFUB_085310-T",1870.89048187503,-0.397940460363424,0.156083882968679,0.00395609817781112,0.0237173312871416
"AFUB_005100-T",7205.5447642435,-0.403464671478673,0.158504883807092,0.00396511890430645,0.0237471002987104
"AFUB_069450-T",641.716933697982,0.909027166736103,0.487353564097748,0.00396776277693095,0.0237471002987104
"AFUB_101830-T",6814.24985517842,0.636791784572082,0.287205828467317,0.00396932740174478,0.0237471002987104
"AFUB_073140-T",2512.88515752656,-0.481677610178414,0.199459608576874,0.00400535905777233,0.0239460474598164
"AFUB_014770-T",2114.77825713899,0.351455162505831,0.13428129937427,0.00401862142602617,0.0240086869811307
"AFUB_012980-T",24351.6326133193,0.411310047368082,0.159137147965014,0.00405526436701639,0.0242108269446318
"AFUB_019970-T",1592.63280425338,0.496425611692623,0.20744327272741,0.00407502972596369,0.0243000982765115
"AFUB_089850-T",2615.10433973286,-0.511603268799443,0.216445491110773,0.004075854553745,0.0243000982765115
"AFUB_101270-T",148.586686952315,-1.41854771116478,1.05248970097628,0.00408297473222791,0.0243257257543447
"AFUB_059660-T",4058.28347545229,-0.471169910597466,0.195574798947923,0.00408715424064974,0.0243322350760572
"AFUB_040680-T",1598.62925093335,0.47849064884455,0.197761893611257,0.00408971217088585,0.0243322350760572
"AFUB_051650-T",4727.66546159875,0.408473144323863,0.16344130641075,0.0040966573010004,0.0243490366569022
"AFUB_029340-T",12830.6593961942,0.333948939480808,0.126727296892591,0.00409818491928606,0.0243490366569022
"AFUB_093000-T",3545.98242568749,-0.47340336014247,0.198026994487866,0.0041289872392713,0.0245151508193924
"AFUB_057140-T",3558.50093253862,-0.71300522104013,0.345147342215537,0.00414584261577974,0.0245982857471694
"AFUB_072720-T",1380.35481697482,0.429386437654444,0.172756964667018,0.004156367474894,0.024643771665104
"AFUB_039630-T",619.801345379707,0.722883586511961,0.351291264457724,0.00417016636073835,0.0247085939490896
"AFUB_088450-T",3162.96211183492,0.329563974714601,0.125092594022415,0.00419748509161479,0.0248533784167658
"AFUB_052360-T",1137.39096393431,0.54239740683924,0.23494395308035,0.00421876851554847,0.0249622535158156
"AFUB_025420-T",914.975545897024,0.534497956759525,0.230258165435265,0.00422525384113184,0.0249834796737981
"AFUB_064840-T",4000.82785322265,0.740958752512574,0.365502072967395,0.00425013662886951,0.0251127978320302
"AFUB_085780-T",307.38743195261,0.642463674104591,0.299250990598161,0.00425295033462059,0.0251127978320302
"AFUB_004610-T",1642.4964465112,0.514563776107544,0.218909995700792,0.0042673078816492,0.025180329396097
"AFUB_063130-T",23818.5279099528,-0.466333627061016,0.19153662397551,0.00427621717051875,0.0252068696509312
"AFUB_025650-T",3218.23440873537,0.542384541363888,0.238795566201752,0.00427765343919642,0.0252068696509312
"AFUB_090290-T",878.058316129148,-0.518029907046065,0.222125944410366,0.00429046937907159,0.025265120571705
"AFUB_060460-T",3066.28830414707,0.680638330497017,0.323859306308627,0.00430611405362916,0.025322755061114
"AFUB_002390-T",6560.79588462224,0.390521675308432,0.154590544746487,0.00430613141394189,0.025322755061114
"AFUB_013300-T",336.381333575359,-1.41823216859492,1.11270974083027,0.00432133979906738,0.0253930715456613
"AFUB_058440-T",5190.56158080634,-0.370091133382393,0.144455343086059,0.00432665365201143,0.0253930715456613
"AFUB_011850-T",1227.05361189534,0.425587892055061,0.171651844875657,0.00433170807890201,0.0253930715456613
"AFUB_029770-T",3157.19278624921,0.41353695741492,0.165561820042513,0.00433196269319824,0.0253930715456613
"AFUB_088530-T",2791.56641010388,-0.414752705636207,0.166475647272108,0.00433281617488317,0.0253930715456613
"AFUB_021820-T",2908.22020814008,-0.448786594779035,0.18312041791926,0.00434094723379039,0.025413753067239
"AFUB_060990-T",6746.61516966795,-0.345604214222529,0.133299060052141,0.0043422408384228,0.025413753067239
"AFUB_037530-T",4815.84059644866,0.443392915440122,0.180896191705616,0.004345191802137,0.025413771048998
"AFUB_093800-T",6362.82857749155,-0.36379839004831,0.141784069988771,0.00435705155798548,0.0254658586314527
"AFUB_078280-T",1746.51358088192,0.52058354217762,0.223507648154396,0.00436200011723667,0.0254775088148356
"AFUB_022610-T",1370.9923996265,0.579659332916033,0.259135663620739,0.00436669351355361,0.0254876538797195
"AFUB_019260-T",6890.80758406374,-0.4028401899648,0.160876739115336,0.00439770427614355,0.02564570713063
"AFUB_032460-T",3078.11498099089,0.368992919479104,0.144782667808944,0.00439972170817792,0.02564570713063
"AFUB_088200-T",6545.3817440484,0.373937647417197,0.144698566851967,0.0044158726546509,0.0257134546722958
"AFUB_093360-T",1088.3531634602,0.444264625575199,0.181747896607135,0.00441730963573484,0.0257134546722958
"AFUB_050120-T",1008.81382886891,0.74050566745412,0.369088645332674,0.00442321976169067,0.0257304841872707
"AFUB_067500-T",5451.94924382552,-0.32682365146988,0.124987040527376,0.0044507556522735,0.0258732059866823
"AFUB_093580-T",14210.8207463107,-0.319206581227176,0.122026789153441,0.00446967233373098,0.0259656638740531
"AFUB_088280-T",1937.32645460127,-0.361950455565619,0.141606662718444,0.00451881514195148,0.0262334716085951
"AFUB_040620-T",44589.6802891037,-0.384259982284196,0.152199668869558,0.00453951827907727,0.0263359267051986
"AFUB_006490-T",569.639041945867,0.585323889358711,0.265120391144117,0.00456492047185273,0.0264654871471704
"AFUB_034550-T",1893.08400515838,-0.594398753809032,0.271419280071186,0.00456990765968808,0.0264765953858676
"AFUB_004940-T",3141.94872501251,-0.353900839367296,0.138783443735535,0.00462609215457876,0.0267841104530715
"AFUB_023550-T",6017.66477893029,0.403225366520469,0.162278848710663,0.0046444110275411,0.0268721258177395
"AFUB_014160-T",936.246177552584,0.600020338533761,0.274831402436385,0.0046622756202559,0.0269573964602456
"AFUB_004650-T",546.040144682087,0.603983625703644,0.278208050687459,0.00468441885212854,0.0270672754183647
"AFUB_042590-T",7361.20132951982,0.448273359048702,0.185719123041874,0.00470162181122002,0.0271484806661271
"AFUB_084000-T",270.812038508438,-0.54416732646128,0.241382961132189,0.0047069198268038,0.0271608807408806
"AFUB_026300-T",394.242939659177,0.744383398379397,0.378320670255453,0.00471988114719924,0.0272174550969931
"AFUB_088910-T",1539.36606580186,0.525166382208262,0.22945904226334,0.00472402998404578,0.0272231701152798
"AFUB_093720-T",9933.5528477009,-0.672513917461313,0.327347537058248,0.0047290042786007,0.0272336311862503
"AFUB_011440-T",913.135988104228,0.438113942898318,0.180613372155438,0.00473592755421614,0.0272552946895176
"AFUB_025020-T",688.176988943229,0.555100310092899,0.247833899932618,0.00474754821355096,0.027303944729168
"AFUB_074790-T",2077.60045409441,0.705711635650919,0.350380811284147,0.00478927619226134,0.0275255667023233
"AFUB_054700-T",2152.67758222519,0.313856560720802,0.120360945176325,0.00480566030958238,0.0276013307987406
"AFUB_101500-T",1920.09531238031,0.904103700480391,0.512129298587357,0.00482136621407394,0.027673101285973
"AFUB_059380-T",359.595215403816,0.571507295829996,0.259068257689544,0.00482854287809448,0.0276958537272472
"AFUB_019210-T",8815.96796748849,-0.284004831659151,0.107535296127318,0.00484335945443885,0.0277623682557961
"AFUB_004110-T",1654.74369401291,-0.502825417478003,0.218247943083514,0.00488718967248161,0.0279848658590545
"AFUB_092080-T",937.127050014347,1.10958302869692,0.721588269821005,0.00488866813406056,0.0279848658590545
"AFUB_066270-T",4223.16339525964,-0.847460781201801,0.472669223785559,0.00490767956926201,0.0280750534615845
"AFUB_071690-T",4813.73338127229,0.690935141767199,0.341737907208773,0.00491671621840301,0.0280971451972498
"AFUB_066220-T",2665.39205827008,-0.375709421592473,0.150008275353455,0.00491962646617377,0.0280971451972498
"AFUB_036250-T",5536.63064552125,-0.329197086467724,0.127986911182557,0.004921318785274,0.0280971451972498
"AFUB_029560-T",896.994466353503,0.634256003488717,0.300996627111556,0.00494365089689255,0.0282059658385908
"AFUB_037900-T",9685.39087477269,0.300925596352149,0.115053289225655,0.0049634649970805,0.0283002855422163
"AFUB_101430-T",2386.44413540753,0.369998052636805,0.147179682161921,0.00497307500332155,0.0283363381385559
"AFUB_084080-T",580.618885088927,0.686749986091301,0.339923362363355,0.00498104256770453,0.0283577584277465
"AFUB_093630-T",1755.98421272384,-0.377178772162932,0.151091656158644,0.00498878712949459,0.0283577584277465
"AFUB_018440-T",278.867216711805,0.835223739346566,0.458527376813549,0.00498914015025719,0.0283577584277465
"AFUB_045880-T",3198.98128784544,-0.605649086807439,0.282035914364343,0.0049926234175657,0.0283577584277465
"AFUB_096910-T",701.448821151495,-0.387852973885094,0.156334170128951,0.00499328120790154,0.0283577584277465
"AFUB_041460-T",168356.738633111,0.445335467029908,0.186146434970092,0.00503596172579919,0.0285813206307536
"AFUB_017390-T",546.952274645342,-0.721583825901404,0.369620085387986,0.00505305380976632,0.0286594584828917
"AFUB_032080-T",398.213567099805,0.761793290531383,0.398436253140414,0.0050791916728723,0.0287887648992979
"AFUB_051150-T",1987.29686161276,0.643427151462291,0.308671526516543,0.00510406250827706,0.0289107246280266
"AFUB_059800-T",13394.479119062,-0.237772548175878,0.088826832907798,0.00511625751743974,0.0289511816824097
"AFUB_020210-T",5415.41916924886,-0.3263902333232,0.12763079982125,0.00511792145737065,0.0289511816824097
"AFUB_075790-T",1639.105187644,0.1935890564068,0.407629224485668,0.0051222267537122,0.0289565356352478
"AFUB_007840-T",3752.80674377404,0.496979625213,0.21675403946356,0.00512962715097379,0.0289769465314592
"AFUB_012930-T",1461.64149569289,-0.614005065367814,0.291645797183086,0.00513255972086048,0.0289769465314592
"AFUB_033500-T",1741.03469019309,-0.467318586379429,0.201494159712512,0.00515856330461196,0.0291046951891752
"AFUB_035040-T",4706.76188119684,-0.515420592922384,0.227879262121256,0.00519723904499352,0.0293037264924062
"AFUB_070040-T",684.414572763157,-0.685413678660181,0.339834879448807,0.00520664655744951,0.0293375816808969
"AFUB_057290-T",2136.20983676109,0.356140054396339,0.141599897785402,0.00525055907817642,0.0295617972640245
"AFUB_002850-T",8050.90898749699,-0.439494166252972,0.181608799525067,0.00525329699669243,0.0295617972640245
"AFUB_086180-T",2348.22015391153,0.83013578627019,0.461492224207577,0.00526128398070358,0.0295874293526716
"AFUB_043650-T",40199.4014942014,0.523276048345631,0.232772757255987,0.00526715119964087,0.029596378360837
"AFUB_065420-T",457.759140590818,0.575379682206535,0.266125112510046,0.0052697414202395,0.029596378360837
"AFUB_067180-T",5663.35723223134,-0.376365293273516,0.151919181543047,0.00527483149287971,0.0296056785808047
"AFUB_076470-T",490.499092183443,-0.581146515936172,0.271220897288622,0.00530295208665423,0.0297441443975577
"AFUB_032530-T",10000.4125346546,-0.309871085998492,0.120754601385849,0.00534679546285185,0.0299705615638789
"AFUB_032840-T",2231.32816341087,-0.43154717305287,0.181278830012244,0.0054030716634828,0.0302663293118163
"AFUB_045410-T",325.833966090563,-0.771680788546914,0.418829125191423,0.00541422080160691,0.0302950070294986
"AFUB_056420-T",2906.4046222216,0.666087703078828,0.319722968793456,0.00541521932866922,0.0302950070294986
"AFUB_076030-T",18430.002732644,-0.234825166081978,0.0884847886455824,0.00547420460141401,0.0306051348046629
"AFUB_007910-T",1548.1804980321,-0.352582384732673,0.141046208104968,0.00548474921557187,0.0306442145090377
"AFUB_001290-T",3828.57335545734,-0.448858626861421,0.190180182328271,0.00549407223652004,0.0306764227662172
"AFUB_058980-T",157.00746189102,0.808162223258664,0.447981002660912,0.00552076930740641,0.030805535403981
"AFUB_074470-T",9305.56839789167,-0.465264002987219,0.203188270445574,0.00552733849283256,0.030822241362684
"AFUB_002400-T",3772.38581197863,-0.392755497065025,0.161795724617768,0.00554073766994085,0.0308769873642922
"AFUB_002920-T",9664.39973575248,-0.418106525860749,0.174563252166542,0.00555280374398697,0.0309242384217776
"AFUB_012700-T",15981.9031456095,-0.480652276678386,0.209652056326802,0.00555815691195526,0.0309244624860654
"AFUB_070670-T",149.16081462683,1.01265047334434,0.664722398920715,0.00556205492632126,0.0309244624860654
"AFUB_018050-T",554.461592317335,0.572595850144954,0.26805524508418,0.00556662003787441,0.0309244624860654
"AFUB_024300-T",5876.47547201425,-0.647688153062965,0.320510269072647,0.00556719241136452,0.0309244624860654
"AFUB_023330-T",9255.5255273164,-0.460750415385109,0.199334146621784,0.00558882083658393,0.0310246132853767
"AFUB_053910-T",280.537392826533,0.754488497061504,0.406170449620712,0.00563799802473833,0.031277465232477
"AFUB_040030-T",1321.0455334858,-0.347877026045932,0.139416847902462,0.00564829835833369,0.0313144566862989
"AFUB_074040-T",75478.146805315,0.44477530994392,0.202061759011259,0.00565564242870784,0.0313340823320908
"AFUB_059290-T",12277.5787031161,-0.382448678542815,0.156631676574166,0.00565930283276219,0.0313340823320908
"AFUB_031590-T",3521.70372599567,0.409163735589911,0.172104230473785,0.00566274217299588,0.0313340823320908
"AFUB_029830-T",8428.74422555122,0.505904923222528,0.227882925822713,0.00570578976388349,0.0315520292202948
"AFUB_015700-T",403.704435414073,-0.600036573401941,0.289153608550503,0.00572159489340317,0.031619147164121
"AFUB_065910-T",507.481390327333,0.598543400848136,0.286749912615872,0.00572532440906732,0.0316194886166363
"AFUB_021890-T",2015.93882156742,-0.424149445271796,0.178783752291865,0.00572908321305453,0.0316199912802453
"AFUB_027000-T",1834.21099060571,0.435832257076673,0.184851652683328,0.00573925203364788,0.0316492755259186
"AFUB_047470-T",2948.1319591054,-0.642363543969374,0.320598418748665,0.00574173146068167,0.0316492755259186
"AFUB_077320-T",5138.40207802227,-0.360828073641804,0.146171075876233,0.00575909382138134,0.0317216861019334
"AFUB_001680-T",665.52944415094,-0.439060090338645,0.187376948407446,0.00576222717035469,0.0317216861019334
"AFUB_078800-T",742.996836485544,0.534977587588317,0.244488199407411,0.00576709749970153,0.0317282371058883
"AFUB_012760-T",3755.87090031369,0.620544468758586,0.300374936227211,0.00577547304304015,0.0317540517245211
"AFUB_024570-T",16668.5317575988,-0.286753020348357,0.111352270533551,0.00579121162936316,0.031820290284729
"AFUB_037840-T",618.286010126498,0.562432303349386,0.264415388083997,0.00582748621761694,0.0319992093516405
"AFUB_032610-T",2052.17584937119,0.53366988542034,0.245315120370655,0.00586525184920935,0.032171764980394
"AFUB_017770-T",22417.9702531987,-0.605950375521271,0.295077360141738,0.00586637449822288,0.032171764980394
"AFUB_061630-T",7713.27340259984,0.450539038825804,0.194086779442501,0.00587194984711427,0.0321818688060853
"AFUB_081340-T",513.515453524303,1.33607103028568,1.45860179363232,0.00589233235499138,0.0322730605034185
"AFUB_060260-T",4467.46777615973,-0.33909145356387,0.136075695941387,0.00590688608232679,0.0323322316925329
"AFUB_100130-T",16641.883169246,0.353494378481055,0.143304638092707,0.00591390678942191,0.0323488931912465
"AFUB_007670-T",3024.90340094855,-0.410389946524417,0.172482167742845,0.00591935858754187,0.0323488931912465
"AFUB_057220-T",1027.91297444699,0.687074448573175,0.355394451784723,0.00592118703813791,0.0323488931912465
"AFUB_080050-T",927.54298923069,-0.604539349370421,0.294946326095053,0.00592624411187634,0.0323560167754819
"AFUB_040520-T",55382.4665887426,0.497167529245866,0.221994564507491,0.00594969241849895,0.032463479961949
"AFUB_043500-T",10064.4070108337,-0.337340279963486,0.138154848432587,0.00596836838571937,0.0325344643279968
"AFUB_052240-T",5146.04000020157,-0.33081401940504,0.132369026631572,0.00597024968877056,0.0325344643279968
"AFUB_006800-T",5105.13962261429,0.289774825695516,0.113122010880225,0.00600801498220933,0.0327195812770857
"AFUB_081930-T",9232.66100417986,-0.524964165858487,0.241138333126882,0.0060160850277796,0.0327428466063687
"AFUB_057060-T",8196.91517207911,-0.341215440746818,0.138103427803408,0.00603397135182233,0.0328194744631295
"AFUB_000820-T",6656.66687282916,0.658870206544227,0.334981788454513,0.00603816566488402,0.0328215801998519
"AFUB_062140-T",503.384344781343,-0.557949864565996,0.262962554662911,0.00604781809596436,0.0328533332106546
"AFUB_028620-T",2182.80304784013,0.357421054894114,0.145419302296906,0.00609689312947269,0.0330990652828615
"AFUB_040940-T",2362.36033817526,0.329262823496106,0.131726506647619,0.00610867714244598,0.0331421684361402
"AFUB_005450-T",6004.01497480726,-0.370853498396995,0.152903053819303,0.00616260914532796,0.0334137443030644
"AFUB_026880-T",6326.30919919155,0.846679586616275,0.48882840397707,0.00619587370608273,0.0335729900817971
"AFUB_091550-T",15763.3248720715,-0.250100989948823,0.0947222609575244,0.00622356831724293,0.0337018734063765
"AFUB_075780-T",2124.0175828301,0.187273341150118,0.400794831599047,0.00622813838098914,0.0337054494554346
"AFUB_002040-T",3095.52202412448,-0.552054374189464,0.260438556170578,0.00623335361399743,0.0337125103552521
"AFUB_037380-T",861.224172878618,-0.671115973530091,0.348383637179492,0.00625598372862132,0.0338136901093695
"AFUB_030700-T",24789.7390996835,-0.288656471067185,0.113844444185485,0.00626835253987175,0.0338593153171895
"AFUB_067450-T",150919.382466353,-0.400375848402056,0.168786607044075,0.00627654401980238,0.0338708513056759
"AFUB_051590-T",14076.4208260083,-0.607807080711173,0.301046668947757,0.00628070916343028,0.0338708513056759
"AFUB_076740-T",2884.72506616893,0.619486473763979,0.30560701929842,0.00628338159777824,0.0338708513056759
"AFUB_007640-T",6363.79388099868,-0.649147059721204,0.333703991083429,0.00628620369900028,0.0338708513056759
"AFUB_049370-T",426.525021463471,1.12417701358826,0.905491052043093,0.00630843268859397,0.0339579859047921
"AFUB_024760-T",16011.993567257,-0.390499592002206,0.161509586405412,0.0063118165355941,0.0339579859047921
"AFUB_047100-T",319.20469144277,-0.637745174188314,0.323999718245609,0.0063141922521032,0.0339579859047921
"AFUB_081229-T",475.354523979472,0.632980809494583,0.32140230475969,0.00632459048709325,0.0339927023623634
"AFUB_043590-T",1243.3275435521,0.343864155287032,0.139561932783909,0.00633535295310473,0.0340293319680473
"AFUB_071700-T",9952.73226416602,0.745397725901483,0.400660354464105,0.00636620990171095,0.0341737830402554
"AFUB_011630-T",232.198854040574,0.660395126785764,0.341250237325606,0.00639421422941503,0.0343027510092016
"AFUB_054610-T",8744.28132507092,0.325576072631377,0.130856920430667,0.00641125638906516,0.0343727868968475
"AFUB_004500-T",7872.28923819309,-0.837850461990302,0.514256360604445,0.00642402746126334,0.0344198513011506
"AFUB_100060-T",9309.7318667338,-0.214623871085253,0.0816722062888915,0.00645528976569691,0.0345658714720951
"AFUB_022970-T",1161.36405212143,0.334831724285112,0.135492496692054,0.00646690830021131,0.0346065899789707
"AFUB_022750-T",624.050633898148,0.709350190465856,0.378187759953421,0.00647626047513266,0.034635137441761
"AFUB_006780-T",13386.5537276714,-0.515023907474987,0.235425530644602,0.00651577770218151,0.0348248726413557
"AFUB_013240-T",15934.2921345708,-0.548836900552181,0.255739293707825,0.0065445786601582,0.0349355802176357
"AFUB_027130-T",271.212615325083,1.10327783094837,0.900503906864843,0.00654459599251614,0.0349355802176357
"AFUB_015280-T",3277.01034696829,0.323043271093102,0.130118517576391,0.00655484044255654,0.0349686135243069
"AFUB_001480-T",4889.97644890998,-0.322522297278557,0.13042244413331,0.00656617354508286,0.0350074101002841
"AFUB_056040-T",5601.08567502254,0.32524007926257,0.131228914959639,0.00658216298277054,0.0350709685256272
"AFUB_031970-T",2769.86537536469,0.479122259284279,0.215521206520309,0.00659041320311553,0.0350932379395052
"AFUB_024870-T",20431.2576622802,-0.366229458328438,0.150230959079292,0.00659868696078635,0.0351156051166291
"AFUB_051440-T",6477.05238267213,0.294728465717028,0.116938890796657,0.00662879413579121,0.0352328481507758
"AFUB_043810-T",6819.11168040162,-0.29965153607878,0.119446904425276,0.00662889220514539,0.0352328481507758
"AFUB_000770-T",14572.1692088891,0.607204325977637,0.291213133183437,0.00663838316634988,0.0352615534670994
"AFUB_051500-T",4881.78325534221,-0.334528473679083,0.136178244702105,0.00664770350825404,0.0352893176999126
"AFUB_020780-T",13894.2101357392,-0.403136195530133,0.170403927694757,0.00666412037704938,0.0353546964741801
"AFUB_034910-T",16634.0704534852,-0.436831930569947,0.187135075057222,0.00666928808350551,0.0353603521327805
"AFUB_088540-T",616.344201395772,-0.578795251000381,0.2841439085393,0.00670807178126154,0.0355441222042137
"AFUB_081530-T",251.232238334958,0.8955401479476,0.583634257866711,0.00671833275493954,0.0355766257250207
"AFUB_032000-T",871.152481893587,0.651304165756034,0.338503670074403,0.00675018588377616,0.0357220320216977
"AFUB_008300-T",5683.26830444761,0.413024093126481,0.177555261966583,0.00675407866783056,0.0357220320216977
"AFUB_087780-T",564.407400400943,1.15223865018724,1.0770869086502,0.00677245552928931,0.0357972649405292
"AFUB_018970-T",760.092240744143,-0.580776979002844,0.286386703345719,0.00678416228443705,0.0358371709890514
"AFUB_067780-T",2106.42368882891,0.472011140157294,0.212400914299533,0.00679412858212879,0.0358678398692788
"AFUB_074910-T",1706.60007567077,-0.484591488652128,0.220863922858625,0.0068029662764994,0.0358925166889237
"AFUB_071180-T",7205.08167570411,-0.326176825665045,0.133217335353572,0.00681731505763486,0.0359255793116427
"AFUB_025830-T",20421.6500338559,-0.27101698394406,0.106862439081796,0.00681756730702325,0.0359255793116427
"AFUB_095900-T",28213.8147043681,0.606276315362798,0.291706855536528,0.00685673607420771,0.0361099094048532
"AFUB_013080-T",7578.97314692301,-0.316629750838037,0.128468398485712,0.00689694929357372,0.0362995115139799
"AFUB_064620-T",3540.02680534807,-0.39547252739858,0.169074267520971,0.00697746663444987,0.0367008784963956
"AFUB_082840-T",2643.80849495555,0.39953138240122,0.172282453642431,0.00699906235336366,0.0367737279143314
"AFUB_064280-T",5347.23842377411,0.438971702060188,0.200927253340885,0.00699984775634125,0.0367737279143314
"AFUB_042040-T",14393.7959319147,-0.553942964780136,0.269023457440329,0.00703205896509305,0.0369204508758022
"AFUB_022280-T",8203.09833124124,-0.440011540325316,0.189141487872904,0.00703942835554376,0.0369366475064776
"AFUB_043640-T",101615.379737693,0.349983963889837,0.144914874150645,0.00706210307946041,0.0370330843357836
"AFUB_024880-T",36360.4310518624,-0.305012542508103,0.124345305274366,0.00706885963737792,0.0370459811147933
"AFUB_062350-T",6624.36312696765,0.628811849463476,0.324941802433117,0.00709813250912414,0.0371767924429886
"AFUB_099360-T",1233.74273440459,0.541409040560903,0.26058510588404,0.00711332298881462,0.0372337325358657
"AFUB_027470-T",8045.71018667089,0.509209062218998,0.238901159278869,0.00712233335927678,0.037247403325424
"AFUB_091790-T",2902.52886214456,0.540438399952518,0.255830489376616,0.00712457581297113,0.037247403325424
"AFUB_070080-T",2153.13867267432,0.671110344270305,0.361385538413498,0.00714937634077531,0.0373544081417115
"AFUB_009220-T",30040.635264081,-0.320064146556054,0.132555068057005,0.00716893607355304,0.0374339175591162
"AFUB_060760-T",4180.03410591349,-0.349562180855173,0.145441235813318,0.00719162368482048,0.0375178170541842
"AFUB_009830-T",980.983228383513,-0.56023365759004,0.275138029297121,0.0071962979128686,0.0375178170541842
"AFUB_002980-T",34836.98729367,-0.536472083670006,0.25113311524084,0.00719805932114843,0.0375178170541842
"AFUB_053590-T",3849.40038990167,-0.310659046930326,0.126159462102278,0.0072052266512661,0.0375324827556284
"AFUB_047310-T",1111.68256416849,0.424119643545015,0.185796886618206,0.00721279303532664,0.0375492081869269
"AFUB_028740-T",9594.91595618834,0.610366387367189,0.312099650191415,0.00722879276055398,0.0376097902164972
"AFUB_026320-T",1439.90508211691,0.3944953809763,0.169526898600523,0.00728712459381723,0.0378881110405779
"AFUB_020130-T",1327.32092285167,-0.320017277687049,0.131017012739905,0.00729107716231512,0.0378881110405779
"AFUB_040460-T",3616.34031218281,0.643998831883521,0.328510509108495,0.00730816359732522,0.0379540231159884
"AFUB_098460-T",4283.51542993456,0.500572538642485,0.237551461940943,0.00737387295947766,0.0382722208209855
"AFUB_059350-T",1523.5135065249,-0.597611219356112,0.305547127136312,0.00740986544617373,0.0384253720378614
"AFUB_088170-T",6175.27423467713,0.416455046389113,0.182367914904065,0.00741229482646602,0.0384253720378614
"AFUB_042600-T",27646.8756049709,-0.299408283166581,0.122047148337916,0.00741716142885496,0.0384274931960088
"AFUB_090890-T",3926.15010682248,-0.378872932117022,0.161739390044565,0.00744147907576534,0.0385303249922961
"AFUB_084820-T",3234.80771028119,0.560956632901322,0.275206083396668,0.00745096198981046,0.0385562684958919
"AFUB_034640-T",1912.00138730792,-0.39858542581382,0.173083774204371,0.00745875217254121,0.0385734268023262
"AFUB_016220-T",3333.70659494463,-0.440861278492324,0.197682138272423,0.00747136820815048,0.0386155067880487
"AFUB_039800-T",8335.12515485776,-0.273496300201976,0.115527550104272,0.00748330140362744,0.0386540092274848
"AFUB_054660-T",8365.43591608359,-0.24550266927155,0.0971144558262651,0.00748882675984118,0.0386593865249047
"AFUB_087060-T",6524.61043326971,-0.768373321074698,0.468181411776787,0.0074997249384175,0.0386686450450951
"AFUB_083830-T",13523.1149513324,-0.428273619486538,0.189579604047474,0.007502744991082,0.0386686450450951
"AFUB_082460-T",4812.51792809302,0.749964969768488,0.422165077004865,0.00750407645985896,0.0386686450450951
"AFUB_004950-T",4283.21432318913,0.3217022342204,0.132102394024727,0.00751211854046114,0.0386869617307739
"AFUB_069750-T",1883.0621252343,0.37740790432682,0.160996674709159,0.00754259068271356,0.0388207010601037
"AFUB_091770-T",6126.13132035325,0.607569755005,0.304508062185591,0.00756898219199042,0.0389332908574877
"AFUB_091010-T",7238.73268012137,-0.372909021579359,0.159085823443922,0.00759638201046283,0.039050929822421
"AFUB_080570-T",5945.49521634804,0.534543361057447,0.258413416002026,0.0076092092762207,0.0390935596962448
"AFUB_005720-T",10655.6679828871,-0.443314608016824,0.200387893781194,0.00769699297953378,0.0395210104089105
"AFUB_056860-T",8973.43013986957,-0.355850182219476,0.150546815319257,0.00770710367249787,0.0395493695003596
"AFUB_018250-T",31360.6536568484,-0.554678609627263,0.273361558479661,0.00771604113883235,0.0395716779642318
"AFUB_074380-T",18082.4408044367,-0.282473475400733,0.114623655598507,0.00774269521957291,0.0396847654506172
"AFUB_002970-T",6803.57904704799,0.355854968031925,0.150229569205285,0.00775250153745272,0.0397114175605347
"AFUB_031960-T",1507.17400996258,0.397832546320922,0.175028738962607,0.00776327093951943,0.039742968390497
"AFUB_000420-T",9710.36639075112,0.381997753109418,0.164103696854653,0.0077771034934151,0.0397817482158767
"AFUB_072670-T",16663.9114758019,-0.336685008968735,0.141088675200222,0.00778007510636447,0.0397817482158767
"AFUB_076430-T",24210.8313113146,-0.333242203771262,0.138645654796801,0.00780495780795921,0.0398659467887499
"AFUB_038180-T",662.992990259144,-0.509742994795573,0.243960847635259,0.00780579030036073,0.0398659467887499
"AFUB_030010-T",609.147035965658,0.501169062045723,0.238159798714765,0.00789688763726221,0.0403073228660968
"AFUB_092760-T",2095.83475705053,-0.575503559682507,0.293519137609021,0.00790763903835248,0.0403383172483057
"AFUB_044810-T",913.313161324817,-0.794281221208916,0.510696973632786,0.00793877238934137,0.0404498494863278
"AFUB_053230-T",6297.43166877423,0.28786719095298,0.116900300305446,0.00793888705844644,0.0404498494863278
"AFUB_090760-T",343.744001539539,0.368112100885792,0.714132751533608,0.00797929509306011,0.0406317206126823
"AFUB_089830-T",97637.1852608239,-0.326563934802193,0.135678179177997,0.00799381142491969,0.0406740166110449
"AFUB_020290-T",14039.8504614959,0.252125981735825,0.100440484391392,0.00799703725272255,0.0406740166110449
"AFUB_059720-T",6920.06712217386,0.352312768290725,0.149110389610994,0.00800725686156725,0.0407019819596528
"AFUB_042060-T",973.158675483251,0.495060107410242,0.234131109137625,0.00802129686631068,0.0407493225011575
"AFUB_078780-T",1313.06862053845,0.935744078096083,0.706033731259636,0.00803591013056127,0.0407995178065775
"AFUB_084550-T",1434.66186312537,-0.772095407525667,0.505315653411202,0.00804364401400138,0.0408147469362601
"AFUB_057300-T",4797.83090627029,0.474468702416067,0.221382233193668,0.0080548556301474,0.0408238957302839
"AFUB_081550-T",1236.19601724748,0.353304913408015,0.149736067852114,0.00805491783287472,0.0408238957302839
"AFUB_020940-T",271.366377618624,0.61144148795869,0.324725958497042,0.0080784475730339,0.0409067492697905
"AFUB_021670-T",32904.3534056291,-0.290366830728463,0.118875944832675,0.00808075559754706,0.0409067492697905
"AFUB_072540-T",2262.96148122764,0.442116790294615,0.200619635161475,0.00809073172563863,0.0409332149100532
"AFUB_067460-T",1736.65946494037,0.443226824527636,0.201493741020208,0.0081266272322954,0.0410907057886327
"AFUB_023710-T",9281.48265548503,-0.547620687989999,0.274247468548077,0.0081827684556951,0.0413503205489727
"AFUB_016110-T",2799.56721131001,0.32015528556104,0.133323504709581,0.00823289871595113,0.0415792734799149
"AFUB_083520-T",6951.66624206171,-0.362275061136899,0.155130375082696,0.00826846420656961,0.0417301311240883
"AFUB_008070-T",6779.96596718131,-0.375275125655179,0.162697468968077,0.00827245030635274,0.0417301311240883
"AFUB_017340-T",773.616908331135,0.696970974273894,0.404984570191505,0.00831361507624871,0.04191326056862
"AFUB_063500-T",2756.73717559447,0.491770350471604,0.234199677096844,0.00834293314614823,0.0420364854780502
"AFUB_057190-T",15018.0123992389,-0.311010317134834,0.129437894466589,0.0083502750829257,0.042048902739429
"AFUB_092810-T",1508.14531588066,-0.769577789231182,0.493244643315756,0.00838422880623543,0.0421941087758869
"AFUB_066480-T",31163.5025374935,0.635518030197914,0.341141264424335,0.00838889948287556,0.0421941087758869
"AFUB_010380-T",3620.6531375123,0.530070137532922,0.264246058475667,0.00841260489190806,0.0422886686723845
"AFUB_029030-T",6668.17195733993,-0.447001693951581,0.205952117580756,0.00842520297502626,0.0423273163448143
"AFUB_012420-T",11619.377673418,-0.398078098380203,0.174556415981662,0.00852994649337449,0.0428229773815508
"AFUB_031140-T",4991.93368760904,0.370295060960113,0.16303361452046,0.00853379829967571,0.0428229773815508
"AFUB_027180-T",8327.72275647398,0.322140815718949,0.135009263044566,0.00855145401210816,0.0428866114243074
"AFUB_063170-T",6357.94248586782,-0.319651758871895,0.134648615728406,0.00856252629134326,0.042917173928878
"AFUB_030860-T",1856.22670265298,0.450028446264232,0.207897584507666,0.00857201698656187,0.042939778292359
"AFUB_019330-T",16028.8322381219,0.542060291166765,0.266504197639419,0.00860639101472141,0.0430611244787172
"AFUB_078340-T",16359.453396699,-0.281621747776027,0.115531170247963,0.00861209442232692,0.0430611244787172
"AFUB_005180-T",7049.15872149661,0.341642556983617,0.145346900395017,0.00861633458598546,0.0430611244787172
"AFUB_027340-T",807.365705693607,0.432468423170926,0.197320234219815,0.00861640091489637,0.0430611244787172
"AFUB_026830-T",1153.59184887383,-0.419170345118264,0.189344716186185,0.00862556388055726,0.0430611244787172
"AFUB_023700-T",3236.88516010261,0.385281230371698,0.169645608357721,0.00863002895156336,0.0430611244787172
"AFUB_026180-T",2658.7361591769,0.514971294865341,0.251860281164704,0.00863120555610989,0.0430611244787172
"AFUB_003270-T",6530.03785746093,0.603236465314885,0.313425914106194,0.00864166544642027,0.0430883735185594
"AFUB_016130-T",8733.95214559217,-0.396545690218618,0.176230616177602,0.00864928192405794,0.0431014216574009
"AFUB_031050-T",2783.55153519335,0.366149265596538,0.161022082247264,0.00865626921271328,0.0431113211339117
"AFUB_057960-T",5881.17134546533,0.310794494719896,0.129561370860267,0.008661765111256,0.0431137858107032
"AFUB_089970-T",2695.98761031188,0.552874656490198,0.279746024547936,0.00867655698848951,0.0431624915163116
"AFUB_092570-T",11538.1047923581,-0.47138828002031,0.22325134842579,0.00871591500095782,0.0433332775220631
"AFUB_020860-T",6698.5190169734,-0.391024346857479,0.173222506834577,0.00873629477049865,0.0434095661190022
"AFUB_076790-T",1055.39543471413,-0.583284483327972,0.308532532837867,0.00880273694316529,0.0437145133565829
"AFUB_072380-T",2557.21108826959,0.476195264087931,0.226539897248489,0.00883149671246805,0.0438320858711497
"AFUB_014100-T",20674.4817822553,0.326404054784407,0.138303595379297,0.0088419691567038,0.0438514436837424
"AFUB_055050-T",4625.90966648979,-0.473255425140998,0.224570257175454,0.00884557018513259,0.0438514436837424
"AFUB_035270-T",21532.7886048131,-0.378533913191087,0.16301099996306,0.0088635447764875,0.0438940534394653
"AFUB_041510-T",7378.84371482736,-0.308236168210756,0.129610745764715,0.00886434833988041,0.0438940534394653
"AFUB_081830-T",852.998840937315,-0.602415533867414,0.326427576691819,0.00891597417263015,0.0441243474984182
"AFUB_030350-T",9803.89836998152,-0.274484451804664,0.113348653823953,0.00893892060576973,0.0442125269892948
"AFUB_010810-T",6248.45688528484,0.796314371966458,0.509999567530892,0.00895442950124032,0.0442509113271956
"AFUB_037330-T",5409.38167725172,-0.348898845540167,0.150426889061054,0.00895694702075819,0.0442509113271956
"AFUB_056810-T",17135.7766928869,-0.332426144148077,0.14256278169899,0.0089722295212999,0.0443010256031652
"AFUB_012360-T",420.994231405848,0.615845747730647,0.337352966230447,0.00898330069887771,0.0443303007012162
"AFUB_076560-T",3407.85657045927,-0.34367990915691,0.147788701152155,0.00899102076640372,0.0443430148896833
"AFUB_024690-T",8451.54795645455,-0.354983044604834,0.15378794701967,0.00900245645766052,0.0443740292289831
"AFUB_037780-T",23092.5402231594,-0.420121510479089,0.192043172339898,0.00902106635613362,0.0444403503178445
"AFUB_043290-T",1723.78008477453,0.638875499490425,0.358586527933212,0.00902834696852072,0.0444508162282222
"AFUB_020510-T",6096.05901441044,-0.30993235318952,0.130631356651634,0.00909340517483483,0.0447455742079058
"AFUB_053010-T",78332.8393980501,0.378105572762732,0.164360924403188,0.00913588074980789,0.0449289377889868
"AFUB_048950-T",434.235876061969,-0.957847864781668,1.21842440080032,0.00915478183494746,0.0449962224624185
"AFUB_037230-T",446.82370995488,0.690952353555941,0.409133745906796,0.00917177743059304,0.0450540702160357
"AFUB_011760-T",1122.54339596519,0.430336219905247,0.198199273218431,0.00918537799153292,0.0450951843194791
"AFUB_025010-T",4173.4387182775,0.385488553923802,0.171929358095832,0.00922652598148525,0.0452714174652159
"AFUB_062530-T",1606.52082696691,0.886750370540355,0.715587406517868,0.0092899091968491,0.0455564887292583
"AFUB_073390-T",2971.82252510683,-0.403415571291778,0.182615381629263,0.00930172869475958,0.045588517951974
"AFUB_008100-T",6526.84360407624,0.245462245864303,0.0997838879714786,0.00936039241019457,0.0458499675956178
"AFUB_011410-T",4920.26314119975,0.365869461400402,0.160755915905011,0.00936833324777818,0.0458628057518999
"AFUB_096230-T",17919.1439397071,0.189796233653186,0.077437011956102,0.00938304489400751,0.0459087571119403
"AFUB_049840-T",387.39434641431,0.646926930692205,0.372042394634975,0.00942332846534477,0.0460677788207177
"AFUB_057260-T",8182.15106446672,-0.35513013347035,0.154378604548401,0.00942623382899269,0.0460677788207177
"AFUB_010130-T",2543.53184375889,0.456243569895833,0.212488260084154,0.00946759559539472,0.046243706304758
"AFUB_101420-T",2740.65336557265,0.400374564081207,0.180850260782518,0.00947700480686333,0.0462634532502654
"AFUB_046420-T",1179.57969818855,0.583909715846928,0.313534525294135,0.0094833877950058,0.0462684132318874
"AFUB_031500-T",9723.47273039899,-0.281368164071818,0.115252364456529,0.00949969797624811,0.0463217738988886
"AFUB_011050-T",546.125077818735,-0.679094894771695,0.410240384585453,0.00952403522582297,0.0464141931497003
"AFUB_007420-T",4529.30221183271,-0.320537206750307,0.13736862718847,0.00953765220952015,0.0464542936148436
"AFUB_010420-T",2206.49864413464,-0.350800095211384,0.15316227017303,0.00954925609464399,0.046484549289625
"AFUB_070380-T",3877.7500248904,-0.362088626170841,0.159818279863041,0.00956400840599295,0.0465300883002626
"AFUB_101310-T",501.631695711573,-0.874580690633771,0.744406111267884,0.00957103466218943,0.0465380089242725
"AFUB_069740-T",4887.39296260618,-0.415736521819993,0.191483398803607,0.00958116971687901,0.0465610282577305
"AFUB_039760-T",1694.63284556329,-0.485652022825856,0.238421341917202,0.00964405451534219,0.0468402219587409
"AFUB_038820-T",670.845095143614,0.681292550248115,0.411570762645215,0.00965074627583345,0.0468463308806082
"AFUB_023690-T",523.14302520396,0.626873359232591,0.354861886407482,0.0096584450261392,0.0468573182725639
"AFUB_064260-T",28121.4891455265,-0.246569674031656,0.101075364127129,0.00967450789055174,0.0468878511131316
"AFUB_028520-T",1715.43298587888,0.68680013634633,0.414344727315898,0.00967561618492763,0.0468878511131316
"AFUB_097170-T",160.881159836396,-0.879204415148243,0.772897385687613,0.00972546404786556,0.047087805853413
"AFUB_052280-T",10347.591920082,0.385528074478231,0.172005823301495,0.00972780213721477,0.047087805853413
"AFUB_011860-T",18369.0202256621,0.242111273719211,0.0988908169160258,0.00974560048884659,0.0471474869889711
"AFUB_092650-T",525.126586443566,0.641509159258086,0.370658338987138,0.00975756128351141,0.0471788759535344
"AFUB_003290-T",2889.40430087517,-0.442212155588704,0.210157335667913,0.00979884251006709,0.0473519177574486
"AFUB_064240-T",571.087499484979,0.636265839464196,0.366386686683099,0.00989241513779437,0.0477773170324511
"AFUB_007830-T",3092.87363763931,-0.405102233958321,0.186009143539078,0.00992351753338607,0.0479006968954766
"AFUB_069950-T",8494.94729998116,-0.877516386510264,0.813187972083966,0.00993699830356873,0.0479389269026671
"AFUB_053660-T",4729.8570668148,-0.256544586795298,0.106044937622605,0.00995592740011794,0.0480033837340138
"AFUB_030830-T",2229.83043551404,0.39622048907294,0.180226279551417,0.00997520044898278,0.0480694259757856
"AFUB_051900-T",2246.76312822853,-0.545408859440031,0.287340539225468,0.00998886459554394,0.0481083808258013
"AFUB_064650-T",12272.7844077821,-0.242925065999236,0.101838576279473,0.0100194375123655,0.0482286827437761
"AFUB_069490-T",4863.60071934179,-0.236187883976203,0.100168454944407,0.0100291152558571,0.0482483273553261
"AFUB_020690-T",28519.8477502002,0.428660440270706,0.200743693826149,0.0100651478920114,0.0483480721459088
"AFUB_053830-T",3787.15524251123,0.529680909986425,0.273390342443161,0.0100652276387958,0.0483480721459088
"AFUB_030390-T",997.732560571534,0.577069206522182,0.311501972391164,0.0100692260136764,0.0483480721459088
"AFUB_094320-T",12620.2861026954,-0.275603880015285,0.115426214286175,0.0100722813564612,0.0483480721459088
"AFUB_101750-T",2040.49658239178,-0.707923019734058,0.457868726927221,0.0101115537660956,0.0485095743002283
"AFUB_021800-T",12875.2868109986,-0.310111867021976,0.135408437821281,0.0101379922577111,0.0486093610977349
"AFUB_003840-T",924.876741813159,0.487764087427698,0.243181362423702,0.0101639552444375,0.0487067582892138
"AFUB_057610-T",18609.1244652449,-0.492061870542011,0.246304771254569,0.0101730939632384,0.0487234683650433
"AFUB_063520-T",3714.34984071309,0.319921764629734,0.137811378791612,0.0101809860193247,0.0487341923779004
"AFUB_078030-T",667.288781456076,0.558386825651225,0.299380939905478,0.010221997351459,0.048895819188558
"AFUB_088420-T",847.122262504677,0.512555216858411,0.261125934030436,0.0102313248152949,0.048895819188558
"AFUB_084120-T",432.408905139094,-0.469843576148705,0.230241691795536,0.0102367909851246,0.048895819188558
"AFUB_055260-T",326.153976955279,-0.746259802274235,0.514193574928262,0.0102374380739296,0.048895819188558
"AFUB_028960-T",1345.02020723718,0.466111051717304,0.227043546791099,0.010273396500031,0.0490403938132709
"AFUB_095810-T",5285.31905825256,-0.438745080124854,0.211231288882214,0.0103128790341607,0.0491979150300015
"AFUB_021290-T",2196.02279593591,0.762052327454359,0.521501991132549,0.0103178088822924,0.0491979150300015
"AFUB_076900-T",1335.98657363015,0.38201977854204,0.174187715695183,0.0103270509138318,0.0492081854733447
"AFUB_031520-T",937.380399809395,0.511036253191233,0.26060131857059,0.0103313786923505,0.0492081854733447
"AFUB_013690-T",3298.32284910483,-0.361203185683683,0.161430198571108,0.0103798178846029,0.0494116013159367
"AFUB_058360-T",6328.14167794606,-0.434145495177616,0.206942467261943,0.0104020382092892,0.0494900504427604
"AFUB_065580-T",22378.9997740792,-0.256337075928641,0.107028522132261,0.0104114116524284,0.0495073247962413
"AFUB_051850-T",4567.91777985737,-0.357297464935331,0.159042917337008,0.0104179026260082,0.0495108812231625
"AFUB_076150-T",505.426742430102,0.641873037400809,0.379475679952642,0.0104482869930807,0.0496279240591451
"AFUB_024420-T",17329.908071326,-0.422494048273064,0.19736276886074,0.0104673110312873,0.049690907709652
"AFUB_044950-T",235.405687466053,-0.251458300772799,0.471058033457091,0.0105128741288007,0.0498797401565167
