"","baseMean","log2FoldChange","lfcSE","pvalue","padj"
"AFUB_071160-T",9786.22262478782,6.99905081421964,0.163751205833147,0,0
"AFUB_071640-T",12776.5166302512,7.47887988508788,0.19038709596317,0,0
"AFUB_080125-T",11858.9806545796,7.05471396096388,0.162192904521046,0,0
"AFUB_097510-T",11088.5074518439,7.26938146093994,0.168705000789382,0,0
"AFUB_000110-T",6295.56879125899,7.3111660003499,0.202956248847183,2.93248352430874e-285,5.50837705206154e-282
"AFUB_080170-T",7905.62715785552,7.0831956349007,0.20389450934874,9.06706302544092e-266,1.41929759891569e-262
"AFUB_080240-T",19215.1398383275,7.38452964923849,0.220490488758929,3.86694631337875e-247,5.18833711075046e-244
"AFUB_075270-T",19411.3583790587,7.20365937953635,0.215166224978274,5.56666328163552e-247,6.5352626926401e-244
"AFUB_044280-T",5488.28302848144,6.98021157341775,0.209901131365243,1.16716612719464e-243,1.21800269629023e-240
"AFUB_048510-T",6494.32142269667,7.11312510247794,0.217974378337735,9.261079728606e-235,8.69800608110675e-232
"AFUB_096890-T",11438.7658101179,7.45864085876532,0.230465287630791,5.5036106101641e-231,4.69908280460557e-228
"AFUB_071130-T",21796.6693395387,7.51210320648262,0.23346074651236,1.79603589733726e-228,1.40569742898263e-225
"AFUB_066530-T",7287.06797005122,7.46462737502454,0.239128922638246,3.36237903891093e-215,2.42918953334242e-212
"AFUB_097810-T",4865.46822167088,7.34282668307405,0.236039125298341,1.57866039637599e-213,1.05905560305452e-210
"AFUB_044330-T",4265.66046861067,7.17866615134034,0.234342484294292,4.59288342465405e-207,2.87575740829005e-204
"AFUB_075430-T",13927.5371429469,7.44044456402761,0.243635643486701,3.70522503120486e-206,2.17496709331725e-203
"AFUB_072950-T",5522.56539007424,7.35147800196799,0.245301494300531,1.63038086102575e-198,9.00737473338464e-196
"AFUB_066520-T",4369.26146895565,7.30450819572573,0.245645185020715,1.32607064124218e-195,6.919141923637e-193
"AFUB_097420-T",6732.53984350248,7.04164970303855,0.243403780566098,2.88049573748575e-185,1.42387452455085e-182
"AFUB_071500-T",4534.36439639196,7.58987661774148,0.264890924071279,7.46382077495142e-182,3.50501023591719e-179
"AFUB_097530-T",8472.45299180681,7.1831030131116,0.25184530154003,9.69014737706523e-180,4.33380305549508e-177
"AFUB_048440-T",10897.1434093797,7.67670785702581,0.269619361034712,1.3705838484806e-179,5.85114704769537e-177
"AFUB_072925-T",5342.99196857979,7.39178270442388,0.271194362849608,7.24254902170854e-165,2.9574791483429e-162
"AFUB_071060-T",5487.10538917478,7.21214982351137,0.269145748512023,3.37779307813455e-159,1.32184302457665e-156
"AFUB_080230-T",12448.727910038,7.34678445353324,0.27438728710088,4.04500580048458e-159,1.51962777912605e-156
"AFUB_097850-T",8349.74448815083,7.41046811149476,0.280903725872803,1.22707215454645e-154,4.43256218288471e-152
"AFUB_075390-T",6086.71874200954,6.85167050202726,0.259707951661605,1.70693769761351e-154,5.93761439110596e-152
"AFUB_045650-T",2404.91463991943,6.89661262071159,0.261552584334062,2.1783159211974e-154,7.30669397567355e-152
"AFUB_044320-T",4103.01660349729,7.25006065010931,0.281333587098491,1.25357879608491e-147,4.05986622511361e-145
"AFUB_097520-T",3433.52399305314,7.41302990237643,0.288975047532721,1.66005564416666e-146,5.19708087000442e-144
"AFUB_097450-T",3945.72485797389,7.81503099207775,0.308972980261726,2.09928169060622e-142,6.36014633489473e-140
"AFUB_071010-T",2340.72885866743,7.22351251838331,0.286798169666599,5.91877731692169e-141,1.73716114251652e-138
"AFUB_072940-T",11822.8111671845,7.19694968156755,0.288691045129577,1.9572360866056e-138,5.57041252284842e-136
"AFUB_000910-T",2647.74957721975,7.11175036499947,0.286035886300737,1.10141925177779e-137,3.04250870961676e-135
"AFUB_071630-T",3553.36474276267,7.60270278233066,0.30693737070671,1.22156622011306e-136,3.2779856969434e-134
"AFUB_070970-T",2527.90919783084,6.87197362027071,0.279978733107883,3.94284457349809e-134,1.0286443398415e-131
"AFUB_097890-T",5174.33184259155,7.36863947508109,0.30623390089647,3.5328404321618e-129,8.96768576726044e-127
"AFUB_071050-T",4902.67762208762,7.16119789031876,0.300300379427141,6.76325772191771e-127,1.67159254011187e-124
"AFUB_044350-T",2018.49250976882,6.54720616937119,0.276186591165478,1.96731793153537e-125,4.73770513153337e-123
"AFUB_096630-T",2076.31698186229,7.00175540946041,0.298935097132117,2.3469793391574e-122,5.51070748834158e-120
"AFUB_097260-T",4140.19276214901,6.47973310504968,0.277483275396025,8.00126089048359e-122,1.83287420203468e-119
"AFUB_097880-T",4352.36804050775,7.00719208509838,0.302620725791339,7.35024699795114e-120,1.6436552334466e-117
"AFUB_044300-T",3391.29065894109,7.0231060417886,0.304635587963648,1.40358636847567e-118,3.06569376109849e-116
"AFUB_097440-T",3353.48801289192,7.37182072580165,0.321237152269718,9.71645036351895e-118,2.07402049577659e-115
"AFUB_048430-T",5551.69029402753,7.30328510545463,0.319477468149469,5.55983128471254e-117,1.16039856502267e-114
"AFUB_075290-T",2098.20285023544,7.21895901932366,0.316255363892111,1.42164592825104e-116,2.90263012133344e-114
"AFUB_097920-T",1649.23760393852,6.87777588468795,0.305671385268821,3.40724584868343e-113,6.80869212996484e-111
"AFUB_101390-T",5109.85209890063,5.30132305496404,0.236059802833436,7.05624047438853e-113,1.38067105282202e-110
"AFUB_075450-T",2719.33100365474,7.41859452226685,0.337950088588574,6.51080571756006e-108,1.24794872039437e-105
"AFUB_066710-T",146151.986358925,-3.48495559687534,0.160296041939761,6.7236326432236e-106,1.26296715570312e-103
"AFUB_029480-T",113086.698509818,-3.9018715481959,0.180585839214535,1.07765465206418e-104,1.984574998468e-102
"AFUB_097560-T",2650.03262210555,7.20573841023082,0.335085103361959,8.44664866117648e-104,1.52559469664941e-101
"AFUB_048520-T",5305.5694673957,7.39253201795784,0.344639861481718,3.13702675037397e-103,5.55904815839855e-101
"AFUB_071600-T",2688.14892273418,6.85692521582042,0.32399978980827,1.64540111971785e-100,2.86177913266482e-98
"AFUB_072930-T",2727.56341395524,7.74760392886108,0.367423309313988,5.78621127995944e-100,9.88074478934165e-98
"AFUB_044400-T",1602.17142714753,7.10085631501466,0.33681165483972,8.09775922981941e-100,1.35810990511543e-97
"AFUB_044310-T",2888.24384274213,7.3463982540195,0.35006714604188,5.86764043680671e-99,9.66822438289274e-97
"AFUB_062550-T",21516.7530640231,3.47042204837085,0.165384752907302,1.9876829817878e-98,3.21867561464673e-96
"AFUB_080300-T",3642.11705773651,7.16089562020143,0.342607154687003,3.73733873983212e-98,5.94933651601751e-96
"AFUB_080160-T",2168.56962609499,7.60209249024262,0.374972707205079,9.93283355197402e-93,1.55481954533567e-90
"AFUB_080110-T",1770.34204805045,7.09793365467056,0.35242633450009,2.77128200439894e-91,4.26686566972374e-89
"AFUB_071110-T",1705.22457066572,6.5721876818931,0.33199517743999,1.82169879571431e-88,2.75957985312077e-86
"AFUB_102760-T",1670.50394724339,7.04959038944715,0.357663089169091,1.54245791732418e-87,2.29948646976328e-85
"AFUB_096650-T",1356.88713489693,7.3483141488914,0.372956480011191,1.86012071494203e-87,2.72972714917743e-85
"AFUB_097500-T",1543.86633422995,7.27163444461444,0.374967117898749,5.44598703737041e-85,7.86903234692044e-83
"AFUB_071620-T",2405.01542424583,6.76673002303794,0.350920269634199,5.20362679430893e-84,7.40491861396205e-82
"AFUB_080090-T",2469.01579165613,7.68797592409458,0.400601107108683,2.28701825690845e-83,3.20592171177375e-81
"AFUB_070980-T",1669.09921426605,6.82827342049064,0.355528482850333,2.63379916459064e-83,3.63774143438755e-81
"AFUB_096600-T",1685.78018354858,6.5448940354577,0.341113057250702,3.81411104656457e-83,5.19161318106296e-81
"AFUB_075340-T",1622.57851902233,7.0642275898644,0.370330545882035,3.65268649420027e-82,4.90086165050413e-80
"AFUB_071610-T",1527.89118544488,6.97802191142511,0.375334451876835,2.27316129229902e-78,3.00697617708062e-76
"AFUB_097900-T",1528.87050303446,6.58726642835287,0.354285042091332,2.66910603147399e-78,3.48170053438941e-76
"AFUB_101030-T",6389.40461575418,-6.88673078936069,0.374046379874171,4.14626072278471e-77,5.33447680936904e-75
"AFUB_033730-T",18539.4952314126,-3.6509663731684,0.199649013689923,7.94140739245854e-76,1.00791484094555e-73
"AFUB_001910-T",3975.28713335401,4.90307206359632,0.268436921738627,1.00937059067007e-75,1.26400114500977e-73
"AFUB_044290-T",1118.31860312448,7.03525966497866,0.388529890701592,2.30933277938397e-74,2.85384913999661e-72
"AFUB_080080-T",1761.87140467775,7.41422560183,0.410506516018203,4.1937963493948e-74,5.11534224850857e-72
"AFUB_071580-T",1121.90767715307,6.88530819115085,0.382365358450684,1.39078487892734e-73,1.67464763883149e-71
"AFUB_057130-T",72984.1469453169,-2.49363735685141,0.13870621873094,4.86067083650107e-73,5.7786608223314e-71
"AFUB_062410-T",140875.333326037,-5.37494598227408,0.304798057686612,8.06461079638527e-71,9.46785307495631e-69
"AFUB_000040-T",1244.87331071548,8.09690925415337,0.461102241531563,3.90219769855542e-70,4.52462231911512e-68
"AFUB_045790-T",1467.90520934437,7.44945882463296,0.425970692514751,1.24543766130833e-69,1.42648177012291e-67
"AFUB_087020-T",5178.65058316447,-3.85458245512263,0.222591715900373,2.56195855833878e-68,2.89902587709854e-66
"AFUB_044340-T",1102.72134131614,6.78053592661957,0.393153105776743,8.15460152326243e-68,9.1176211317239e-66
"AFUB_066510-T",1447.10524248923,7.35054627503151,0.430486796829468,1.7284530999645e-66,1.90983900174901e-64
"AFUB_071460-T",1731.83977985769,6.496466382997,0.382363395918055,5.78243427053219e-66,6.31495612428353e-64
"AFUB_070810-T",13208.4370393962,3.42501891386573,0.203750822797238,9.07174356572751e-65,9.79331213440376e-63
"AFUB_047180-T",6279.94353151273,3.17407242244791,0.188413662364681,1.06525671453552e-64,1.13691943896791e-62
"AFUB_080140-T",1166.69388924591,7.5711302123562,0.452602405987289,7.36273233407229e-64,7.76975079568617e-62
"AFUB_079180-T",3469.24046931983,5.57830670001779,0.334548756463722,1.20081637180826e-63,1.25311859600258e-61
"AFUB_013160-T",6905.56940415213,-4.07177469508171,0.247309935581173,4.85796312894825e-62,5.01384502275626e-60
"AFUB_080030-T",1152.07541093102,6.63410785521435,0.403555752058011,7.88276431392773e-62,8.04727417787057e-60
"AFUB_102230-T",1005.00444112421,6.86005147555128,0.427316489393775,3.28579462543244e-59,3.31829926043672e-57
"AFUB_048350-T",1014.92769673299,6.75220798202233,0.424558468227624,4.21782527341619e-58,4.21423563488563e-56
"AFUB_075500-T",1052.09643236863,8.057483868734,0.52534842430334,2.99044906381812e-54,2.95645237972419e-52
"AFUB_071120-T",792.705157026581,7.11195665676621,0.464900081906706,5.46635811033352e-54,5.34792035127629e-52
"AFUB_097910-T",1332.10595270336,7.4084275845545,0.484867219750512,6.68029211695741e-54,6.46817562499629e-52
"AFUB_048620-T",28005.5453823427,3.92685365297597,0.258064282449062,1.09757704614991e-53,1.05188200177959e-51
"AFUB_085990-T",5095.37400029759,3.05192033791179,0.200479170008442,2.34739316355105e-53,2.22694106990621e-51
"AFUB_044420-T",881.075035584502,7.77056590179568,0.516791858590277,6.10428425568659e-52,5.73314377294085e-50
"AFUB_102340-T",991.1857748564,7.34667721681966,0.491299310643626,8.86884897993979e-52,8.2471514474846e-50
"AFUB_063490-T",23179.3058276087,-2.42802110747028,0.163022295954144,4.25371192588764e-51,3.91675121646438e-49
"AFUB_088000-T",12505.4935783565,-2.66387852701624,0.179946456815868,1.07906046646729e-50,9.83935524374835e-49
"AFUB_035610-T",6543.66778895061,-2.63846666845137,0.179368599551387,5.96387062809449e-50,5.38583393644841e-48
"AFUB_080270-T",1052.23156441197,6.00890039753715,0.40947972320124,7.29637211765776e-50,6.52643113609921e-48
"AFUB_071150-T",813.663891106372,6.881761143893,0.47225347424573,2.72339047779077e-49,2.41302673277461e-47
"AFUB_075375-T",944.578201050768,7.7238234343985,0.532100001744299,5.92665705085911e-49,5.20216476838026e-47
"AFUB_080180-T",727.982904200746,7.52273253933552,0.522646787995991,4.26118952755522e-48,3.7056566706295e-46
"AFUB_097800-T",668.390516834932,7.42117662569744,0.520323856795208,4.74265807120847e-47,4.08651785365045e-45
"AFUB_084900-T",36639.2064356613,-3.08624091037067,0.217434001699204,9.0003450200972e-47,7.68465822079572e-45
"AFUB_071080-T",688.916030838814,7.63805406357241,0.540701464698344,2.39976499955231e-46,2.03050386268426e-44
"AFUB_036450-T",13033.6642300739,-2.65867282804434,0.190634156000234,3.48464795694063e-45,2.92212621532022e-43
"AFUB_097490-T",620.170658253878,7.54734083022608,0.544451292303689,8.59132639722035e-45,7.14068473652155e-43
"AFUB_088960-T",4201.28944106722,2.61401202039907,0.18918305073384,2.37494464055626e-44,1.95662105825477e-42
"AFUB_001950-T",1332.31618331283,4.29768692854762,0.313692471794448,7.30304615793394e-44,5.96436604481005e-42
"AFUB_002950-T",6453.09314745697,-2.97926536513335,0.221975288476089,3.81316041816276e-42,3.08734505580902e-40
"AFUB_085950-T",27653.0632284445,2.38252542447418,0.178111272393993,1.05379862171373e-41,8.45921081635501e-40
"AFUB_071140-T",563.342934660033,7.09931292102211,0.53709844738059,6.54533496230427e-41,5.20964287847133e-39
"AFUB_092785-T",8817.90676685366,2.09786351853895,0.158969186890754,1.51954290541594e-40,1.19928966114845e-38
"AFUB_080720-T",17394.360417761,2.09302645039038,0.158240198123058,1.98794940271678e-40,1.55590173252633e-38
"AFUB_022660-T",8761.19946653308,-2.60013729975837,0.201012049292964,2.99783675519737e-39,2.32691593428212e-37
"AFUB_075420-T",2786.92095579004,2.94936923083919,0.228915757828807,4.34790024090551e-39,3.34717041496594e-37
"AFUB_071070-T",1135.9104224517,6.56766261970068,0.512181375499511,7.13832408221615e-39,5.45066177074586e-37
"AFUB_031300-T",30218.3513276205,-2.12684239688495,0.165616383621627,1.35023931789721e-38,1.02269739303956e-36
"AFUB_097930-T",4081.69347843938,-4.34743054145501,0.341045292431789,2.07261181242204e-38,1.55727761138143e-36
"AFUB_097940-T",6782.50493427853,-3.69636334143021,0.292012340960235,7.45011066916383e-38,5.55328884164974e-36
"AFUB_075280-T",848.784011707378,7.25813311970487,0.576057453595599,1.18995405566872e-37,8.80003818176426e-36
"AFUB_046800-T",5575.01346802961,-3.01240328501334,0.238536242979363,1.32493891017531e-37,9.72173925341137e-36
"AFUB_014810-T",55819.9194984805,-1.7029710936276,0.134748952191773,2.78354891254712e-37,2.02659623152268e-35
"AFUB_033010-T",1528.09040560194,3.32324879810245,0.26509217253961,4.211142353431e-37,3.0423883833403e-35
"AFUB_058160-T",15197.3017697492,-1.9533091438958,0.155404216802141,5.05077396610553e-37,3.62113504501245e-35
"AFUB_071520-T",910.222879833755,5.81108047614352,0.465255184204003,6.16213217514375e-37,4.3844504082538e-35
"AFUB_098000-T",1591.4394878879,-3.71438543096183,0.298188354878234,9.2063367724944e-37,6.50119661408026e-35
"AFUB_033090-T",510.763621896183,6.94277443067842,0.557017318816237,9.29925321301776e-37,6.51780493855692e-35
"AFUB_001220-T",6775.93061889258,2.54840879050103,0.204134986285175,9.97994332382359e-37,6.94308353313712e-35
"AFUB_102050-T",56489.9489161178,-2.19689639867368,0.175231497514936,1.30632487836409e-36,9.02132592470263e-35
"AFUB_080320-T",15220.5197724014,2.05645897395582,0.165279454038158,2.34763189319199e-36,1.60941304677804e-34
"AFUB_070680-T",4101.75543051921,3.2560417835933,0.26458701011725,7.46611784018618e-36,5.08128831558178e-34
"AFUB_078010-T",1847.45258278083,3.59823597072531,0.295975583299528,4.43814042551506e-35,2.99877804866457e-33
"AFUB_024990-T",10389.8842291959,2.37882173496291,0.1951654072517,4.61282391650508e-35,3.09454587312969e-33
"AFUB_000020-T",634.586983280978,7.11990041291453,0.591076201136758,1.18403780401932e-34,7.88686741514146e-33
"AFUB_000060-T",771.536782923086,7.16062094336871,0.598345548198616,3.08643217209603e-34,2.04139232114971e-32
"AFUB_052630-T",5346.1519183746,1.98630345782107,0.16497748194405,3.58993646785462e-34,2.35781002140493e-32
"AFUB_033660-T",2230.89842374457,-2.75678974144589,0.231299146177851,9.01415695221887e-34,5.87923347883608e-32
"AFUB_000120-T",458.943242736289,6.67321989602731,0.562450731392058,1.396169647013e-33,9.0433278101697e-32
"AFUB_080250-T",471.073042676035,7.86997535750971,0.662658508800467,2.0351905577988e-33,1.30921299444153e-31
"AFUB_074720-T",5948.52537717564,3.14467158930811,0.265607498292681,2.29681488403319e-33,1.46746159121359e-31
"AFUB_033680-T",6564.07508920178,-2.27945553028101,0.193370821165838,4.29300099522508e-33,2.72431522615905e-31
"AFUB_081370-T",1012.6936516862,5.02481821796161,0.427707216664375,4.82724193679363e-33,3.04278230002455e-31
"AFUB_087010-T",3025.69610830542,-3.71343936875169,0.317131910900128,8.30112552112963e-33,5.1976113929633e-31
"AFUB_044390-T",1625.77884772747,4.26616715632923,0.369700901026869,6.32376688714252e-32,3.93329924530083e-30
"AFUB_089040-T",14776.5254181987,-1.60353346145927,0.139509265269211,4.52834320639113e-31,2.79803943384378e-29
"AFUB_075260-T",522.94938279745,7.35150681614447,0.649175173439394,7.62735882489078e-31,4.68210157407675e-29
"AFUB_033230-T",8398.35865230876,-2.3349732128734,0.207082492515897,2.0541788499668e-30,1.25278232200573e-28
"AFUB_096620-T",407.685843018203,7.53870228701114,0.669523733989514,2.27784746513679e-30,1.38022860597192e-28
"AFUB_096580-T",421.876226610645,6.71278492900619,0.600681393522172,4.19730025324493e-30,2.52698999862028e-28
"AFUB_049710-T",2697.72807015935,2.56629462989723,0.22971834682013,5.22618933714807e-30,3.12639300984042e-28
"AFUB_093120-T",31327.0972267179,2.46423953474641,0.22021752651329,7.38330071031551e-30,4.38885824501793e-28
"AFUB_014730-T",16635.9556026326,1.55230171540254,0.138645874531369,1.05637399077634e-29,6.23991479331533e-28
"AFUB_030040-T",2392.0877727946,5.16702412863845,0.47188427637414,4.21757200957728e-29,2.47571476962186e-27
"AFUB_071480-T",803.721029669264,6.53948643749442,0.59855715638986,4.40613225369111e-29,2.57033503892341e-27
"AFUB_097650-T",16832.5614466965,1.49935645009384,0.135432975446452,4.7759874941356e-29,2.76889349042726e-27
"AFUB_080260-T",358.501029507583,7.14558788020408,0.653307548203928,7.40738643460821e-29,4.26810879716811e-27
"AFUB_097785-T",788.29299797294,6.89923260635339,0.634724666966547,9.7202670583382e-29,5.56663098853124e-27
"AFUB_086130-T",20313.0281785285,1.68053813672031,0.152629708729848,1.04783442298189e-28,5.96440054584603e-27
"AFUB_071740-T",643.21071079978,-7.2530480585295,0.66900016762964,1.16031634777874e-28,6.56487417972167e-27
"AFUB_073670-T",13616.7310928979,-2.17568940081383,0.199139852427938,1.19083959189119e-28,6.69722481858806e-27
"AFUB_069520-T",11926.4880469786,-2.54559620966656,0.234246552846435,1.77010406737772e-28,9.89572464334023e-27
"AFUB_048580-T",566.580070275558,5.68492254465222,0.52639287471022,2.10076802876351e-28,1.16748007847023e-26
"AFUB_098020-T",16977.0203711358,1.51471918805526,0.139546307082314,4.92800167515228e-28,2.7225759842959e-26
"AFUB_071220-T",14038.9019832817,-2.55460031494754,0.236144631930767,5.21931657225068e-28,2.8666562132502e-26
"AFUB_096570-T",2974.67475218061,3.22946150017592,0.302265138031536,1.08842861940461e-27,5.94332650781864e-26
"AFUB_102350-T",423.751120357268,8.26184749640204,0.773646735677965,1.71077464252078e-27,9.2876274234423e-26
"AFUB_013850-T",8320.77742753195,-2.16113766748279,0.202514863940216,1.88042626542465e-27,1.01499790142921e-25
"AFUB_083440-T",19296.9197475544,1.94953707644884,0.183470886345163,3.35875693189999e-27,1.80259686310884e-25
"AFUB_071020-T",411.201103556779,6.78625824071184,0.643541555168492,3.90367912642311e-27,2.07304033424114e-25
"AFUB_100730-T",23577.7793711003,-2.16987958093347,0.204631791750639,3.90681579174491e-27,2.07304033424114e-25
"AFUB_033720-T",21107.8353028657,-1.49700919125311,0.139983241855762,4.25842386471588e-27,2.24691668187706e-25
"AFUB_074730-T",3743.73174963898,2.7341100434129,0.261735413142593,1.63894931824392e-26,8.59944804298709e-25
"AFUB_067260-T",2755.40116123698,3.07047898293471,0.296326224422066,3.38780438490743e-26,1.76768104350281e-24
"AFUB_088500-T",109397.588438006,-1.83525798137434,0.176319520535299,3.61648870611755e-26,1.87657800706387e-24
"AFUB_079160-T",12230.0856550713,1.932613656056,0.185630406800346,3.84862162593481e-26,1.98605792916372e-24
"AFUB_002340-T",6140.44003865367,1.88962410567327,0.182452890067956,7.05960824707305e-26,3.62316069161258e-24
"AFUB_048480-T",353.069877531571,8.01718084738249,0.777075219698982,1.1423299188204e-25,5.83084923780499e-24
"AFUB_048450-T",332.220295839269,7.74261771286316,0.753840918489989,1.17091892107094e-25,5.94447054416122e-24
"AFUB_098830-T",26114.3397968019,-1.33650048673148,0.1287758361286,1.45529663268483e-25,7.34846557751393e-24
"AFUB_096100-T",36209.9378074526,1.61340765632853,0.156668476223688,1.96225216339842e-25,9.85533279071548e-24
"AFUB_092490-T",483.81558916116,5.99139185324134,0.592882644806775,2.91293007531894e-25,1.45522549294657e-23
"AFUB_079790-T",309.796563658869,7.35203918677376,0.72756523918701,5.0971839141966e-25,2.53294980540394e-23
"AFUB_055510-T",19976.2966442413,1.37213321339599,0.134553920009031,5.92792446203598e-25,2.93026666039168e-23
"AFUB_050660-T",2345.65856612867,-2.5928796396652,0.258192736828367,1.06212259771161e-24,5.22275153806673e-23
"AFUB_077995-T",986.540422801436,4.74798803998509,0.476513021322139,1.93200421748415e-24,9.45072063052665e-23
"AFUB_047540-T",461.673536539445,6.67287245582702,0.675209196462699,2.75589474795613e-24,1.34110691568933e-22
"AFUB_015030-T",27014.5612903151,2.07223840574373,0.207928443615048,2.9537605489124e-24,1.42998551934976e-22
"AFUB_033220-T",5925.91165422658,-2.16011424558124,0.216889451083703,3.11568439491836e-24,1.50064142754222e-22
"AFUB_095240-T",164216.118266629,-1.59899348472031,0.160238573441116,4.19428014696358e-24,2.00983056838173e-22
"AFUB_080310-T",399.946343673822,7.4737671999243,0.757767953663221,4.73064073051647e-24,2.25533897162491e-22
"AFUB_097000-T",2251.69633830328,-4.54715212973954,0.466940569462704,1.32269904520644e-23,6.27413607706003e-22
"AFUB_044180-T",302.630765074795,6.20887451789646,0.64048936964538,2.32459726817385e-23,1.0971164594316e-21
"AFUB_093370-T",47841.7429327615,-1.48871320967357,0.152081524614428,6.31482353863558e-23,2.96544113374327e-21
"AFUB_058080-T",3599.99836328015,2.14882649717012,0.222290054823765,6.40362164103153e-23,2.99217982351085e-21
"AFUB_050560-T",7852.75941640049,2.04870327345545,0.213093300409234,7.54673427438495e-23,3.50885783688235e-21
"AFUB_071090-T",326.309548812885,7.27591508765667,0.762274178549257,9.81175609053083e-23,4.53950803952047e-21
"AFUB_086340-T",5106.26830280182,2.33125529748969,0.243526125124453,1.49524280231147e-22,6.88398058789674e-21
"AFUB_056480-T",21236.1901353308,1.48847306501252,0.155170824677134,2.4510780305897e-22,1.12295243235602e-20
"AFUB_080950-T",6972.9327507395,-2.81435985218166,0.297616720506317,3.0348191325565e-22,1.38364181033838e-20
"AFUB_000030-T",313.729855963109,8.47342351880882,0.890800325096928,4.69367041011027e-22,2.12961123148578e-20
"AFUB_046280-T",1074.4876746587,-6.35249951147469,0.677700160841659,4.89682898258786e-22,2.21110662521467e-20
"AFUB_003500-T",3163.11323734283,-2.60360268974568,0.27672465123331,5.44135127564471e-22,2.44522350147632e-20
"AFUB_100720-T",5754.29923501078,1.58077297364151,0.16673021404204,5.87632933007643e-22,2.62811833657514e-20
"AFUB_059550-T",12862.7163053187,-2.75999574800776,0.294160689348524,6.02834676650133e-22,2.68332857018865e-20
"AFUB_017840-T",2159.2706621405,2.85644708335481,0.305195970536001,7.98452740874757e-22,3.53729629353572e-20
"AFUB_033700-T",6942.3455170245,-2.92648268947409,0.313446088626772,9.29578303869704e-22,4.09887297180482e-20
"AFUB_073690-T",9820.31738844912,1.40756962991165,0.149199539875898,1.20446757643606e-21,5.28614928873247e-20
"AFUB_036750-T",3632.51786331089,2.283100761746,0.245026830138058,1.58490192907435e-21,6.92344135714711e-20
"AFUB_000050-T",380.492075310393,7.28388241921228,0.787866672378334,1.70167261488339e-21,7.39912462915962e-20
"AFUB_075400-T",299.11527135045,6.49858478072553,0.70664323379907,2.44062074448544e-21,1.05632765125379e-19
"AFUB_086010-T",6673.8679440615,1.98178362121358,0.215973216815005,6.29791820298344e-21,2.7133049432303e-19
"AFUB_056430-T",12664.5753544514,2.0666950121676,0.226821621445893,1.38214411360909e-20,5.92744178767881e-19
"AFUB_085740-T",3608.44521278233,-2.72453515803328,0.301244057587736,1.41142378620345e-20,6.02549645455584e-19
"AFUB_099290-T",2290.51334903317,-3.04353983219752,0.337707748222141,1.65211707829034e-20,7.02112380058955e-19
"AFUB_048590-T",290.743823788381,6.37503853220746,0.710452607607328,1.81037265365282e-20,7.65901800139969e-19
"AFUB_021640-T",19610.4211158541,-2.19962101193938,0.243095319113471,1.83412401994088e-20,7.72470528936537e-19
"AFUB_101090-T",5438.81984712443,-2.44040002596539,0.27027844570852,2.09948496492104e-20,8.80284053149036e-19
"AFUB_090710-T",1509.77025853501,2.64206295808156,0.294053200691299,2.82432703896864e-20,1.1789368688886e-18
"AFUB_043600-T",15282.8001976626,1.79364225800605,0.198297691777457,2.89294254215508e-20,1.20223523698763e-18
"AFUB_062990-T",6213.59581973125,-2.62203487556783,0.294060640550358,4.4936865364077e-20,1.85923805946877e-18
"AFUB_046760-T",1356.61080071789,3.66176257328685,0.412378307287668,5.26916299891465e-20,2.17052538972835e-18
"AFUB_036210-T",4512.30071459806,-2.564043792771,0.28785260455661,5.63699655727877e-20,2.311907059649e-18
"AFUB_066490-T",1882.83952716476,-3.05087863240805,0.343670281092132,5.83916242375275e-20,2.38440928190808e-18
"AFUB_041650-T",13700.1599794336,-1.66247420424231,0.185401744168045,6.49825416086713e-20,2.64206073934477e-18
"AFUB_038680-T",9439.00153838401,-1.81411719207649,0.202863128062058,6.75603074214397e-20,2.73502761768173e-18
"AFUB_062540-T",4821.14970379457,2.51723984047262,0.28234419838741,6.85142579819108e-20,2.76174210715067e-18
"AFUB_069950-T",12800.6966697511,2.27061800747471,0.255281783282602,8.4850991998002e-20,3.40564323438135e-18
"AFUB_044410-T",296.737554240828,6.2619678567297,0.712542216046911,9.26671565447625e-20,3.70353163518472e-18
"AFUB_081840-T",5144.23929064069,-1.8127388707478,0.203669522772254,1.00506699678778e-19,3.99982594653849e-18
"AFUB_042130-T",7017.03406654852,-1.56404068949243,0.175232774039064,1.02060418980785e-19,4.04452090745793e-18
"AFUB_054880-T",3154.86096590807,2.13761781681667,0.24131393564389,1.1918778116652e-19,4.70341025510906e-18
"AFUB_051010-T",13928.9298511838,-1.41933973578313,0.159078096795495,1.23826844250441e-19,4.86603230627674e-18
"AFUB_086420-T",7281.50399573028,1.45610712980379,0.164141435337192,1.96652447493841e-19,7.6956657785923e-18
"AFUB_048360-T",350.058529339875,6.53535412635832,0.751614664880159,2.51070642085161e-19,9.78446253304496e-18
"AFUB_096880-T",242.296274851282,7.58736779106418,0.869896753383218,2.70972353893755e-19,1.05164146602072e-17
"AFUB_033750-T",14084.0168164049,-2.02970749095054,0.231891038774253,3.33965883456864e-19,1.29078501128678e-17
"AFUB_081480-T",2081.52523317734,-3.1612180409643,0.366283194166766,4.84343586019983e-19,1.86432580323757e-17
"AFUB_087060-T",9025.08956777542,1.46549925713208,0.167118367215403,5.56906661289341e-19,2.13488463788959e-17
"AFUB_096670-T",273.402904167276,7.15221127151094,0.832712384776616,7.96580030489474e-19,3.04125188876306e-17
"AFUB_082870-T",13857.0335111778,1.4080430897523,0.161629590853191,8.80472914973772e-19,3.34793587750351e-17
"AFUB_056180-T",34115.5527069394,-1.18471968786977,0.136202050386789,1.11214588473493e-18,4.21180409251227e-17
"AFUB_071770-T",260.604187315852,-6.79794493617726,0.796630458990043,1.14215023447242e-18,4.30806224986545e-17
"AFUB_017790-T",9187.23809948408,2.36165954826078,0.275309628756318,1.22027755676736e-18,4.58433872526363e-17
"AFUB_087030-T",1177.50694191552,-4.65408101709876,0.549380988830421,1.54016841652532e-18,5.76305249721346e-17
"AFUB_006730-T",9335.51440144289,-1.75662775360368,0.204455909496991,1.64951498370278e-18,6.14771616148274e-17
"AFUB_081260-T",979.289764611815,3.64176129505724,0.43003285003138,1.96976224247638e-18,7.31225572384906e-17
"AFUB_051540-T",4992.65287050488,-1.61424775428237,0.188569424404481,2.44945876523843e-18,9.05721130831471e-17
"AFUB_088630-T",11216.0425449381,-1.53378416922737,0.179909531192782,3.60941223329318e-18,1.3293960664741e-16
"AFUB_036980-T",12187.6021710013,1.83044227295589,0.21601524008673,4.22789824144754e-18,1.55111016733107e-16
"AFUB_040860-T",21996.9231059016,1.20022147191664,0.140497035063631,4.8940240844255e-18,1.78850872377137e-16
"AFUB_031120-T",7398.51103740207,-2.64789677662216,0.317476372533309,7.4046052223504e-18,2.69550590109748e-16
"AFUB_071760-T",545.213350948662,-5.42110227633133,0.656946850662145,8.92996099022826e-18,3.23823141390826e-16
"AFUB_000980-T",6802.89984015338,-2.85212543709202,0.346077828555611,1.66329643344119e-17,6.00833850110757e-16
"AFUB_075300-T",4521.02535519614,2.00485894706993,0.241607340926463,1.69074344135853e-17,6.08408521120282e-16
"AFUB_044530-T",3371.31844219785,2.40651395234718,0.291300201016837,1.82270627189005e-17,6.53391500213412e-16
"AFUB_083930-T",7189.65955070557,-1.44828811136708,0.173509970036513,1.83726754402057e-17,6.56107101651758e-16
"AFUB_000010-T",258.02053011586,6.4787602409536,0.795249055804651,2.15869349016516e-17,7.67971562864819e-16
"AFUB_033240-T",20433.9866499545,-1.24580844458151,0.15091016412239,2.77558405608649e-17,9.83708885085447e-16
"AFUB_081360-T",1770.8730951424,2.00764767511165,0.244027492823278,3.06161625548376e-17,1.0810037545678e-15
"AFUB_076620-T",1969.81304385721,-2.75442264276949,0.337531453947559,3.18851095102038e-17,1.12159156749002e-15
"AFUB_085960-T",795.758381506832,3.29933446701043,0.406144157495742,3.87652628722851e-17,1.35851995856904e-15
"AFUB_022480-T",6671.89906504386,-1.48582876152291,0.180154192291849,4.12405857237608e-17,1.43989435359688e-15
"AFUB_001310-T",10989.6080424407,1.32747549076758,0.160916908093987,5.28727765418527e-17,1.83918932326326e-15
"AFUB_052060-T",4070.6975809986,2.12355063859315,0.260549842708524,5.37013961363537e-17,1.86111997237134e-15
"AFUB_066140-T",2108.83587656302,-2.0762209244987,0.25521203817452,6.05299411955859e-17,2.09006326363582e-15
"AFUB_046390-T",6565.73825847134,-1.95968018882996,0.241128981120846,6.69154199364693e-17,2.30208653495722e-15
"AFUB_080560-T",9690.45272686073,1.58968019702347,0.194931881174497,8.05564000517176e-17,2.76126171272165e-15
"AFUB_021270-T",1547.19515311947,2.7249889018253,0.338872890210686,8.67661678784611e-17,2.96330126805275e-15
"AFUB_005210-T",29173.564074022,1.59245195376619,0.196223599847617,1.11906268304444e-16,3.80805678230196e-15
"AFUB_092800-T",5630.39411154346,1.5000911598608,0.184740141048156,1.20106497381427e-16,4.07234737691826e-15
"AFUB_091160-T",1861.69788831975,-2.49164260758107,0.312853984666269,1.8292927465908e-16,6.18011419999309e-15
"AFUB_009800-T",127807.955353864,1.31558054042042,0.162719631392143,1.90449589404297e-16,6.4111202282622e-15
"AFUB_092190-T",7435.35595384854,1.40319369293596,0.174202457409367,2.2899801449859e-16,7.68124768632414e-15
"AFUB_016720-T",5426.94997276408,-1.71697765445031,0.215727525573445,3.35591039693283e-16,1.12166229352289e-14
"AFUB_023080-T",42766.3746062624,1.48156010026499,0.185921704548542,4.31675785663461e-16,1.43769467338696e-14
"AFUB_030100-T",2552.46480984919,-1.8896669807511,0.23940888804743,4.90598874793666e-16,1.62816418094067e-14
"AFUB_017920-T",7591.1150239905,-2.58864184942531,0.331355673627732,6.14422359702986e-16,2.03192070504593e-14
"AFUB_053630-T",22130.9247095053,1.45930937979437,0.184900255226508,8.05642595548343e-16,2.65494570434738e-14
"AFUB_076950-T",11913.6283496224,-1.84785164627032,0.236119439231241,8.6641973600696e-16,2.84524970649558e-14
"AFUB_047720-T",2902.13289601243,-2.58061628824416,0.333495738276544,1.05290414664353e-15,3.44560130497423e-14
"AFUB_101060-T",4433.37447059048,-1.5028559835654,0.19245375784816,1.38570808270126e-15,4.51894802525355e-14
"AFUB_038630-T",46511.101530061,-1.19459180527106,0.153505963840164,2.49713762639119e-15,8.11526525504015e-14
"AFUB_061620-T",2307.88926844466,2.4395425290653,0.319440695799,2.63215619518469e-15,8.52455551212917e-14
"AFUB_100350-T",1591.20082660065,4.53245740260319,0.600196306898231,2.64819608916164e-15,8.54703012694368e-14
"AFUB_018880-T",8365.04290251247,-1.24663116639164,0.160796196333672,2.83899498974142e-15,9.13145237796283e-14
"AFUB_101400-T",774.094057241339,3.47863321169518,0.460238214310177,3.03464894919587e-15,9.72744809926538e-14
"AFUB_015590-T",52416.4342020595,-1.61193406644043,0.21072359749046,4.36213057860127e-15,1.3935078365382e-13
"AFUB_037680-T",16707.5194448179,-1.43653192378187,0.187423344070033,4.66994474721191e-15,1.48678376494286e-13
"AFUB_090360-T",4257.35372130009,-1.44237325038989,0.188456516886356,5.00093677528403e-15,1.58678372275229e-13
"AFUB_051570-T",27210.8759693761,-1.07200455878404,0.139254027075215,5.91707743532886e-15,1.87115122129995e-13
"AFUB_012320-T",71254.3004402177,1.08403658161117,0.140963634219573,6.56229269585041e-15,2.06822325501433e-13
"AFUB_071230-T",2449.18598293863,-2.71029768677293,0.364018020023125,8.83248038619912e-15,2.77440320358469e-13
"AFUB_092420-T",1423.87620674367,-2.80194948775944,0.376588191221537,9.32526959622533e-15,2.91943106825828e-13
"AFUB_061840-T",4834.15581097603,-2.43326751953437,0.326522849157478,1.0107160288084e-14,3.15370263872708e-13
"AFUB_000300-T",5860.40993041592,1.50613431133962,0.199554115389226,1.11611093937207e-14,3.4710311068154e-13
"AFUB_086050-T",2246.54349768845,2.4507732735464,0.329603648850424,1.17818693740243e-14,3.65199066537412e-13
"AFUB_014990-T",12629.5997773624,-1.39391243120845,0.185169278054151,1.42910989863933e-14,4.41519742369098e-13
"AFUB_042980-T",16419.6841831966,-1.16970235276872,0.154423411173334,1.47120223451623e-14,4.53033815953325e-13
"AFUB_094660-T",3335.87860553511,-1.96870800849447,0.263779911692326,1.48282933401468e-14,4.55121996897577e-13
"AFUB_046200-T",8347.21675623832,1.86369721104331,0.248957040413603,1.5960081748304e-14,4.88264129576779e-13
"AFUB_059160-T",26024.154399647,1.35889966372815,0.18100316489852,1.71696725426916e-14,5.23563521171946e-13
"AFUB_086190-T",1698.06025598388,2.53503952311136,0.343558566517119,1.75932312975562e-14,5.34743133807921e-13
"AFUB_050450-T",12592.0720936259,1.19800087790757,0.159174501266426,1.94833430689828e-14,5.90282445496409e-13
"AFUB_013480-T",17384.0698912459,-1.49867490247176,0.200750602818708,2.01219728397157e-14,6.07670639583954e-13
"AFUB_063950-T",13772.1594899969,1.21747670287202,0.162639293754403,2.61673848598009e-14,7.87705380138623e-13
"AFUB_027200-T",6556.49342921066,-1.8431775249401,0.248684628494118,2.87823274481889e-14,8.63653736081118e-13
"AFUB_057760-T",1116.47762848107,-4.83258524130525,0.670055722032954,3.06441158237792e-14,9.16590878397881e-13
"AFUB_055760-T",8137.46781773271,-1.58777630662106,0.214889424395522,3.22398165606013e-14,9.61258276625929e-13
"AFUB_031510-T",1131.6146121749,-2.88167432005116,0.396689125228375,3.37326613418285e-14,1.00258593456473e-12
"AFUB_090350-T",8481.84637981323,-1.36367616545838,0.184040856118774,3.48511262514627e-14,1.03256081310327e-12
"AFUB_068500-T",24261.3949277593,-1.39461761310577,0.18838819019002,3.61219035434831e-14,1.0645060383319e-12
"AFUB_037060-T",28655.7328616521,-1.36170273120882,0.18375375992781,3.61560291980277e-14,1.0645060383319e-12
"AFUB_079230-T",5616.30089162336,1.39158790639554,0.188616844572463,4.43057227238491e-14,1.30037296194497e-12
"AFUB_085970-T",783.546819828463,-6.1234031045375,0.855872298430339,4.74680806931229e-14,1.38884801828601e-12
"AFUB_050790-T",3185.89349181773,1.47126173625099,0.199982720036181,5.18616374581012e-14,1.51268477952325e-12
"AFUB_065520-T",1757.49000775754,-2.81590936638057,0.391281969547843,5.79244820900521e-14,1.68429329965873e-12
"AFUB_033690-T",18875.3125061295,-1.46490853047293,0.20017358467629,6.28094484086641e-14,1.82069857856226e-12
"AFUB_007300-T",30070.167858107,-0.996845161089715,0.135133778587175,6.86835160473294e-14,1.98484794682006e-12
"AFUB_081630-T",786.321606530096,4.5469812372308,0.640079864054712,7.43164609416402e-14,2.14104356185241e-12
"AFUB_057800-T",259.158029568403,-8.61022259548158,1.19648303284184,8.70702441525113e-14,2.50080652318161e-12
"AFUB_041890-T",12493.7058150277,-1.72880609228524,0.239119445706227,9.10288211420353e-14,2.60653258587194e-12
"AFUB_053380-T",8800.17327922737,1.50232423575955,0.207094092426713,1.02434082265023e-13,2.92419726636201e-12
"AFUB_025490-T",12882.6696319103,-1.0052515205242,0.136850367650641,1.03486957944054e-13,2.94530154245623e-12
"AFUB_010000-T",62483.1340499173,1.17832764666366,0.161566184770714,1.06235182495203e-13,3.01438318427475e-12
"AFUB_091300-T",2476.90459904981,-2.50654233911919,0.350994554023245,1.11159443817109e-13,3.14460691665751e-12
"AFUB_082880-T",8759.05574061109,1.70296984291137,0.236493850099321,1.2146844552244e-13,3.42592084188214e-12
"AFUB_100370-T",1046.65482469721,3.70505819976089,0.526124158635887,1.34765327003644e-13,3.78956871622224e-12
"AFUB_017500-T",180.833904868582,-6.30878421648509,0.901547980007233,1.59514913083128e-13,4.47213153336338e-12
"AFUB_094610-T",61390.2999945335,-1.26932731217867,0.1763186699621,1.92730692639497e-13,5.38728174187546e-12
"AFUB_027270-T",30784.5425653492,-1.2164996145629,0.169333856429918,2.29426467987683e-13,6.39398631258256e-12
"AFUB_030870-T",17076.4613099607,-1.35934750004899,0.189870787516872,2.33251578715547e-13,6.48135747720834e-12
"AFUB_000410-T",10143.0660091611,1.37149696638969,0.191527636833979,2.36530469476509e-13,6.55308014549667e-12
"AFUB_067850-T",8636.11051423912,1.34527908932471,0.188115453047691,2.61393797704129e-13,7.22061925893287e-12
"AFUB_075460-T",184.776674380706,6.94235967420185,0.999322079410469,2.66887911454704e-13,7.35076617120991e-12
"AFUB_080330-T",1311.86817575079,2.16397001585465,0.308347667014856,3.12394498790268e-13,8.57897407204151e-12
"AFUB_079860-T",155.461383564295,6.37361573499487,0.922357607726024,3.14776324465581e-13,8.61918145592051e-12
"AFUB_025250-T",1078.38069587373,3.57692085034486,0.516808169330319,3.28964105826156e-13,8.98148512185829e-12
"AFUB_025380-T",12017.5262218123,1.2074174844282,0.169021996871793,3.31150799639728e-13,9.01498060932268e-12
"AFUB_075330-T",164.438169673741,6.44802456769479,0.93485342327479,3.32919011887762e-13,9.03692300476838e-12
"AFUB_051230-T",1336.6155618262,-1.91900305387235,0.273193069268299,3.46112576701041e-13,9.36798075036362e-12
"AFUB_081400-T",1387.76465373439,-2.69139703913613,0.387346965420252,3.57151714888682e-13,9.63899110986926e-12
"AFUB_086030-T",73752.607169811,1.60386137305303,0.227018343095651,3.67531536080749e-13,9.89070540650542e-12
"AFUB_049180-T",20049.5731517862,-1.27448205215974,0.179457699398288,3.93042204531275e-13,1.0547006814165e-11
"AFUB_096780-T",8452.89278160465,-2.01079047557708,0.288099251334878,4.38690997832597e-13,1.17384212297543e-11
"AFUB_043280-T",4684.94945383039,-1.8192713268418,0.260034558459433,4.59832072259916e-13,1.22691557462077e-11
"AFUB_097430-T",158.420987779138,6.28400133072658,0.916705032639792,4.87048716085586e-13,1.29585312789683e-11
"AFUB_031320-T",10480.8163894982,-2.17612546574163,0.313431664693761,4.99849110261982e-13,1.32615334564422e-11
"AFUB_087450-T",223.568856343214,-7.55583727656846,1.08863603696473,5.36917464578836e-13,1.42048699361251e-11
"AFUB_093720-T",13029.6000550082,1.08220318621952,0.152441848365795,5.40320757520875e-13,1.42547543669552e-11
"AFUB_005390-T",25595.3397840034,-1.77969070005486,0.255606796212751,6.18731848987692e-13,1.62776737414353e-11
"AFUB_092260-T",6263.80198932197,1.43256172070827,0.204577127850027,6.6792409839929e-13,1.7522746179235e-11
"AFUB_073490-T",9679.32730097444,-1.22251449254442,0.174132577073975,7.55335696907009e-13,1.97607600706146e-11
"AFUB_043760-T",175986.081239335,-1.29829090376638,0.185379649762007,7.71147207098609e-13,2.01183738029726e-11
"AFUB_058020-T",680.634189142964,-2.76158571410042,0.40415645690033,7.94707960202714e-13,2.06756154078224e-11
"AFUB_051030-T",174.741793163272,-7.65815510174543,1.12042041510813,9.41657145016199e-13,2.44310605137904e-11
"AFUB_056930-T",6876.87952981698,-1.43715623459958,0.206916549309163,9.73012294069959e-13,2.51750178124106e-11
"AFUB_048750-T",1412.98340495298,-2.37010321633926,0.348114329812907,1.12982510298004e-12,2.91519707889796e-11
"AFUB_071590-T",179.803540697636,7.26033803463358,1.08250080050923,1.3646834473066e-12,3.51153614715166e-11
"AFUB_046060-T",57247.0656733152,-1.42274570121963,0.206437311447892,1.47780402060403e-12,3.7922227763697e-11
"AFUB_004590-T",15551.8492165692,-1.18492296193493,0.170936427547337,1.59567766772097e-12,4.08354350278892e-11
"AFUB_001440-T",8548.84413513484,-1.49753434687299,0.218819834208228,1.88384576513672e-12,4.80790201797937e-11
"AFUB_078180-T",5051.55007837565,-2.17368680265123,0.322386426242964,1.98110895965451e-12,5.04243234392281e-11
"AFUB_054380-T",319.343055073704,4.75865033459902,0.718670625299786,2.11488001928572e-12,5.36836571381933e-11
"AFUB_005890-T",10171.26566241,1.2280357609155,0.179127255316345,2.52598294408326e-12,6.39461773876819e-11
"AFUB_044550-T",754.736942535249,2.94677211130394,0.443355792185443,2.70663309596669e-12,6.83352097777398e-11
"AFUB_030910-T",21459.5500872495,1.08535538255684,0.157743437429482,3.11214901550181e-12,7.83627441115093e-11
"AFUB_041230-T",8547.00878249966,1.7468283638716,0.259310908759768,3.19919065906368e-12,8.02632084868872e-11
"AFUB_000770-T",10982.4610328267,1.12960620861582,0.16523214682747,3.20471711909952e-12,8.02632084868872e-11
"AFUB_060890-T",6853.47958791516,1.26097303303657,0.185070894861843,3.25350304547456e-12,8.12683526678115e-11
"AFUB_090510-T",368.101750907529,-6.01641279843534,0.924653087248419,4.04663726422186e-12,1.00811716672604e-10
"AFUB_049630-T",2329.59276165918,-2.77820785435879,0.422765629624968,4.5446594288928e-12,1.12919157026881e-10
"AFUB_094750-T",12114.1780516768,-1.2874948913686,0.190742075993298,4.61121740834975e-12,1.14270590763116e-10
"AFUB_090320-T",4091.48854027214,1.39598242464196,0.207346557441691,4.7600312271462e-12,1.17647929698308e-10
"AFUB_084520-T",7084.7203569296,1.51786994707581,0.226716781707063,4.84909194700693e-12,1.19534571040129e-10
"AFUB_043860-T",38520.9956427462,0.920805233558857,0.135165030189568,5.05433862835367e-12,1.2426792774214e-10
"AFUB_093750-T",3681.78432579564,1.45880332032333,0.218335059530953,6.1587764081981e-12,1.51026705028189e-10
"AFUB_076300-T",6612.33426237442,-1.2964495487758,0.193377656112894,6.31972521436414e-12,1.54569945867989e-10
"AFUB_085040-T",1839.73996506917,2.12363909727813,0.322968751359384,6.84687177374182e-12,1.67028103114242e-10
"AFUB_059750-T",41742.1600640827,0.862797786037943,0.127354806756005,7.05790340125939e-12,1.7173012628142e-10
"AFUB_024730-T",3880.15489981822,-1.19263516863752,0.178105593820151,7.59193231890963e-12,1.84246584855812e-10
"AFUB_046870-T",9326.15977276797,-1.44539668425241,0.217507758263586,7.83948717154735e-12,1.89764081224672e-10
"AFUB_085940-T",10448.032313197,-1.56565477001306,0.236543339160081,8.13361950073353e-12,1.96377774680949e-10
"AFUB_100380-T",768.155602207578,4.04298632671475,0.629577888900151,8.75757393476535e-12,2.10900344603375e-10
"AFUB_055720-T",7478.14430798393,-1.0864047251771,0.162888713190266,9.88485455653393e-12,2.37438757020375e-10
"AFUB_052690-T",62508.7791853864,1.27242176618835,0.19187103822083,1.10277698281752e-11,2.64216362821994e-10
"AFUB_065340-T",13640.6040812816,1.67538528465345,0.255827121681884,1.16661156745769e-11,2.78799385281492e-10
"AFUB_087290-T",2331.49953400259,1.97926448514667,0.305864526319038,1.54004756607303e-11,3.671098157502e-10
"AFUB_070300-T",3562.26534939963,1.51008351458597,0.23121411883704,1.62103854255885e-11,3.85437822575006e-10
"AFUB_010210-T",6777.99741473763,-1.23224926236289,0.188116579798959,1.67753406011e-11,3.97863633650331e-10
"AFUB_097830-T",184.889885326079,7.29440327978366,1.1520150212615,1.68870457867268e-11,3.9950411594191e-10
"AFUB_090490-T",249.729418652612,-5.26257249601444,0.834724221041486,1.73026055275869e-11,4.08306711344463e-10
"AFUB_086820-T",201.407102378135,-7.15873200715671,1.14618531850321,1.91057702343516e-11,4.49727804614112e-10
"AFUB_086310-T",5263.8853540872,1.63941158143672,0.253131700153042,2.03827644857175e-11,4.78587310124647e-10
"AFUB_084720-T",1053.39747777366,-2.24762321984842,0.351909750514561,2.08751610830983e-11,4.88926466065982e-10
"AFUB_025630-T",94898.2873570347,-0.776751321523433,0.11720946757511,2.21552656468239e-11,5.17617549639228e-10
"AFUB_096730-T",876.904754846225,-4.24763651882525,0.680404709190253,2.48716545457063e-11,5.79639155070158e-10
"AFUB_049500-T",1021.97271257567,2.57158904354048,0.405994795278071,2.53855735401488e-11,5.9015174923039e-10
"AFUB_056720-T",4124.20765897326,-2.67378398717432,0.423764979034509,2.65359569674032e-11,6.1537211811815e-10
"AFUB_093270-T",4159.96330254526,1.17468039751542,0.180200458305123,2.70478646444594e-11,6.25698386060992e-10
"AFUB_029670-T",977.05631515771,-2.40793460561695,0.380585845218457,2.84143647648171e-11,6.55694628676075e-10
"AFUB_097460-T",178.463092461437,7.23752415931244,1.15840901758631,2.86516557796524e-11,6.59549880104156e-10
"AFUB_071100-T",174.694137555324,6.4618683801897,1.04439042476599,3.22581335143072e-11,7.40754009697734e-10
"AFUB_001500-T",6717.51915522178,1.95319483559167,0.307216178915836,3.3114294043872e-11,7.58559633317184e-10
"AFUB_014090-T",15309.61789311,-0.834560673072924,0.127777751870755,3.67049422372539e-11,8.38765979299973e-10
"AFUB_042210-T",77470.5611611867,0.797103599580257,0.122594832726812,4.08973891885672e-11,9.3230164868695e-10
"AFUB_084570-T",2068.33643356467,2.21758315884289,0.35235717213768,4.22352583155906e-11,9.5913219100288e-10
"AFUB_033610-T",732.060850386065,2.72097357039469,0.436384108056509,4.22786123376482e-11,9.5913219100288e-10
"AFUB_091710-T",14116.6833573103,-1.38273134205384,0.216114222189617,4.34851642971149e-11,9.84126898984344e-10
"AFUB_017050-T",304.615104296751,-5.90168572342047,0.961016447243525,4.71903401256437e-11,1.06541267899049e-09
"AFUB_073900-T",10456.0464017917,-0.932378381708366,0.144042581114437,4.9919092367094e-11,1.12431682376918e-09
"AFUB_074420-T",9322.13004114789,1.30517797852219,0.204085435938395,5.09971833521857e-11,1.14585058862136e-09
"AFUB_079130-T",7956.88645658033,1.25827949427152,0.197346190915414,6.02743498839344e-11,1.35106609572771e-09
"AFUB_022430-T",11076.005629295,-1.12522666486462,0.175871711807604,6.06218220640466e-11,1.35561941148935e-09
"AFUB_092580-T",1245.23573981319,2.07818723902772,0.333314059825717,6.55759580840592e-11,1.46292018604628e-09
"AFUB_101120-T",1111.00678668512,-2.92513362313227,0.476222774999974,6.86773963436003e-11,1.52847892525852e-09
"AFUB_101080-T",12719.4564853495,-1.43286816489345,0.227215596754766,7.46900166795335e-11,1.65836557128647e-09
"AFUB_100460-T",267.054585210206,4.45536803938461,0.734631927051828,7.96793639835449e-11,1.76497308144683e-09
"AFUB_083240-T",66818.4472864812,0.895242354754484,0.139660191096879,8.13768448921394e-11,1.7983325346517e-09
"AFUB_028770-T",42545.9347430283,0.798325752998324,0.124306114899325,8.24774427368467e-11,1.81837592062081e-09
"AFUB_049170-T",16380.4266363347,-1.69316994577679,0.271371615649078,8.45954133369353e-11,1.86070286196837e-09
"AFUB_058090-T",26023.7203737811,1.43914227550673,0.228507512004372,9.42149782647121e-11,2.06283245811859e-09
"AFUB_015480-T",19427.8915894099,-0.981361442781945,0.154320742355485,9.42243531231768e-11,2.06283245811859e-09
"AFUB_083870-T",9432.40956491518,-1.10414147127182,0.174408364310812,9.56588027388715e-11,2.08936622168252e-09
"AFUB_093990-T",83513.6017624513,-0.75166928244922,0.117757791272344,1.08788580019151e-10,2.3706318875635e-09
"AFUB_003360-T",16753.0186357141,-1.02296602045979,0.162158427014978,1.10035158467313e-10,2.39224585260417e-09
"AFUB_034560-T",8273.30238612489,1.09677033738615,0.173677958029204,1.11382353556651e-10,2.41594241248053e-09
"AFUB_079840-T",106.482151545175,11.1140763159343,3.19368403980499,1.13717150257769e-10,2.46090201663818e-09
"AFUB_036560-T",6652.31446380082,-1.50717317456702,0.242637101911847,1.21278929814558e-10,2.61850967544443e-09
"AFUB_085500-T",995.290014402369,-2.86378320345894,0.473751376162525,1.26530075109944e-10,2.72562033356099e-09
"AFUB_037400-T",5895.13474549446,-1.28774641328922,0.206340957600263,1.35445018639608e-10,2.91098310083112e-09
"AFUB_100760-T",5062.31072119887,-1.46876751732082,0.236717671786715,1.38270643073767e-10,2.96492666609321e-09
"AFUB_000470-T",4442.64555984848,-2.1166509917392,0.346743855650597,1.44856155367432e-10,3.09906380685859e-09
"AFUB_073480-T",9845.23552315558,-1.55798659782423,0.252398696059078,1.51636250036141e-10,3.23674468258963e-09
"AFUB_091700-T",3611.90515253949,-1.72227257131618,0.280374891455119,1.5273435816205e-10,3.25279159151468e-09
"AFUB_097470-T",141.681056130433,7.4453481664828,1.23771281291138,1.57311269977569e-10,3.34268653309803e-09
"AFUB_048380-T",115.54845102229,5.90276035717474,0.990547370416599,1.59042037132608e-10,3.37183479175949e-09
"AFUB_026450-T",3332.59521927932,-1.54186417602007,0.250198446901239,1.66126789519866e-10,3.51410542155536e-09
"AFUB_045170-T",1505.73148333336,1.78490783491284,0.291424008404035,1.69845100930971e-10,3.58468581560378e-09
"AFUB_046290-T",150.275182307087,-8.30774239789874,1.35185243359879,1.70374851259934e-10,3.58780404267556e-09
"AFUB_102000-T",131.013787790376,9.11418425444952,1.62078893086203,2.0610065288562e-10,4.33041908702851e-09
"AFUB_084810-T",659.424356960734,3.30920041345019,0.556950572549993,2.18419033060766e-10,4.57899901452391e-09
"AFUB_034620-T",3015.76209715519,-1.88448510952001,0.311231522456843,2.25096356614021e-10,4.70847434592178e-09
"AFUB_047610-T",15476.2715767099,-4.4111739075324,0.752930757623513,2.38119525133789e-10,4.96981906679234e-09
"AFUB_048180-T",153106.695168147,-1.35864064826178,0.221490176335271,2.42413033382801e-10,5.04821110760814e-09
"AFUB_036410-T",3500.1894614064,-2.40111212375125,0.402000925308739,2.48919707339635e-10,5.17224312242004e-09
"AFUB_094780-T",16934.2864234335,0.94895540283002,0.152542023144676,2.50665086614482e-10,5.19438728775079e-09
"AFUB_028280-T",5209.27159918184,1.49944071109946,0.244776721477143,2.51091549045875e-10,5.19438728775079e-09
"AFUB_040420-T",1454.78423784529,-2.48173387686239,0.416585616621332,2.62794781217201e-10,5.42454634108122e-09
"AFUB_035070-T",565.112751196797,2.78407309823973,0.469377194494295,2.72672669134941e-10,5.61610023797229e-09
"AFUB_079810-T",173.094860473996,6.59454093813782,1.1287460253726,2.83839123119407e-10,5.83329769001634e-09
"AFUB_033520-T",6573.90817920964,-1.34782610791298,0.220722500908733,2.93657165643123e-10,6.02189541423626e-09
"AFUB_036710-T",3040.81817068686,-1.29315506485583,0.211502342582199,3.00466532358194e-10,6.14810821766483e-09
"AFUB_066270-T",5951.67684049719,-1.15917439947461,0.188743215058405,3.0222247696098e-10,6.17059457308157e-09
"AFUB_019100-T",16152.8065104914,-1.17322000740308,0.191185196303695,3.07176381137736e-10,6.2581357302508e-09
"AFUB_046960-T",6064.41304556687,-1.14018754757194,0.186018670287865,3.35056165222737e-10,6.81135823327262e-09
"AFUB_102330-T",162.352695490718,6.66368611671042,1.14590942284044,3.43803199010495e-10,6.97408130692564e-09
"AFUB_099590-T",10334.1552470028,-1.13681303968089,0.187269085811876,3.68962889681366e-10,7.46831780148145e-09
"AFUB_073710-T",2401.67122282769,1.56048063593771,0.258797564788282,3.83131857359988e-10,7.73843957919356e-09
"AFUB_092120-T",749.408939351381,2.73399296653925,0.464772438337419,4.017538813473e-10,8.09715118801254e-09
"AFUB_095130-T",3476.18550522785,1.34281480440196,0.222580531815311,4.53679811171603e-10,9.12411303324132e-09
"AFUB_022840-T",3682.60640401444,-1.58493906835043,0.264797993684612,4.69346076981305e-10,9.4190135790778e-09
"AFUB_075250-T",97.5948388397083,10.9413609186699,3.2062247182858,5.12500262213368e-10,1.0263118257373e-08
"AFUB_076960-T",9422.24995097477,-1.61202750791807,0.270433002496933,5.25118671786661e-10,1.04934352455752e-08
"AFUB_044200-T",154.496149359223,6.94151927193855,1.21177808758567,5.48441764861106e-10,1.09362315405e-08
"AFUB_067250-T",4530.04650723446,1.29481225821089,0.215076134008762,5.55627519422405e-10,1.10560458949475e-08
"AFUB_086070-T",4485.366916429,1.79582491428766,0.30394331553243,5.57188631459145e-10,1.10636694009816e-08
"AFUB_058200-T",15928.2906791777,0.997840830698325,0.164175283380324,5.98102526489129e-10,1.18510103982825e-08
"AFUB_002960-T",3329.39551821316,-1.2428539663818,0.206944312416431,6.16806490128773e-10,1.21958874848199e-08
"AFUB_052220-T",57124.5222485328,-0.744444044108247,0.121980235427217,6.22894483716147e-10,1.2290388636685e-08
"AFUB_062470-T",1694.0618684379,-3.19252181124901,0.55545087397247,6.764002811638e-10,1.33181371922231e-08
"AFUB_086200-T",12931.4758403493,1.85568509849746,0.316841919006047,7.26668558895276e-10,1.42779730233147e-08
"AFUB_024260-T",9058.61562462737,-1.37213305743814,0.231057880290279,7.99627475019906e-10,1.5678708236716e-08
"AFUB_051800-T",422.398856655451,-3.12728590552327,0.547695964345522,8.63227155972179e-10,1.68904780185223e-08
"AFUB_071440-T",5103.26849911235,-1.42901897551881,0.242254289529846,9.5327871777959e-10,1.86137083521537e-08
"AFUB_076840-T",547.882429625841,3.32277226611385,0.585065143718328,1.01714810108599e-09,1.98196161107876e-08
"AFUB_016750-T",159.169633635521,-6.21358183616738,1.10351939408694,1.07686503074024e-09,2.09397854424686e-08
"AFUB_030090-T",6420.08326935085,-1.50299833531948,0.255351472074447,1.08525963733151e-09,2.10594184169785e-08
"AFUB_096290-T",2595.51520102529,1.53194362559674,0.261555070428008,1.13344073953783e-09,2.19490214963697e-08
"AFUB_005010-T",41790.2599726667,-0.854984532104252,0.142434009862538,1.13673336393818e-09,2.19674892059823e-08
"AFUB_035260-T",2801.79451486346,-2.25667283506099,0.393653437467185,1.17411931671318e-09,2.2643385261951e-08
"AFUB_009030-T",10088.4284249669,-1.02227533554792,0.171634192406195,1.20808007791439e-09,2.32505903519918e-08
"AFUB_090630-T",186.771685438749,-6.43507923930317,1.16104228705462,1.27255233638734e-09,2.44413323994885e-08
"AFUB_037970-T",27565.3545172502,-1.34829669161374,0.230208754748165,1.33914478061954e-09,2.56678526113852e-08
"AFUB_067000-T",7450.95747283337,1.00315468505046,0.168996544172026,1.37401600075585e-09,2.62826034197534e-08
"AFUB_002700-T",1106.6108844298,2.2564494368539,0.394913878817714,1.40494803625232e-09,2.67803378132565e-08
"AFUB_039180-T",5915.73180227966,-1.53180414566368,0.263501535508362,1.40759894663473e-09,2.67803378132565e-08
"AFUB_089060-T",6121.76602262669,1.05287218215507,0.177736832999798,1.40859102211975e-09,2.67803378132565e-08
"AFUB_076380-T",13110.0637376014,1.13745581822681,0.192493757505893,1.43297309149691e-09,2.71888551016948e-08
"AFUB_011250-T",3573.49318382751,-1.30898113854417,0.22409745740271,1.53461399313926e-09,2.90586585152499e-08
"AFUB_032870-T",29290.2186101469,-0.789127882583585,0.132843072605638,1.5901348971287e-09,3.00493902491605e-08
"AFUB_012000-T",52030.5812985113,-0.886109665710894,0.149428582875791,1.60052402846508e-09,3.01849832838234e-08
"AFUB_030760-T",2464.9924971177,1.3343078210625,0.229053512642811,1.74587348786762e-09,3.28602080121296e-08
"AFUB_070950-T",607.416600070724,2.87018901051443,0.512297472978003,1.85026972812633e-09,3.4755466573125e-08
"AFUB_086120-T",2550.56340559972,1.53497146229254,0.265845295436701,1.85759593667754e-09,3.48234352041426e-08
"AFUB_036110-T",2216.9964326244,-1.34871014601829,0.232900773635728,1.98679487794295e-09,3.71712699076499e-08
"AFUB_044670-T",331.27706351121,5.49742607325052,1.00410370277658,2.07034268972264e-09,3.86573728466701e-08
"AFUB_066480-T",22623.0955356422,0.884980356367046,0.150360918501651,2.20404563395449e-09,4.10722154644852e-08
"AFUB_007820-T",2005.13149965174,-1.60837833436263,0.281293084111664,2.27205593731784e-09,4.22557413134439e-08
"AFUB_038780-T",5918.37509578322,1.10221913245908,0.188681666858127,2.28587965404674e-09,4.24288176102905e-08
"AFUB_060870-T",1645.88697367643,2.14545161409908,0.381207253623557,2.4220812617706e-09,4.48682193501962e-08
"AFUB_002210-T",3770.26437096864,-1.11215785647677,0.193071878600607,2.62899549925029e-09,4.86053656081865e-08
"AFUB_055770-T",3681.48938601448,-1.64212511198437,0.2890417065822,2.69858651528044e-09,4.97939578615204e-08
"AFUB_017930-T",278.561245976082,4.62649816695182,0.850439685731612,2.98860744140357e-09,5.50247020418412e-08
"AFUB_040660-T",12078.3581084921,-0.853284675813328,0.146939410771186,2.99378436364788e-09,5.50247020418412e-08
"AFUB_101210-T",1113.49396338194,-1.76157206755228,0.312257962932335,3.03380004335294e-09,5.56512695452554e-08
"AFUB_096960-T",426.907475203043,2.9017532982326,0.526293619137595,3.06918239822646e-09,5.61905674154832e-08
"AFUB_059440-T",99814.1829453608,-0.877503487584831,0.150731300700548,3.2177209028285e-09,5.87953982867029e-08
"AFUB_038310-T",21899.5091409196,0.879786358523814,0.150973298729562,3.23034002870893e-09,5.89113661157946e-08
"AFUB_021650-T",2152.46815988425,-1.48630409767297,0.262468899269524,3.57632391278876e-09,6.50946399009924e-08
"AFUB_046260-T",314.705991996108,-5.89332645183723,1.09416792647179,3.59595636814714e-09,6.53253814499766e-08
"AFUB_035360-T",5840.67518848323,-1.42431551845706,0.251120868222549,3.62874459246701e-09,6.5793762958398e-08
"AFUB_096690-T",110.083951261848,7.40860331388328,1.35191938190695,3.94969914294319e-09,7.14750950877119e-08
"AFUB_047190-T",459.61341250109,3.16695554004779,0.580753728887142,3.9701644072527e-09,7.17072771402257e-08
"AFUB_087170-T",20220.4889146029,-1.17444715863586,0.205386813734135,4.2014841869973e-09,7.57396151329725e-08
"AFUB_102960-T",112.768641971889,7.4725697773751,1.36152919196377,4.2980771011263e-09,7.73324523635598e-08
"AFUB_000800-T",5832.76379521609,1.12190946345562,0.197079280642242,4.8037291093095e-09,8.62650550566632e-08
"AFUB_024290-T",22726.4930349748,0.883962256418293,0.15372971982086,4.98976941445871e-09,8.94349510316721e-08
"AFUB_068710-T",9481.32669150579,0.989202253396493,0.172884504071485,5.02915051840635e-09,8.99691079407095e-08
"AFUB_018790-T",20339.7309564202,1.02132685160332,0.178825868837012,5.07563401496492e-09,9.06280507006663e-08
"AFUB_015360-T",21957.7743880856,0.778732123813865,0.135326613933958,5.40336589732021e-09,9.62967979271943e-08
"AFUB_097720-T",1238.36183070536,-2.95350429772829,0.54748834587893,5.49242063070444e-09,9.76985124310154e-08
"AFUB_045690-T",113.509607138124,8.04164010103426,1.44666609240816,5.57422670779067e-09,9.8966232967051e-08
"AFUB_100710-T",6429.64466016698,0.943237106312525,0.165029928495731,5.71724367664003e-09,1.01313872850949e-07
"AFUB_005590-T",7069.49990447571,-0.943942000094559,0.165692667905616,5.87576620039993e-09,1.03926923077507e-07
"AFUB_045600-T",465.555622644554,3.36268793984096,0.627328168618952,6.03979251630129e-09,1.06627314498312e-07
"AFUB_066940-T",2973.58580563674,1.99954086891625,0.364306513914316,6.11065996277599e-09,1.07576299955267e-07
"AFUB_031130-T",1155.01485996961,-1.85341432865966,0.33682338392565,6.11645487394725e-09,1.07576299955267e-07
"AFUB_086000-T",3560.33461319578,1.93763128573837,0.352692529338412,6.16084765378943e-09,1.08154544232505e-07
"AFUB_081980-T",4593.45579068582,-1.2956080156161,0.231216807912235,6.41236243982865e-09,1.12359903050132e-07
"AFUB_089550-T",7932.75268584242,1.40014423816899,0.250602934442412,6.72448972978405e-09,1.17609697471381e-07
"AFUB_080710-T",4015.73838592101,-1.61209887737837,0.29174715685069,6.82081562446479e-09,1.1907267722114e-07
"AFUB_078850-T",1019.72487574107,2.25425095419553,0.415182720463533,7.09086232801012e-09,1.23557289396421e-07
"AFUB_029260-T",4145.02499894474,-2.284977026562,0.422252409209047,7.16797213461747e-09,1.24669619052458e-07
"AFUB_060620-T",9213.56318238797,-0.826591521867313,0.14653680910297,7.88127658214949e-09,1.3682245778105e-07
"AFUB_089470-T",16371.605018833,-0.825588028381152,0.145811013264425,8.48634595008349e-09,1.47054909895174e-07
"AFUB_071930-T",1539.08894980327,1.94096648614723,0.357581203203379,9.07728510210764e-09,1.57005270127063e-07
"AFUB_040200-T",15318.0322398366,-0.982987303101946,0.175291290888617,9.4436060763691e-09,1.63041081377314e-07
"AFUB_086020-T",5005.22457946457,1.82842380454324,0.336535973408769,9.67926305314202e-09,1.66803006596532e-07
"AFUB_069430-T",6093.03671672432,-1.04832252714402,0.187649592981663,9.8439914845726e-09,1.69331076965395e-07
"AFUB_072360-T",5370.13350601703,-1.07971643187353,0.193737507471295,1.01907277899168e-08,1.74974982455025e-07
"AFUB_046270-T",112.499986954287,-7.79658820717445,1.45211203825561,1.05981667040579e-08,1.81638652708963e-07
"AFUB_026530-T",29239.2729559737,-0.847327790736084,0.150979501882917,1.12688866896981e-08,1.92782119835419e-07
"AFUB_046310-T",153.804093822291,-6.69115118522966,1.29864838901037,1.18219577582744e-08,2.01876049574025e-07
"AFUB_056990-T",2805.63102633669,-1.43586529320199,0.262845588098655,1.20974129083735e-08,2.06204903875579e-07
"AFUB_102360-T",113.53968419216,5.91844184672115,1.14605168821582,1.25066176090179e-08,2.12793754680972e-07
"AFUB_076820-T",1356.87448175424,2.38045142637052,0.447470312030844,1.25668788081743e-08,2.13432415490729e-07
"AFUB_072600-T",3621.0303885553,-1.97130112273211,0.368998882164249,1.30423124819064e-08,2.2110721810481e-07
"AFUB_045800-T",8401.29321593053,-1.05410083217432,0.190501527744744,1.3136519813023e-08,2.22303052403446e-07
"AFUB_084640-T",332.812987539228,3.32387483607722,0.638345429645241,1.40674360106413e-08,2.3762834354666e-07
"AFUB_100420-T",10916.1817526907,3.32887960395992,0.639446167043136,1.47791243980732e-08,2.49202040119755e-07
"AFUB_074690-T",1258.24544067771,-2.33601750825474,0.44428486451894,1.52259654169523e-08,2.56276464508989e-07
"AFUB_036430-T",12333.2328479632,-1.0648746420956,0.193549692061463,1.54798199341311e-08,2.60083128481859e-07
"AFUB_045240-T",2536.07195656179,-2.20505340814115,0.418076780604899,1.59098027259747e-08,2.66830120004204e-07
"AFUB_069370-T",412.069137697466,2.80251406754028,0.536907525751924,1.60685104063396e-08,2.69011496856224e-07
"AFUB_076520-T",10079.6771853279,1.03730543446576,0.188581830152872,1.67338127983981e-08,2.79407370862408e-07
"AFUB_048170-T",1332.09999745927,-2.02579047748785,0.381899626750732,1.67731047304068e-08,2.79407370862408e-07
"AFUB_073680-T",5608.81888416691,-1.25532341791038,0.231095425091525,1.67787220151616e-08,2.79407370862408e-07
"AFUB_096030-T",9309.29609270045,-1.60266299875789,0.298712803551971,1.69018024615117e-08,2.80958811891182e-07
"AFUB_056770-T",64510.5380318646,-0.937814994123045,0.170151063992438,1.74576068154204e-08,2.89685235354114e-07
"AFUB_039990-T",4754.26909662507,1.37941895356986,0.255042011615429,1.82906955830849e-08,3.02973920487361e-07
"AFUB_059000-T",5501.90889740926,-1.53620582482458,0.286421420586742,1.84574994389614e-08,3.05198652694939e-07
"AFUB_101000-T",365.138237424822,3.65258411953591,0.711351015819478,1.88033989691781e-08,3.10371745375257e-07
"AFUB_090060-T",203.251813069362,-5.14039664087353,1.01091949363005,1.9480641824231e-08,3.2098629475996e-07
"AFUB_088310-T",564.452746144847,-4.55219185230869,0.896487972568561,1.96256389737251e-08,3.22809109003898e-07
"AFUB_071880-T",2662.00422727731,1.65145248117211,0.310447548010321,2.15124162117821e-08,3.53224848008842e-07
"AFUB_025850-T",44646.4556260693,-1.07031172597709,0.196260982454197,2.16392829747027e-08,3.54687863348007e-07
"AFUB_100940-T",603.458142590998,-2.26963547763705,0.435920612165672,2.20299044074667e-08,3.60461432395344e-07
"AFUB_037030-T",5398.0598536224,1.4895038271305,0.278632128735976,2.24252163158317e-08,3.66291533283986e-07
"AFUB_052370-T",3242.69024453711,-1.27086663506588,0.23604749376821,2.26276524393755e-08,3.6895644394204e-07
"AFUB_085510-T",8353.73758320993,-0.993311093113675,0.181408030887032,2.28468494767027e-08,3.71884939835687e-07
"AFUB_042390-T",15601.0675705204,-0.877321538770942,0.160517373844607,2.40034142994762e-08,3.89501983335392e-07
"AFUB_029140-T",13615.3166099988,-0.937642542998319,0.171869906834264,2.40121005484659e-08,3.89501983335392e-07
"AFUB_016090-T",34042.083489521,-1.33679437864411,0.248236582273019,2.43945969171479e-08,3.95024231458368e-07
"AFUB_030070-T",13867.6797959693,-1.35501053772453,0.252300747325865,2.46999109322822e-08,3.99279799442331e-07
"AFUB_099610-T",1446.33474303657,-2.14251627514674,0.412213647462303,2.51546810438992e-08,4.05932584818387e-07
"AFUB_092370-T",116.899593383879,-7.77073204203617,1.51650592511275,2.74744427044544e-08,4.42607145592171e-07
"AFUB_051590-T",18093.1718438348,0.965671750727277,0.177171527208349,2.76086604986813e-08,4.44007772951395e-07
"AFUB_021060-T",14170.8479993846,1.14219778760975,0.212756859738579,2.87435230107239e-08,4.61468663447383e-07
"AFUB_046300-T",170.304805637799,-5.64287542063682,1.12843683837458,2.98746525383475e-08,4.78810130785256e-07
"AFUB_016770-T",3907.03543836815,1.06914083942401,0.198557750384414,3.08058937586954e-08,4.92894300139126e-07
"AFUB_016730-T",4695.25120472678,-1.6941964482941,0.323707327606449,3.15859660609085e-08,5.04515974904852e-07
"AFUB_068730-T",22713.0761704749,-0.933431769087284,0.172631946066963,3.16428940059769e-08,5.04567165541825e-07
"AFUB_036970-T",1670.13325904314,1.87503100616525,0.361567463336477,3.52762804160158e-08,5.6155055197834e-07
"AFUB_099580-T",1305.55517241742,-2.0763039218518,0.403821143165789,3.64130230459186e-08,5.78261989164938e-07
"AFUB_083170-T",33605.1838935029,0.751918449313461,0.138476660706333,3.64492224856946e-08,5.78261989164938e-07
"AFUB_071030-T",395.949682223229,3.78276940752185,0.757430962556589,3.7064536361547e-08,5.87032252120826e-07
"AFUB_026970-T",28351.2260749164,-0.906803541843946,0.16834957938903,3.72234471369451e-08,5.88556591767994e-07
"AFUB_084990-T",229.877163174771,-6.08186467514797,1.2303045230545,3.75720997729754e-08,5.93070858937453e-07
"AFUB_000870-T",72.925309850085,-10.2454636506619,3.31786404504297,3.81366542748288e-08,6.00972243203342e-07
"AFUB_010820-T",9883.28219572576,0.833661759805385,0.154368022866193,3.99320438018958e-08,6.2734471539158e-07
"AFUB_098780-T",3076.79556829873,1.51084535757844,0.288627546816485,3.99437968275303e-08,6.2734471539158e-07
"AFUB_056350-T",13151.8381518759,-0.930229049001777,0.173496521589796,4.08482642209591e-08,6.40478960873536e-07
"AFUB_029220-T",5939.46804055555,1.07475591344096,0.201768383985804,4.19153010577516e-08,6.56114179224005e-07
"AFUB_078290-T",15121.7423462529,-0.801797318789618,0.148902820885716,4.20589261483723e-08,6.57266945732967e-07
"AFUB_089430-T",29563.3581914017,-1.04060034553652,0.195679641060516,4.30489893550636e-08,6.71621441898268e-07
"AFUB_045780-T",131.252221641466,6.20550412582759,1.26801464216645,4.43536432720739e-08,6.90828221577642e-07
"AFUB_052000-T",2796.45279245329,-1.21027542639216,0.229413407372494,4.49633898195332e-08,6.99165823154067e-07
"AFUB_024590-T",50745.1531852583,-1.44748694045693,0.277867199154971,4.76927560773914e-08,7.40380768725388e-07
"AFUB_056080-T",26630.2312933622,0.649859221569207,0.120831865091825,5.1009775042887e-08,7.90567338618472e-07
"AFUB_031190-T",4585.81504244652,-1.00470167249955,0.191875911347031,5.3247587952529e-08,8.23890191186413e-07
"AFUB_088740-T",9514.63639055461,-0.794404122892065,0.149811978668413,5.364427226058e-08,8.28662837288433e-07
"AFUB_060660-T",3083.70848670106,-2.35845734491952,0.469165230816778,5.46943633193513e-08,8.43496650731276e-07
"AFUB_044380-T",289.403650428378,4.94340404761977,1.01454162033627,5.51160789966254e-08,8.48606908092304e-07
"AFUB_017290-T",7621.88527015522,1.30161656852291,0.248503853134139,5.73153338780973e-08,8.81023921085253e-07
"AFUB_036060-T",2323.03173266225,-1.41569592384608,0.274146459433679,6.34590814006754e-08,9.73868778619516e-07
"AFUB_092590-T",6468.6406416257,0.844093687759039,0.159103129350234,6.51189241097144e-08,9.97558433250764e-07
"AFUB_030660-T",33790.6829803816,-0.713099196949497,0.134446292666738,6.52151701465044e-08,9.97558433250764e-07
"AFUB_042040-T",18103.9530458349,0.771372766996886,0.144998925069355,6.71540815177494e-08,1.02554655872309e-06
"AFUB_065350-T",3887.9543843988,-1.31220391630792,0.254022050796357,7.09447273388122e-08,1.08167675189306e-06
"AFUB_027190-T",2270.41564033502,1.2007304177468,0.231074864287074,7.1984326366266e-08,1.09574844932248e-06
"AFUB_018830-T",4609.79895528852,-1.63318623235252,0.321883501902763,7.63139720914762e-08,1.15977479916366e-06
"AFUB_041050-T",653.092175782599,-2.48284075754841,0.503289793359835,7.98188168358266e-08,1.21107968937332e-06
"AFUB_014580-T",145554.879752367,0.744988755860242,0.139910171178509,8.11055591185361e-08,1.22693375014073e-06
"AFUB_007700-T",7355.67111744282,-1.03422114114969,0.198468096908618,8.11249849699098e-08,1.22693375014073e-06
"AFUB_070960-T",189.217898343373,8.57100911389976,1.75848603610518,8.21217145068894e-08,1.24001148335805e-06
"AFUB_079820-T",85.8836308792891,6.95921418057407,1.43302640693943,8.68490219071698e-08,1.30928734149621e-06
"AFUB_012400-T",40982.9790316987,-0.809811077626152,0.154235256603418,8.72511281434805e-08,1.31264539257327e-06
"AFUB_018870-T",669.832467690851,-1.99370124233589,0.399525659711606,8.73512958217947e-08,1.31264539257327e-06
"AFUB_048790-T",1190.22383170876,-2.12617484483863,0.429278829071194,9.27369963151183e-08,1.39135122906005e-06
"AFUB_100990-T",166.399393912211,-9.01110549461408,1.98628975539264,9.48896051825821e-08,1.4213766696568e-06
"AFUB_097750-T",6935.53020836147,-1.21293025674747,0.236345370113777,9.65113827427406e-08,1.44336768585958e-06
"AFUB_101650-T",953.879293641343,-3.80570266990224,0.796437590915451,1.02487849568643e-07,1.53031141995023e-06
"AFUB_081780-T",115.402691701629,-7.12288151989648,1.50066539227954,1.04893102797545e-07,1.56373971662626e-06
"AFUB_083950-T",3452.58693397849,1.42676787500746,0.281790247976484,1.10029229247553e-07,1.63770922518703e-06
"AFUB_060840-T",2978.89293852765,1.2259705320219,0.240105145704679,1.11458751058341e-07,1.65636169294294e-06
"AFUB_020760-T",1491.59192707516,1.46523625998839,0.290229676964464,1.12179153348227e-07,1.6644338202947e-06
"AFUB_098860-T",5923.85973723184,1.10316367757731,0.21474119631818,1.12913621609181e-07,1.6726888551316e-06
"AFUB_079060-T",5058.97717753737,-1.223835783573,0.240388079794955,1.18346333259669e-07,1.75040749917293e-06
"AFUB_077660-T",2060.10202873016,-2.78098536645176,0.577324108032179,1.21018933771395e-07,1.78712236789457e-06
"AFUB_067270-T",5721.38874211418,-2.04556778986909,0.419637423265348,1.21421486815509e-07,1.79025212585756e-06
"AFUB_077130-T",4557.30784273199,1.32848823613572,0.262829932790212,1.29599795051675e-07,1.90783898922466e-06
"AFUB_077720-T",685.849743215429,1.85107510034021,0.375414476868168,1.37001430455549e-07,2.0136423080415e-06
"AFUB_071750-T",94.5032841248088,-10.5629536843843,3.46439428434475,1.39019857084731e-07,2.04011640271843e-06
"AFUB_061000-T",2174.54710315473,-1.32315486962276,0.263418079129173,1.41883405448626e-07,2.07889070822698e-06
"AFUB_001070-T",11381.440368789,-0.743571919519474,0.143791344515253,1.46543639084971e-07,2.14382843969789e-06
"AFUB_006130-T",3232.01886948922,-1.49811119201204,0.30088620228733,1.49103134596541e-07,2.1778796891613e-06
"AFUB_076310-T",1342.87670359432,-1.66892587193038,0.338123292410037,1.5384375639999e-07,2.24363441010669e-06
"AFUB_004460-T",4403.62311939308,-1.84146792603365,0.375610108383442,1.56046567490046e-07,2.2693509440005e-06
"AFUB_099880-T",26603.4654672699,-1.18805844189825,0.233364075222428,1.56090365185724e-07,2.2693509440005e-06
"AFUB_036140-T",12583.0863582261,-1.00011284039674,0.196736791801184,1.59546479075757e-07,2.31601318621254e-06
"AFUB_043950-T",903.69490027714,2.55448343901562,0.532249849587885,1.62088587689412e-07,2.34928397465889e-06
"AFUB_013050-T",2900.60235481761,-2.26988614918423,0.470295282685815,1.63766676544313e-07,2.36994857643173e-06
"AFUB_091330-T",10516.8087306251,0.865091986126721,0.168788397314329,1.6609488730448e-07,2.39994335625181e-06
"AFUB_049970-T",1157.90415006677,-2.21342386572478,0.459237331476917,1.70640520346688e-07,2.46183681581582e-06
"AFUB_094840-T",587.227937438754,2.48040188156585,0.518287252206324,1.75295415205804e-07,2.52511432455968e-06
"AFUB_000690-T",6406.21889827118,1.34192177929794,0.269005887547745,1.78185979614459e-07,2.56282193038131e-06
"AFUB_020570-T",4101.54725189581,-1.06929533184671,0.211830264557376,1.82609764937011e-07,2.62243258759695e-06
"AFUB_025920-T",3737.17535446444,1.11972529224074,0.222173394572135,1.83376388733373e-07,2.62942143966999e-06
"AFUB_066160-T",7983.54767906958,-1.2055730802342,0.240623790503873,1.83752319557902e-07,2.63079540440216e-06
"AFUB_016460-T",8948.45090270009,-0.916021665176177,0.181675985732482,1.85785690662985e-07,2.65585876211074e-06
"AFUB_068140-T",4687.70334475942,-1.27129286714456,0.254752186110058,1.87364982292814e-07,2.67436461047738e-06
"AFUB_006860-T",4133.92612145481,0.980316691337058,0.193434009242176,1.90933564503401e-07,2.72116545950825e-06
"AFUB_017740-T",7938.42264887401,-0.904609157611592,0.177975883750135,1.92404350590286e-07,2.73797221324843e-06
"AFUB_040180-T",3081.23883163566,-1.35244893542868,0.2718835084975,1.95221027543956e-07,2.77385157442184e-06
"AFUB_023190-T",9777.06908564874,0.88645272738392,0.17457198487438,2.06055741347882e-07,2.92337692256692e-06
"AFUB_074710-T",8135.45938737193,1.01400043114313,0.201228842806633,2.25184776247129e-07,3.18994784089447e-06
"AFUB_066450-T",31079.198471453,-1.4168963435091,0.288609247457397,2.2791917535487e-07,3.22382062489901e-06
"AFUB_074110-T",17186.2722139145,-0.85137669736507,0.168260236776111,2.30277239234343e-07,3.252276437427e-06
"AFUB_066690-T",1222.125978481,-2.71266936452893,0.577480345401397,2.33092851283395e-07,3.28709918806853e-06
"AFUB_092810-T",2097.52539809587,1.3966457708268,0.283847239470467,2.35275943574197e-07,3.31291103755452e-06
"AFUB_102200-T",87.6046096197221,7.55123667842883,1.587346536474,2.37986541310659e-07,3.34606226944567e-06
"AFUB_033710-T",4557.50461074129,-1.8145911017443,0.376963275586693,2.49451881775314e-07,3.50202103682175e-06
"AFUB_039540-T",2679.18062827373,1.37576557218432,0.280186604422743,2.5651733918879e-07,3.59583708904643e-06
"AFUB_005300-T",36701.1963156712,-0.679730811338135,0.134917052381085,2.81888417170207e-07,3.94559763645691e-06
"AFUB_026820-T",8202.30690743793,-0.970662768860074,0.194698886103112,2.88806490911686e-07,4.03641452774189e-06
"AFUB_083740-T",8309.68633730905,0.776914553403592,0.154171524286606,2.89728682020316e-07,4.04328645101754e-06
"AFUB_022180-T",9470.06777577349,-1.02212941020922,0.205875837719906,2.91745147422935e-07,4.06538638664126e-06
"AFUB_041740-T",5909.68174025753,-0.936740354294704,0.18774759211843,2.9443980804514e-07,4.09685729949623e-06
"AFUB_096090-T",18997.073641654,-0.722085304987445,0.143382003566869,3.07190008093161e-07,4.2679416509038e-06
"AFUB_068360-T",8778.49852719083,0.978534125621939,0.197101826973613,3.23725356944676e-07,4.49103183519114e-06
"AFUB_062000-T",7597.16567476181,-1.18754995745372,0.242108932144943,3.27844320277994e-07,4.54146586438188e-06
"AFUB_059020-T",2499.07249120601,1.31135798715751,0.268949095239451,3.29033144924047e-07,4.55122135070198e-06
"AFUB_021150-T",21271.2617696234,-1.04135859488379,0.211177997839698,3.32353835970152e-07,4.59039298151715e-06
"AFUB_097190-T",1022.53161212439,1.47697870034125,0.305619353223627,3.33063972162897e-07,4.59344614765628e-06
"AFUB_006060-T",1711.12216822153,-1.6166374415122,0.337807816928055,3.44332228016563e-07,4.74188898171783e-06
"AFUB_036220-T",3202.28043509106,-1.0022820092894,0.202942591287463,3.49738675578573e-07,4.80929083606728e-06
"AFUB_079760-T",129.13125440786,5.25981968586195,1.17367548800277,3.51820579928628e-07,4.8308463255697e-06
"AFUB_098030-T",1628.45316940518,1.3755411601748,0.284502672535021,3.73102151926693e-07,5.11558454145328e-06
"AFUB_038550-T",23847.2874195859,-0.855881894461777,0.172510937343289,3.79020149943127e-07,5.18915050767616e-06
"AFUB_072400-T",9220.4158081382,-0.83723270098807,0.168628921273188,3.84286632781475e-07,5.25359542224689e-06
"AFUB_030150-T",1507.16608173892,1.70736620915823,0.35984524271624,3.99018490868168e-07,5.44706637533988e-06
"AFUB_063770-T",8962.57347666873,0.719767102582832,0.144363454615833,4.08651775501915e-07,5.57047529102174e-06
"AFUB_025260-T",3511.07385636269,-0.984754458754884,0.200681127214607,4.23898659689672e-07,5.76993653884841e-06
"AFUB_037580-T",5892.84843823456,-0.995137470679349,0.203139371960513,4.33083597898448e-07,5.88642713670365e-06
"AFUB_097670-T",1532.30983531794,1.37953621568835,0.287518536420892,4.44637359218011e-07,6.03473132626525e-06
"AFUB_035720-T",13237.507153615,0.774118328664807,0.156137128915765,4.45669100556943e-07,6.0400060496837e-06
"AFUB_046860-T",916.199819613596,-3.00701624448373,0.664987847828983,4.49909134435848e-07,6.08868384815776e-06
"AFUB_082130-T",5003.35754101236,-1.67858986415746,0.355498358147279,4.58493424253317e-07,6.18884211925548e-06
"AFUB_042100-T",15942.7320397046,-0.814069208357457,0.164920106484769,4.58627993505304e-07,6.18884211925548e-06
"AFUB_084540-T",7755.9809801636,1.59456907308209,0.336413992080178,4.74675368338091e-07,6.39619951137928e-06
"AFUB_028780-T",2205.65951457611,1.34336773917684,0.28020970078635,4.76101696337719e-07,6.40622798281354e-06
"AFUB_020560-T",10539.5903414554,-0.778255570021863,0.158568339713842,4.76882937970978e-07,6.40756016226527e-06
"AFUB_060250-T",1554.96624877095,-2.51598922487467,0.552901598604105,4.89849417616473e-07,6.57237961464845e-06
"AFUB_074160-T",16844.4575450326,-0.982035550205284,0.201804348913139,4.99052394437278e-07,6.68630540450059e-06
"AFUB_047560-T",14415.7801880022,-0.951738370842762,0.196238937641595,5.67177860632551e-07,7.58822573655402e-06
"AFUB_101750-T",2784.61087562219,1.53426852205258,0.326387456566926,5.98626691301204e-07,7.9897115146419e-06
"AFUB_020110-T",2638.21145717749,-1.38351134135542,0.292573948151778,5.98888086276394e-07,7.9897115146419e-06
"AFUB_096590-T",327.930970331021,2.88768435413507,0.644417453226515,6.16302319819471e-07,8.21037076275812e-06
"AFUB_061940-T",5149.26337857732,-1.63432609342993,0.35052907804379,6.17306609162556e-07,8.21210152019083e-06
"AFUB_080010-T",77.3695898036485,7.33489914844626,1.62007352992603,6.46975319082219e-07,8.59461413977397e-06
"AFUB_037410-T",4676.24993094815,-1.02721428088412,0.213631097211196,6.56338296216508e-07,8.70667977127887e-06
"AFUB_096390-T",15129.7527728049,-1.10986577799323,0.230335573343799,6.58415846050105e-07,8.71854056338737e-06
"AFUB_086830-T",224.92946910893,-5.02166905630473,1.1597165671854,6.59088990630859e-07,8.71854056338737e-06
"AFUB_094020-T",4763.53683048707,1.22035102678156,0.256506586981033,6.72502564306574e-07,8.87158582496636e-06
"AFUB_071800-T",1689.4602217608,-4.60527225376431,1.06575806226149,6.72547818076666e-07,8.87158582496636e-06
"AFUB_027610-T",6818.96152281069,-1.22397683679072,0.257809636551404,6.74913625026531e-07,8.89030682503391e-06
"AFUB_026350-T",4246.11570455233,-0.932132158733886,0.19312928031904,6.8429588887366e-07,9.00127029173868e-06
"AFUB_020350-T",15036.8064349191,1.10848575421909,0.230441320779528,6.8598839946404e-07,9.01091335351925e-06
"AFUB_014340-T",16421.6049643693,-0.709318755846235,0.145349259115035,6.92781955519567e-07,9.07743401522076e-06
"AFUB_062450-T",837.588049594509,-2.82082954190537,0.634593186083052,6.92985539705418e-07,9.07743401522076e-06
"AFUB_097090-T",1403.02355145953,-1.49504863141447,0.32133431306181,7.62298472059946e-07,9.97145856488442e-06
"AFUB_004730-T",7485.4510627722,0.947435305657589,0.196917112688542,7.80688170141958e-07,1.01978070848029e-05
"AFUB_046830-T",7513.44364565482,1.28596687500881,0.270832737776595,7.84082367179231e-07,1.0227918878538e-05
"AFUB_047470-T",3839.21277342204,1.10931822510812,0.233831867533934,7.87534798715115e-07,1.02587057275067e-05
"AFUB_039970-T",1885.57638577493,1.36727996096185,0.292033743326961,8.16518985214091e-07,1.06215322841146e-05
"AFUB_004970-T",40462.7717975334,0.98894615084051,0.212150824216067,8.68720297884681e-07,1.128495302591e-05
"AFUB_042010-T",4576.73551624143,-1.44955752814565,0.312683665883664,8.70942558570334e-07,1.12981940747135e-05
"AFUB_018710-T",14632.5344086953,0.839747111572577,0.174686466134309,8.77095933401044e-07,1.13623241469001e-05
"AFUB_097360-T",711.475250800914,1.88829111225652,0.416466041391424,9.11194262091607e-07,1.17877913354881e-05
"AFUB_052070-T",16620.6709293256,-2.51800651792921,0.56953306019401,9.14806543901665e-07,1.18148439938386e-05
"AFUB_048400-T",59.1641665549103,9.84113638609902,3.35177099367993,9.15801365791577e-07,1.18148439938386e-05
"AFUB_061930-T",613.163153560475,-2.17841759855838,0.48784446434014,9.42510686287536e-07,1.21427439857511e-05
"AFUB_019910-T",2316.9863463991,1.48379110510972,0.321511120729011,9.59028983561814e-07,1.23386304296062e-05
"AFUB_079220-T",530.257478869924,2.67304671264513,0.606708431023831,9.62989835780423e-07,1.23726409543772e-05
"AFUB_080920-T",1803.35906222979,-1.81636510153608,0.401428197889732,9.69584301142104e-07,1.24403493938889e-05
"AFUB_079300-T",20146.508026342,-3.08982379458967,0.714856109305155,9.87697537442872e-07,1.26554642178219e-05
"AFUB_045890-T",4548.95576008272,1.21126091801769,0.258762789192779,9.894781258257e-07,1.26610062094754e-05
"AFUB_060400-T",25845.8509424129,-0.784027038419362,0.16375516898291,1.00277912223296e-06,1.28137435591999e-05
"AFUB_036600-T",2254.38118496682,-1.2618215973554,0.271112482567601,1.016414796478e-06,1.29703366420128e-05
"AFUB_045680-T",132.552334459,6.45625976806389,1.5394259576252,1.03207078589661e-06,1.31443956288712e-05
"AFUB_058810-T",2098.6337603519,-1.82579251238102,0.404781567817314,1.03285391547135e-06,1.31443956288712e-05
"AFUB_026470-T",8790.04917995321,0.709617300935622,0.14764787360999,1.0364482716891e-06,1.3172289807448e-05
"AFUB_092140-T",3739.14680789147,-1.18775965684286,0.254476304519838,1.05374988235371e-06,1.33740795879271e-05
"AFUB_065710-T",3785.52066542648,0.954324837768141,0.201619757578944,1.07995432796634e-06,1.36881660570309e-05
"AFUB_085640-T",2794.7671935461,1.4182341278667,0.308026168053299,1.091200736489e-06,1.38120718559362e-05
"AFUB_067070-T",12781.7276025189,-0.847576018059,0.177715473017185,1.09409844290173e-06,1.38301111382679e-05
"AFUB_022010-T",4083.90592258193,-0.904920684521721,0.191020942663101,1.10436746365403e-06,1.39411548637616e-05
"AFUB_025480-T",654.854403487571,-3.86767702672361,0.909297642854985,1.11865570508311e-06,1.41025696404571e-05
"AFUB_082620-T",1246.85496745923,-2.07359290654828,0.467109870711141,1.15463295394624e-06,1.45366122030336e-05
"AFUB_011080-T",1621.25603680263,-2.01668155954098,0.454364121086256,1.21098553802491e-06,1.52256709144979e-05
"AFUB_076060-T",2529.52397026985,-1.19629771009477,0.258066607749388,1.21521651068396e-06,1.52584404657002e-05
"AFUB_022250-T",666.198324444008,-3.40352224644616,0.798462810321478,1.22846876617486e-06,1.54042438610338e-05
"AFUB_076500-T",2406.60413760343,-1.49417987422877,0.328742587218883,1.27020340932983e-06,1.59063338939011e-05
"AFUB_095900-T",21285.9576006868,0.745069252795968,0.156574191601075,1.29723787581608e-06,1.62232465108717e-05
"AFUB_022370-T",56404.9118433225,-0.715999241182633,0.150690471152534,1.3082463743534e-06,1.63391621647967e-05
"AFUB_034120-T",15389.4766517246,-0.83435287831802,0.176949264729258,1.35654083624201e-06,1.69198293944024e-05
"AFUB_006780-T",16539.8258853723,-0.827670953030311,0.175541881727379,1.38221976826655e-06,1.72172520736863e-05
"AFUB_010940-T",1794.49199918178,-1.6153740621068,0.359240728226128,1.39212640083316e-06,1.7317683651159e-05
"AFUB_033650-T",2563.69162352313,-1.78944075608307,0.402188978905759,1.4243412872773e-06,1.76949912303021e-05
"AFUB_053570-T",1535.33239432782,1.46169087103705,0.322353403741506,1.44302109084191e-06,1.79033739566542e-05
"AFUB_023570-T",13249.589894443,0.655771704376285,0.138226085664399,1.48681119003486e-06,1.84223360116193e-05
"AFUB_038370-T",7630.78019523739,-1.41488425708933,0.312210051294286,1.49034611823111e-06,1.84418059847517e-05
"AFUB_015230-T",3956.12893936826,0.859683903554788,0.183267436339793,1.51052322669576e-06,1.86668870330613e-05
"AFUB_035440-T",875.732846979693,-2.09287629137919,0.47864202293179,1.54088299058012e-06,1.90170473686314e-05
"AFUB_043660-T",20188.0072656926,-0.712443504466957,0.151512085097806,1.60903909352269e-06,1.98321458876183e-05
"AFUB_063430-T",1611.99532694124,1.32969712847289,0.2927571594566,1.63763172654334e-06,2.01581090113959e-05
"AFUB_066780-T",3177.64044275183,-1.3243043011269,0.292012479709006,1.64303384771374e-06,2.01981333739889e-05
"AFUB_060130-T",5295.26913724647,-0.985328143798566,0.212874268063728,1.67613785262066e-06,2.05781525644618e-05
"AFUB_056010-T",13969.4317698133,-0.936227003531638,0.202286770674545,1.75969364616581e-06,2.15757737921531e-05
"AFUB_077120-T",1535.91550092836,-1.92240079583123,0.439441770937502,1.77913000446151e-06,2.17856440702771e-05
"AFUB_065480-T",14931.6781972428,-0.979114814400696,0.211761507030078,1.844622176179e-06,2.25581920295223e-05
"AFUB_036260-T",1455.57718137741,-1.33224728519911,0.295785920341602,1.87199859812403e-06,2.28632130475694e-05
"AFUB_017700-T",902.860538283786,-1.91521059159898,0.439153317468772,1.89437156256128e-06,2.31064126176306e-05
"AFUB_045880-T",4085.17305346854,1.10307664759538,0.241587114371314,1.91005280979973e-06,2.32674656156149e-05
"AFUB_057160-T",17540.786730088,0.674598785934824,0.14398333167888,1.94221085068879e-06,2.36285548052709e-05
"AFUB_004910-T",2140.76967092373,1.27427551338245,0.282143153553046,1.98550435710016e-06,2.41240063672505e-05
"AFUB_056190-T",1497.58069115136,-1.40501162176295,0.314487079975851,1.9950278165151e-06,2.42083995513047e-05
"AFUB_078520-T",13601.6041458289,-0.649880221304929,0.139543466176487,2.04320554861106e-06,2.47610148549098e-05
"AFUB_097610-T",90.9598251324346,-5.75351194251572,1.4236880420884,2.08846179418757e-06,2.52768468698579e-05
"AFUB_082080-T",34437.5587014586,0.561947021494304,0.11985451602228,2.14851757721814e-06,2.59702407789353e-05
"AFUB_043210-T",43046.9214240388,-0.558953053480815,0.116860600414975,2.17118690700499e-06,2.62105236897055e-05
"AFUB_022850-T",1904.14779641932,1.19527346433466,0.264721044536807,2.21728597868272e-06,2.67326699766214e-05
"AFUB_042520-T",13888.268528687,-1.09118439949506,0.239637327399917,2.23839010012877e-06,2.69525125902685e-05
"AFUB_049700-T",796.180079390545,2.18122889029143,0.510545326736455,2.32005027316251e-06,2.79000155768788e-05
"AFUB_026800-T",8154.90011186929,-1.07751710754496,0.23808034454393,2.33446234523111e-06,2.80374301104995e-05
"AFUB_084960-T",174.302232249113,-5.54476162257998,1.38026460587484,2.38412771611581e-06,2.85973531414556e-05
"AFUB_067380-T",1400.2707823978,-1.30847741208103,0.293434020637526,2.406225962874e-06,2.88256049021844e-05
"AFUB_043030-T",58189.6247334614,0.635849351884406,0.137293539413129,2.45512344990119e-06,2.93566246034894e-05
"AFUB_034200-T",78.0986732596634,-6.98486975219181,1.70422020515378,2.45680440144194e-06,2.93566246034894e-05
"AFUB_012710-T",4202.72062992794,-1.07218852995055,0.237270888810717,2.49679828641243e-06,2.97966067420401e-05
"AFUB_020430-T",17083.2518307088,-0.658647317175472,0.141788973378861,2.50238697735494e-06,2.98254041767989e-05
"AFUB_017770-T",28675.0950250096,1.09298414294055,0.241753125741178,2.60153105689597e-06,3.09677816050278e-05
"AFUB_046970-T",450.875655921474,-2.37659120296604,0.564941159658518,2.61541426254361e-06,3.10936338655818e-05
"AFUB_094420-T",4634.96666538725,-0.868816119822879,0.190198767277114,2.627035547191e-06,3.11923108207559e-05
"AFUB_020980-T",4183.80765589868,1.07756376630826,0.238801865097695,2.64097225651441e-06,3.13181962540194e-05
"AFUB_034150-T",105.240468192988,-6.33560936766597,1.57491072860367,2.67675599773715e-06,3.1702512396907e-05
"AFUB_076180-T",2126.56511410005,-1.88752120357105,0.440373824670188,2.70269226705205e-06,3.1969377546792e-05
"AFUB_092350-T",1199.07117249299,-2.80668524889542,0.679999767143937,2.76998030784999e-06,3.27240944041851e-05
"AFUB_062190-T",972.002825025377,-1.63179948504346,0.376889334530476,2.9215119562983e-06,3.4470904891399e-05
"AFUB_000390-T",2802.53799709163,-1.43084613002061,0.327133401009617,3.00276472661416e-06,3.53851522112424e-05
"AFUB_042090-T",99505.7352598661,0.818159667638379,0.178837365945672,3.02999082087786e-06,3.56612453504823e-05
"AFUB_067800-T",866.35619322947,-1.89939944693033,0.445992875878405,3.05028822755516e-06,3.58552027949913e-05
"AFUB_058550-T",500.21705714027,2.26511691396827,0.53931136163899,3.08143157665965e-06,3.61760067099843e-05
"AFUB_073400-T",12600.5931587205,0.665238922836318,0.144914149748305,3.08927460096706e-06,3.62228053087174e-05
"AFUB_011170-T",56642.3090565044,0.658547041601586,0.143168696436615,3.09341610338753e-06,3.62261397045083e-05
"AFUB_080340-T",5518.45223064963,1.16201619603866,0.261323418904296,3.21300613866017e-06,3.75797679381025e-05
"AFUB_100360-T",2900.84387786181,1.21187194834822,0.273602809711497,3.26268220179711e-06,3.81133224369136e-05
"AFUB_085340-T",519.561481205572,-1.94348088541233,0.460003469237079,3.27303346636525e-06,3.81867457342887e-05
"AFUB_039920-T",10763.7874046453,-0.748705128605393,0.164608695613818,3.36273090402771e-06,3.91845764896132e-05
"AFUB_095000-T",3443.21478703544,-0.986906221770808,0.220628546847473,3.48263111263837e-06,4.04896690223432e-05
"AFUB_084700-T",434.531241447982,-4.46778749513146,1.13351943223472,3.48335312713515e-06,4.04896690223432e-05
"AFUB_051810-T",1739.17653102075,-1.59289695875754,0.369912162824613,3.50233447037825e-06,4.06599818860229e-05
"AFUB_058540-T",6096.22012997766,0.935120189936466,0.208074947868395,3.58048508392847e-06,4.15159455657484e-05
"AFUB_020670-T",8903.0169012251,-0.694756101765262,0.152796014220766,3.58806933309322e-06,4.15525859141943e-05
"AFUB_099850-T",1666.43924705963,1.31878893864101,0.301155773725519,3.62162994969907e-06,4.18895917334651e-05
"AFUB_031630-T",35360.9962005957,0.754593267367034,0.166325092442253,3.63238083782541e-06,4.19622642421356e-05
"AFUB_084630-T",4523.86622610495,-1.14381919758541,0.257637853853472,3.73689641829094e-06,4.3116623047406e-05
"AFUB_016830-T",50714.548183933,-1.24748599867431,0.284887378306441,3.7425832517991e-06,4.31292538661314e-05
"AFUB_046440-T",4147.88276524755,-0.878286861151243,0.195740052991037,3.78148924609349e-06,4.35241997540565e-05
"AFUB_004280-T",1869.2374724821,-1.12664419098929,0.25549786843445,3.86212074136813e-06,4.4397843332839e-05
"AFUB_099400-T",54434.2078229421,-0.5375567254861,0.117810167514686,3.95243510710322e-06,4.53805263152976e-05
"AFUB_020150-T",39819.6833696716,-0.618999812188893,0.136319525716377,4.07898477637881e-06,4.67763431254576e-05
"AFUB_033270-T",5669.46324919245,-0.841998334183562,0.188071204427085,4.17458256501587e-06,4.78142432324745e-05
"AFUB_094510-T",733.934565096117,-1.87432852946849,0.449266933500343,4.52253623855955e-06,5.17364925122428e-05
"AFUB_011350-T",22390.3985894711,0.738724533905329,0.164613973342111,4.61868587539157e-06,5.27288839780427e-05
"AFUB_023920-T",36549.1598274501,-0.781821451320409,0.174926140479268,4.62051442865514e-06,5.27288839780427e-05
"AFUB_029910-T",1560.53825864505,-1.12552287043907,0.257617599464048,4.65685335340624e-06,5.30790857951352e-05
"AFUB_055890-T",13109.7269875503,-0.717803686763323,0.16187794106834,4.68918534562691e-06,5.33828227468218e-05
"AFUB_023710-T",11681.5669594549,0.908949189195927,0.204595264809869,4.70506969651507e-06,5.34988070092852e-05
"AFUB_004570-T",1567.46888776227,-1.11776189393322,0.256128802648399,4.82382309330535e-06,5.47773393710638e-05
"AFUB_084730-T",242.578931928511,2.89730856526127,0.723602296273273,4.82917770434847e-06,5.47773393710638e-05
"AFUB_026880-T",3960.30331011038,-0.95381210195374,0.216658627072212,5.0044641873155e-06,5.6697138295859e-05
"AFUB_099660-T",1201.5111881018,-1.43971486926484,0.338188139903943,5.05810627991655e-06,5.72358243144292e-05
"AFUB_048080-T",6969.49661439215,-1.01370223570742,0.231234553970386,5.07874719910797e-06,5.74002330854657e-05
"AFUB_079850-T",85.3461946535194,6.10671036706211,1.58892059091337,5.23907430114841e-06,5.91410887456561e-05
"AFUB_002580-T",10224.743556609,0.805845636307707,0.181602462492868,5.39651020866299e-06,6.08451667224044e-05
"AFUB_087770-T",1101.83582139443,-2.10585181664821,0.517730646953111,5.45398925480362e-06,6.14033621127783e-05
"AFUB_073070-T",1418.0274318566,1.36509417083503,0.31975001371155,5.45909362906409e-06,6.14033621127783e-05
"AFUB_081500-T",4345.61931656153,-0.835874721720546,0.186465011515736,5.52900320027672e-06,6.21153086806208e-05
"AFUB_036840-T",5181.16288320642,1.16532740358947,0.269543484024454,5.63807042925412e-06,6.32649432157165e-05
"AFUB_000380-T",3650.78350482863,-1.96716491140455,0.4805883635594,5.79398543926753e-06,6.48866425590618e-05
"AFUB_079720-T",68.7625189672654,6.09449724598312,1.58590413701791,5.79641110594685e-06,6.48866425590618e-05
"AFUB_043770-T",73673.3694137197,-0.956492740006567,0.21402723755771,5.85878623650801e-06,6.55068099205753e-05
"AFUB_012630-T",2275.97449365556,1.17684313552864,0.273145912636234,5.87608985517141e-06,6.56221592387276e-05
"AFUB_084470-T",1094.72612438717,1.49254797365928,0.355316016175717,5.95250638022891e-06,6.63966032340973e-05
"AFUB_094110-T",1870.16817685549,-1.20979659510387,0.282570021923992,6.141079905869e-06,6.84187692478311e-05
"AFUB_076370-T",2321.4176039362,0.96237556392843,0.220503970869203,6.1488756791826e-06,6.84244554252168e-05
"AFUB_030200-T",8901.5220306414,-0.962941352823452,0.221074450712396,6.18225924123208e-06,6.86528784736256e-05
"AFUB_001930-T",5986.78029001771,1.13091604901522,0.262289753623328,6.18402206012428e-06,6.86528784736256e-05
"AFUB_008260-T",25170.5449918471,0.659252542297095,0.148890243638036,6.43546830912339e-06,7.13599980629125e-05
"AFUB_016430-T",1679.91745347599,-1.44292834276642,0.343691921505943,6.50577089686881e-06,7.20544814426791e-05
"AFUB_065110-T",27005.943607126,-0.599399358497212,0.13505353529915,6.61909146923874e-06,7.32232121072912e-05
"AFUB_016740-T",812.610387197129,-2.5242680594931,0.637586159222162,6.66190240968471e-06,7.36101028608927e-05
"AFUB_065690-T",12195.0624611399,-0.773748635227612,0.176168218928444,6.74088217401028e-06,7.43287327870314e-05
"AFUB_027070-T",5786.84886422777,-0.796304708605847,0.181539537414149,6.74276834907909e-06,7.43287327870314e-05
"AFUB_047500-T",18216.7409540562,0.657659497259313,0.148680725717918,6.81204105208487e-06,7.50043253941162e-05
"AFUB_031090-T",2003.10737490814,-1.68359889416307,0.408997151624917,6.87861689397245e-06,7.56486766606431e-05
"AFUB_078400-T",233141.315955295,-0.569739794715405,0.128392031436089,6.89870117404066e-06,7.57808203819764e-05
"AFUB_039140-T",24693.2789558794,-1.01567694799872,0.232230363489027,6.91209020066482e-06,7.58391952857991e-05
"AFUB_078540-T",20841.118168123,0.767253897797566,0.174818140627226,7.09368229204868e-06,7.77407982344472e-05
"AFUB_074820-T",5960.51532772818,-1.20314213664251,0.283604051552882,7.14400389194387e-06,7.8201030947712e-05
"AFUB_073890-T",14274.2142787119,-0.648333031459239,0.147227111843165,7.16246941796669e-06,7.83118891426579e-05
"AFUB_056460-T",2358.01932473155,1.16474642656254,0.272969331372833,7.18399983851803e-06,7.84559610271644e-05
"AFUB_075540-T",80.2698740875159,4.95608140798416,1.31603523964677,7.21852587386342e-06,7.87414576159411e-05
"AFUB_086090-T",5119.38554631309,1.31640984757538,0.314059791921902,7.28896448279851e-06,7.94175805364775e-05
"AFUB_027640-T",20547.9454426691,0.985832950431561,0.229309813599509,7.42702697630777e-06,8.08280850075117e-05
"AFUB_009340-T",1547.04528794275,-1.11826583686202,0.26210219944061,7.49089896680606e-06,8.14288461762066e-05
"AFUB_008540-T",1261.77608750818,-1.55772314144366,0.377250416741878,7.66162245994927e-06,8.31883909177382e-05
"AFUB_026020-T",10941.7217725535,-1.21521503913124,0.287508333283868,7.75117202955068e-06,8.40635192858429e-05
"AFUB_086410-T",1987.88109915854,1.10769068118026,0.259670247604657,7.80704631633034e-06,8.4571832760063e-05
"AFUB_054390-T",163.014699214684,-5.29917699272904,1.43816870126708,8.21275187417819e-06,8.88642460855778e-05
"AFUB_074880-T",28591.9527567893,-0.903157249574743,0.209498696224519,8.30487781551203e-06,8.97576667931979e-05
"AFUB_085720-T",4428.3875962144,-1.40717785002142,0.338221725758681,8.74383221049457e-06,9.43931863459368e-05
"AFUB_090370-T",3381.77298642891,0.98937444169823,0.232652166224186,9.15936550653252e-06,9.87655118683737e-05
"AFUB_030300-T",582.663347546735,1.91795830346201,0.479548396048791,9.4434417538525e-06,0.000101711932284613
"AFUB_015960-T",27893.5479937343,-0.752677666746368,0.174150464948347,9.53208217859661e-06,0.000102549044468934
"AFUB_049670-T",796.50131893792,1.84064716648393,0.459238401765563,9.69960024980337e-06,0.000104231859892624
"AFUB_070010-T",171575.236884531,-0.750380069136177,0.17572291086959,9.84357200749044e-06,0.000105658089479257
"AFUB_052200-T",5179.6460548676,0.769113249822586,0.178353648693468,9.98650879259486e-06,0.000107069966415583
"AFUB_009180-T",7869.87542130478,0.644053124687946,0.148178837515521,1.00850646003604e-05,0.000108003337202492
"AFUB_074010-T",6057.71828900085,-1.25337348690588,0.301493358524781,1.01303364338273e-05,0.000108343896208703
"AFUB_088400-T",84407.9972319184,-0.588852560398606,0.132440934928958,1.01399366234508e-05,0.000108343896208703
"AFUB_048950-T",691.062282078123,2.30882787718882,0.590821513456697,1.02029806511129e-05,0.000108893629858242
"AFUB_061980-T",2383.00655858151,-1.30838458757209,0.316703472182045,1.03591075730738e-05,0.000110434436238716
"AFUB_017020-T",44.6725831286706,-9.1011036320081,3.47379608590634,1.04610008882225e-05,0.000111394240750778
"AFUB_096050-T",54587.8504262002,0.631617411291467,0.145607415463281,1.0725141295834e-05,0.000114077607078678
"AFUB_013710-T",2597.71447494931,-1.66488825815807,0.414366071270598,1.08079389428426e-05,0.000114828238180066
"AFUB_018320-T",6058.72102638883,-1.01468551461423,0.240780371485073,1.08525458142351e-05,0.000115171876030843
"AFUB_086060-T",6893.44102484465,1.38301363026751,0.335936659060177,1.10190256927376e-05,0.000116806647072451
"AFUB_101360-T",2462.62919840282,-3.61689134686588,0.977149628365732,1.10961933786266e-05,0.000117394879697517
"AFUB_101230-T",73.7607648530367,-6.09527645383123,1.64960440598606,1.10995158828147e-05,0.000117394879697517
"AFUB_010900-T",1422.59392668067,1.09315101968475,0.261144510606643,1.13248989667531e-05,0.000119643926991839
"AFUB_069650-T",6300.99235603088,0.754197570242088,0.175889400448309,1.13796335792437e-05,0.000120087099523884
"AFUB_063850-T",6212.27404382459,0.778084509825395,0.181775891466249,1.14256198380927e-05,0.000120437061188964
"AFUB_030580-T",2732.09392989891,-0.896993442142856,0.212132018235297,1.19680372458609e-05,0.000126013235216509
"AFUB_000230-T",96.8649251888831,6.50731366667563,1.80425798282,1.20845203703103e-05,0.000127097217601292
"AFUB_020390-T",12167.7892191108,-0.685886993433983,0.160904577922649,1.21891591376905e-05,0.000128054342976722
"AFUB_000270-T",3830.34464398722,-1.65485483596413,0.416146414712846,1.24203512849222e-05,0.000130337362310602
"AFUB_084560-T",3129.66556856777,1.48342651105741,0.367097665656995,1.29801707490345e-05,0.000136060004101487
"AFUB_018250-T",39525.5372659235,-0.559140789763009,0.13011597893497,1.31951896809235e-05,0.000138159667205388
"AFUB_083830-T",16128.4177342015,0.701999214231898,0.164514234493361,1.32705854302669e-05,0.000138794363431032
"AFUB_073790-T",5697.03078983981,0.709805473350114,0.166216113738841,1.32855372622652e-05,0.000138796180163731
"AFUB_045760-T",70.8045835609592,6.92416254322781,1.89137571300534,1.34242173159156e-05,0.000140089165590088
"AFUB_074470-T",11261.6389618485,0.682997695049259,0.16005920673106,1.36213194664939e-05,0.000141988271286693
"AFUB_035520-T",361.511978258463,-4.03158990615268,1.11614409701186,1.36601829485383e-05,0.00014223551912713
"AFUB_089070-T",12086.9378048731,0.712325784586527,0.167295699404801,1.37158381098892e-05,0.00014265686769444
"AFUB_014260-T",5005.16646764136,-0.950415602562393,0.227521000127947,1.39633612311106e-05,0.000145070673321449
"AFUB_003380-T",4969.78447852576,-1.07355387487566,0.259545507248761,1.41867600345897e-05,0.000147177400155707
"AFUB_009630-T",7152.93728735511,-0.909991721598453,0.215844108453308,1.41974791887852e-05,0.000147177400155707
"AFUB_096930-T",588.795190925136,1.81931714754672,0.464506374359653,1.43692623663186e-05,0.00014865264344652
"AFUB_080680-T",326.437952086886,2.39243729515113,0.629946533988509,1.43714438085009e-05,0.00014865264344652
"AFUB_101610-T",51.7222400060014,6.02941372471099,1.65633598550541,1.44401289800739e-05,0.000149198780396979
"AFUB_005170-T",5888.92609571175,-1.25651381138849,0.308765465809511,1.44600240698331e-05,0.00014924016050975
"AFUB_080280-T",79.7532204235521,6.16597728713752,1.73806861619795,1.46317823213968e-05,0.000150847090628495
"AFUB_043650-T",31973.2208481272,-0.841450564226684,0.200561233391158,1.49122893085869e-05,0.000153570417967377
"AFUB_017310-T",451.04162850434,1.90761089658068,0.491553828708798,1.50881898140456e-05,0.000155211696312723
"AFUB_031440-T",7578.26917627592,0.967816725176747,0.232284274198794,1.51232864403982e-05,0.000155402523247506
"AFUB_043540-T",6287.53936855375,0.854748094109384,0.203759917719562,1.52662748974421e-05,0.000156700386706859
"AFUB_032100-T",1924.31672093906,-1.22376966829815,0.300906603473945,1.53238293406208e-05,0.000157119437955361
"AFUB_050490-T",154993.848598172,-0.821690668125576,0.195932202978089,1.54235827582767e-05,0.000157969781096766
"AFUB_059600-T",8396.79194750893,0.868411874948221,0.207078556316144,1.54414419166324e-05,0.000157980416645982
"AFUB_025930-T",3989.49726986262,-1.05014476097606,0.254941556584663,1.55958007771139e-05,0.000159336079182432
"AFUB_079310-T",45.6952526527673,-9.08360904236438,3.5249443290954,1.56236034015691e-05,0.000159336079182432
"AFUB_052770-T",4790.03919688113,-0.846518134332515,0.202486365337015,1.56296519692892e-05,0.000159336079182432
"AFUB_097400-T",58.9749249695318,6.74325013478222,1.83415321222414,1.56418084546638e-05,0.000159336079182432
"AFUB_051820-T",17429.5573075131,-0.706362435867314,0.168477688913265,1.65504939079827e-05,0.000168409792831824
"AFUB_052050-T",1058.40927397044,-1.76970180043059,0.457210980466922,1.66032020974652e-05,0.000168763283657352
"AFUB_021090-T",19839.0737147893,-0.566719900797727,0.133492084078691,1.6630551734156e-05,0.000168858531769938
"AFUB_024390-T",26973.3430690661,-0.627415421966523,0.147955082271663,1.68298015965745e-05,0.000170697080556185
"AFUB_002720-T",3594.81897616284,-0.992686374038815,0.241112526555632,1.71453547981722e-05,0.000173710002442754
"AFUB_000290-T",2305.55663929154,1.3451944530469,0.3367232100064,1.72563957476827e-05,0.000174579449744506
"AFUB_086150-T",5327.62302507651,0.930270905420422,0.22469867025273,1.72683463386548e-05,0.000174579449744506
"AFUB_038220-T",8770.05730076115,-0.738089509027591,0.178373419863672,1.7392707856516e-05,0.000175459987045331
"AFUB_014820-T",25295.1631637372,-0.607702115008902,0.143504557891561,1.73928074892678e-05,0.000175459987045331
"AFUB_033250-T",3967.97675338145,-1.23706476868687,0.306818377235103,1.74407193186411e-05,0.000175754544893431
"AFUB_049730-T",342.984463257369,-2.49315794520608,0.670296202694694,1.77358110041442e-05,0.000178536695552971
"AFUB_013990-T",9669.78608627556,-0.87467986117816,0.21117724126112,1.80712226161828e-05,0.000181574388355708
"AFUB_088720-T",6929.4856804674,0.84733175610947,0.203595720445602,1.80762407487848e-05,0.000181574388355708
"AFUB_080740-T",1191.75144007091,-2.53835609795596,0.686897440507626,1.85724371294601e-05,0.000186359326410138
"AFUB_073930-T",6652.74542724228,-0.893499584509282,0.216445796212617,1.86730328022567e-05,0.000187159859492924
"AFUB_053580-T",4130.25031038223,-0.773778047300622,0.186673793700585,1.86920728496979e-05,0.000187159859492924
"AFUB_036790-T",48969.7748847954,0.549941544185123,0.130027732406917,1.87240750116192e-05,0.000187280631000136
"AFUB_034180-T",2244.12750313481,-1.18485799431226,0.293963114258967,1.8831490510885e-05,0.000188154637104502
"AFUB_091230-T",6106.99593349328,1.17007592050058,0.289596602736531,1.91099684539724e-05,0.000190734137853038
"AFUB_079330-T",1807.48885399938,-1.2498211831504,0.312313132165492,1.95093535387582e-05,0.000194513639528681
"AFUB_051870-T",6244.77789230722,0.771043689214865,0.185310118021806,1.95418855975855e-05,0.00019463137808327
"AFUB_005040-T",19126.1846640049,0.615560925865151,0.146878289082739,2.05160616257987e-05,0.000204117426683794
"AFUB_025440-T",3978.1727028365,-1.34238314007392,0.338524790643736,2.10331278117804e-05,0.000209040355987557
"AFUB_079240-T",8966.3108198568,0.809240321111045,0.195976308438005,2.1308056763856e-05,0.000211548910281327
"AFUB_052670-T",15236.1316473852,0.707588401558987,0.170278417406961,2.15803458972248e-05,0.000214025985920523
"AFUB_053710-T",2974.85120510304,1.01677866221777,0.250535638636284,2.18792501515521e-05,0.000216761516269385
"AFUB_071510-T",178.423674838735,5.52932092552461,1.63235150964842,2.23413239745931e-05,0.000221106127259619
"AFUB_098850-T",2122.22686744933,1.12741024528611,0.281021379750612,2.28088021408843e-05,0.000225495020744405
"AFUB_075210-T",7763.68678896138,0.706284283092487,0.170471973434124,2.2872299919489e-05,0.000225885006144943
"AFUB_099760-T",1054.03461793248,-1.5537863183277,0.402168356960296,2.30132436345502e-05,0.000227038218713966
"AFUB_068440-T",1670.76064397648,1.1420424877151,0.285231115467165,2.3077698335583e-05,0.000227435197028117
"AFUB_099410-T",9016.95084571019,-0.765774328054359,0.186139371525111,2.3525987146915e-05,0.000231468614290859
"AFUB_050850-T",6570.42301188528,-0.925948107003584,0.227922863059394,2.35362570962277e-05,0.000231468614290859
"AFUB_084590-T",358.896856350366,-3.30630044283709,0.937840882435659,2.39496521131897e-05,0.000235287795655939
"AFUB_072790-T",40573.498487502,-0.551264302898388,0.132501331301444,2.45030516022702e-05,0.000240472999632729
"AFUB_066410-T",816.886213070479,-2.71428486280151,0.757121639695717,2.51870480787429e-05,0.00024692771978659
"AFUB_005400-T",13287.3810891368,0.81229895233749,0.198955357748871,2.53675903295721e-05,0.000248438382038938
"AFUB_023430-T",14580.8955136351,0.852778915934156,0.209696871358241,2.62106811539159e-05,0.000256427830622477
"AFUB_030060-T",1645.82153279954,-1.22386427193507,0.310896328500491,2.62665498534626e-05,0.000256707009598045
"AFUB_018100-T",92000.183041185,0.67311325751727,0.163105596084288,2.66334237440519e-05,0.000260021949900348
"AFUB_013270-T",93089.6404152307,-0.539318280247878,0.129482277988888,2.67378557980101e-05,0.000260770448239783
"AFUB_055330-T",11860.8073631518,-0.6937198857275,0.169335843632152,2.76800382893354e-05,0.000269679377192363
"AFUB_056850-T",13988.2534695172,-0.618184513978466,0.150230108919683,2.77619482824424e-05,0.00027019711737689
"AFUB_079800-T",196.232456482222,4.7185918970675,1.40235367888091,2.81812981866666e-05,0.000273994567876991
"AFUB_043230-T",1204.48759451578,-1.456619562572,0.379120887014027,2.84645470462891e-05,0.000276462281136243
"AFUB_016850-T",804.28371181144,-1.61651868589285,0.426220567443295,2.87441838630101e-05,0.000278889850042759
"AFUB_078040-T",23193.0778808149,-1.10913167145529,0.280735542395848,2.88804402729779e-05,0.00027992269870362
"AFUB_084890-T",523.368560047131,-3.45186424410099,1.0022930787035,2.92795922436684e-05,0.000283376685231256
"AFUB_002000-T",1809.0115170441,-1.07034558406037,0.270000912347012,2.92971423934784e-05,0.000283376685231256
"AFUB_096370-T",23904.8804806941,-0.641272307657835,0.156847711628589,2.9974835615834e-05,0.000289434134769674
"AFUB_027470-T",6415.43423481791,-0.851525644889932,0.211163501876125,2.99850312106999e-05,0.000289434134769674
"AFUB_077180-T",15314.1815743871,0.659371443813727,0.16111338681869,3.03699241321304e-05,0.00029284838547122
"AFUB_047680-T",1851.03935886751,-1.27768680409524,0.329072916845738,3.06048501534071e-05,0.000294811028349538
"AFUB_071000-T",44.6882831919532,7.04664774962709,2.15047728017615,3.09840714149325e-05,0.000298158195419104
"AFUB_027890-T",11173.2935878561,-0.630295991961139,0.155499195632811,3.12778283448992e-05,0.00030067693328075
"AFUB_015200-T",3165.86231996419,0.960630802560087,0.240826601937781,3.13354399638763e-05,0.000300922752700129
"AFUB_070190-T",35125.8997766866,0.569286519084913,0.139055739284384,3.28461994129529e-05,0.000315108789465223
"AFUB_059790-T",5890.03288348415,0.839542906450242,0.209142883207577,3.33031450007232e-05,0.000319166467190604
"AFUB_066820-T",47317.2680077334,-0.620309963022769,0.151511927059336,3.43967846071666e-05,0.000329311519908775
"AFUB_035230-T",3606.9367136251,-1.08387284595891,0.276672136910262,3.47982312939584e-05,0.000332815670379691
"AFUB_052270-T",55472.5697126232,-0.920542281477288,0.229018988582302,3.51325731514243e-05,0.000335671543273833
"AFUB_053090-T",21071.3949267771,-0.546190469907944,0.135504854932489,3.58405611185911e-05,0.000342087957343301
"AFUB_007310-T",3018.30847131297,-0.81747652349057,0.204702770502425,3.6567308918115e-05,0.000348670218638514
"AFUB_042810-T",32275.964224702,0.850916801887163,0.214757237424737,3.68179169410903e-05,0.000350703728104178
"AFUB_086850-T",43.6587413466053,-8.894499544727,3.61096883934571,3.70515021070817e-05,0.000352571132512372
"AFUB_095500-T",3307.6382778615,1.0555070520152,0.269395514926117,3.71835716635393e-05,0.000353469741967572
"AFUB_044820-T",4014.0445379953,0.992963470752934,0.251482453540109,3.76094726526584e-05,0.000357156892976509
"AFUB_095800-T",353.930180270179,-2.28395331511229,0.643340077435299,3.82713199987521e-05,0.000363074987301292
"AFUB_039550-T",38959.0498942805,-0.574620111653911,0.142073765635953,3.87227760139299e-05,0.000366882880302671
"AFUB_075050-T",11736.9206447245,0.577818353551781,0.142659295004986,3.87508323317983e-05,0.000366882880302671
"AFUB_094400-T",9165.36705558785,-1.34554266349412,0.354379613921203,3.91939479639403e-05,0.000370704490712313
"AFUB_078470-T",973.307747488017,-1.70118293604315,0.463923127038553,4.05421959369759e-05,0.000383070728611748
"AFUB_035710-T",6181.63266107194,-0.734494452572287,0.183882175766276,4.07596144018309e-05,0.000384737988404016
"AFUB_016640-T",37110.8000214339,0.93213562447209,0.237972963862318,4.1221940864426e-05,0.000388711313854106
"AFUB_002520-T",32408.72891945,-0.696150262108044,0.176711634393607,4.15755167524935e-05,0.000391652209969327
"AFUB_061480-T",2995.43913480034,-0.98177604100375,0.251207269789334,4.17558092754237e-05,0.000392956473662103
"AFUB_071650-T",1210.96283064926,1.10444206880758,0.285354480785234,4.21745096763157e-05,0.000396499494374331
"AFUB_058520-T",11169.4084357238,-0.593359745263804,0.147491144646664,4.23983615560589e-05,0.000398205411734505
"AFUB_025810-T",11243.1644407433,-0.646685117137429,0.161925707098105,4.2517828199552e-05,0.000398928513936256
"AFUB_004489-T",2125.00262924939,-1.17652621627593,0.306733182866471,4.26249667612045e-05,0.000399534618584065
"AFUB_045595-T",112.616056114023,4.52379033781835,1.3893893899286,4.27888685692137e-05,0.000400671040480613
"AFUB_088300-T",753.990202713398,-2.22550525972781,0.63041506710757,4.28525976486465e-05,0.000400868124617618
"AFUB_020780-T",16369.6948171798,0.558875137507428,0.138823654887104,4.33767373309134e-05,0.000404998031807719
"AFUB_045840-T",266.779614204688,-3.56763247207394,1.07152127411731,4.33803258090466e-05,0.000404998031807719
"AFUB_064770-T",5607.55073901834,-0.771460468794058,0.195138364491555,4.43611624352846e-05,0.000413743830776756
"AFUB_082490-T",6323.84943261987,0.915161068081194,0.232656294214646,4.47358149071592e-05,0.000416824180166705
"AFUB_074440-T",15390.3644724164,-0.898900425437933,0.228356741708562,4.48413630246215e-05,0.000417393539670213
"AFUB_077830-T",678.82913319275,1.58326892161868,0.428276250422271,4.50429929566483e-05,0.0004188552374741
"AFUB_008700-T",16916.771727439,0.585063248958755,0.14598118184033,4.66455954703997e-05,0.000433328815685454
"AFUB_079770-T",93.8740433520824,4.52859155411641,1.39986918180609,4.68802113524861e-05,0.000435078008915562
"AFUB_101780-T",49246.480780008,0.627009571678575,0.156139636466349,4.70051390076208e-05,0.00043580677745269
"AFUB_034050-T",999.3040557369,-1.39525343203121,0.373659106965481,4.71630520876579e-05,0.000436468296212904
"AFUB_040440-T",32521.8283379367,-0.60345328815573,0.152175601977157,4.7169433630334e-05,0.000436468296212904
"AFUB_072520-T",711.142748143971,-1.51161900354159,0.408874809848302,4.80202116919067e-05,0.000443903374222822
"AFUB_057320-T",1130.85825070565,-2.01011419379626,0.566456082180146,4.81764799509972e-05,0.000444910029203309
"AFUB_061490-T",1826.78363221784,-1.46357271165983,0.395371941893075,4.84059529354479e-05,0.000446590088378906
"AFUB_056640-T",4401.73712954426,-0.832222114601697,0.212282288710173,4.88806089616555e-05,0.000450526672588684
"AFUB_100160-T",5919.99696547121,-0.829351017244433,0.211587271597354,4.92944132399176e-05,0.000453895224656183
"AFUB_068800-T",134248.067981157,-0.5695744303506,0.142692683991411,4.95991030367166e-05,0.00045614736023207
"AFUB_028070-T",8359.15810663923,-0.647828344325191,0.163077265390614,4.9636137367672e-05,0.00045614736023207
"AFUB_036540-T",2160.96430064141,-1.01009381488603,0.262099110441067,5.01565608365081e-05,0.000460479393329896
"AFUB_072040-T",5181.69637245878,-0.856577651128003,0.219329318923039,5.03310046804335e-05,0.000461629683553351
"AFUB_060690-T",100.16258604235,-4.06025189916661,1.25046343808891,5.07149963718239e-05,0.000464697800901629
"AFUB_086350-T",5177.48142358316,0.744875249074951,0.189039043067806,5.15700541222063e-05,0.000472072074381834
"AFUB_083450-T",26737.8041410508,-0.812860800001316,0.207778559769757,5.183461053766e-05,0.000474031803475855
"AFUB_040130-T",15397.5969166446,0.657054331025188,0.165973833678471,5.35182938043972e-05,0.000488953127831613
"AFUB_024330-T",11838.8449182874,-0.689231407001378,0.175039988378565,5.45814820879217e-05,0.000497934041625138
"AFUB_049720-T",2080.25290108761,0.929278657573725,0.240190776285711,5.46073320777142e-05,0.000497934041625138
"AFUB_043070-T",1849.09166179215,-0.952716048075729,0.247365085826111,5.49565658132319e-05,0.000500632459862148
"AFUB_057500-T",1741.30548301358,1.31572064413917,0.353073567968473,5.66046950745728e-05,0.000515146604787197
"AFUB_081770-T",248.818837487703,-4.36144826150334,1.38269241029714,5.75359474909084e-05,0.000523114829462354
"AFUB_068660-T",3434.42406621993,-0.931035363389743,0.242272395402209,5.85576089586774e-05,0.00053188884268849
"AFUB_023280-T",4790.87975626398,0.931028960187877,0.242036473390994,5.89876099581806e-05,0.000535276939833074
"AFUB_071820-T",632.242313960614,-1.94158810563193,0.553250480883313,5.95201632296544e-05,0.000539588197927523
"AFUB_049850-T",1484.0961323264,-2.20263369174052,0.639868889581059,5.97846835380581e-05,0.00054146359478249
"AFUB_067710-T",1880.89599061418,1.27319396237547,0.342819223098094,6.02256191031906e-05,0.000544931613311335
"AFUB_031240-T",36961.592782447,-0.650733232426682,0.165900202142097,6.03813080317391e-05,0.000545814480302304
"AFUB_093980-T",56519.2819257497,-0.564234069106921,0.14139397227329,6.05019548991825e-05,0.000546379192704925
"AFUB_056030-T",392.215842093524,-2.06788571122923,0.595292536131186,6.07078124241825e-05,0.000547711598739598
"AFUB_033290-T",31324.6194817409,-0.819435995293633,0.211886458934,6.13995736644032e-05,0.000553421109266866
"AFUB_023310-T",9300.34979367466,0.816994773341833,0.210789585235402,6.18617489367756e-05,0.00055705229723317
"AFUB_008940-T",3147.22841663603,0.841230335432926,0.217625523414245,6.19588358640404e-05,0.000557392132600639
"AFUB_044660-T",684.755005740375,-1.77135838516114,0.499673419496392,6.20336887143281e-05,0.00055753148746887
"AFUB_029660-T",9792.12845229153,0.727923565391266,0.18661809888893,6.24704062129315e-05,0.000560919746799094
"AFUB_049750-T",50.9467006953067,-6.15502292513446,1.9251230936193,6.3170171646649e-05,0.000566661176795919
"AFUB_086360-T",5011.25476674055,1.05743026317922,0.279239387151261,6.32559265527167e-05,0.000566888990632744
"AFUB_026990-T",4511.72932206541,0.757681410018785,0.195122365857752,6.42695970990471e-05,0.000575424266877264
"AFUB_051360-T",7639.2067574016,-0.623947789880598,0.158866118195463,6.4617027417184e-05,0.000577983925240183
"AFUB_060060-T",10365.501754595,0.55771681556991,0.141687769128459,6.47303089129737e-05,0.000578446300010132
"AFUB_036460-T",2297.15081269128,-1.01220400436144,0.267883169641897,6.75165541424113e-05,0.00060277136549955
"AFUB_096400-T",13902.6187952121,-0.753256187454941,0.194881790157955,6.75858000586973e-05,0.000602816556648893
"AFUB_031220-T",7848.48759061669,0.698546670325211,0.179048078099655,6.80659578070443e-05,0.000606523221749298
"AFUB_099670-T",2230.42508599843,-0.954046496670594,0.251234260346693,6.82451650390094e-05,0.00060754368724775
"AFUB_032650-T",2387.73383005918,1.03797414095249,0.27568792808132,7.07602690414117e-05,0.000629231741375329
"AFUB_067580-T",1856.48635003952,1.12232491674414,0.300505866216558,7.08153695308478e-05,0.000629231741375329
"AFUB_003270-T",4877.41465897572,-1.00117194790245,0.264874933456928,7.10668754462242e-05,0.000630869654244743
"AFUB_056340-T",3250.3775263869,-1.52809325780751,0.43057785811032,7.11711879149823e-05,0.000631199052783299
"AFUB_088380-T",1558.25917192128,-1.66200048707143,0.471169377761225,7.23408210885016e-05,0.000640966973267177
"AFUB_058010-T",769.737484526152,-2.26720187272194,0.673083677409652,7.35780278699849e-05,0.000651314644443825
"AFUB_096560-T",2134.62718386549,0.905116261595414,0.237939241448739,7.38153691718684e-05,0.000652800326988877
"AFUB_090080-T",715.199143474477,-2.53978873459371,0.768316320961849,7.53463945503464e-05,0.000665713393807012
"AFUB_024420-T",20690.6001638854,-0.712324355406724,0.185269785186694,7.66711638586397e-05,0.000676781551654459
"AFUB_079150-T",543.833153944652,-2.912646890674,0.900858020210155,7.74951117768904e-05,0.000683412290900051
"AFUB_008430-T",24149.0764758232,0.679887569941516,0.176044877922518,7.82102668596221e-05,0.000689072069742562
"AFUB_050920-T",274.070388296522,-3.45491850942022,1.09546354620039,7.85418859058243e-05,0.000691345260007031
"AFUB_056440-T",6477.89508780742,0.773641304392228,0.202351900357469,7.94907453760082e-05,0.000699042210272911
"AFUB_033740-T",564.607370652351,-3.42959560601901,1.09048061714254,7.99285139080571e-05,0.00070223442715105
"AFUB_063440-T",802.04860415592,1.58190485002915,0.446331657867521,8.01071747542582e-05,0.000703130199674002
"AFUB_030180-T",618.991813765924,-2.7080137666951,0.83192401254128,8.01802005803723e-05,0.000703130199674002
"AFUB_033630-T",192.595921462669,-2.62823769871852,0.804218169898998,8.21744804163694e-05,0.000719946567229983
"AFUB_090240-T",2250.86150186254,1.06817548121063,0.287531379553725,8.2389013967901e-05,0.000721153419558738
"AFUB_028830-T",47.7306798687405,-6.19515813907185,1.94483400972946,8.33492777208325e-05,0.000728879344836181
"AFUB_048130-T",681.589616453211,1.70091765992408,0.486624787542922,8.41125404737889e-05,0.000734869748957977
"AFUB_087310-T",1070.09653312662,-1.49740222336064,0.422743298854113,8.55641163710886e-05,0.000746857045499316
"AFUB_092090-T",2030.40510723362,1.72275998376943,0.496895707055238,9.01130164260754e-05,0.000785832358657103
"AFUB_046170-T",1238.29019199616,1.60414098445743,0.456614432322919,9.15551398345527e-05,0.000797667786016808
"AFUB_069150-T",6105.09147982361,0.820820922601445,0.217648718879162,9.18586607333956e-05,0.000799570474150187
"AFUB_013170-T",570.775947626309,-1.88074054132326,0.552637671432408,9.19627292734123e-05,0.000799735141977674
"AFUB_069960-T",125.551659214634,2.83810150718328,0.884687717263679,9.28410681478229e-05,0.000806626560633073
"AFUB_081740-T",4369.59900860347,1.4723198238219,0.412874606994863,9.31195131544466e-05,0.00080806795888585
"AFUB_062330-T",8573.24115367691,-1.04239021979797,0.283417231222359,9.31790459405212e-05,0.00080806795888585
"AFUB_068840-T",6156.00570448673,0.71938563532369,0.189237902777749,9.38640812040176e-05,0.000813257795819311
"AFUB_010750-T",35.988116777568,-1.06245463863634,3.03690140759912,9.45384314874225e-05,0.00081834557468191
"AFUB_092760-T",2663.99087501684,0.951520440429063,0.255599258157373,9.51113157000354e-05,0.000822546479792571
"AFUB_005310-T",55712.4906159969,0.540322284750226,0.139557388035774,9.54618075380532e-05,0.000824818119960805
"AFUB_049070-T",734.583054782613,-1.52472341092996,0.436592742775338,9.73976335112378e-05,0.000840770748104362
"AFUB_050990-T",1699.49702228895,-1.32140684545872,0.368915241158013,9.78151258724086e-05,0.000843181951448254
"AFUB_044850-T",200.540067159308,2.59713644075683,0.802413735186715,9.78565084197825e-05,0.000843181951448254
"AFUB_039770-T",7495.55968525804,0.6440800792363,0.16897445649625,9.83179925868551e-05,0.000846381839024513
"AFUB_036640-T",26336.7104112686,-0.773205934492826,0.205721032565014,9.87534821209102e-05,0.00084897078599966
"AFUB_089660-T",5107.56260761309,-0.788574642669246,0.209657017233969,9.87995175785379e-05,0.00084897078599966
"AFUB_096980-T",3262.21313768241,-0.869229125096349,0.233493087059685,9.89930036136383e-05,0.000849855840895147
"AFUB_095070-T",540.516591160137,2.02312739989663,0.601935493808995,9.92274651196416e-05,0.000851090732788744
"AFUB_013150-T",1617.09211988333,-1.42699277758561,0.404924170597668,0.000100249756948955,0.000859011975122947
"AFUB_096660-T",151.97489648854,3.9799477684538,1.31345624259596,0.000100333915748496,0.000859011975122947
"AFUB_064450-T",279399.211753797,-0.712018301739383,0.188655095841581,0.000103003458749829,0.000881064193605093
"AFUB_006420-T",1732.81379951728,-1.31713392629156,0.369152502318534,0.000103774482258994,0.00088685162636622
"AFUB_085200-T",3750.3992716181,1.19240096798101,0.330422733110828,0.00010458733367152,0.000892985670766289
"AFUB_008290-T",5250.25459646204,0.783634466521103,0.208548995071053,0.000104761839742678,0.000893663214226372
"AFUB_013650-T",4698.31828773663,0.706799193351589,0.187109640911697,0.000105051642313105,0.000895322163888094
"AFUB_041420-T",6809.98572115466,0.588380826212943,0.15450058333444,0.000105806412899859,0.000900360743564095
"AFUB_034030-T",4468.7144673508,-0.867403625879445,0.233383872920437,0.000105834567812475,0.000900360743564095
"AFUB_019900-T",8697.29889221262,0.823919332625783,0.220700187931706,0.000107857338461387,0.000916738572696242
"AFUB_059770-T",31716.6640367954,0.879702309274808,0.235930532886709,0.000107981629257265,0.000916965155501114
"AFUB_087760-T",943.310959262569,-1.22517356953185,0.342682510954972,0.000109798437444676,0.000931550970623664
"AFUB_040640-T",12144.4310781887,-0.569091593300228,0.14978147966494,0.000110012629974155,0.000932525830972263
"AFUB_067190-T",9895.08544187126,0.867616816049105,0.235035514757582,0.00011015065224995,0.000932853855664141
"AFUB_100930-T",687.725381789557,-1.53935825460549,0.445179934402894,0.000111537260815829,0.000943745904128169
"AFUB_051000-T",381477.640501378,-0.592076349279438,0.157301004567512,0.000112329295261992,0.000949592026193183
"AFUB_092150-T",780.801187949179,-2.86809040272511,0.919747643970759,0.000112937547338146,0.000953875399820026
"AFUB_041090-T",15304.5776499983,-0.551422644092501,0.145352389936081,0.000113742941102406,0.000959814647649414
"AFUB_047730-T",3176.06094987614,-0.881347178143379,0.238669021643337,0.000114051708570453,0.000961556235990746
"AFUB_086180-T",1482.73957565991,1.56215849285219,0.4523543760408,0.000114472173018725,0.000964235559633959
"AFUB_004390-T",10492.8116840454,0.737773453226947,0.201056131348208,0.000115417793715985,0.000971329676147432
"AFUB_056400-T",3483.92345273195,0.944017727669114,0.257090672787068,0.000116543503380261,0.000979868966835726
"AFUB_099220-T",2568.78985735278,-1.02033301355987,0.280610367425359,0.000116641131273674,0.000979868966835726
"AFUB_079530-T",63.3490824382508,-4.47987096244763,1.51539490554617,0.000116892592837872,0.000981103871254058
"AFUB_051490-T",10544.7670162303,-0.673701036706051,0.179835035784075,0.000119704034263524,0.00100380383018127
"AFUB_059320-T",15542.4867265133,0.578224308489572,0.152791613943577,0.000120652441351739,0.00101085435252054
"AFUB_033000-T",61.720046257576,0.536287268195486,1.13474549865426,0.000122261207842917,0.00102342002144445
"AFUB_065670-T",9656.94084266127,-0.786387496116529,0.212269214004969,0.000123745806672048,0.00103492485864993
"AFUB_011720-T",4269.94401566913,-0.962560220991288,0.264309099345362,0.0001238843414943,0.00103516168622284
"AFUB_050210-T",1142.27072530039,1.60346504648891,0.468546360524218,0.000124189081217357,0.0010367856451497
"AFUB_059070-T",1415.24127808103,-1.5260844974541,0.4447649764051,0.000124339089163155,0.00103711609717616
"AFUB_020800-T",1153.20162242582,-1.4192843629077,0.409058207302705,0.000126110995562403,0.00105096226292998
"AFUB_058500-T",18378.3345754122,-0.570088430695274,0.15147111113332,0.000126822861115888,0.00105595772305002
"AFUB_091510-T",25067.4293056513,-0.626284582028668,0.1672743127661,0.000128469902294783,0.00106872393476759
"AFUB_065400-T",58.7618603319227,-4.23944105217137,1.44227224546259,0.000129447625714636,0.0010759045139043
"AFUB_077430-T",4102.47117708911,0.944223794673333,0.259186212342704,0.00013055010552525,0.00108410839177113
"AFUB_041040-T",576.124379093847,-2.66145038893319,0.858227111262995,0.000135029385336772,0.0011203144762217
"AFUB_078940-T",573.701850072863,1.85691252538327,0.561226067898457,0.0001361426431359,0.0011271524108342
"AFUB_092410-T",651.213815636148,-2.60228161292285,0.8363546677173,0.000136194284907921,0.0011271524108342
"AFUB_030140-T",10071.6334628153,-0.66732313058757,0.179506253472716,0.000136213584571637,0.0011271524108342
"AFUB_006850-T",3945.47640589645,-0.826407890249625,0.225613990774734,0.000138125547809475,0.00114196755724171
"AFUB_051980-T",1842.97603365819,1.00232399217994,0.277425842314352,0.000140372537587134,0.00115911102311558
"AFUB_014390-T",12435.9769684776,0.566857235661598,0.151735148375942,0.000140547393045128,0.00115911102311558
"AFUB_091310-T",13811.1842354918,0.747932259230794,0.202895507678688,0.000140569362790529,0.00115911102311558
"AFUB_026440-T",126761.280667442,-0.62965761211009,0.169260706641931,0.000141147852734269,0.00116286020428093
"AFUB_054870-T",3283.13740713592,1.10535831656809,0.312926465601298,0.000141704886736018,0.00116642620177448
"AFUB_019330-T",12475.7880982909,0.839986826834875,0.230795102885848,0.000144607540909785,0.00118927672874317
"AFUB_048460-T",38.7321897719205,5.89184601016035,1.99550135342871,0.000146034449773231,0.00119996111309728
"AFUB_033510-T",1290.22387353599,-1.21552507140731,0.347086940064197,0.000146183478445576,0.00120013569017557
"AFUB_038900-T",1450.65470625067,1.06112445527191,0.297375089836984,0.000146880544948954,0.00120480530843719
"AFUB_098170-T",97350.3311325021,0.583945890633608,0.155797337821608,0.000147102185930917,0.00120557044525582
"AFUB_077020-T",42496.5349668494,0.525082697113416,0.140443937224305,0.000148555016496707,0.00121641561895124
"AFUB_046750-T",680.024467787163,1.41267538568132,0.412549487422096,0.000149971052611022,0.00122694087641352
"AFUB_092560-T",1096.44378506121,1.62511603971371,0.482307732638161,0.0001508890909549,0.00123337714730063
"AFUB_100910-T",57.9445817245534,4.0530708330544,1.40118128994149,0.000152669630232264,0.00124684623229689
"AFUB_019860-T",32302.3130060904,-0.521468300211906,0.140471505616078,0.000152871578172923,0.00124741082728071
"AFUB_025120-T",3681.648084395,0.657490199862577,0.177956724045868,0.000154036176990473,0.00125582272074177
"AFUB_075810-T",1130.59279188237,-1.43104848793433,0.420512152128471,0.000154774072825879,0.00126074422548192
"AFUB_097540-T",239.234064161434,2.11306708827826,0.659601026072138,0.000154925486242958,0.00126088402668446
"AFUB_001580-T",5692.14011138608,0.679989314305336,0.183613414481929,0.00015538382759225,0.00126351940151204
"AFUB_084550-T",2007.25366037348,1.19380370709639,0.341632565774755,0.000156549469446835,0.0012718967275473
"AFUB_012990-T",54644.9709828266,-0.627518336768837,0.170066781496988,0.000157607335705271,0.00127938469917364
"AFUB_005090-T",9628.74908477158,-0.610934226863819,0.16411153528921,0.000157944192839387,0.00128101196817575
"AFUB_033760-T",249.70960706153,2.25146734851092,0.7129936064383,0.000158281442040107,0.00128263960624735
"AFUB_101970-T",33.0269360936612,-0.844774085012785,1.75405067570229,0.000162324905174495,0.00131427199086109
"AFUB_017420-T",6928.2825681213,-1.02367059530091,0.288670288277307,0.000163252724918165,0.00131975175061892
"AFUB_091580-T",1532.07886974404,-1.10093725280268,0.313131133081089,0.000163282744273763,0.00131975175061892
"AFUB_098290-T",7870.35658010991,-0.893173373948263,0.248475462671547,0.000163882711126652,0.00132346210051721
"AFUB_088270-T",3570.1552552716,-1.06565058570832,0.30204515611826,0.000164200798049823,0.00132489166261506
"AFUB_048490-T",34.7738730611082,6.37383573659981,2.35937168783945,0.000164464337332466,0.00132587901822019
"AFUB_012500-T",9479.53126273058,1.00778040936818,0.283244912309773,0.000165142081527412,0.0013302010546359
"AFUB_038350-T",1570.93994167182,-1.26820878792486,0.367842155697065,0.000165609396650328,0.00133282215367599
"AFUB_011580-T",5432.02256544916,0.789869812171703,0.217419578182767,0.00016682042453849,0.00134141903019306
"AFUB_047950-T",3135.19245335751,-1.45548414977032,0.435915495137909,0.000171904393905687,0.00138111725197794
"AFUB_087840-T",3744.65350129105,-0.938167081347244,0.263492966202109,0.000175090215216635,0.00140455240462707
"AFUB_009750-T",6310.42655598231,-0.816711016322899,0.226570746525093,0.000175140348147252,0.00140455240462707
"AFUB_009540-T",113395.8460032,-0.55692948827693,0.151222562274521,0.000175269955091879,0.00140455240462707
"AFUB_033670-T",670.597986633147,-1.39200819116941,0.411486486546967,0.000178968924750979,0.00143297198743495
"AFUB_081250-T",158.395418894899,2.89073710083872,0.969054347938605,0.000180838867391738,0.00144671093913391
"AFUB_020060-T",3187.83564602879,-0.853134731890955,0.238314070101127,0.000182797914361043,0.00146039688984796
"AFUB_095440-T",13338.981371004,0.548452368656643,0.149030647825682,0.000182860598643655,0.00146039688984796
"AFUB_062130-T",305.44280451412,2.20481442048045,0.705520965069054,0.000184895004550195,0.00147538987488142
"AFUB_009740-T",4188.43721488617,0.675701367034444,0.185606953773624,0.000186815094375842,0.00148944598164508
"AFUB_011800-T",18330.6765577608,-0.61616171613088,0.168830626520937,0.000188519289137204,0.00150175840846193
"AFUB_089570-T",11048.2979269107,-0.780013608007745,0.216898070389117,0.000189375028230297,0.00150729683486351
"AFUB_071490-T",4721.49572738534,0.877508035638867,0.245261089232387,0.000189771462765392,0.00150917322463384
"AFUB_090070-T",1093.87636515424,-1.28037053938211,0.375648827944335,0.00019199323932035,0.00152555034153699
"AFUB_058310-T",1036.29462308337,-1.63787883712503,0.501791752421474,0.000194683938198364,0.00154547096977543
"AFUB_044950-T",406.606579492685,2.24026816340113,0.723532217219713,0.000194829389716153,0.00154547096977543
"AFUB_068160-T",7814.20072518173,-0.643777260244567,0.177234709590185,0.000195589122794339,0.00155018822049319
"AFUB_100680-T",293.284605180882,2.87567566570347,0.970418009617147,0.000195844953826875,0.00155050078533904
"AFUB_000940-T",710.506175342663,-1.52515970459054,0.461706558131549,0.00019595873426293,0.00155050078533904
"AFUB_002980-T",43337.0861470948,0.76148538490448,0.216662245002835,0.000197487752875163,0.00156128364899287
"AFUB_086660-T",51.385451370011,-5.95343141697213,2.16393856913678,0.000198013708592547,0.00156412510605652
"AFUB_047510-T",48044.0892930483,-0.636352983232535,0.17521527588338,0.000198509043078916,0.0015667201114262
"AFUB_051370-T",2498.29283442557,-1.60343340484302,0.491644725873846,0.000200919547448718,0.00158441342538905
"AFUB_002290-T",2983.78732365726,1.11409797279882,0.323336608159599,0.000204423860445339,0.00161069538364314
"AFUB_013240-T",19953.3307451983,-0.86334414449309,0.242474583410994,0.00020509588108579,0.00161463580482627
"AFUB_064480-T",5089.59874190472,0.913003818558815,0.258102962344614,0.000205396577965927,0.001615484405879
"AFUB_071040-T",57.9744930912445,0.490115115937133,1.08213962325413,0.000205547685799127,0.001615484405879
"AFUB_045860-T",1243.9401549551,1.10765749304465,0.320222933235172,0.000206186544369281,0.00161900179805451
"AFUB_074120-T",116632.873063671,-0.79451309490624,0.222641483835067,0.000206339986400261,0.00161900179805451
"AFUB_049200-T",29277.5711052594,-0.977433173236372,0.279954760350393,0.000212236346495394,0.00166387626568008
"AFUB_050980-T",7180.80404337978,0.674809205734551,0.187083415919466,0.000212447201901804,0.00166414021706567
"AFUB_001690-T",7418.03514472211,-0.672610806277013,0.186784002082222,0.000213277715039105,0.0016692535830394
"AFUB_074430-T",32285.8978893152,-0.778878582894937,0.2159173094205,0.000214460468663325,0.00167711300723226
"AFUB_004890-T",20092.3651193718,0.89568195613715,0.252908151615266,0.0002197790117197,0.00171727494015925
"AFUB_034170-T",409.489514378946,-2.16281256536571,0.705578140913821,0.00022094139028393,0.0017249223088501
"AFUB_050830-T",866.102804733828,1.28419381010964,0.381490661395112,0.000222357349729079,0.00173415633517951
"AFUB_092830-T",32.3147291314714,-0.749769164719429,1.49374394957514,0.000222493439511425,0.00173415633517951
"AFUB_009390-T",9878.44865204388,0.598479757160685,0.165426785428622,0.000222870369386794,0.00173565382195752
"AFUB_072250-T",173779.130916187,-0.557028323722337,0.154744563370943,0.000224830032806927,0.00174946451377188
"AFUB_053470-T",1914.7263055759,0.883430084477874,0.250963423133383,0.000226326168891274,0.00175964849190964
"AFUB_067350-T",1770.74951959254,-1.18869050653943,0.350795016914166,0.000229384267788127,0.00178194958069982
"AFUB_065450-T",1797.44080352793,0.932788905791214,0.266811932143782,0.000230127481827086,0.00178624571018181
"AFUB_093050-T",3542.47705049213,0.847023808913757,0.240794968181265,0.000230967803320391,0.0017912878685261
"AFUB_006220-T",19133.5246958042,-0.587646916527349,0.163222290798137,0.00023522994286472,0.00182141339827344
"AFUB_090980-T",8067.09124404055,-0.545569312553391,0.150575421911252,0.00023524003961943,0.00182141339827344
"AFUB_044560-T",12156.510209563,0.730392395045004,0.20534882105287,0.000235530309191846,0.00182215870175438
"AFUB_000810-T",5690.24453276614,0.948858829278581,0.271589878632277,0.000236045522366016,0.00182323348926376
"AFUB_040330-T",1484.35426187157,-1.17254559853299,0.346276543020852,0.000236057487536704,0.00182323348926376
"AFUB_078160-T",1270.67343679233,-1.01875386942582,0.295924696982856,0.000236987294257378,0.00182789236519509
"AFUB_038380-T",2145.96826607642,-1.34573612314341,0.40350522623929,0.000237049925554474,0.00182789236519509
"AFUB_068320-T",24011.2132077718,-0.585418162105247,0.162865521792213,0.000240894735871953,0.00185601588130385
"AFUB_018240-T",2063.02249252867,-0.865582949575321,0.2473287333985,0.000241422367546312,0.00185743235779883
"AFUB_083030-T",1451.20781071288,1.01162250178788,0.293024119058045,0.000241474117213839,0.00185743235779883
"AFUB_054260-T",9601.16546441793,0.556757682349947,0.154570314706071,0.000244676105009843,0.00187996875219475
"AFUB_007740-T",4252.78528193463,0.921220880649662,0.264098406187449,0.000244804278527915,0.00187996875219475
"AFUB_002150-T",2079.11716136385,1.06921846919409,0.312448764988187,0.000248146121711173,0.0019040754698622
"AFUB_097339-T",1240.3281907603,-1.15939870564274,0.343216287161939,0.000248568107617831,0.00190575646265034
"AFUB_030650-T",4255.96548975903,-0.796015913353457,0.22633572794146,0.000250210472337753,0.00191498549411213
"AFUB_066540-T",155.764608788922,-2.85047690850781,0.994783003860484,0.000250228015560972,0.00191498549411213
"AFUB_066060-T",8962.47761837798,-1.05879429749799,0.310681334089963,0.000250383537773605,0.00191498549411213
"AFUB_022950-T",33706.8019362975,0.508141402545006,0.139745353731867,0.000250662787504048,0.00191556135088529
"AFUB_048740-T",1580.24283239158,-0.883019798939848,0.253732194391774,0.000254626553666983,0.00194219172711955
"AFUB_016800-T",1385.33679816586,-3.50810702999455,1.28905894356831,0.000254815860426254,0.00194219172711955
"AFUB_009930-T",5336.39356194405,0.719366248911725,0.202955138816353,0.000254973008176988,0.00194219172711955
"AFUB_029800-T",3203.40419377258,-0.902324347823091,0.258063771534824,0.000254974701824788,0.00194219172711955
"AFUB_085910-T",376.72218064393,-2.47067022590665,0.841807924610609,0.000256438050779979,0.00194985850509481
"AFUB_057870-T",60.4065473683134,-5.17197569443454,2.01779059552121,0.000256565820495085,0.00194985850509481
"AFUB_020140-T",12275.8112182056,-0.634700239201473,0.17809176145843,0.000256604036658559,0.00194985850509481
"AFUB_015690-T",1339.55135630746,1.06867377784813,0.312895105925471,0.00025717171845973,0.00195259238461907
"AFUB_048200-T",994.36442884294,-1.71918432754279,0.545669112701075,0.000258413530559293,0.00196043608967115
"AFUB_045670-T",63.7597090304938,6.29459001501786,2.43673188207572,0.000258708639215717,0.00196072596551385
"AFUB_096170-T",5863.06951499201,-0.653670252618578,0.183821109163384,0.000258869271426445,0.00196072596551385
"AFUB_076170-T",1172.58965690113,-1.16663330180121,0.347729684656757,0.000266727356304757,0.00201861670460458
"AFUB_023030-T",1927.19326297041,-0.787417365679067,0.22485629243354,0.000268192028747387,0.0020280672576453
"AFUB_088680-T",20455.7818705197,0.56694460116815,0.158524120718979,0.000269317406716152,0.00203493892508294
"AFUB_041250-T",30713.9800384249,-0.930025115344707,0.273347043800033,0.000271272407701671,0.00204806306522033
"AFUB_070820-T",3986.8758476319,0.666335755944206,0.188027054736323,0.000272527616654271,0.00205588704868828
"AFUB_081050-T",450.972099220374,-1.75863342869992,0.564020834715757,0.000275869120088169,0.00207839965885218
"AFUB_028400-T",45.1368535402461,-5.67421839801237,2.17178065112142,0.000275954469185335,0.00207839965885218
"AFUB_028740-T",7122.94201644732,0.859599373897756,0.247402981025492,0.00027671928485337,0.00208249000267857
"AFUB_068120-T",50279.6277594621,-0.667994129799332,0.19062021114871,0.000282783899627945,0.00212642624924392
"AFUB_081930-T",11453.5082848133,0.702381655127346,0.197308505684101,0.00028475675798711,0.00213842999466439
"AFUB_079620-T",459.911529901545,-1.63730772934783,0.519622362508087,0.00028483559660617,0.00213842999466439
"AFUB_063930-T",768.089166351193,-1.34677543523661,0.413220921849167,0.000286754866676876,0.00215111957494346
"AFUB_008920-T",9122.95247721541,0.65242011031167,0.184117670898427,0.000288281112758671,0.00216084294575374
"AFUB_096110-T",602.908488425787,-2.08034609384382,0.693103667625277,0.000288596874528856,0.00216148472533893
"AFUB_005930-T",3804.00504417256,-0.805161387592544,0.232125894919985,0.000295662431265538,0.00221263868880154
"AFUB_017280-T",598.389546150569,-2.09825727000558,0.702849528163491,0.000296749018202775,0.00221900221254814
"AFUB_062460-T",753.708612606518,-2.75568447735627,0.979943231261739,0.000297096979627504,0.00221983678016031
"AFUB_070200-T",2401.85422718715,0.8141139589085,0.234584426715859,0.000297682951837774,0.0022224469663437
"AFUB_041170-T",304.994872960786,-3.20098635541223,1.17287537428333,0.000298623226383502,0.0022276960621079
"AFUB_042240-T",3627.55446027917,-0.812931305413986,0.234825152338973,0.000300052153187888,0.00223657922439734
"AFUB_066950-T",2133.14350186794,0.842688489610343,0.243987798876336,0.000304581323211451,0.00226853908612367
"AFUB_007930-T",3363.57213017088,0.716605323935341,0.204826528184661,0.000306259284835739,0.00227922916258103
"AFUB_071780-T",524.150398757602,-2.60886575249791,0.919062355039277,0.000308354176453107,0.00229300271199334
"AFUB_005020-T",2151.95640879225,-0.915697823304678,0.26813862552697,0.000309245298526103,0.00229781000297243
"AFUB_095930-T",5872.91818880486,-0.586758647043936,0.166635274297635,0.000312623157563043,0.0023210724868238
"AFUB_061660-T",11942.8928600006,-0.713462156440025,0.205547526061698,0.00031335003704308,0.00232463155443018
"AFUB_029230-T",1046.95641351043,-1.18607743758653,0.359431643310514,0.000314800497936293,0.00233354875818284
"AFUB_051520-T",77550.121092921,0.730115032071544,0.209540863300683,0.000316779240865646,0.00234636485032346
"AFUB_042110-T",1975.2319429921,0.95800750996167,0.2818565084581,0.000317134431395988,0.00234714466483146
"AFUB_048470-T",117.660060585611,5.18848883161793,2.14201527816432,0.000320408587496663,0.00236950980611705
"AFUB_051040-T",4657.21225143345,0.657838602682993,0.187032120092338,0.000321168510517149,0.00237326093688203
"AFUB_023220-T",12143.0041036819,0.628702698707373,0.179359822198211,0.000329132941294008,0.00243020171747903
"AFUB_032670-T",10085.3874599644,0.671292242477069,0.19252758210627,0.000330219231529479,0.0024356362193822
"AFUB_072070-T",1628.03192127528,-1.17466129528895,0.356991694925119,0.000330387621751802,0.0024356362193822
"AFUB_077850-T",95765.8674376205,-0.681013890431599,0.195737597108861,0.000333567039853938,0.00245714638298681
"AFUB_029170-T",274213.541626979,-0.591120089182517,0.174326487846396,0.000333901333615099,0.00245768128943026
"AFUB_078170-T",8460.50224970182,-0.905775736963272,0.267093837052897,0.000337316279836454,0.00248087274880499
"AFUB_076430-T",27801.5630701011,-0.44558544345494,0.124486405548426,0.000341644943854856,0.0025100157787604
"AFUB_028080-T",3178.80091171878,0.89710644336528,0.263422777487957,0.000341813264590561,0.0025100157787604
"AFUB_024740-T",10212.1955118283,0.56292305115581,0.160219543512039,0.000342118708129952,0.00251029602090352
"AFUB_043160-T",4765.68024746224,-0.815077379621816,0.238031150968408,0.000344450955678377,0.00252543589050064
"AFUB_083670-T",7722.70202216025,0.712465575584501,0.205545499649362,0.000345577175522127,0.0025317167180217
"AFUB_055560-T",9437.18420920111,-0.701957758216262,0.202801051297873,0.000346789203380465,0.00253861589879137
"AFUB_094850-T",922.239202699055,1.62137457440864,0.520984493757851,0.000347829727000779,0.00254424984111473
"AFUB_022760-T",15432.1790941064,0.507955425543449,0.143665711881458,0.000349144773428051,0.00255188148796596
"AFUB_058780-T",3659.75647611604,0.68744990697846,0.19810273085182,0.000350107323922958,0.00255692689446689
"AFUB_091430-T",679.677150453039,-1.25624809026798,0.387881927265417,0.000351596315054272,0.00256580620900522
"AFUB_026340-T",17614.4847653485,-0.549831903292946,0.157191167151441,0.000355717131503392,0.00259386280984461
"AFUB_072460-T",2215.60994968936,1.05037458992976,0.315332911520944,0.000358141578957112,0.00260951567848347
"AFUB_072650-T",4393.13199584339,-0.689603982445561,0.199752917682914,0.000362849143895536,0.0026417667902844
"AFUB_008990-T",2415.67865007968,0.733929434686341,0.212987530726799,0.000364632901105568,0.0026526972944876
"AFUB_067320-T",19273.5017332583,-0.506330700102193,0.143613381759325,0.000365206923381743,0.0026548168919515
"AFUB_087140-T",2398.58234610043,-0.992100871206012,0.29820424195127,0.000380500047491298,0.00276384875950369
"AFUB_078740-T",28780.3712718432,-0.603736241617348,0.174249675166145,0.000383372254849794,0.00278255967353111
"AFUB_077690-T",60.278899496796,6.14970826881512,2.55202914642467,0.000388550949002724,0.00281796950813404
"AFUB_038340-T",2647.65589887014,-0.839875080356199,0.24856470414991,0.000392273464689116,0.00284277189842606
"AFUB_075350-T",45.6744679559552,5.87884760228647,2.37100365315043,0.000402738217323082,0.00291635877956699
"AFUB_025270-T",1138.21974146527,-0.997945326632798,0.301888170708495,0.000406831654900506,0.00294373104994264
"AFUB_101280-T",203.303990633064,-2.74581264381205,1.01372731539836,0.00040892924496675,0.0029566308458258
"AFUB_088710-T",463.399241010174,1.94968079962461,0.661861632324073,0.000411969497126638,0.00297632116693337
"AFUB_016080-T",9632.42373407759,-0.671228007508894,0.196190459557294,0.000412671025648335,0.00297909782697092
"AFUB_086770-T",2629.3463222399,-0.878527473236908,0.262361598286203,0.000414376592338228,0.00298911286884842
"AFUB_077980-T",556.765943242531,-2.33367737317467,0.832579384997163,0.000415747309539161,0.00299669894949486
"AFUB_064120-T",50799.7201808945,0.493493611211902,0.141911524016704,0.000416696770753203,0.00300123931818565
"AFUB_016870-T",1191.20160515428,1.11242289474043,0.341924870018529,0.000423766456555045,0.00304868397012243
"AFUB_061680-T",1972.15870046349,-1.37559769877007,0.439145669592756,0.000423933269269579,0.00304868397012243
"AFUB_035270-T",25110.2025998563,0.454205391415842,0.130567991061377,0.000425211230703735,0.00305251271879543
"AFUB_040320-T",6437.3802997553,0.569882291790535,0.165058661726504,0.000425370140208882,0.00305251271879543
"AFUB_076830-T",3781.57995807077,0.699948892170169,0.205019502246558,0.000425440710062097,0.00305251271879543
"AFUB_018660-T",19061.8659001061,-1.79927603950179,0.610999025444238,0.000426518421296006,0.00305790917008557
"AFUB_020040-T",10105.222144371,0.600680487799836,0.174161276995247,0.000427515651408967,0.00306272082229826
"AFUB_013530-T",319.873145760974,-3.51148004219072,1.39142402008291,0.000428358083425816,0.0030664170118409
"AFUB_001850-T",25383.4441253075,-0.523072820531915,0.151325135371021,0.000430873097833083,0.00308207169447701
"AFUB_070580-T",56912.1458843709,0.405418680830197,0.117742671190643,0.000431314095704519,0.00308287822439638
"AFUB_090330-T",5230.73518080364,0.703654568161142,0.206627583700465,0.000436089365021631,0.00311463978424575
"AFUB_076340-T",8366.00856496039,-0.67832918567675,0.1994315520444,0.000436571343301345,0.00311571280872814
"AFUB_015390-T",13798.6009618367,0.652230275420209,0.190232791154218,0.000438597872198975,0.00312779894889353
"AFUB_018580-T",11127.192542209,0.524774141137612,0.151906795646647,0.000440907164033728,0.00314188170303852
"AFUB_085580-T",274.268325760818,-3.36600452980217,1.32648455554878,0.000442444110512906,0.00315044358296983
"AFUB_077890-T",20023.0572332078,-0.56300279847674,0.163795787052654,0.000444810660119493,0.00316489524230476
"AFUB_049130-T",38.7600209813133,-4.9376964434587,2.03985596814568,0.000445873045758595,0.00317000097109295
"AFUB_071790-T",106.708965990855,-3.42597254512965,1.34679894628234,0.000446203288307589,0.00317000097109295
"AFUB_002200-T",8146.3059164947,-0.581520888987619,0.169534073979698,0.000448503418897032,0.00318393356786162
"AFUB_067170-T",2319.27477573144,1.01603274030702,0.310318892550143,0.000450714521773564,0.00319687641286116
"AFUB_071530-T",60.9031797945939,3.4795033751126,1.36265775314463,0.000451007372981371,0.00319687641286116
"AFUB_007790-T",15971.6773261259,0.575437645499246,0.166994442121818,0.000453284552180762,0.00321059465617023
"AFUB_077220-T",20972.3868472407,0.53835465140395,0.156273319959043,0.00045715437355275,0.00323556433791065
"AFUB_074300-T",2255.6724070057,0.833664657607345,0.249836427953418,0.00047249586561977,0.00334162738697355
"AFUB_049650-T",3804.52671451643,0.879308332206543,0.264918392929773,0.000477415561785065,0.00337388032828091
"AFUB_003930-T",245.148825547225,-2.58562452527255,0.962035638345373,0.000479722445725905,0.00338763399267496
"AFUB_081830-T",1103.06896942716,1.08314247659418,0.335582578951012,0.000481559072709804,0.00339804869338128
"AFUB_028690-T",3276.46723410967,0.853108234516642,0.256820077501308,0.000482501613586238,0.00340214350961107
"AFUB_062200-T",477.798683395218,-2.16503856182486,0.773155671015906,0.000485208101524839,0.00341866053227404
"AFUB_101640-T",122.176069607358,-3.7817207226168,1.55549721335355,0.000488933892412456,0.00344183790701685
"AFUB_053260-T",6425.32287993333,0.5377776341421,0.157085355534629,0.000489230579841087,0.00344183790701685
"AFUB_024300-T",7662.99147316936,-0.701901250110237,0.208488564267601,0.000492086364037425,0.00345933767293375
"AFUB_076320-T",10222.0515480358,-0.663275102841146,0.196345419372911,0.00049400434509398,0.00347022349223834
"AFUB_070120-T",26956.1971857989,0.817982653799848,0.244288269163682,0.000494816299172587,0.00347332935861655
"AFUB_031860-T",4075.42525626094,0.854663310235548,0.257665776580181,0.00049571449200315,0.00347545033360837
"AFUB_052380-T",2102.01695111298,0.779218760573817,0.23309669594491,0.000495858544190291,0.00347545033360837
"AFUB_082290-T",3650.61582942751,-0.822835361734598,0.247941481768312,0.000498871169397657,0.00349395825725786
"AFUB_010810-T",3919.7838960725,1.24854569301346,0.39406875529165,0.000499986649490713,0.00349916140984857
"AFUB_052430-T",1085.06886779795,-1.58294532203021,0.528588661615714,0.000501449872090556,0.00350678868106813
"AFUB_000750-T",1588.14011357173,1.26844032909994,0.403880256162233,0.000504202769504115,0.00352341697260614
"AFUB_066290-T",2283.62746249604,-0.929055464144252,0.284005097012141,0.000505623101300394,0.00353071536610654
"AFUB_071810-T",264.211553335797,-3.17164967037472,1.25882742156171,0.000508819972796203,0.00355039909695538
"AFUB_072660-T",2633.4348108354,-1.12943743124646,0.354224568969218,0.000510170271421547,0.0035571783141731
"AFUB_066180-T",42622.8059127594,0.455377547706561,0.133629269329036,0.000512279836363738,0.00356923755424942
"AFUB_035770-T",8301.28071343142,-0.625023225408867,0.185184744274639,0.000517766747580372,0.00360479265624526
"AFUB_072060-T",756.222326999061,-1.98497509107307,0.700692786279262,0.000519943098341417,0.00361726339231303
"AFUB_023650-T",937.295846916344,-1.6884848503188,0.574209603738756,0.000522127971545453,0.00362977491395625
"AFUB_056730-T",16338.9967248186,-0.51430797052901,0.150445417051833,0.000522555425627484,0.00363005958394477
"AFUB_023600-T",8023.1421461249,0.736123944016706,0.22140623291089,0.000525278957881219,0.0036462823151666
"AFUB_044990-T",930.495729278677,1.14419598304,0.360515575304943,0.000532404550481567,0.00369301590703315
"AFUB_018340-T",49490.8006619637,-0.562771474924344,0.167101431618147,0.000538532616016383,0.00373276629492684
"AFUB_098250-T",2582.65257063448,1.13898817129116,0.357982049805048,0.000538952864872412,0.00373292426761187
"AFUB_012620-T",19682.4438521509,0.469413180285309,0.13748341953698,0.000541599433022358,0.00374849069634929
"AFUB_013970-T",5236.42687932854,0.904970982981717,0.276615562686052,0.000544869845110868,0.00376834873732052
"AFUB_068720-T",3120.01417725969,0.710583830915026,0.212984727599843,0.000546922364309999,0.00377976073995549
"AFUB_038120-T",5633.48528285621,-0.854116358205625,0.259623439541694,0.000549705921882209,0.00379479910047786
"AFUB_046320-T",1017.38150400744,-1.25285686292324,0.403205350152152,0.000549906471012603,0.00379479910047786
"AFUB_066110-T",7791.17784483216,0.621874795044125,0.184697772233578,0.000551032117535236,0.00379977507187294
"AFUB_013750-T",738.632542056993,-1.30813627532082,0.424395175542978,0.000553800064327504,0.00381606031119877
"AFUB_036120-T",76403.6088648181,-0.486844492494903,0.143460199368992,0.000555435817304722,0.0038245258036114
"AFUB_039570-T",6376.37201842831,0.626486115526488,0.186680270515524,0.000570363193932095,0.0039244330530478
"AFUB_062250-T",920.446704509608,1.82976050450388,0.637373940290757,0.00057236957569363,0.00393535509144552
"AFUB_053060-T",6487.5527376898,0.585558937978998,0.173865853577636,0.000573585016525999,0.00394082697528323
"AFUB_085870-T",575.163563139516,1.6190823980969,0.547629015731658,0.000574731881318824,0.00394582005069181
"AFUB_026290-T",39793.7900336114,0.410090714358572,0.120307241735248,0.000576078902493964,0.00395217900089358
"AFUB_027990-T",6481.79958554431,0.654555627216899,0.195851241671461,0.000581643726039043,0.00398744370434941
"AFUB_087980-T",6498.3789347441,-0.593735538264174,0.177027273217047,0.000583704297412122,0.00399865117526962
"AFUB_076630-T",14837.7866774263,0.477473437926704,0.140920367771077,0.000586446460641838,0.00401450813290681
"AFUB_046470-T",538.232447506619,1.75211793873941,0.606102572686836,0.000587660864624614,0.00401912660988486
"AFUB_093340-T",1843.08678718628,0.923298975655116,0.285145256241533,0.000587976997655643,0.00401912660988486
"AFUB_031690-T",16801.9736445602,0.547420071400908,0.162444633420357,0.000590639095576303,0.00403152390352811
"AFUB_042470-T",2170.56869055307,0.829864717601054,0.253404428023741,0.000590649157927457,0.00403152390352811
"AFUB_084930-T",20077.8211849742,-0.729584197600252,0.220869275160791,0.000595210738294657,0.00405970897172362
"AFUB_010050-T",48490.8175466148,-0.768386467495515,0.229550483352129,0.00059622767518342,0.00406369399515434
"AFUB_015090-T",7988.40830444917,0.510897918808602,0.151327532500071,0.000596820175216799,0.00406478251315169
"AFUB_031870-T",53.8679671643127,-4.63325220346531,2.04339146484761,0.000603492671931618,0.00410724867737809
"AFUB_041930-T",13725.7823362852,-0.450679211061683,0.133302118157953,0.000607324863233723,0.00413033679615577
"AFUB_082600-T",15247.2029476165,0.62232317066084,0.186354074041382,0.00060846019781124,0.00413506380451749
"AFUB_022440-T",12625.9709542173,-0.807425435258607,0.247209637039715,0.000610861393702198,0.00414838048420177
"AFUB_002740-T",1964.58172580465,0.79943946524432,0.244049922464146,0.000612090038730244,0.0041528064063268
"AFUB_027120-T",2393.15414504213,0.819220714886757,0.251334726110676,0.000612397452381029,0.0041528064063268
"AFUB_058280-T",25356.3080610045,-0.457191995421536,0.135430199657314,0.000613988724920528,0.00416059314895642
"AFUB_016540-T",4315.36316575977,-0.792008894909647,0.242364745298493,0.000621582052664566,0.00420901127514463
"AFUB_077960-T",28.6308124692736,-0.568522256715084,1.17400247128599,0.000637795298067292,0.00431568691602882
"AFUB_063690-T",2121.46084461348,-0.78986861103387,0.242459172481135,0.000644663913837229,0.00435902338283604
"AFUB_008320-T",14963.0717607535,0.856853130687061,0.264698231796939,0.000646895718267845,0.00437096732803712
"AFUB_090720-T",1295.07727534869,-1.08056623903822,0.345052105980992,0.000653280482769969,0.00441093479092419
"AFUB_008690-T",6364.76272513296,-0.78450785884915,0.241076122345118,0.000658401196800054,0.0044423161209383
"AFUB_096380-T",1461.38575462722,1.02914824443471,0.3258142862943,0.000660933899300128,0.00445620328946648
"AFUB_065540-T",16099.6406925355,0.568991370349646,0.170785097747429,0.000669176248487744,0.00450808842345424
"AFUB_020180-T",57651.628017274,-0.436944729480635,0.129981859461622,0.000669589368688103,0.00450808842345424
"AFUB_015380-T",1232.38798610069,-1.26628374969334,0.418709827653227,0.000674712267358716,0.00453932493913543
"AFUB_030820-T",4671.20612753625,-0.637879304919408,0.193240033498127,0.000675418192124116,0.00454082151784516
"AFUB_062340-T",3276.61230629786,-0.788818512549085,0.243710934935825,0.000695122161149257,0.00466994802397269
"AFUB_025410-T",5883.22133830921,-0.61665615282759,0.18711944576479,0.000701325154533252,0.00470825293164853
"AFUB_026570-T",1387.75860308072,0.980708904262751,0.31014139195871,0.000702268127608664,0.00471121589607184
"AFUB_078830-T",4206.03734162087,0.834349037245292,0.258927105178531,0.000703242457736137,0.00471438484158301
"AFUB_024970-T",6048.05092101247,0.629144205752128,0.191053034709238,0.000711378159155771,0.0047655233029893
"AFUB_095820-T",12984.7847275478,0.619509979020487,0.187131589744362,0.000713557593980247,0.00477490768046516
"AFUB_047010-T",8670.4298413429,-0.696912049134776,0.211743445981628,0.000714145384616782,0.00477490768046516
"AFUB_094080-T",1339.92452880275,-0.888900525275897,0.27876452932466,0.000714304226049143,0.00477490768046516
"AFUB_068350-T",10329.4231827542,-0.719157389857977,0.22100222245875,0.000717545561950862,0.00479316352620376
"AFUB_064980-T",593.911041782894,-1.45227987018229,0.495147670583803,0.000718441330078955,0.00479573629857964
"AFUB_011710-T",1258.69843146339,1.31472848064234,0.437051606173401,0.00072218742088776,0.00481731836433085
"AFUB_086080-T",748.411236749773,1.40235388559539,0.47110650267368,0.000723102735309775,0.00482000063167452
"AFUB_073410-T",52390.871954816,0.405544515712989,0.121517128448857,0.000726103493269932,0.00483657021900085
"AFUB_017870-T",533.328438147311,-2.63690797728874,1.05340440659928,0.000728347161304833,0.00484807692344082
"AFUB_035090-T",4311.39567222255,0.607405240969861,0.184483968271234,0.000731489862031104,0.00486554729758933
"AFUB_089340-T",27961.877891683,0.500869763198729,0.15084193410634,0.000735608372689247,0.00488585829641899
"AFUB_032500-T",1620.14548260882,-0.877534965877306,0.275692913108949,0.000735780659258381,0.00488585829641899
"AFUB_067950-T",31596.7891225948,0.444613062731238,0.133329347854638,0.000736104076813551,0.00488585829641899
"AFUB_067200-T",6812.94390363935,0.662931507796877,0.202758818768117,0.000737250794211562,0.00488788865870218
"AFUB_098340-T",17899.8924482789,0.650760188019744,0.199143717575294,0.000737450833622337,0.00488788865870218
"AFUB_077670-T",888.600930675692,-1.33130232725739,0.447828870018536,0.00074517728582596,0.00493260721270939
"AFUB_063650-T",7767.30888392096,-0.639518364921217,0.195517348500928,0.000745248044594828,0.00493260721270939
"AFUB_078450-T",13453.0472021586,0.710983658158336,0.221104900808574,0.000752042860646527,0.0049706049266197
"AFUB_085620-T",23465.6180184717,-0.463837223627938,0.139518392345073,0.000752047444711094,0.0049706049266197
"AFUB_039830-T",18172.6807159343,0.506446281330396,0.152829875204104,0.000752601639064636,0.00497076975674758
"AFUB_094280-T",20328.1325610407,-0.654105841929413,0.199608172752703,0.000760291587971599,0.00501803133817938
"AFUB_036160-T",10742.6161180763,0.559711018279134,0.169977067507964,0.00076802853290987,0.00506553650357409
"AFUB_009670-T",3925.35618747321,-1.11577613898873,0.36345321077521,0.000778043723781208,0.00512799063421271
"AFUB_023680-T",1606.84629143696,0.820565055497053,0.256875496694372,0.000788412993243413,0.00519268922338158
"AFUB_065410-T",11498.4522319853,0.528938860696917,0.16019660101284,0.000791637549903631,0.00520964189637334
"AFUB_072570-T",4192.65835384567,-0.75354336191131,0.234643126576753,0.000792096318997138,0.00520964189637334
"AFUB_070490-T",651.73911380269,-1.4196112113504,0.488213956296127,0.000799825085433865,0.00525679300377527
"AFUB_010390-T",28591.6679058055,0.500534674821839,0.151794898073804,0.000801846672397227,0.00526639436863969
"AFUB_101510-T",2708.85710617419,-0.743489041293232,0.231426292027892,0.000803912483420202,0.0052762725676328
"AFUB_057020-T",4792.2745704452,-0.708903170043397,0.219847017622676,0.000806495811094735,0.00528953118561575
"AFUB_051330-T",4488.71960291587,-0.703750730455729,0.218413846297392,0.000818705635071943,0.00536586414835708
"AFUB_001670-T",1302.326472054,1.02695106512524,0.331801641232329,0.00082035063055316,0.00537174708484597
"AFUB_069620-T",16462.3598142465,-0.576585075413622,0.176740783801276,0.000820747132320481,0.00537174708484597
"AFUB_101540-T",43.5665233061748,-4.75903410480831,2.23405739855169,0.000823036088629207,0.00538297698078378
"AFUB_054040-T",7930.6038136951,-0.565821564726924,0.173290372472379,0.000824731129091413,0.00539030950899551
"AFUB_000990-T",832.132076403225,-1.07419598429776,0.350808518040937,0.000830022756246316,0.00542112220213171
"AFUB_078060-T",8498.13049696272,-0.523431440099707,0.15964777147244,0.00083426699377874,0.00544255886337478
"AFUB_071195-T",5066.73529517733,-0.813367405942107,0.25637865383197,0.000834961125365392,0.00544255886337478
"AFUB_091840-T",839.784838760996,-1.19036104834174,0.395466768992606,0.000835043369050581,0.00544255886337478
"AFUB_082300-T",2421.88213700816,-0.878522067067504,0.279191569169741,0.000836479525788129,0.00544813849251186
"AFUB_062930-T",8473.99252019764,0.588954730728124,0.180665192549277,0.000837216833282195,0.00544916181440497
"AFUB_001870-T",14835.4488151604,0.648179844100452,0.20038700193905,0.000848556935069329,0.00551835980747685
"AFUB_024560-T",9700.7926611825,-0.52530050040899,0.160729910862929,0.000849420451648109,0.00551835980747685
"AFUB_013100-T",6737.16970727273,-0.596662187975903,0.183756505900125,0.000849611188416899,0.00551835980747685
"AFUB_044030-T",1390.57542466003,0.934960610540321,0.29910888427684,0.000850660233551939,0.00552135515792662
"AFUB_058850-T",641.967657896951,-1.38933848301419,0.478942049206663,0.000864617284386723,0.0056080701208288
"AFUB_087800-T",17252.0969158351,0.526581232196187,0.160923435626883,0.000868332646752551,0.00562828172415456
"AFUB_085270-T",425.745696071859,-2.53155415775697,1.03128313798224,0.000886843376786074,0.00574429861708607
"AFUB_060810-T",356.863557386631,-2.34758792542255,0.933176689454628,0.000889410288394083,0.00575695480950877
"AFUB_067330-T",23234.855311768,-0.506029855722782,0.155253615428043,0.000891592554343902,0.0057671055581253
"AFUB_047050-T",2115.20824744831,-1.09223944346769,0.359958150271115,0.000895078037302355,0.00578566615715328
"AFUB_097280-T",153.756569816438,-3.60349762417748,1.66619867183115,0.000895696783629213,0.00578568376330507
"AFUB_087850-T",4842.09728530613,0.615346024351645,0.190970844688613,0.000925439831128398,0.00597369820890578
"AFUB_014610-T",6719.22228605149,0.603349361017877,0.187128635476375,0.000931779099498642,0.00601048715830443
"AFUB_043550-T",37809.4488424795,0.491658827887869,0.151810489083774,0.000945434371421721,0.00609438546080495
"AFUB_016230-T",71075.4162189685,0.455211553101944,0.138567719360952,0.000954361013271327,0.00614770825558594
"AFUB_097970-T",5243.97449754844,0.698449815182496,0.219279955910232,0.000955631081525992,0.00615167040280474
"AFUB_099690-T",6817.98669282224,-0.963076475922526,0.314052454546899,0.000956507025622793,0.00615309177030772
"AFUB_070770-T",512.947753002119,-2.61692632870381,1.09357104099974,0.00096088242197331,0.00617700732866073
"AFUB_078820-T",4772.14545804223,0.800009801287841,0.254545331042225,0.000972490379242429,0.00624735269620034
"AFUB_060220-T",11150.9454074653,-0.451902627471933,0.139276508558858,0.000984983900171771,0.00632328693808153
"AFUB_069360-T",4952.30538085287,0.669422318497997,0.209644757440702,0.000987417140159949,0.00633457771884033
"AFUB_056330-T",13134.515682169,-0.547816742619852,0.170228271551405,0.00098895687608512,0.00634012490115457
"AFUB_065490-T",31173.2960391597,-0.580394184439709,0.181321946848057,0.000996860480792328,0.00638643494925071
"AFUB_069990-T",422.76544313321,-1.67644302500754,0.614899560305271,0.00100111286844594,0.00640930610800561
"AFUB_095770-T",535.781306287651,-1.50254607928694,0.536432940222631,0.00100329157081832,0.00641887904163876
"AFUB_045470-T",33.916773593774,-5.20433763978914,2.46366215018939,0.00100494871414392,0.00642510437252533
"AFUB_026040-T",17132.0109782463,-1.52305330128635,0.553642652639838,0.00101953006959465,0.00651282731202135
"AFUB_000820-T",4783.01285522984,0.912890708243087,0.296817327506749,0.00102005632197438,0.00651282731202135
"AFUB_050940-T",17502.5772380348,0.804496389852203,0.25676310605043,0.00102694436722148,0.00655235156042402
"AFUB_046520-T",4943.85890377754,-0.755789756918309,0.241062232745146,0.00102908113986422,0.00656152753944652
"AFUB_062940-T",6004.81181084703,0.677567308644437,0.213870983514531,0.00103126370024562,0.00657098281730451
"AFUB_041140-T",2894.17283214793,-1.00674392300617,0.332951347190569,0.00103673130842648,0.00660134267711285
"AFUB_069550-T",13827.5662068238,-0.562416857588059,0.177140809658932,0.00104686195016329,0.00666133295117456
"AFUB_099640-T",24.8125855935741,-0.533028803404697,1.12870975948584,0.00104766674091189,0.00666194044051758
"AFUB_019830-T",22269.5240850112,-0.455052043388949,0.141606791364735,0.00106404511274007,0.0067615099450979
"AFUB_101050-T",48.5331930636997,5.54805547640855,2.95249101657459,0.00106780460437285,0.00678081192986463
"AFUB_060200-T",2874.08417692851,-0.760765821713848,0.243774000969509,0.00107222506916649,0.0068042823308187
"AFUB_098820-T",915.458718790381,-1.09884759190152,0.370646310502488,0.00109515693238346,0.00694511405060461
"AFUB_029950-T",2190.55942601169,-2.42926712820617,1.01543224674804,0.00110501140349403,0.00700287928584068
"AFUB_038360-T",3315.26798740207,0.704699140561265,0.224454364864242,0.00110606760464164,0.00700484621901165
"AFUB_030160-T",3499.62289972351,-0.670551253553548,0.213341079597275,0.00111868403185897,0.00707997333370584
"AFUB_010830-T",2242.1985747973,-0.810826410475641,0.262601018039631,0.00112213147768085,0.00709619481737718
"AFUB_047550-T",3046.20497142175,-0.849940834753204,0.276818232690074,0.00112275825155691,0.00709619481737718
"AFUB_049190-T",1073.71634043199,-1.1300920797332,0.383239253334499,0.00112975402880536,0.00713560849935435
"AFUB_018890-T",10081.9628824422,-0.481468479649225,0.150736337141129,0.00113667287576044,0.00717057154189973
"AFUB_024230-T",1461.49377296761,-1.42427678327206,0.509785855721588,0.00113681654875306,0.00717057154189973
"AFUB_093860-T",7313.99683578698,0.745474147660382,0.240552607907364,0.00113805000176404,0.00717353397085091
"AFUB_037420-T",4554.32957984367,-0.750431151731375,0.242272957404445,0.00114099958360665,0.00718730254140417
"AFUB_046690-T",24.8196161715659,-0.516125507187242,1.10912876772135,0.00115614617335779,0.0072778316757214
"AFUB_076740-T",2140.92106983736,0.68349017818173,0.218119927485576,0.00115821050253221,0.00728594309429505
"AFUB_069890-T",5284.42801593354,-0.696598256429196,0.223221343259475,0.00116775937010413,0.00733714789811734
"AFUB_067060-T",8043.98335664991,-0.596799185277528,0.18917547529345,0.00116791270311812,0.00733714789811734
"AFUB_096680-T",24.9343120469071,0.489892180794162,1.07983519858897,0.00117232453920501,0.00735994122474161
"AFUB_034080-T",1275.28005297711,-0.956840697122651,0.318193706037704,0.00118113788919653,0.00741031867423767
"AFUB_100280-T",1883.48756814384,-0.779813376340901,0.252919048467646,0.0011857954214012,0.00743457316275035
"AFUB_015410-T",11050.7302213459,0.618538861341289,0.196671506659213,0.00118776233526671,0.00744193719334551
"AFUB_000310-T",1932.45495756409,-1.12468879847538,0.38463667169223,0.00119134704168946,0.00745942094369829
"AFUB_068980-T",1027.08076582858,1.06324974660981,0.359263200625873,0.00120732240372455,0.00755441173602996
"AFUB_055310-T",8176.96951495068,-0.833352646533935,0.272846222524971,0.00121215825580594,0.00757962073137775
"AFUB_094050-T",23433.9557975749,0.570618381595614,0.18081490898061,0.00122133676341747,0.0076298310946687
"AFUB_022910-T",1064.88287279638,0.965621455492525,0.321803833604443,0.00122181281584132,0.0076298310946687
"AFUB_065500-T",1054.66116469283,-2.05076417799236,0.822842382993453,0.00122600601416572,0.00765092922594316
"AFUB_082160-T",19195.2243915313,0.497799430859301,0.15668662337156,0.00122900739264268,0.00766456668771582
"AFUB_009900-T",1443.36482520242,-0.961341115687082,0.321670808615369,0.00124686492517495,0.00776581895065961
"AFUB_038810-T",4915.71500046563,0.899474582228114,0.297359842208273,0.00124689682470131,0.00776581895065961
"AFUB_002110-T",80.8765503011582,-3.33689196421068,1.60813868453347,0.00125885256516333,0.00783508501790189
"AFUB_066210-T",12649.3360956095,-0.53926663873212,0.171132245269147,0.00126171792469881,0.00784765945633457
"AFUB_037780-T",27537.1135613719,0.635356224073569,0.203271667416469,0.00126254402028551,0.00784765945633457
"AFUB_018800-T",622.788187238514,-1.51524943516543,0.557797308039352,0.00126400576653731,0.00785154904716827
"AFUB_054860-T",7425.78181885704,0.53672904323161,0.170135657830899,0.00126941830101148,0.00787995815142092
"AFUB_081270-T",38.0377163722276,-1.00922765684342,2.38761036952005,0.00127272697465004,0.00789527856401132
"AFUB_010380-T",2830.04800549077,0.894846841159458,0.29619801947199,0.00127758189442093,0.00792016445703062
"AFUB_088390-T",683.054676705468,-1.20233759817001,0.419191078837031,0.00127984566472295,0.00792896469860024
"AFUB_000570-T",6984.2916535275,0.684550400896156,0.2233674495164,0.0012902325153092,0.00798804468278444
"AFUB_007600-T",6777.96292713088,-0.813165520101595,0.267372418509881,0.0012999082278683,0.00804264695397833
"AFUB_013640-T",6821.91322238191,0.610101422536446,0.195261105136172,0.00130388450151,0.00806193761565632
"AFUB_058150-T",412.55834109106,-1.64799946306078,0.623814602205873,0.00130674521736001,0.00807430992200341
"AFUB_033150-T",4702.12510291266,0.95394147428126,0.32042557775283,0.00130790111171526,0.00807613888312276
"AFUB_009080-T",42066.5488640165,-0.402751037360936,0.125035008521272,0.00131278879753477,0.00809687547571067
"AFUB_056560-T",37777.9142270664,0.474629202193614,0.150159453682268,0.00131298353380615,0.00809687547571067
"AFUB_026030-T",16400.9232050171,-2.83910177380999,1.32415381260033,0.00131754426936042,0.00811966914555974
"AFUB_004420-T",8246.93645987686,0.575860461278231,0.183196128646381,0.00134152720734024,0.00826204821727182
"AFUB_051290-T",12759.9149247748,0.489140429653528,0.155319979636992,0.00135209102158591,0.00832165063875156
"AFUB_078300-T",12410.7271157317,-0.420834905122945,0.133716195772956,0.0013954124843309,0.0085826549134485
"AFUB_015140-T",2601.32296628914,-1.01112136969959,0.345073779456484,0.00139928796024364,0.00860085898076459
"AFUB_095950-T",1393.40586061115,0.960180573549118,0.324107673643892,0.00140129271437193,0.00860754818402953
"AFUB_073220-T",25461.6443890074,-0.51939032919214,0.166720196587161,0.00140565628184538,0.00862870836541949
"AFUB_032630-T",2023.2201195673,0.706817408260808,0.230541101594319,0.00141056514550615,0.00864968427966041
"AFUB_085660-T",11242.3084023565,0.508384073410009,0.162187218966949,0.00141091528071122,0.00864968427966041
"AFUB_065200-T",2578.36169853568,0.734778710888673,0.24107002618297,0.00141959860757695,0.00869724078432011
"AFUB_072260-T",5438.03212476741,0.584957275243888,0.188308073236831,0.0014210960929062,0.00870073957273471
"AFUB_068890-T",19280.7546013083,0.422990074589162,0.134431563074439,0.00144412020907424,0.00883289601144354
"AFUB_072890-T",3357.6679048635,-0.823405822265952,0.27414199920198,0.00144456220970797,0.00883289601144354
"AFUB_012930-T",1880.28782882729,-0.779200876007179,0.257753961122549,0.00144740205980171,0.00884450237193084
"AFUB_034360-T",5133.11119213895,-0.713769137299954,0.234104418442101,0.00144949640415468,0.0088515411104166
"AFUB_077340-T",102.932801598867,-3.67351943183702,1.97645096805066,0.00145356377583332,0.00887061142470862
"AFUB_100610-T",72.9814022009667,-2.9226831268765,1.38034340203994,0.00146079885952804,0.00890897590174501
"AFUB_074940-T",1948.23546902962,1.20576433834233,0.425522028975694,0.00146333368071927,0.00891864369196326
"AFUB_037350-T",44105.575596921,-0.489570619465799,0.157050843879288,0.0014653278270699,0.00892500580534402
"AFUB_011470-T",16625.9580357967,-0.506443532324944,0.160969144628256,0.00146931393161165,0.00894348441069126
"AFUB_058890-T",20042.7183304266,-0.614194607380614,0.20013167838621,0.00147706946975737,0.00898486817355001
"AFUB_071420-T",2653.50931991789,-0.677432019994053,0.221800582212965,0.00149382039712298,0.00908088101603818
"AFUB_073310-T",7766.38941181662,0.513771985746094,0.165159283163559,0.00150293663965739,0.009127420572631
"AFUB_075090-T",1154.17574126225,-1.31528519353103,0.477693228394972,0.00150341989202089,0.009127420572631
"AFUB_015080-T",3494.53795597867,0.875517113608472,0.294981624384688,0.0015163837808894,0.00920017859826435
"AFUB_009550-T",1347.02009839008,-0.809676984112582,0.270303102686212,0.00152198510414966,0.00922820148364982
"AFUB_101040-T",143.492276046455,-3.21307882790747,1.62826454902833,0.0015381148229647,0.00931998349502224
"AFUB_029100-T",2257.55064884645,-0.757677745029013,0.251555152200691,0.00153986906496598,0.00932459720061925
"AFUB_101220-T",297.88131538664,-2.43564221656902,1.08450954755463,0.00154855133236164,0.0093655131316552
"AFUB_053140-T",4913.53321706097,0.557807328502126,0.180587850785341,0.0015486203038182,0.0093655131316552
"AFUB_000340-T",2131.61658712005,0.885322389188018,0.298854043503362,0.00155419794940709,0.00939319635832137
"AFUB_026650-T",21311.7256588703,-0.398760698684046,0.130210421365415,0.00156543326131398,0.00945501555643787
"AFUB_020240-T",7069.9859093795,-0.704788202797675,0.232819901113493,0.00157807608055471,0.00952435112614745
"AFUB_012330-T",33.6614542490081,-4.1306939849117,2.28858202432163,0.00157894108852338,0.00952435112614745
"AFUB_045570-T",54.3269337011598,0.563008486339541,1.16208100182219,0.00159700903076585,0.00962702753892932
"AFUB_006160-T",9476.59191736742,-0.495080051104288,0.158722270598137,0.00159801276971793,0.00962702753892932
"AFUB_078230-T",4454.97459863462,-0.647184209859665,0.212552359342344,0.00160247282312435,0.00964770817614352
"AFUB_041240-T",23545.8138033306,-1.40956948057984,0.526346742389366,0.00161525392856151,0.00971842722424711
"AFUB_096150-T",2754.19535201469,0.793716637143085,0.265476091482908,0.00162053691189031,0.00974397098365801
"AFUB_036340-T",330.189967630571,1.81968667243452,0.727258794758306,0.00162321125186278,0.00975380683141091
"AFUB_021280-T",158.830157161496,2.3188774869798,1.01131058647294,0.00163013070214735,0.00978912247734518
"AFUB_075570-T",5555.0820407047,-0.729401851377926,0.242670332699727,0.00163671008706617,0.00981862352565448
"AFUB_078360-T",13993.9066257994,-0.482404027483349,0.152277660921758,0.00163713420370261,0.00981862352565448
"AFUB_007730-T",175573.336672105,0.488735677784643,0.156348653596692,0.00164178901610671,0.00984025682148964
"AFUB_043740-T",11874.6571926035,0.538762667063426,0.174710498174755,0.00164749983830823,0.00986818780700948
"AFUB_057140-T",4736.77607006825,0.906215434832551,0.308911883010585,0.00165375664089576,0.00989935141573805
"AFUB_041770-T",7430.75220627193,-0.889925004134908,0.303596164799887,0.00166086517339828,0.00993212156426022
"AFUB_076000-T",4462.93790729816,0.776149347907229,0.259587062326574,0.0016613461432552,0.00993212156426022
"AFUB_078580-T",13282.498219169,0.447875559528891,0.144646461665292,0.00166784027698358,0.00996460297800875
"AFUB_094070-T",7942.13867433773,0.565749508783245,0.184716557572056,0.00167967804700592,0.0100289486442973
"AFUB_040070-T",10442.0413206209,0.528286336805969,0.171538203914055,0.00168600163050291,0.010060309602086
"AFUB_027290-T",3090.28756599643,-0.607463825486026,0.199759826419543,0.00168732504842186,0.0100618138760496
"AFUB_096970-T",213.99127514962,1.77780225407113,0.711675395963442,0.00172274161274697,0.010266490626218
"AFUB_047460-T",4923.01476613244,0.576149981096995,0.188841845476302,0.0017265587650854,0.010282713964288
"AFUB_090260-T",5508.44961044463,-0.545996244388849,0.178812150772816,0.00173024628161223,0.0102981451691394
"AFUB_083300-T",2774.80834334309,0.778256885838474,0.261428457620024,0.00174203018065914,0.0103617146654532
"AFUB_034740-T",18769.1204079033,-0.609819845411796,0.19851469461704,0.00175467002808371,0.0104302917112419
"AFUB_041160-T",221.469582896408,-2.76315489154627,1.34848450896279,0.00177131838405474,0.0105225947267819
"AFUB_086170-T",649.488392953107,1.39862711798703,0.522831719096766,0.00177270307589015,0.0105241638993428
"AFUB_049330-T",1190.51845321625,-1.32356029803368,0.49308502409754,0.00177907207524947,0.010554214400615
"AFUB_017690-T",105.154765541577,-3.53604242805555,2.01367377022635,0.00178001230947341,0.010554214400615
"AFUB_006140-T",3931.93668465684,0.697322530601423,0.233656153299113,0.0017834262081104,0.0105677848243362
"AFUB_087570-T",1608.32357646925,0.789223449042437,0.266670289807738,0.00179360761829329,0.0106214140926927
"AFUB_038570-T",2235.7232505768,0.766469626833296,0.258219766444826,0.00180056606373287,0.0106559019978444
"AFUB_041600-T",8086.72969033,-0.772577679341758,0.261354693572331,0.00181073321155924,0.0107093238809599
"AFUB_067160-T",18946.4901936117,0.434118593509809,0.141171534924265,0.00181229990290291,0.0107118443600152
"AFUB_022860-T",2655.01296444582,-0.721331201133108,0.242413161768524,0.00182229918748803,0.0107641723074765
"AFUB_062400-T",397.904323850488,-2.45850416169383,1.14293399946999,0.00182552686651611,0.0107764602956124
"AFUB_019530-T",12414.7711393994,0.445485777208555,0.144971006902258,0.0018349182914425,0.0108250958500175
"AFUB_079710-T",38.7606127316824,4.54695245920196,2.94373662189197,0.00185512520087587,0.0109374362125714
"AFUB_079910-T",32.3113660316513,4.09470768884593,2.42923649861089,0.00185742948153161,0.010944151625185
"AFUB_099280-T",1698.15303305671,-1.15377096419465,0.419937111805473,0.00186788823667362,0.0109988754350086
"AFUB_083890-T",3286.06124335945,0.649180419428642,0.216472728452386,0.00188451622678637,0.0110898348383318
"AFUB_094360-T",9261.47972331222,0.56065181305036,0.185160502934231,0.00189187253472494,0.0111261533163034
"AFUB_034020-T",4852.35311204487,0.634973497675715,0.211518920491976,0.00190013929911539,0.0111677774075668
"AFUB_077580-T",874.019518931713,-1.25733524697824,0.467874235534823,0.00190376389292635,0.0111820828532609
"AFUB_076850-T",1645.7312955606,-0.913352405473069,0.317685165095364,0.00191682846869712,0.0112517831112521
"AFUB_100820-T",1402.01238364706,-1.17846202514571,0.43264210181217,0.0019376438063594,0.0113627891441719
"AFUB_006590-T",23140.5229017709,0.454314202958659,0.149342134239339,0.00193815888085216,0.0113627891441719
"AFUB_004020-T",8266.07519985826,-0.599595378738642,0.200053726235192,0.00195096503523335,0.0114307321340684
"AFUB_023810-T",3717.67425460896,0.679084607042357,0.228499420686832,0.00195616832633462,0.0114540728933509
"AFUB_044050-T",1205.94261891788,-1.26475220887038,0.470670538845976,0.0019603582241654,0.0114714544805991
"AFUB_050190-T",16588.4686542615,0.532168283078504,0.17588542978578,0.0019640889086425,0.0114861289103178
"AFUB_028350-T",22.763677117419,-0.459249230058904,1.04962974122237,0.001965361497988,0.0114864189104563
"AFUB_043520-T",11896.7017299877,0.622128184536648,0.207723429042522,0.00196688343410327,0.0114881649335186
"AFUB_004920-T",20927.2599049193,0.581518309821057,0.190595260371821,0.00197945620334475,0.0115544143330105
"AFUB_059630-T",7744.39229736811,0.736468667130562,0.251151414752886,0.00198152088564845,0.0115592820857207
"AFUB_069760-T",20036.6163478854,0.413124127945378,0.137287109612393,0.00198731968965742,0.0115859134235025
"AFUB_021750-T",8491.93506637644,-0.561419169979444,0.186808093171112,0.00199120629550219,0.0116013706745388
"AFUB_009530-T",451.956519024771,-1.49232330671917,0.582621869899692,0.00199271501594282,0.0116029630686515
"AFUB_015170-T",2117.14838094177,-1.2647385774441,0.471886495161712,0.00199404195585825,0.0116034956935692
"AFUB_076390-T",7520.5725647266,-0.620111346405245,0.207672897867396,0.00199628589540728,0.011609360451805
"AFUB_021800-T",14678.8594989846,0.446245912913192,0.145893285479317,0.00200099363674722,0.0116295372749566
"AFUB_039340-T",1024.16925698616,-1.10232288302647,0.398953375877647,0.00201773587258451,0.0117195889395879
"AFUB_093260-T",2269.96120255928,-0.948216041754088,0.334525525531478,0.00203371699870456,0.0118051112804902
"AFUB_042790-T",24145.2522243741,0.405255413058828,0.132861445749346,0.0020418034196365,0.0118447299056368
"AFUB_044370-T",48.4828778556286,4.35584849630399,3.14549084538911,0.00204430144988386,0.0118519007514254
"AFUB_000790-T",1602.73924364249,0.828653756210097,0.28586523952872,0.00205892497669714,0.0119293173233434
"AFUB_018770-T",8523.61112201912,-0.552676806913785,0.184397686071115,0.00206318976642708,0.0119343041425427
"AFUB_072920-T",9303.53988003332,0.554330552586729,0.184561924267124,0.00206321457749791,0.0119343041425427
"AFUB_084660-T",1053.2206495464,0.984084525684952,0.348548289215916,0.00206359773503933,0.0119343041425427
"AFUB_078460-T",462.755497282275,-1.64531868998759,0.666701082631586,0.00206897674024763,0.0119580489504036
"AFUB_088350-T",254.614474544411,-2.88527147398654,1.52059710261054,0.00209501951326309,0.0121011213213819
"AFUB_053400-T",21432.9279050387,-0.435294959069733,0.144078279767,0.00210070524103502,0.0121265049931167
"AFUB_039500-T",38631.768127863,0.470218568243567,0.156205498584044,0.00210268766542515,0.0121304929690866
"AFUB_073340-T",3720.00323075098,-0.67633484203258,0.228736138944861,0.00210442914889918,0.0121330869039049
"AFUB_084680-T",3751.00010868271,0.701190531787714,0.238707745137141,0.00211293864692503,0.0121746747066993
"AFUB_008740-T",1597.46673013715,0.829847013072338,0.287338218014741,0.00212460383332298,0.01223438332469
"AFUB_032190-T",4098.12305042525,-0.6994386934154,0.238252329964677,0.00212621364393611,0.0122361510685343
"AFUB_005900-T",4825.87411566439,0.590820641867792,0.198311782231874,0.00214824003766544,0.0123553401308964
"AFUB_040670-T",677.119758049616,-1.16939475978711,0.431627976645606,0.0021563683895232,0.0123895659195999
"AFUB_022210-T",3292.12711455759,-0.68264693662612,0.232265172960539,0.00215682924601213,0.0123895659195999
"AFUB_032910-T",637.809058908256,1.39464579819106,0.537094513105056,0.00215901409955128,0.0123945357108714
"AFUB_011500-T",14435.0937939836,0.572847611372721,0.192592038992687,0.0021902099780959,0.0125621755283528
"AFUB_036810-T",237941.875474557,-0.51481881337174,0.174165612526594,0.00219089049355216,0.0125621755283528
"AFUB_004250-T",6146.11939367922,0.681773098196408,0.232213519343879,0.00222765473851281,0.0127651820037293
"AFUB_090200-T",5542.03209588267,0.53814683793126,0.18041073829584,0.00224283503814235,0.012844333340386
"AFUB_013120-T",1427.10664089601,0.834631498510028,0.29093784536698,0.00225108952436966,0.0128837494289335
"AFUB_024100-T",4834.25486984347,-0.918055398894812,0.324747888709036,0.00225731694563371,0.0129115229923215
"AFUB_013400-T",6824.18025070978,0.578809705929198,0.195162876192379,0.00226908821056186,0.0129709534227614
"AFUB_013500-T",1288.81713365134,1.26431056900241,0.476352284971089,0.00228042769235606,0.0130272366866109
"AFUB_055240-T",36833.1943785656,-0.545782929039052,0.18468553959366,0.00228170829956079,0.0130272366866109
"AFUB_060430-T",1965.36820204821,0.910851516897233,0.32228507903869,0.00228430699788917,0.0130341502577006
"AFUB_054750-T",8463.81094691545,-0.645425475331159,0.2202851361367,0.00231708985211721,0.0132131802617394
"AFUB_067930-T",2165.71385911962,0.824469536735016,0.28801224249071,0.00231875165827102,0.0132146332369426
"AFUB_044970-T",1096.77637533581,1.27878135347976,0.485071452874837,0.00232256369384377,0.0132283312386784
"AFUB_008720-T",111.719184897925,-3.33961941049144,2.07214678837479,0.00233041310932996,0.0132649938926224
"AFUB_043180-T",3136.98407916602,0.674013375853257,0.23104408590594,0.00238196598532029,0.0135453837362605
"AFUB_076400-T",177.745882309425,-1.6870812752439,0.704884654527288,0.00238255684969148,0.0135453837362605
"AFUB_047030-T",1679.09704250517,0.900195427326029,0.320610301243923,0.00239268474520341,0.0135947338941019
"AFUB_099570-T",42.8350356607147,-3.65721104627245,2.46807182833012,0.00242095513765249,0.0137470439255334
"AFUB_013460-T",8287.81592054233,-0.639097092384983,0.219753084326758,0.00244044834583226,0.0138493600387049
"AFUB_040500-T",4711.45103509926,0.512035519885487,0.172806419884624,0.00245421424005724,0.0139190701344309
"AFUB_022200-T",3468.28237352768,0.566062422392882,0.192270269169678,0.00247014632153672,0.0139985120900835
"AFUB_069530-T",5305.36566591,0.597276624505727,0.203688167396902,0.00247120241113272,0.0139985120900835
"AFUB_034910-T",19853.0031257162,0.550165875781364,0.186633517208397,0.0024774027933855,0.0140251760310287
"AFUB_089260-T",2155.80993274695,0.941047773483483,0.33931793823054,0.00249096251803045,0.0140934457646638
"AFUB_078770-T",13868.6856157191,0.618339365229803,0.211687844498682,0.00249861356557352,0.0141282231233393
"AFUB_080220-T",33.2359655139028,3.97020660131251,2.78726385609207,0.00251169643750469,0.0141936539958147
"AFUB_059520-T",1034.28315116224,-1.22105576904233,0.466070541765965,0.00253257210632904,0.0143030169709214
"AFUB_092330-T",1702.75828566185,-1.14155048695731,0.429300123805557,0.00255982015776323,0.0144472431248591
"AFUB_065810-T",496.076931101311,1.11156736600874,0.413945478825741,0.0025611860948563,0.0144472431248591
"AFUB_008960-T",4046.86946776106,0.615201727529876,0.211101840711789,0.00256824468921082,0.0144783638181681
"AFUB_020640-T",1180.0679226131,-1.33269247385361,0.522484501046026,0.00257948031364692,0.0145329808672897
"AFUB_006370-T",3452.87435509727,0.626079744956376,0.215289649281669,0.00259500821721764,0.0146117009449089
"AFUB_058580-T",11806.4300933896,-0.413261650177663,0.138334331614886,0.00259969376431169,0.0146293132620823
"AFUB_101500-T",1154.98799750959,-0.861702557087718,0.307883337472631,0.00261168358228003,0.0146819626989282
"AFUB_012860-T",4970.22636702724,-0.645949975644337,0.223395121056845,0.0026121762851266,0.0146819626989282
"AFUB_054720-T",717.557493998888,-1.15425124144808,0.43767153612786,0.0026254748254482,0.0147478825123263
"AFUB_030320-T",6959.83804867955,0.610810604840576,0.209983288855879,0.002627547145986,0.0147507010132101
"AFUB_021590-T",2676.9252986242,-1.04716800380763,0.387251212245061,0.00263347613752139,0.0147669584719797
"AFUB_094220-T",2943.37429316057,0.929364805817449,0.336159543604258,0.00263358767467695,0.0147669584719797
"AFUB_072610-T",3641.21136996147,-0.58857950056141,0.20238437959158,0.00264904133259322,0.0148447471334818
"AFUB_045130-T",660.493760920288,-1.12977390607691,0.425707433200122,0.00265483878754669,0.0148683636807624
"AFUB_042410-T",5461.95452113049,0.620647232737871,0.21393425784227,0.0026635787591242,0.0149084217554794
"AFUB_092610-T",12856.0255867343,0.853528496147441,0.305296304500522,0.00266603203962135,0.0149124297386161
"AFUB_032220-T",942.764671735266,1.17658283333332,0.446666214735779,0.00266747039617495,0.0149124297386161
"AFUB_001570-T",10784.300301869,0.667496311683405,0.231974463654431,0.00267337149036661,0.0149365288741958
"AFUB_011270-T",494.750925350403,1.48256029079652,0.60122736546659,0.0026811927445748,0.0149713211991953
"AFUB_045000-T",1107.95396553533,-1.15355440657263,0.437419874337385,0.00269590574123235,0.0150445316230863
"AFUB_084490-T",2981.42154287515,0.938655845848126,0.340466096647505,0.00269875278569004,0.0150514763439435
"AFUB_034210-T",115.942534238412,-3.24273164921306,2.13262799524843,0.00270175603337366,0.0150592834809765
"AFUB_006350-T",3156.18136419576,-0.859037895450289,0.307828276437557,0.00271583437829535,0.0151287760859727
"AFUB_072450-T",655.020427260018,1.06401841432582,0.395716811603809,0.00271998005852883,0.0151428883874942
"AFUB_038850-T",5477.16159102799,-0.718628016737967,0.252328139355138,0.00275650080544313,0.0153371182255461
"AFUB_045630-T",22.1959849026714,-0.417718061071802,1.01236234194235,0.00276308895701916,0.0153646722820153
"AFUB_060680-T",422.707549382952,-2.15618776089405,1.03637506241987,0.00276910403868146,0.0153890089534298
"AFUB_013930-T",2052.51098414514,-1.14375983092821,0.435024514465058,0.00277233621330585,0.0153978602692895
"AFUB_058490-T",5022.10702718989,0.667069979197957,0.233007914526674,0.00278747854447887,0.0154728123461853
"AFUB_097390-T",439.078950207627,1.39745231998431,0.559730662759858,0.00280817460362645,0.0155784854561486
"AFUB_085080-T",134.786726812106,-2.9931471479217,1.82982910578015,0.00281288905999705,0.0155954274211879
"AFUB_073300-T",5726.23595940669,0.482502524922792,0.164588683553507,0.00281468103696444,0.0155961559287139
"AFUB_034110-T",654.169153367627,-1.03981737616894,0.387665659475532,0.00281719592367023,0.0156008868603248
"AFUB_045500-T",925.463387433007,-1.82615800459005,0.813784346554935,0.00282294468062533,0.0156235099825769
"AFUB_047440-T",8648.8910963237,0.447761694564743,0.152738986963719,0.00286939080382553,0.0158712122670962
"AFUB_037200-T",726.009232248021,0.988009318939832,0.364529818550776,0.00288436393126841,0.0159443714477614
"AFUB_081310-T",2572.11399202179,-0.645130772595967,0.22548438659827,0.00288635316232489,0.0159443714477614
"AFUB_061360-T",17444.359209148,-0.425804439710514,0.145845253135133,0.00288774858620021,0.0159443714477614
"AFUB_051190-T",7349.39820848209,0.596615732145636,0.206996740194778,0.00288940802854449,0.0159443714477614
"AFUB_049310-T",259.624932202384,1.57448413590699,0.658047902989598,0.00290478602461467,0.0160198181698068
"AFUB_058740-T",3936.16311992076,0.785592905778174,0.280077367745822,0.00291052556788656,0.0160420517215907
"AFUB_031100-T",790.390648173622,-0.98108234502752,0.363159312411024,0.00291693055184131,0.0160679247758907
"AFUB_002320-T",1386.63797241225,0.915158995811772,0.333824598937578,0.00292964095116282,0.0161284805470816
"AFUB_057570-T",167.184739067179,1.845681816074,0.826226259766701,0.0029531735602246,0.0162485097115579
"AFUB_092530-T",28.8381001892395,-0.750216019589774,1.46326022642272,0.00298780695810935,0.016429439666606
"AFUB_089920-T",4033.39086314371,-0.665878254253926,0.235925926095791,0.00299561936569825,0.0164618080280195
"AFUB_022170-T",2312.50272496299,0.7117700735919,0.25154282116219,0.00299719886370458,0.0164618080280195
"AFUB_085070-T",1148.23464492466,1.11341142330126,0.425024459660034,0.00300125212349501,0.0164744359695296
"AFUB_040490-T",10287.2023790612,-0.506510773833072,0.175991788181746,0.0030035717787408,0.0164775386366434
"AFUB_053870-T",8323.31885863862,-0.566823790726016,0.19753858429211,0.00302247062155784,0.0165715376985822
"AFUB_067110-T",16507.9099360836,0.676431861610884,0.237627723488837,0.00302443334123171,0.0165726242362009
"AFUB_026360-T",10093.8211274633,0.473019447446305,0.162679257386663,0.00303188694506762,0.016597475907064
"AFUB_101900-T",32.4219396437707,-0.660299878742902,1.29835801715685,0.00303250305116288,0.016597475907064
"AFUB_008890-T",12335.0394857886,0.591430775539435,0.20612576985568,0.0030531119633745,0.016700540221324
"AFUB_098380-T",5603.83745701889,0.566556088005637,0.197135518322186,0.00308356688613474,0.0168573109398006
"AFUB_036300-T",1812.15912424818,-0.902463395076098,0.331528673426163,0.00309536259814032,0.0169119520196242
"AFUB_016820-T",2731.2759227531,0.756567853884998,0.269434751882199,0.0031043400220677,0.0169511403995697
"AFUB_042750-T",489.066353532272,-1.21228362630201,0.475285572432428,0.00310674742008472,0.0169544286864821
"AFUB_000660-T",4603.99443851067,-0.889436172776328,0.325518072552971,0.00310944173987905,0.0169592780609431
"AFUB_061350-T",9096.88137819757,-0.456317731462011,0.157611825500176,0.00311774638400718,0.0169947034466601
"AFUB_027210-T",3114.27444167611,-0.905092861094826,0.333045483130687,0.00312063559035494,0.0170005855363188
"AFUB_095040-T",920.027567046253,-1.07484876563823,0.40935210280222,0.00312962872163025,0.0170396944658268
"AFUB_086740-T",21.6533180015686,-0.406699934349138,1.00320559994351,0.00313331184056865,0.0170498637350062
"AFUB_011460-T",607.991856604834,-1.04561719679221,0.395851343356131,0.00313817400127786,0.0170664332484086
"AFUB_069720-T",2791.4592338368,0.743196065800084,0.265488654343545,0.00314311286024948,0.017083400453393
"AFUB_098680-T",3746.91413888071,0.65277739268588,0.230399743629051,0.00315165883588001,0.0171199420396675
"AFUB_085010-T",49.3383924466495,3.69155037575676,3.65444084801426,0.00316044613543379,0.0171577515051989
"AFUB_024140-T",10131.6219181546,0.48869159319222,0.169091393292161,0.00316774377332018,0.0171806603811434
"AFUB_025370-T",18858.5635539856,0.460925476169494,0.158861324481239,0.00316832450810694,0.0171806603811434
"AFUB_020030-T",1124.54556294104,0.900559600941193,0.331178605821954,0.00320167720877096,0.0173515016415331
"AFUB_081080-T",976.6061071992,-1.59567647875096,0.689039424388503,0.00321520818117409,0.017414783874041
"AFUB_015880-T",1107.92811641256,0.806984320555654,0.292055390859909,0.00321767310327122,0.0174164891181546
"AFUB_092010-T",494.637644439319,-1.85003050104141,0.85157384253952,0.00321923180463335,0.0174164891181546
"AFUB_042560-T",3719.83617557648,0.654897625827229,0.231695364464705,0.00322935131713458,0.01746117879708
"AFUB_101140-T",7313.49341916892,-0.811173474519515,0.294849489913129,0.00323345453762884,0.0174733055336076
"AFUB_042840-T",2957.57328547966,0.723555205497616,0.258512181073761,0.00323727353453241,0.0174838832871353
"AFUB_023250-T",13585.4255072639,-0.412255249824382,0.142303233093996,0.00324384703010337,0.0175093168429488
"AFUB_010630-T",454.629156182123,-1.4966325671083,0.631671554700723,0.00326015676986662,0.0175872443323304
"AFUB_080660-T",789.16963704118,-1.38074333086524,0.567942681904407,0.00328504428408542,0.0177113294581689
"AFUB_076600-T",11307.7869688538,0.696702148230858,0.247219225342828,0.00329516585707567,0.0177557072459293
"AFUB_066150-T",27945.6434039432,0.393473398421339,0.135642610704277,0.0033004600071931,0.0177740369194711
"AFUB_008470-T",1832.31939503554,-0.664209790492679,0.23659414835935,0.00332588135485764,0.017900674891016
"AFUB_008130-T",102163.735738012,0.530597627040645,0.185461357441808,0.00333322174730962,0.0179299075891936
"AFUB_015680-T",10211.8105780243,0.513719990633823,0.179265090699541,0.00333864990253416,0.0179488264937612
"AFUB_039930-T",1232.38863966711,-0.975366768181849,0.367220818854981,0.00335569668127249,0.0180301505895373
"AFUB_006790-T",1473.7051121138,-0.969508748822731,0.363575947568061,0.00336863240999617,0.0180893056573379
"AFUB_002300-T",1363.10755735234,-1.4143914833056,0.590104278017138,0.00337793084909155,0.0181288723055245
"AFUB_047530-T",573.887795094604,1.11134899791759,0.430299796152872,0.00338318434907578,0.0181466975479838
"AFUB_031700-T",11764.2475281182,0.464389693592758,0.161450927525342,0.00338842671861173,0.0181577095583703
"AFUB_018470-T",659.296125063314,1.18058803513869,0.464124626589918,0.00338910400935084,0.0181577095583703
"AFUB_075510-T",46.0377477317236,0.471627347399281,1.05862058429284,0.00339727868203044,0.0181843319397711
"AFUB_065560-T",3723.96427648252,0.618926764405619,0.219147220695141,0.00339794533159053,0.0181843319397711
"AFUB_090950-T",79770.5645606406,0.373315465786879,0.121144171245492,0.00340035634479832,0.0181868717484885
"AFUB_061300-T",6494.02147397521,0.516649521303431,0.180864815030841,0.00342473277784969,0.0183068242740833
"AFUB_056510-T",4938.18756697289,0.569171189853197,0.200427397902263,0.00342902519925931,0.0183193428165207
"AFUB_013690-T",3833.92943227664,0.499874928363227,0.174718619401116,0.00343455395595056,0.018338448410624
"AFUB_035920-T",3120.01234893104,0.774109493491512,0.280980149655438,0.00344437299382869,0.0183804267943404
"AFUB_085890-T",2856.53620451099,1.17297263310849,0.460100413859583,0.00344920507405616,0.0183957603949662
"AFUB_030790-T",137215.306824507,-0.413938655034876,0.145443065012122,0.00345692429037232,0.018426465910997
"AFUB_034470-T",1259.74248724842,-0.863280869729638,0.319417344432342,0.00347590430637592,0.0185171260609658
"AFUB_032320-T",3810.13536579672,-0.62995058547997,0.22287052226912,0.00348951777680731,0.018579110521414
"AFUB_056450-T",1318.04889833753,1.05773579066138,0.405514549758815,0.00352384789354277,0.0187512631252995
"AFUB_059970-T",38704.7629059081,0.562353521489542,0.197372720349886,0.00353335591529567,0.0187912110738714
"AFUB_008860-T",2030.29552664359,0.788679016802396,0.28789356778315,0.00354672460677288,0.0188516341294912
"AFUB_069670-T",11741.5176205607,0.425854236770806,0.148453113453357,0.00356530895929832,0.0189381424102447
"AFUB_020260-T",1143.70217364172,1.05265257417548,0.403729278453559,0.0035670329986928,0.0189381424102447
"AFUB_071380-T",1220.83180414432,0.880162753537358,0.327144548803785,0.00359412872366495,0.0190712186286221
"AFUB_074550-T",452.715778186968,-1.18979720797789,0.473952602890839,0.00359842599999781,0.0190832394082323
"AFUB_055070-T",1646.14184679271,-0.801186998270464,0.294734519075194,0.00363009249401844,0.0192403096522693
"AFUB_030220-T",12320.7983168895,-0.735058873363868,0.269609167021184,0.00366658728632421,0.0194126543785842
"AFUB_051180-T",24415.1640190726,-0.436896256568904,0.153061706277172,0.00366674285217295,0.0194126543785842
"AFUB_063450-T",2140.15984938583,0.749787745852982,0.272606166188659,0.00368374283550359,0.0194811847398227
"AFUB_019390-T",2393.79576803621,-0.733246857848997,0.266402575036663,0.00368383561519645,0.0194811847398227
"AFUB_083500-T",6069.10034847648,0.546879785305183,0.193779663185357,0.0037006497199769,0.0195590895723258
"AFUB_010230-T",9134.17134487195,0.622166157551387,0.22261787253462,0.00371381253715303,0.0196176194313506
"AFUB_090960-T",12128.750146838,-0.492741138452238,0.173989690376083,0.00371885933755998,0.0196332360305584
"AFUB_027550-T",3345.77462537166,0.597686765790975,0.213308373327898,0.00372243890544037,0.0196387068305455
"AFUB_065650-T",2386.2619530024,0.691923635204317,0.250149020364256,0.00372407760489794,0.0196387068305455
"AFUB_021020-T",25663.7848058343,-0.466803716760476,0.1644610429956,0.00373015130968999,0.0196596975873223
"AFUB_063730-T",21.0132551577329,-0.390553367094018,0.990378670383943,0.00373259418604646,0.0196615393131511
"AFUB_021240-T",17786.6155524876,0.452472970713467,0.158821425094083,0.0037422615388353,0.0197014127649894
"AFUB_077400-T",137710.005041208,-0.43492090148199,0.152878437152814,0.00374990327235343,0.0197305834924053
"AFUB_028020-T",16072.5676645345,-0.384783437183157,0.138491491619602,0.00375517410138919,0.0197472537291418
"AFUB_068870-T",2277.48311680316,1.03251143266373,0.39691797905682,0.00376023504890749,0.0197628022268266
"AFUB_088190-T",12364.8678901474,-0.595852194430806,0.213341023095222,0.00379671385241054,0.0199433649339149
"AFUB_091950-T",7103.41360333815,-0.665016708086175,0.241390122191412,0.00379959466677419,0.0199473410342891
"AFUB_026660-T",2687.62324119422,0.596959157881675,0.21295953420287,0.00380643708560022,0.0199720989429929
"AFUB_099650-T",10563.3116605851,-0.786626217449889,0.290168212338576,0.00382112627314003,0.0200349774512707
"AFUB_036030-T",1017.33579663333,-0.857633809359712,0.320811101463058,0.00382268735015727,0.0200349774512707
"AFUB_073830-T",1713.68788633724,0.87197070270392,0.32614467423203,0.00382572202234351,0.0200396995169271
"AFUB_019010-T",18029.6555987782,0.415511783290263,0.145425381976702,0.00383610554564792,0.0200828892334032
"AFUB_094090-T",3890.49384937926,0.665542117826353,0.241196485890734,0.00385336163080454,0.0201561095579128
"AFUB_067450-T",177910.650719903,0.503330785444478,0.17826495928059,0.00385438381239473,0.0201561095579128
"AFUB_020000-T",763.152574248516,-1.10285471583389,0.435156795015258,0.00386396858924184,0.0201949877518973
"AFUB_040390-T",2780.8353322742,-0.754048040454047,0.277446133300596,0.00387862649258157,0.020253004741579
"AFUB_012080-T",10147.5111073543,0.44732293636218,0.15778467866762,0.00387938197722537,0.020253004741579
"AFUB_062510-T",32.3366958257103,-0.623062021627684,1.2372059184063,0.00388337534578971,0.0202625895820317
"AFUB_072900-T",2667.49639268778,0.626152567303076,0.225799612054056,0.00389649949993876,0.020319779735383
"AFUB_000420-T",8369.64679186648,-0.510474278228776,0.181749396099071,0.00389996120638467,0.0203265458659072
"AFUB_072030-T",6365.83080942897,-0.898965779025668,0.339982356825656,0.00391575005369663,0.0203975177505927
"AFUB_038160-T",7526.77208405209,0.771511643440487,0.284306855724573,0.00392454543045668,0.0204236500186896
"AFUB_087150-T",23.8193036310778,-0.537454101578567,1.12804388433374,0.00392511587348113,0.0204236500186896
"AFUB_095210-T",407.80527847362,-1.6327252481965,0.739145586614424,0.00393024401572686,0.0204390098536582
"AFUB_095890-T",20122.1177867049,0.413857810516586,0.145724566275189,0.00393459795049019,0.0204503286945234
"AFUB_082480-T",11347.149197489,-0.421770699532117,0.150454072882993,0.00393721157591483,0.0204525946465664
"AFUB_011310-T",1594.31678086166,0.857187846542295,0.320700109801384,0.00394387241902649,0.0204703931150215
"AFUB_087500-T",109.827273025985,-2.79541087111377,1.92575275503816,0.00394499696956866,0.0204703931150215
"AFUB_020650-T",43846.1740061656,0.370583043516246,0.130104933213287,0.00394753764090536,0.0204722658881188
"AFUB_003170-T",1704.08875590582,0.911241814676633,0.345172643581507,0.0039651588387061,0.0205482408282364
"AFUB_087860-T",1434.08823909998,1.01453850708662,0.391513855134734,0.00397084318039961,0.0205482408282364
"AFUB_026210-T",2370.33654368829,-0.768523045866775,0.284403712352735,0.00397091346875377,0.0205482408282364
"AFUB_044630-T",89.9637496083044,2.74483063808733,1.77469710555952,0.00397093878867643,0.0205482408282364
"AFUB_049050-T",226.270434246993,1.87503556699746,0.900973337138948,0.00398389259771908,0.0206039203071463
"AFUB_026550-T",16825.3592494211,0.584787462079093,0.20992654055891,0.0040041196329342,0.0206971335126682
"AFUB_053010-T",67661.2984501713,0.354885492869754,0.121986196485397,0.00400975496712795,0.0207148617443706
"AFUB_065940-T",1509.87773970773,-0.738167436948794,0.271972768333321,0.00401567349793335,0.0207340327062067
"AFUB_034690-T",28176.5416716244,-0.666119312359047,0.239027438853786,0.00403909328243611,0.020843496762989
"AFUB_032420-T",10705.93265128,0.568553128430328,0.204164945040711,0.00405549385643495,0.0209166382754734
"AFUB_096420-T",1097.5121439766,-0.895419408418117,0.340465624990437,0.00407626844533444,0.021002523269558
"AFUB_031830-T",8199.56651431312,-0.519523552427489,0.185985934251065,0.00407661839016229,0.021002523269558
"AFUB_062530-T",878.86906549642,1.41405376899161,0.601561289120192,0.00408982347133444,0.0210590033129238
"AFUB_096410-T",1130.80444349348,-0.90657951655204,0.345732581914871,0.00409905625646106,0.0210949788277711
"AFUB_099700-T",2053.60740202384,-1.02835282638473,0.404174080594901,0.00410373799306768,0.0211075066981882
"AFUB_095380-T",16561.6653443643,0.510028931947341,0.182394711523371,0.00415101763039145,0.0213390025093796
"AFUB_015560-T",4782.58435168003,-0.613074193489114,0.222747127211724,0.00417541893684177,0.021452699482942
"AFUB_009810-T",12376.4538854664,0.435553324296369,0.154672416779894,0.00418289713883292,0.0214793712017052
"AFUB_047370-T",10379.6726802212,-0.93077929106755,0.357941827893789,0.00420027801629381,0.0215568366825309
"AFUB_035750-T",1068.80773380801,-1.47680859089588,0.649919128583002,0.00420744484534253,0.0215818252252633
"AFUB_097170-T",241.260715869771,1.54531991851619,0.685727789898987,0.00421127334895758,0.0215896721033895
"AFUB_003340-T",2808.53901674892,-0.829826311724331,0.312754162702171,0.00421491969131258,0.0215965770544505
"AFUB_023670-T",12230.3551822863,0.573902736870923,0.207117869514136,0.00421920820561068,0.0216067630682091
"AFUB_047620-T",756.630399498173,-2.7162209636426,1.96804746377792,0.00423062720422557,0.0216534336251153
"AFUB_047020-T",3346.08496798478,0.786243460532085,0.293349162599758,0.00425373521433102,0.021745407564296
"AFUB_094030-T",4466.35064425315,0.731424078341124,0.270416797294188,0.00425603711607891,0.021745407564296
"AFUB_099890-T",570.351965172697,1.29949688463686,0.543320785725071,0.00425747321450527,0.021745407564296
"AFUB_002710-T",470.386268936298,1.34608540805875,0.567284842738423,0.00425785823155242,0.021745407564296
"AFUB_093700-T",14724.5037570654,-0.412882267241383,0.147021593266579,0.00428180021294711,0.0218557976086953
"AFUB_046980-T",470.811986570266,-1.95232177212924,0.992940576749819,0.00429071502421289,0.0218894054901724
"AFUB_035840-T",1672.90082020398,0.801235804268346,0.301000792132868,0.00436759926685162,0.0222639378803909
"AFUB_025000-T",635.783023175916,-1.13322500375561,0.458701051108305,0.00436887111515763,0.0222639378803909
"AFUB_061860-T",27.0694657848218,-0.651903814256272,1.27998057300436,0.00438461487492021,0.0223320514670556
"AFUB_095250-T",2723.27918799037,-1.084048878266,0.439346637086846,0.00438781540702639,0.0223362397305105
"AFUB_100250-T",1026.75925282157,-1.07516045996248,0.428589947385347,0.00440131059785888,0.0223928001815225
"AFUB_042320-T",23494.0133590679,-0.411293506131633,0.146956278992706,0.00441412280865504,0.02244582643145
"AFUB_018230-T",920.913799299274,-1.17141713736273,0.479601124102451,0.00441717137206278,0.0224491739861546
"AFUB_046140-T",55.8667115591758,-2.86948135968815,2.31828451479426,0.00451015564412847,0.0229093465709327
"AFUB_038500-T",29183.8506569889,0.452847394995859,0.162479632781287,0.00453609983367155,0.0230286754799152
"AFUB_099360-T",963.452058027579,-0.83516216751275,0.318197740524598,0.0045443549594425,0.0230581208963176
"AFUB_020460-T",5466.86087082214,0.570409936682127,0.207776524487173,0.00455791466074016,0.0231144354717449
"AFUB_095510-T",2800.35930669383,0.605643057540609,0.221779070062829,0.00458272345742623,0.0232236147648583
"AFUB_093420-T",7257.43250913187,-0.683165678239459,0.250855410722318,0.00458438903045649,0.0232236147648583
"AFUB_054480-T",2102.4157837181,-0.726172624886348,0.271021037126359,0.00459945121077562,0.0232873562111076
"AFUB_042330-T",2483.40325779475,0.832638688983445,0.316567664301561,0.00460849468668234,0.0233135330461872
"AFUB_026250-T",5686.35705486186,0.447283352228693,0.160889553092566,0.00460958591000528,0.0233135330461872
"AFUB_098700-T",870.609127134252,-0.955230809296582,0.374181787957436,0.00463711577795889,0.0234401460638266
"AFUB_034190-T",118.878011739,-2.53571813260772,1.6855270080041,0.00464903480656444,0.0234877541168656
"AFUB_061600-T",4712.97526626413,-0.602317069801955,0.22137049187147,0.00466521675470624,0.0235568364302156
"AFUB_100040-T",2422.01399152373,0.714988609045312,0.266729662692642,0.0046780352326614,0.0236088699114218
"AFUB_082140-T",3169.27762017177,0.745395675554242,0.279720990131536,0.00468912521373708,0.023652128897647
"AFUB_039060-T",3696.09082179014,0.525357165060591,0.190981433876478,0.00469917359649757,0.0236900904016667
"AFUB_079010-T",7575.57244200482,0.592238744565629,0.217571459766978,0.00477627564066108,0.0240658695370648
"AFUB_019720-T",12975.9233501986,0.560836133644753,0.205231251058527,0.00478572645455349,0.0241005591748881
"AFUB_004780-T",2434.39424905442,-0.57313895100141,0.210702028634453,0.00479703012354642,0.0241445374707117
"AFUB_098690-T",1510.37857510924,-0.814748042984878,0.311588843990502,0.00481239602956974,0.0242089038616599
"AFUB_101740-T",4202.34580839384,-0.521554221170553,0.190486204566702,0.0048261728107763,0.0242595743095885
"AFUB_064060-T",5854.26556858916,0.595888436096221,0.219134464078402,0.00482990574854704,0.0242595743095885
"AFUB_023720-T",4651.69904825901,-0.671559587075079,0.250494872911237,0.00483021762765445,0.0242595743095885
"AFUB_055780-T",1061.84210238977,-1.0083744631641,0.402191132529288,0.00485181338722519,0.0243478607936565
"AFUB_066300-T",445.416142957627,-1.48694749816705,0.673932549391836,0.00485298077147838,0.0243478607936565
"AFUB_016840-T",1509.47196404028,-1.10968061464516,0.454474832912712,0.00488243913433331,0.0244825778695453
"AFUB_043220-T",1421.73217823552,-1.05073133389545,0.424723510253059,0.00489332664001293,0.0245150274846717
"AFUB_058260-T",3890.89863463051,0.566948500216642,0.207701720036761,0.0048941308064054,0.0245150274846717
"AFUB_094880-T",424.022610267869,-1.35489945656157,0.592348727437092,0.00489926764999081,0.0245232539110107
"AFUB_041190-T",5604.33084214063,0.735519892798747,0.277037360108495,0.00490099527161064,0.0245232539110107
"AFUB_027780-T",737.877837586413,-1.25508550022112,0.534554658188771,0.004926153705125,0.024636014695705
"AFUB_024920-T",76483.9576495571,-0.596501059372197,0.220753822355674,0.00495267789661525,0.0247554820675947
"AFUB_072550-T",8275.52585351697,0.616383357833256,0.228233794630182,0.00497356202103652,0.024846646011476
"AFUB_094650-T",4115.93900634087,-0.860380964661348,0.334105054313487,0.0049832898583644,0.0248820086920566
"AFUB_051770-T",1931.39683457434,0.708394998186459,0.266332933405865,0.00500507661365881,0.0249775130475471
"AFUB_006010-T",9894.90673911049,0.582471955594217,0.214762224806559,0.00501464116511758,0.0250119542340862
"AFUB_018030-T",3550.062805251,0.779319583194273,0.295337293700563,0.00503716410772012,0.0251109582270209
"AFUB_039980-T",2169.82473262941,0.795022646895836,0.304019355994519,0.00504814600589388,0.0251464844779603
"AFUB_096040-T",559.699795509719,-1.27617792516065,0.548932325131589,0.00505459428532043,0.0251464844779603
"AFUB_059690-T",1735.69977140752,0.724732558909801,0.273399351474992,0.00505927850173506,0.0251464844779603
"AFUB_100270-T",83.3028158281845,-2.59897660712179,1.91220087445304,0.00505927990504997,0.0251464844779603
"AFUB_072440-T",22543.8195408579,-0.626858078192573,0.233609444219423,0.00505956168638624,0.0251464844779603
"AFUB_080060-T",1369.89181573375,-0.737327332262692,0.279709376825798,0.00506035516006655,0.0251464844779603
"AFUB_048830-T",646.28684027277,-1.16324552296969,0.487961940453809,0.00506776042903355,0.0251699661287589
"AFUB_022510-T",1979.62585018014,0.664074058085917,0.249181152742508,0.00508123823943413,0.0252176744508639
"AFUB_092700-T",287.987205402988,-2.05835719986572,1.14780535686019,0.00508273613026888,0.0252176744508639
"AFUB_001080-T",3280.76415086137,-0.586864572274614,0.21756127167865,0.00509322945852296,0.0252563944426862
"AFUB_061430-T",2042.16145134189,-0.650799390422955,0.243629252726213,0.00510386524854083,0.0252957796381506
"AFUB_078530-T",10155.765913497,0.516930159229224,0.189762347738025,0.00511153397438132,0.0253204256790028
"AFUB_064840-T",2753.29282050045,-0.978111790274986,0.391237191285675,0.00512225463155151,0.0253601557720252
"AFUB_035980-T",2655.79387002283,0.757289686518087,0.288171508450621,0.00513135622283687,0.0253918322681159
"AFUB_055820-T",86191.1034530632,-0.521265511673863,0.190023236752114,0.00515064295096154,0.0254738486547819
"AFUB_082079-T",7507.86463470673,0.694278584504838,0.26115552759704,0.00516266935073914,0.0255114473520715
"AFUB_034970-T",230.708827714519,-2.21756938530435,1.32947099621945,0.00516367774875298,0.0255114473520715
"AFUB_018280-T",6273.22689783427,-0.721571093916475,0.274299282673054,0.00517365192553022,0.0255365135451107
"AFUB_020740-T",284.066175455577,-1.3793606040786,0.61341859034079,0.00517663976642373,0.0255365135451107
"AFUB_097070-T",490.40722212237,-1.98993976701198,1.08665563396037,0.00517690819739042,0.0255365135451107
"AFUB_072770-T",4820.06316427885,-0.683411521528453,0.256647712388268,0.00521265986323939,0.0256993708323068
"AFUB_006050-T",10216.8053313241,0.463718077919218,0.169552317569276,0.0052366783451991,0.0258042408279696
"AFUB_089210-T",4888.94425342927,0.671568934548804,0.25227933568781,0.0052430227238802,0.0258173909085336
"AFUB_007110-T",5796.89180123831,0.614903824667565,0.22924479461772,0.0052472323572036,0.0258173909085336
"AFUB_060030-T",1948.99773108064,1.16036306714649,0.484199443738636,0.00524759361631076,0.0258173909085336
"AFUB_059890-T",10771.4820348693,0.415151065546193,0.151218672975924,0.00527734401448508,0.0259405185862256
"AFUB_092570-T",14077.3195742358,-0.556535140468485,0.206523252562287,0.00527814427366665,0.0259405185862256
"AFUB_018330-T",5925.30154782225,-0.73126335858644,0.278980190615527,0.00529088158899375,0.0259895187676931
"AFUB_096940-T",509.309578804347,1.16104399885747,0.485980014564152,0.00530052816227507,0.0260232935180802
"AFUB_084460-T",21.2732303451609,-0.346125619606502,0.95862201961708,0.00530849915405478,0.0260480868254782
"AFUB_054050-T",4327.46374857945,-0.752962242921766,0.28931637032159,0.00531112502883207,0.0260480868254782
"AFUB_008020-T",70046.4812790767,0.46470339604631,0.166187950705727,0.00535128348989577,0.0262313437041237
"AFUB_064750-T",36719.6432771936,-0.404023966482665,0.146586957934756,0.00536494108663267,0.0262845731276234
"AFUB_002680-T",218841.845803172,0.404146199431527,0.147332930465627,0.00538433255650309,0.0263658244894041
"AFUB_080570-T",4656.96908558706,-0.671366621052036,0.25431557529478,0.00544035045561265,0.0266262488166305
"AFUB_045190-T",205.657628550592,-2.14140940885485,1.27106234983129,0.00546780398143973,0.026746674475876
"AFUB_003900-T",4763.27359882321,0.581068421075821,0.216779480433766,0.00547961826969083,0.0267905126439023
"AFUB_087780-T",238.206024933524,-2.04811140815056,1.16914491009596,0.0055203048625121,0.0269687750015987
"AFUB_076480-T",78.0534715884123,-2.65415868556917,3.37441567681952,0.00552182222402836,0.0269687750015987
"AFUB_032860-T",102.970730045529,-2.59269398298263,2.18238729429591,0.00552689730476155,0.026979531957547
"AFUB_052020-T",20578.2927214075,0.35735210639788,0.130190908718527,0.00553364933829404,0.0269852709136968
"AFUB_090480-T",21.3440342072605,-0.341065062943419,0.955302294555776,0.00553567086278741,0.0269852709136968
"AFUB_089580-T",3404.67166406429,0.838968450424327,0.329033632155539,0.00553669261613009,0.0269852709136968
"AFUB_053110-T",3790.03924823377,0.696859855246074,0.265138970909568,0.00555998483086474,0.0270847393835486
"AFUB_038460-T",2358.65908828603,0.709804410591907,0.270712982901273,0.00557357253475397,0.0271368549748104
"AFUB_016060-T",32447.9751643986,-0.457065656070482,0.169010483755474,0.00559190253059723,0.027207702560382
"AFUB_057590-T",1328.54232769806,-1.03608693115355,0.424918989837716,0.00559391755154361,0.027207702560382
"AFUB_043780-T",2906.22467114345,0.564963266073877,0.210915843164068,0.00560768020700626,0.0272605240704983
"AFUB_027050-T",3539.71846482205,0.508962842198471,0.188773044844869,0.00561600688884825,0.0272868787894789
"AFUB_034730-T",5273.8779347265,0.493780004812531,0.18260351286204,0.0056389288911278,0.0273754813959741
"AFUB_007640-T",8334.42390739083,0.764690820429367,0.294748311633033,0.00564007202951553,0.0273754813959741
"AFUB_063290-T",1678.85583260212,-0.696704057465413,0.265998778416844,0.00564583731544125,0.0273893099517687
"AFUB_044540-T",390.882584403956,1.39523558879812,0.630397227812706,0.00565023929223865,0.0273965139043394
"AFUB_006250-T",141.322874413926,-2.49820917142031,1.94170882250211,0.00566198382139166,0.0274392941437103
"AFUB_050030-T",9142.64049431969,0.450373558654768,0.166085435765358,0.00566575512483226,0.0274420733797296
"AFUB_053050-T",60512.459214736,0.436437141191151,0.158766619280538,0.00566952367295216,0.0274420733797296
"AFUB_034880-T",3094.14706853877,0.561966610701735,0.209995196034532,0.0056713228737282,0.0274420733797296
"AFUB_013200-T",48597.7757854033,0.364725406485485,0.133679832327819,0.00570110082252828,0.0275719561921656
"AFUB_025680-T",1927.46888091565,-0.636591889176113,0.241731072868759,0.00579495420562765,0.0280114307252984
"AFUB_047840-T",303.627708699584,1.55189661563446,0.740204248286943,0.00580983496218515,0.0280689145909686
"AFUB_091740-T",1197.10055295974,-1.14273295691463,0.487328919929562,0.00581570570157888,0.0280828318505033
"AFUB_091440-T",3539.31149554609,-0.740931654161054,0.2872070082653,0.00582491150226748,0.0281128308475314
"AFUB_098740-T",3733.10734751568,-0.842030480388872,0.331306164313273,0.00584598545810764,0.0282000490100395
"AFUB_088010-T",240.196568555049,-1.98591992632053,1.12878839948895,0.00585450132942766,0.0282208699454669
"AFUB_015290-T",5071.19085291893,0.656878874070054,0.249658354659843,0.00585631127807868,0.0282208699454669
"AFUB_099190-T",4348.01719110838,-0.588426740721967,0.222369264497958,0.00590919992799294,0.0284611311403639
"AFUB_047070-T",18.3141793566853,-0.361125067807324,0.968513255045517,0.00592110977475826,0.0284975153671948
"AFUB_053980-T",12144.4481552592,0.435077337397949,0.161085002152837,0.00592282261464697,0.0284975153671948
"AFUB_083510-T",14444.7614627841,-0.441350868674769,0.164107281335398,0.00593359432050016,0.0285291886427698
"AFUB_051090-T",21529.1756967316,0.4084446982508,0.150806159821368,0.00593548068653878,0.0285291886427698
"AFUB_028450-T",63.3769560422124,-2.56632186894122,2.28239113059251,0.00594521613317063,0.0285613656893803
"AFUB_056980-T",321.074932429989,-1.93538964183935,1.08603023039988,0.00598889908487227,0.0287565133973008
"AFUB_026260-T",16391.9781274942,0.450152066182844,0.1671610220059,0.00602279129243666,0.028904474102486
"AFUB_003760-T",587.922052267823,1.20845205613468,0.523691432132911,0.00605559863845554,0.0290470798837459
"AFUB_039870-T",7616.57157983617,0.468023010952795,0.174164238776373,0.00607258545749058,0.0291135330599498
"AFUB_000780-T",1398.56879832659,0.919599166559211,0.372318704688917,0.00607565212920588,0.0291135330599498
"AFUB_074320-T",64681.9483122786,-0.628359775320099,0.238143809617491,0.00608245763168682,0.0291312810182573
"AFUB_032580-T",1845.01854044196,0.770400029414189,0.3007154137128,0.00609515802315407,0.0291772294360158
"AFUB_006300-T",1761.33573464555,-0.806990703570532,0.318555367772342,0.00612711072114785,0.029315243959766
"AFUB_075820-T",892.675104660743,-0.88537315965025,0.355746222952872,0.00615266022347848,0.0294224973619704
"AFUB_100090-T",2003.60385663457,0.794300908087687,0.311929255158849,0.00616095423704666,0.0294471665111156
"AFUB_076810-T",554.088753192688,1.03388888911074,0.430319783383286,0.00619466981455238,0.0295878066036664
"AFUB_002160-T",10444.2079796208,0.463370324119508,0.173154041056454,0.00619698186501072,0.0295878066036664
"AFUB_019650-T",2799.2103316647,0.767476052137903,0.300118706804802,0.00619983000383469,0.0295878066036664
"AFUB_064140-T",1335.32723926729,-1.03611962585795,0.433189022928506,0.00620523222474754,0.0295985480217516
"AFUB_061390-T",27.7248202550811,-0.572267005414081,1.16459013308774,0.00621587452864133,0.029634260696954
"AFUB_083970-T",316.503588224164,1.48411588357891,0.704140679734115,0.00622825323678888,0.0296736000873723
"AFUB_063480-T",892.807649744911,1.07592725849457,0.452594449764593,0.00623044499279153,0.0296736000873723
"AFUB_084030-T",100291.450491019,-0.374875847090466,0.139258198195778,0.0062631861172254,0.0298144166310091
"AFUB_060330-T",13849.6648929271,0.357514631564642,0.132235008447619,0.00628523728784955,0.0299042292844392
"AFUB_058570-T",970.188312196923,0.814103357158716,0.321992514018753,0.00630165217977307,0.0299671479860398
"AFUB_037980-T",16911.3415629153,-0.371293363084922,0.138004819702851,0.00631427519924614,0.0300119800968217
"AFUB_086100-T",4223.88946165241,0.522766037183932,0.197097415299069,0.00632652204072923,0.0300549797706267
"AFUB_035320-T",1292.82051337488,0.941048805537395,0.383198954091927,0.00634304935295634,0.0301182606283953
"AFUB_088910-T",1225.21576805478,-0.764031869555333,0.30083526003757,0.00640225598326275,0.0303840263743324
"AFUB_031420-T",7912.24370955946,-0.414821169723493,0.154549235574731,0.00643811095119528,0.0305387565927404
"AFUB_090610-T",173.838572328691,-2.37684103807874,1.89742414204476,0.00644857957709166,0.0305729729369232
"AFUB_076700-T",31441.3990661371,-0.584771601584767,0.215182111572141,0.00646637111931062,0.0306418554755627
"AFUB_072800-T",32520.1178626413,0.36183768043494,0.133140534061587,0.00647717294606028,0.0306775634439728
"AFUB_034860-T",11938.4055346887,0.415682733898435,0.155360316601065,0.00649346517891454,0.0307388891774024
"AFUB_067310-T",4321.82708598228,-0.629645863484361,0.242479993559272,0.00649666684594801,0.0307388891774024
"AFUB_100970-T",101.307010629073,1.92172192799043,1.08751096456409,0.00653100035700988,0.0308857781233821
"AFUB_020720-T",19128.3705075516,-0.386551530242452,0.144492583588533,0.00653776554138026,0.0309022113561366
"AFUB_064200-T",5398.11132275869,0.669145051556879,0.258015549401318,0.00654855948302023,0.0309206091138683
"AFUB_012450-T",930.499421312674,-0.797520354284131,0.317391039746606,0.00655093652003614,0.0309206091138683
"AFUB_029020-T",9430.74012752711,0.428634630432748,0.160454242450679,0.00655459460630439,0.0309206091138683
"AFUB_052990-T",1340.20859082837,0.871742843423215,0.35164170225691,0.00655482674038669,0.0309206091138683
"AFUB_036910-T",735.757691742914,1.12506987144445,0.481609779874221,0.00658958064114071,0.0310689464767036
"AFUB_039740-T",10505.6794624951,0.544871896565818,0.207011777452826,0.00659482369443682,0.031078065297617
"AFUB_018130-T",2280.03323436636,-0.713597142133988,0.279505351008789,0.00660527116582758,0.0311088324986209
"AFUB_097010-T",212.890242703622,-2.0564352035897,1.27375682900782,0.00660797709058227,0.0311088324986209
"AFUB_053780-T",14549.2132005259,-0.611520067251815,0.234678003499607,0.00664077633815416,0.0312475808456633
"AFUB_003200-T",1392.62447286061,-0.809269266040807,0.322897982271781,0.00666590857562176,0.0313501318689232
"AFUB_040570-T",2557.23799502979,-0.880549468562157,0.357974888856301,0.00667054922588424,0.0313562554201726
"AFUB_023990-T",18136.3970369712,0.451242916670886,0.168898688370442,0.00668513805876636,0.031409112880407
"AFUB_040810-T",10746.5302042869,-0.417925908036432,0.157231951272876,0.00672266608525095,0.0315696399363384
"AFUB_090310-T",438.669278129294,1.05463833542016,0.44726625600252,0.00676321226988457,0.0317441727330114
"AFUB_087160-T",210.929709716648,-1.93055620231879,1.13116499813015,0.00677180641498038,0.0317617387736705
"AFUB_014020-T",2026.0830158767,-0.775035819135105,0.308277720925181,0.00677371835217867,0.0317617387736705
"AFUB_057170-T",648.887815671215,1.06896107140691,0.454329790189953,0.00678959514567778,0.0318175264865514
"AFUB_074070-T",2337.70766189093,-0.965566697309236,0.402036377228349,0.0067923914614071,0.0318175264865514
"AFUB_012430-T",5424.38977635654,0.505476930081766,0.192084643091431,0.00683724712017519,0.0320116774440107
"AFUB_095970-T",4155.8410746915,0.588750911293067,0.226313031661844,0.00685304407628377,0.032069651203018
"AFUB_100120-T",13252.5565205335,-0.444594213028259,0.168265825993865,0.00688699711824078,0.0322082040244477
"AFUB_028410-T",2431.12108479478,0.86601805715624,0.349317027006195,0.00688951042218009,0.0322082040244477
"AFUB_032800-T",2185.58146911089,0.781466459875189,0.311045299326412,0.006895247233609,0.0322189860786347
"AFUB_054400-T",206.780856295122,-2.21127122578971,1.59106881750236,0.0069508011528913,0.0324433333013817
"AFUB_058360-T",7602.22250087431,0.575183152040615,0.223570779509581,0.00695139187165369,0.0324433333013817
"AFUB_025290-T",710.942412619087,1.27740436418742,0.57965110748206,0.00695362328957426,0.0324433333013817
"AFUB_016650-T",356.665454287708,1.39985078486969,0.662229664794948,0.00698587197434487,0.0325776115109469
"AFUB_085930-T",379.976034937714,-1.16532201457715,0.514743004760318,0.00700233678312385,0.032638187130074
"AFUB_082020-T",16065.8062588698,-0.426170642132124,0.1615645280737,0.00702129133740179,0.0327103017067845
"AFUB_043350-T",9082.87362338983,-0.443121054512855,0.166998372516667,0.00703160093647803,0.0327420902307395
"AFUB_057330-T",428.206564975796,-1.86226138718592,1.07540489831585,0.00705810435823154,0.0328492151300845
"AFUB_049960-T",712.497925807541,0.908073661775791,0.37438632114053,0.00707485505817473,0.032910866125001
"AFUB_004350-T",34721.4033774407,-0.414983049153028,0.157444484790419,0.00714925542799726,0.0332348571054796
"AFUB_074960-T",2342.7183218938,0.565674282065802,0.217974573156149,0.00715265810212567,0.0332348571054796
"AFUB_075990-T",10607.5327802424,0.432205276249562,0.163706278451646,0.00715511936406301,0.0332348571054796
"AFUB_085420-T",17.3917127456809,-0.347871342895376,0.959389656799964,0.00715955685054579,0.03323903012374
"AFUB_075520-T",26.1050276342721,0.27880227082285,0.918492823328991,0.00717234152838449,0.0332727975003502
"AFUB_025320-T",28233.7616656556,-0.455747828164187,0.173472897066797,0.00717391555986043,0.0332727975003502
"AFUB_046030-T",297.442740508221,1.28666962789116,0.589761683916561,0.00719015123570975,0.033331638897229
"AFUB_030270-T",361.823066499327,1.37402714697619,0.649195625462559,0.0072135069242736,0.0334234124483363
"AFUB_003280-T",500.904258393323,0.995954350271498,0.420143195360083,0.00722116908585072,0.0334424162003501
"AFUB_021380-T",1409.60807929188,-1.03230618373315,0.445033150413462,0.00722781675707252,0.0334466620829936
"AFUB_052030-T",913.794067677193,-0.877554872417003,0.360513096098147,0.00722920826538298,0.0334466620829936
"AFUB_009650-T",357.168711145796,1.1300790892757,0.49466076479092,0.00726301763751556,0.0335865394640798
"AFUB_061020-T",6980.08656150976,0.451736751683733,0.172134619698511,0.00732846932047753,0.0338558784317637
"AFUB_041760-T",3456.15749351096,-0.646221452572398,0.252487453831469,0.00732847112987389,0.0338558784317637
"AFUB_002920-T",11459.2348940137,-0.512849132406692,0.198380039493915,0.00734006559109481,0.033892770910306
"AFUB_001540-T",3656.3639021078,0.493365902514062,0.189005914327234,0.00736789391346957,0.0340045501893397
"AFUB_044940-T",248.308804231038,1.64409913638137,0.857608218910001,0.00738319055938513,0.0340584114605821
"AFUB_053150-T",15936.4962579679,-0.421847380996206,0.160741000288025,0.00739283264460857,0.0340861483545232
"AFUB_037450-T",17412.7253692379,-0.393747825183526,0.149767564379041,0.00740222633497377,0.0341127133160322
"AFUB_017360-T",452.479078100043,1.25414279702158,0.572210207139019,0.00740985931623832,0.0341311420785239
"AFUB_029130-T",18142.5395209273,-0.476358020756457,0.183056226779584,0.00743468963775626,0.0342287279793171
"AFUB_017590-T",247.333358589066,-1.95981833706793,1.22259109833992,0.00745845885338072,0.0343213353997803
"AFUB_043470-T",16020.4538894434,-0.433991792160655,0.165821026546216,0.00746350789243353,0.0343277503064328
"AFUB_050440-T",1068.04338526202,0.772119681521274,0.310342466530461,0.00746831045403985,0.0343330258366824
"AFUB_040150-T",9740.180469935,-0.39373713617074,0.149836428654412,0.00747347507130247,0.0343399598188223
"AFUB_014220-T",28457.9573196286,-0.383698859716666,0.141547871050382,0.00751372390934249,0.0344877980620585
"AFUB_082460-T",3230.7340371705,-1.03737615782505,0.447449393679158,0.00751430634747633,0.0344877980620585
"AFUB_001520-T",3686.02396491916,0.499953111804313,0.192240076165983,0.0075166655273673,0.0344877980620585
"AFUB_083210-T",748.31652100294,-1.11686854040584,0.493293836407329,0.00755360920569189,0.0346403797167276
"AFUB_056710-T",1566.19376635117,-0.777382705271874,0.314363434954112,0.00756253206959037,0.0346643734492888
"AFUB_051900-T",2841.06757775892,0.799393358275678,0.32480611360466,0.00758285058583873,0.0347405525376573
"AFUB_056310-T",2828.21348618945,0.598534564537465,0.233939740627175,0.00758870251061715,0.0347504114966925
"AFUB_030250-T",2321.3629549007,0.704725467210785,0.280203363015389,0.00759907159217556,0.0347809358643825
"AFUB_060780-T",28988.3697033108,0.379582776747207,0.143981815351116,0.00765004074567822,0.0349971664312761
"AFUB_076070-T",4585.80951099735,0.777342229150487,0.316973314721413,0.00766056731490588,0.0350185273603869
"AFUB_053530-T",2901.57943884324,-0.519477178984486,0.201581310596426,0.0076625403331753,0.0350185273603869
"AFUB_014850-T",2046.36361072372,-0.843569952171462,0.346574089329951,0.00766631677895308,0.0350185273603869
"AFUB_064830-T",46175.5025498676,0.362147554652684,0.137730420688271,0.00767196579741986,0.0350185273603869
"AFUB_028150-T",1578.56210251377,-0.695658375494762,0.277552206344928,0.00767373896028556,0.0350185273603869
"AFUB_025620-T",5013.37203301788,0.492937000618106,0.188649223724724,0.00767873929175897,0.0350185273603869
"AFUB_055940-T",8157.42413945352,-0.388226010118116,0.149109240249545,0.00768080987674584,0.0350185273603869
"AFUB_083920-T",88.3113483931677,-2.02314492884352,4.9408828591581,0.00768664311126756,0.0350281184381489
"AFUB_029540-T",2165.18389590119,0.655335257030595,0.258533826431484,0.00769745128349758,0.0350475784818155
"AFUB_076120-T",3313.09820794397,-0.570283190105717,0.223921754501486,0.00769837674701718,0.0350475784818155
"AFUB_021290-T",1385.55076082188,0.825420811748825,0.336974488148337,0.00770304228166039,0.0350518280568577
"AFUB_101760-T",481.483889455704,-1.06322027771556,0.466831739625061,0.00771255488206781,0.0350717682728945
"AFUB_041179-T",945.075380051532,0.880054804136323,0.365859730508645,0.00771489280790034,0.0350717682728945
"AFUB_073870-T",9290.62131029528,0.493242423300809,0.189643654602187,0.00772959239166818,0.0351215925217937
"AFUB_030860-T",1534.29237035361,-0.69483012108642,0.27746088157718,0.00774381788684507,0.0351692154706232
"AFUB_078810-T",10323.7827758262,-0.483757504833759,0.187018298472073,0.00776712763649345,0.0352580293677847
"AFUB_041470-T",1054.44624336012,-0.765847716300614,0.310405215123071,0.00779741941848816,0.0353784363180873
"AFUB_023390-T",9083.30677434226,0.495904654430061,0.191663291389805,0.00781258548434438,0.035430131757104
"AFUB_100450-T",24.5805242138696,-0.576820085126069,1.16673529899283,0.00784607045823516,0.0355648135828883
"AFUB_041570-T",4222.68824766174,1.00196511609625,0.428767236061907,0.00789028861974779,0.0357381823314737
"AFUB_053850-T",36507.5951870566,-0.436000871970831,0.16786769284256,0.00789192825335141,0.0357381823314737
"AFUB_007140-T",4099.85472033119,-0.577368523454841,0.22642993933627,0.0078976321680295,0.035746776540787
"AFUB_005520-T",1467.81938885281,0.789088707508635,0.321142143566044,0.00792491913042923,0.0358530060081847
"AFUB_049870-T",636.162778501423,1.19532264766669,0.542281051933631,0.00793038868828524,0.0358604769188132
"AFUB_075320-T",37.5513303312767,0.710495743597857,1.35418071457431,0.00799310423456985,0.0361266770794418
"AFUB_098900-T",9274.96595802313,0.496692872386454,0.192577272194435,0.00804325866076288,0.0363358755853222
"AFUB_079000-T",579.492176985316,-0.973394561725327,0.416040111819649,0.00805572571960682,0.0363746999800708
"AFUB_034320-T",23.3253255817099,-0.551062268060957,1.13779208258658,0.00806861406947265,0.0364153884384849
"AFUB_067700-T",268.896626682511,1.20408635639337,0.549011360607615,0.00807594599004154,0.0364309724968637
"AFUB_081560-T",1143.2172779733,0.859107109669396,0.358923764627265,0.008088606419963,0.0364705672089738
"AFUB_024600-T",500.366911214359,-1.21814082956275,0.562854193697304,0.00810323514535028,0.0365189944746304
"AFUB_011490-T",2629.93196435984,-0.594673669657804,0.234997835809216,0.00812272167748124,0.0365892575515126
"AFUB_040140-T",12346.724042793,0.445022216946729,0.171816632577853,0.00814770810276873,0.0366842159641438
"AFUB_011980-T",1096.83757101685,-0.873126526942722,0.36521593033015,0.00816266920689613,0.0367339670297884
"AFUB_002620-T",36.0548682838607,0.398839241682187,0.993527733957053,0.00820288499897832,0.0368972681563239
"AFUB_098240-T",9279.09586047175,0.370912657028645,0.14232106652571,0.00820826367508606,0.0369037876670217
"AFUB_022580-T",124.855264503796,-2.19222402755537,1.87321104802487,0.00821399954028319,0.0369119060681051
"AFUB_022770-T",31478.4302170342,0.324057293702014,0.121672779176963,0.00828206011465503,0.0371999562873458
"AFUB_047390-T",886.292966698927,-1.10240851557739,0.493110453171757,0.00830728373181665,0.0372954153007753
"AFUB_072110-T",611.068185566979,-1.28553673764005,0.611562178327628,0.00834126203678977,0.0374300683466457
"AFUB_043570-T",45467.7275177761,0.511386985579228,0.200100498668459,0.00837374480926671,0.0375578850280004
"AFUB_061970-T",504.429492009187,-1.14702222650812,0.523633751430171,0.00839324109560747,0.0376273605584465
"AFUB_092430-T",600.747720611054,-1.24034649262877,0.581912475948894,0.00840279341071277,0.0376522116953313
"AFUB_025730-T",14366.7299805703,0.379408450621004,0.145758370100626,0.00842305556084659,0.0377106716035258
"AFUB_084480-T",2813.64525871562,0.766012855863494,0.313004536118002,0.0084238702112646,0.0377106716035258
"AFUB_014400-T",743.54915687056,1.06843442658643,0.472314233497587,0.00847007578223044,0.0378994529522193
"AFUB_081070-T",18.0417287126057,-0.320950280954714,0.942378649378889,0.00847887269986955,0.0379207487605594
"AFUB_012440-T",15764.0440398251,0.411316330353881,0.158246583377011,0.00848484247906966,0.0379293862748321
"AFUB_007340-T",27264.6654261013,-0.384348047987803,0.148657538460954,0.00851439775849472,0.038043398547946
"AFUB_008160-T",1529.65495052607,0.691687776122616,0.279047358963852,0.0085497257994659,0.0381721926433122
"AFUB_064510-T",3617.68049485797,0.55977334334956,0.220968147246005,0.00855135150356995,0.0381721926433122
"AFUB_043980-T",222.038751534559,1.89654447473751,1.18834638114369,0.0085910500286706,0.0383311837858785
"AFUB_011870-T",1345.47152112832,-0.975338472620974,0.42387976365381,0.00860754797546203,0.0383865577329247
"AFUB_079490-T",51.9630445248057,-1.87644344701788,4.76912185330188,0.00867618357723972,0.0386742838905721
"AFUB_074280-T",1518.08128076835,-1.0385894383809,0.459157075554894,0.0086954921805048,0.0387419651609587
"AFUB_011040-T",129.876387674228,1.81119090106644,1.08626723191072,0.00872050601995554,0.0388349893501292
"AFUB_069740-T",5816.70559557114,0.526982142131845,0.207631035868539,0.00875630512971653,0.0389759325963496
"AFUB_014490-T",13382.0043778365,-0.454005934603109,0.177714888496053,0.00877483763087675,0.0390399218518212
"AFUB_056040-T",4981.00727583094,-0.435057601513981,0.169841400253424,0.00878122914516467,0.0390498599106944
"AFUB_068670-T",47442.1745298963,-0.345732376957286,0.133947157039859,0.00879223719961891,0.0390803084613445
"AFUB_048800-T",122.549407845511,-2.15351886144938,2.35940655072488,0.0088267788795744,0.0392152825151196
"AFUB_070610-T",22764.6830345293,0.421032933026875,0.163849391726231,0.00883133141761051,0.039216957292765
"AFUB_032120-T",785.046595072494,-1.07524276906911,0.483085733682451,0.00888874797462454,0.0394532707833997
"AFUB_048250-T",6937.69366447317,-0.659698185529015,0.265470164620615,0.00890957872403703,0.0395270493038053
"AFUB_062920-T",18179.8462670214,0.413227595218613,0.161013037264319,0.00893223602973221,0.0396088577862346
"AFUB_076190-T",1427.01199879796,0.822049667941086,0.343579983164368,0.00894959391024189,0.0396671005214686
"AFUB_031740-T",15761.0891400311,0.572215344549948,0.228845854623769,0.00899971529342423,0.0398704368093587
"AFUB_053100-T",20951.9649363205,0.443258700373728,0.173375856010242,0.00901416851998608,0.0399156391983542
"AFUB_051140-T",3792.85380770933,0.585563799088819,0.235725249353199,0.00911841171736649,0.0403582105794091
"AFUB_101310-T",747.427463676951,1.24077780036883,0.585258123053045,0.00912506212823817,0.040368621530105
"AFUB_064180-T",26279.2635956616,0.454175889085786,0.178054854981297,0.00913424770631416,0.0403902327955285
"AFUB_014860-T",3224.82945557171,-0.596761603685011,0.239693567349812,0.00914970634689176,0.04043954918118
"AFUB_048390-T",17.6210524306307,0.306693580175013,0.933314281460943,0.0091630565335426,0.0404795046862804
"AFUB_047490-T",52856.3925797516,-0.534503993340413,0.20751967754018,0.00917513019459613,0.040513785983849
"AFUB_099930-T",32675.2027440082,-0.535917597858618,0.213771684448923,0.00918348528849208,0.0405316230401868
"AFUB_076540-T",1165.63602341324,0.689450482603953,0.280899002775205,0.00918908713579804,0.0405372975008996
"AFUB_083750-T",13656.643816331,0.482613727138493,0.190244793095826,0.00919455120392023,0.0405423591113703
"AFUB_075410-T",510.0194017017,1.1101821262668,0.505353676347303,0.00919950113584034,0.0405451500083587
"AFUB_086220-T",529.500957096419,1.07068892286567,0.48207254866315,0.00920662042805848,0.0405574948688205
"AFUB_060670-T",264.084883266039,-1.46025079725406,0.763275491129805,0.00927638945791781,0.0408266848325901
"AFUB_049640-T",376.286866704024,1.25411366649902,0.599467496627674,0.00927642093619542,0.0408266848325901
"AFUB_084140-T",5502.6895280937,-0.674839514868283,0.275869528927508,0.00929192718551021,0.0408659993673386
"AFUB_024750-T",366.249688233646,-1.13921175165666,0.526936558625757,0.00929405607417326,0.0408659993673386
"AFUB_087890-T",9100.50032628702,-0.444734464314857,0.175368415621694,0.00935203018917878,0.041101669413555
"AFUB_079580-T",24.9784522874988,-0.265424578798662,0.91240381236621,0.0093694896843784,0.041159142710796
"AFUB_037810-T",14158.1336381344,0.385539924371495,0.150622956520586,0.00939058530321648,0.041232527895189
"AFUB_043010-T",2228.88350364347,0.564850698907311,0.226188194891246,0.00942362417625707,0.0413582608707507
"AFUB_091560-T",1417.13124094431,0.643680577935127,0.261225018800861,0.00944867522491823,0.0414488359236021
"AFUB_081390-T",443.628111181568,1.44978626450055,0.747411179986302,0.00948363563771716,0.0415827758680857
"AFUB_018300-T",14497.1209841291,0.430826093814429,0.169201416002069,0.0095171021095599,0.0417100434031669
"AFUB_026330-T",4352.44674629486,-0.574338770243278,0.231976501986777,0.00955851213990937,0.0418719897472149
"AFUB_009190-T",2600.98674925979,-0.873006963821291,0.374914832480099,0.00956568667305304,0.0418838830924541
"AFUB_032170-T",17189.1774764735,0.414189683279652,0.162682222894415,0.00958778587590719,0.0419610833860766
"AFUB_047430-T",41.3562011119291,-1.32062512035982,3.27841710462567,0.00960245510720165,0.042005709532761
"AFUB_001190-T",19567.4630414871,0.354941308553816,0.1388788599159,0.00963238620010843,0.0420992312792353
"AFUB_016130-T",10299.7014598255,-0.507310805843972,0.202481569793522,0.00963279897988465,0.0420992312792353
"AFUB_076670-T",957.011529064149,1.13763699395024,0.526985796450989,0.00965098192804426,0.0421590801247403
"AFUB_014080-T",323.49410614566,1.28706027865413,0.629752986426583,0.00973566898218241,0.0424955492466737
"AFUB_005640-T",651.988149581203,0.992825857407276,0.439576910951356,0.00973705515106918,0.0424955492466737
"AFUB_043120-T",1071.57153314717,-0.921874241252231,0.401700143347912,0.00975396448953163,0.0425495747727269
"AFUB_101550-T",75.6104635234931,-0.91742000368042,1.75861132531939,0.00978900598711801,0.0426826110636083
"AFUB_004010-T",2234.04031238046,-0.757803806910763,0.317720411502304,0.0098379330611166,0.0428760405150845
"AFUB_020120-T",1515.4278225119,0.737869511306417,0.307323148006629,0.0099113582014519,0.0431760093822061
"AFUB_082350-T",6341.6354672815,0.455160546779677,0.180759205847436,0.00993432233994164,0.0432406402810621
"AFUB_059470-T",7228.59965546978,0.503504461590715,0.201194885976527,0.00993540265401747,0.0432406402810621
"AFUB_063830-T",3916.72144644745,0.617575093796281,0.251733748493454,0.00996461637315881,0.0433476966080165
"AFUB_064610-T",5452.1218251627,0.523074178680555,0.209552825032542,0.00999774331546133,0.043468814034664
"AFUB_049760-T",18.0952542069196,-0.302182704524787,0.931418942682793,0.0100051885318584,0.043468814034664
"AFUB_085790-T",23210.7742080274,0.351932792176003,0.138170053897717,0.0100063432647938,0.043468814034664
"AFUB_082410-T",2452.71744458276,-0.631313658679742,0.258221312447134,0.010015035181879,0.0434779283904444
"AFUB_035740-T",2895.37925801157,-0.544247740857988,0.219637184460823,0.0100176998548682,0.0434779283904444
"AFUB_085030-T",1357.11507474761,-0.930704339533422,0.409223778303167,0.0100250130929465,0.0434895718101404
"AFUB_029030-T",8042.94257019567,-0.50556946042884,0.202897786471552,0.0100305052674722,0.043493308158864
"AFUB_052740-T",8852.10405475497,-0.664728748860849,0.275563416984985,0.0100359927610454,0.0434970207714528
"AFUB_055960-T",23594.294962192,-0.328116506378273,0.128712189455471,0.010050387689642,0.0435393178879693
"AFUB_100320-T",173.482484219329,-1.95824261516187,1.50591304428923,0.0100587578822164,0.0435554882571582
"AFUB_035820-T",4732.44014138208,0.47170601735315,0.188096918277495,0.0100727132948668,0.0435958171729904
"AFUB_074410-T",5618.52814021687,0.544289713847699,0.219063675027698,0.0100897744295739,0.0436495446534123
"AFUB_070240-T",31246.0920049299,-0.412920736328156,0.163956170019746,0.0101216022622231,0.0437670757121545
"AFUB_029470-T",98.3226290830615,-2.03168039618056,1.82754984015481,0.0101499353169001,0.043869393693661
"AFUB_078380-T",1034.24517159248,-1.15718770795209,0.550104896204543,0.0102480449742319,0.0442730627405642
"AFUB_094500-T",1766.94868324319,0.656540248009832,0.270323679700544,0.0102630887091512,0.0443176685776314
"AFUB_005600-T",17773.2549660824,-0.559389026675512,0.22730697691525,0.0103203931229519,0.0445446379645057
"AFUB_098950-T",37498.2940845824,-0.329563028262719,0.130257851264982,0.0103450343033354,0.0446304833150784
"AFUB_021950-T",4529.93682589058,-0.571923384855431,0.233132977399236,0.0103715122245982,0.0447241702540984
"AFUB_029850-T",2478.3769176482,0.821720364377405,0.35153649689246,0.0104216908489096,0.0448948233264776
"AFUB_037100-T",11707.5334083228,0.428718464312068,0.170941021465515,0.0104243895137088,0.0448948233264776
"AFUB_039860-T",424.923434860283,-1.24052584991521,0.61033232506363,0.0104264613150031,0.0448948233264776
"AFUB_037440-T",8418.62504648365,-0.459310340311876,0.184316850989803,0.0104302070377315,0.0448948233264776
"AFUB_005650-T",8374.48807475128,-0.380864035053472,0.151316036433081,0.0104730620898005,0.0450586345155319
"AFUB_063710-T",5484.82174219132,-0.42951229878224,0.171775793282164,0.0104889620131935,0.0451063787673595
"AFUB_022420-T",8558.54486175412,-0.466292176148662,0.187868700132449,0.0105380510203517,0.0452967392142531
"AFUB_005450-T",6987.59216271647,0.416038841170986,0.166092903253991,0.0106098993476421,0.0455847093655328
"AFUB_002730-T",7050.08441775927,-0.422922449877442,0.170033122194824,0.0106293079644875,0.0456465773607654
"AFUB_065950-T",1131.6848132797,-0.828998380701981,0.35816332450143,0.0106362719341695,0.0456465773607654
"AFUB_012350-T",781.567945821376,0.976866404808697,0.437427019026381,0.0106450139064847,0.0456465773607654
"AFUB_078720-T",5379.74351146714,0.433778421739019,0.173511548857179,0.010646773840012,0.0456465773607654
"AFUB_090640-T",783.269981200095,-0.877145291486896,0.384150287031081,0.0106485999784324,0.0456465773607654
"AFUB_023560-T",1238.53845174298,0.793627501196841,0.338754058002939,0.0106763360025059,0.0457445929450436
"AFUB_013840-T",2259.56658447274,0.560733091362375,0.228564662312902,0.0107123504540586,0.0458779733080339
"AFUB_039960-T",60.1122479422065,-0.955497825916503,1.83968677330502,0.0107231736499353,0.0459023684474074
"AFUB_004060-T",5189.25558453411,0.59127758591313,0.241570253940808,0.0107332448928907,0.0459023684474074
"AFUB_034820-T",15152.4776968354,-0.503154051806013,0.203888399429449,0.0107353117848603,0.0459023684474074
"AFUB_069600-T",4076.16855116439,0.553535806888518,0.226171804769911,0.0107375961966518,0.0459023684474074
"AFUB_019630-T",138383.126570539,0.415792814191658,0.168312425595441,0.0107469899410146,0.0459216239881754
"AFUB_028880-T",10816.3405607382,-0.58281028295795,0.235531925269539,0.0107611773382889,0.0459439574619504
"AFUB_015830-T",2699.54835988583,-0.594798024851667,0.244604585690681,0.0107620002572712,0.0459439574619504
"AFUB_054965-T",607.429683051338,1.0412981272868,0.478073749922647,0.0107918660165083,0.0460441201902977
"AFUB_071890-T",275.583607270867,1.20166145074586,0.58334675407527,0.0107952675318394,0.0460441201902977
"AFUB_066660-T",1998.41130043855,-0.865235239103362,0.377427917680929,0.0108034289194119,0.0460580138044107
"AFUB_062900-T",9540.86523462553,0.459650822876074,0.184917326871901,0.0108115240047963,0.0460716122745221
"AFUB_030440-T",17401.3472003363,0.49778711943939,0.201851607783848,0.0108190989088502,0.0460829827446354
"AFUB_037830-T",18243.6985675687,0.353125867108199,0.1406487764724,0.0108514900432062,0.0461999975003591
"AFUB_061630-T",6403.78823289604,0.504705447530457,0.204644674008302,0.0108917616355131,0.0463504419033708
"AFUB_049740-T",89.5222169614818,-1.91689868946038,2.62038990322406,0.0109312298483358,0.0464865643101014
"AFUB_040260-T",35466.2854597491,0.297534941886063,0.119436402377279,0.0109336478450824,0.0464865643101014
"AFUB_022090-T",11501.3352070333,0.750544127329854,0.322107171268555,0.0109553654359536,0.0465578245133377
"AFUB_088460-T",12445.1237063087,0.612583500652181,0.252692642169652,0.0109695493746938,0.0465681552763511
"AFUB_098190-T",6868.91736883816,0.432616975047247,0.173840319012722,0.0109719665877188,0.0465681552763511
"AFUB_016580-T",427.963523407422,1.25141670109972,0.621846323644019,0.0109726711697791,0.0465681552763511
"AFUB_059050-T",2376.27303114217,0.603762341573137,0.250629960675228,0.0110075740668856,0.0466951832141777
"AFUB_024060-T",2775.0466225245,-0.672144721743501,0.281725767684602,0.0110181190079874,0.0467188143219043
"AFUB_008560-T",4432.94473680113,0.482749662942343,0.195501276811013,0.0110775989421832,0.0469457732752813
"AFUB_074390-T",374.977191387138,1.38764214767389,0.729601730305849,0.0110816417537584,0.0469457732752813
"AFUB_097950-T",269.082882430671,-1.31655222924573,0.678973821439015,0.0111081075907665,0.0470366756052656
"AFUB_069300-T",1177.67155400449,-0.845071011924188,0.367961200177448,0.0111209719313954,0.0470623286180611
"AFUB_098060-T",3121.53761706593,0.542188403813714,0.221644752154814,0.0111253071624526,0.0470623286180611
"AFUB_078970-T",9163.41970589552,0.454734018395466,0.183589526342392,0.0111291984519499,0.0470623286180611
"AFUB_101830-T",5058.64977557541,0.627102362478063,0.260227547188463,0.011196923988758,0.0473274122873156
"AFUB_087370-T",272.052216251578,1.38066481842848,0.727633739545025,0.0112037695355324,0.0473310692130228
"AFUB_027720-T",3093.41127420826,0.731446351113429,0.310211446023171,0.0112078681782115,0.0473310692130228
"AFUB_019780-T",10589.2832953062,0.411936046583554,0.165544314543385,0.0112326376374216,0.0474143517710848
"AFUB_099680-T",5342.93519369172,-0.735118080568228,0.313293641114296,0.0112511847464349,0.047471305992146
"AFUB_009790-T",1872.18091398821,-0.78298416242426,0.338504325966868,0.0113004210443541,0.0476576355853496
"AFUB_004860-T",4011.47021952137,0.508574437551587,0.207369168236648,0.0113087396574385,0.047670893299846
"AFUB_065020-T",6552.13875678615,0.476089692941026,0.193210724823351,0.0113143146915131,0.047670893299846
"AFUB_020520-T",11119.4205338948,0.606057303263824,0.250924169730646,0.0113187917438945,0.047670893299846
"AFUB_038620-T",298.249058284708,-1.15880422942774,0.563808421193587,0.0114308727394755,0.0481069901038137
"AFUB_005190-T",3403.18678544183,0.494644142401459,0.201572873916179,0.0114325811234787,0.0481069901038137
"AFUB_036290-T",2032.35935585503,-0.740820530938447,0.317133317413697,0.0114651644189364,0.0482224918148905
"AFUB_004240-T",2029.70403209358,0.634901800849345,0.2649235322518,0.0114803815578615,0.0482648807481804
"AFUB_066610-T",47.9379519795487,-0.81086538650685,1.51254177063129,0.0115172823871143,0.0483983517582899
"AFUB_045180-T",840.393465661212,1.14407703974207,0.548191817072848,0.0115467836427911,0.0485006225282173
"AFUB_017850-T",524.079166099441,1.15517256228781,0.557909725518275,0.0115573681213436,0.0485233801500487
"AFUB_074860-T",1712.54853244193,0.661565000954815,0.277898653980175,0.0115797336221053,0.0485955577206492
"AFUB_077050-T",7178.74260692344,0.443153387607974,0.178998552422728,0.0116387934335833,0.0488181402433381
"AFUB_001280-T",866.866923943939,-1.16264325474902,0.569442013447506,0.0116447660162215,0.0488181402433381
"AFUB_047780-T",29343.5877863933,-0.66597191705629,0.281234444930419,0.01164836587365,0.0488181402433381
"AFUB_057100-T",2401.3788583837,0.649235123070899,0.272365008223485,0.0116679873741418,0.0488785626306598
"AFUB_066380-T",78.2452837087737,-0.846727834194112,1.57757825137846,0.0116743478165674,0.0488834037865363
"AFUB_069800-T",7546.47170328216,0.502489076369144,0.206112997028905,0.0116960133427842,0.0489522982689077
"AFUB_076490-T",8281.94183244134,-0.440951941498108,0.179515496959778,0.0117087140401461,0.0489836268441212
"AFUB_065800-T",225920.410146751,0.472132645244269,0.192491590341664,0.0117520365832067,0.0491429775554217
"AFUB_018090-T",3034.60493589397,0.583234119497334,0.24302385009776,0.0117691253697434,0.0491925347007699
"AFUB_037220-T",2912.06918511154,-0.585046929882538,0.243408304121201,0.0117827826487798,0.0492277111376067
"AFUB_097080-T",801.280551819043,-0.990184256396547,0.455361059137735,0.0118457931751119,0.0494417029171072
"AFUB_044830-T",5515.80260415889,0.590252373160183,0.246565659737055,0.0118487474377529,0.0494417029171072
"AFUB_068280-T",1913.6137158821,-0.661801865329054,0.279918762895242,0.0118497948537488,0.0494417029171072
"AFUB_035850-T",459.86359896952,1.07600557388038,0.509326080079929,0.0118584001176768,0.0494556367252312
"AFUB_084820-T",2491.00564976112,-0.681688389352384,0.28964684203884,0.0118656408611666,0.049463869937007
"AFUB_015620-T",8653.88625448143,-0.553572970447596,0.227166275702434,0.0118779667145607,0.0494932845533073
"AFUB_059740-T",6395.6940507303,0.516258750786216,0.212295906500075,0.01189106819612,0.0495259035467667
"AFUB_058900-T",26588.6478476701,0.395788075813565,0.159849222870972,0.0119537599375443,0.0497649438534647
"AFUB_072420-T",24396.2128382715,0.310917523838318,0.126984290737601,0.0119891699785437,0.0498902456528502
