"","baseMean","log2FoldChange","lfcSE","pvalue","padj"
"AFUB_063960-T",37427.9691214824,-3.51191464467804,0.151544098250219,3.9682986684675e-120,3.73655002622899e-116
"AFUB_099400-T",25779.7569218828,-2.38342715780668,0.110902006585213,1.31185748896109e-103,6.1762250580288e-100
"AFUB_084150-T",38183.9813739491,-2.89982367742008,0.141125105847006,2.0474854972711e-94,6.42637448076822e-91
"AFUB_070460-T",10148.4365969911,-3.28100833849041,0.161355633440847,3.44226707156087e-93,8.10309668645429e-90
"AFUB_006090-T",21008.4374870093,-2.48380969016396,0.124215266884906,3.75678935919581e-90,7.07478572123755e-87
"AFUB_017380-T",14952.005135766,-3.50257643996644,0.178259544393007,3.62225226906052e-87,5.68452122757897e-84
"AFUB_030790-T",68264.3717141874,-2.36369776856646,0.130098522833407,1.79209904637759e-74,2.41062923152734e-71
"AFUB_090430-T",5896.49549122782,-2.84009064080711,0.172751343043976,6.55747762507238e-62,7.71815116471019e-59
"AFUB_047590-T",3559.59640491582,-2.97059883941288,0.192205560777598,3.85144321668788e-55,4.02946548092589e-52
"AFUB_000690-T",5083.4484150647,-3.05510756641731,0.217803341482416,5.99724804125567e-46,5.64700875564634e-43
"AFUB_071569-T",2578.0799264964,4.10405740045664,0.292778316922701,7.46977141660295e-46,6.39412433261213e-43
"AFUB_100720-T",5159.02107101621,-2.17839057658087,0.1570532176571,6.98242023937255e-45,5.47887241449433e-42
"AFUB_003560-T",5996.24107071841,-3.30066912465878,0.247705562031241,9.20445261996475e-42,6.66685583612216e-39
"AFUB_098170-T",70377.1149840126,-2.10743499477527,0.159842135851017,7.31992879735072e-41,4.92317496827532e-38
"AFUB_045800-T",2956.71490870229,-2.99459155886571,0.228127247793416,1.29805751321101e-40,8.14833969626324e-38
"AFUB_003610-T",2956.04943913533,-4.18666739200476,0.323309773497878,1.19589713842254e-39,7.03785465961668e-37
"AFUB_078970-T",6424.89855013476,-2.07365555820001,0.163090628046829,3.35299477933406e-38,1.85716463777703e-35
"AFUB_034560-T",6819.42036558231,-2.09178425724708,0.164882535628184,4.5393024623592e-38,2.37455955475412e-35
"AFUB_041100-T",171367.116383794,-1.49727728022072,0.125198465198051,1.18330843640579e-34,5.86422749326153e-32
"AFUB_018340-T",24308.6380439104,-1.96242798858246,0.163112369439663,1.47218490557291e-34,6.93104653543725e-32
"AFUB_067000-T",6400.49760862913,-1.68026331336631,0.141028148912185,1.19229620744899e-33,5.34602909016176e-31
"AFUB_071530-T",952.204980236962,3.92948754672214,0.34327886586064,1.07426621351731e-31,4.59785939385407e-29
"AFUB_074120-T",47888.8661211403,-2.51101435212566,0.21924457551243,1.37108341143258e-31,5.61309626176051e-29
"AFUB_093140-T",8133.30404314972,-1.83267574297402,0.160222280808904,2.01169696445628e-31,7.89255775721682e-29
"AFUB_053630-T",20208.6152069658,-1.88293663775788,0.165216528581419,3.18968740385843e-31,1.20136386378924e-28
"AFUB_092070-T",4431.14942223442,2.63961912398144,0.233392743861749,7.49457045445328e-31,2.71418751535123e-28
"AFUB_004500-T",5715.91480053333,-2.33528648267386,0.206952936499642,9.8963896341261e-31,3.45127425166412e-28
"AFUB_021050-T",33423.1920627461,3.08090489347846,0.274030017042951,1.08531310928911e-30,3.64975294180939e-28
"AFUB_000060-T",761.940142587041,-5.76729512386774,0.512723884797867,1.20604907268918e-30,3.91591657532458e-28
"AFUB_092090-T",65858.8440976448,5.2668362088691,0.467878772256347,1.51471758597455e-30,4.75419359651211e-28
"AFUB_049200-T",10426.9225398593,-3.1518699419485,0.28293654877484,4.39828590799726e-30,1.33594387450652e-27
"AFUB_021270-T",5929.23904304837,1.77391735560418,0.160169309876479,1.44766863427243e-29,4.25976495634663e-27
"AFUB_049700-T",665.192044935118,-5.70972531104456,0.519167205592526,2.01634980382367e-29,5.75331810691021e-27
"AFUB_073440-T",10811.2990740611,-1.98033778693411,0.180504945361731,3.68349391006642e-29,1.01910469621014e-26
"AFUB_055560-T",4250.01132753553,-2.10703070650488,0.19219945302874,3.78809094810481e-29,1.01910469621014e-26
"AFUB_067850-T",7435.37529893329,-2.1592158491917,0.200821350586614,3.84518270342517e-28,1.00572889820698e-25
"AFUB_031630-T",29344.0761600709,-1.5241896328531,0.141464639526834,4.04115808422281e-28,1.02842012219032e-25
"AFUB_051180-T",12956.0903776459,-1.79043480295594,0.16651231569381,4.59659986703708e-28,1.13898906179003e-25
"AFUB_033620-T",488.55127715869,-7.38756307080654,0.703147128719195,6.66709866055738e-27,1.60967694840534e-24
"AFUB_100120-T",21197.028593319,1.50225181881872,0.14328296963521,9.69477085965822e-27,2.28214906036355e-24
"AFUB_065820-T",35977.9573461346,-1.30946504782534,0.125633982470194,2.28021064705545e-26,5.23669840309126e-24
"AFUB_039990-T",3939.31729576804,-2.57048252274101,0.250514168393667,6.25674317188553e-26,1.40270223110653e-23
"AFUB_041670-T",1865.53118375589,3.08361172326791,0.30075119011507,6.58915755914741e-26,1.44287226923098e-23
"AFUB_042790-T",19018.1292808268,-1.27819952775824,0.125661299926366,4.94836679037547e-25,1.05895049314035e-22
"AFUB_067530-T",37705.684016687,2.14945554502327,0.21754610970861,1.5299064359426e-24,3.2012442224079e-22
"AFUB_026110-T",26948.7984999349,1.25615769633317,0.12596540631674,2.42201493043448e-24,4.95775925760241e-22
"AFUB_077840-T",6749.8033856054,-1.76359836552913,0.17852859609614,3.95463711414091e-24,7.92273682271294e-22
"AFUB_023180-T",34367.6460941296,-1.37544518082404,0.139275831629041,4.68085723096137e-24,9.18228160140255e-22
"AFUB_047580-T",2662.92376166797,-2.9850184343513,0.304164810942763,5.43707938844529e-24,1.04480692901226e-21
"AFUB_071880-T",2348.60523731676,-2.48929401814745,0.256075246398483,1.46911747556706e-23,2.76664202998789e-21
"AFUB_051190-T",5480.91900459333,-1.91700031969688,0.19705682193251,1.62533301100344e-23,3.0008109081585e-21
"AFUB_064830-T",81311.600087909,1.11524925297051,0.113880403563616,1.76034864135259e-23,3.18758515518768e-21
"AFUB_025320-T",16811.4168932865,-1.12359727481218,0.115460385237602,2.83322242056679e-23,5.03351364378433e-21
"AFUB_080270-T",4949.33358675572,1.91053869996115,0.199988562230447,8.01215133944201e-23,1.39708179652196e-20
"AFUB_073680-T",6938.83735699113,1.72120782744469,0.180665190117481,1.1364098673007e-22,1.9455336928188e-20
"AFUB_003250-T",10440.8854721958,-1.32450730596766,0.138292452708605,1.86050207512211e-22,3.12830134631247e-20
"AFUB_031740-T",11705.610013765,-1.92729303214685,0.204159821943079,2.63706178745912e-22,4.35624101591492e-20
"AFUB_050370-T",13591.3108171005,-1.36673813488594,0.146313374417742,9.38218289983771e-22,1.52314886525641e-19
"AFUB_030910-T",20541.8113813486,-1.18941684218626,0.128475642575374,2.88304071444281e-21,4.55093369229051e-19
"AFUB_039980-T",1477.68578424598,-3.55173997925388,0.388081566888059,2.89991526696506e-21,4.55093369229051e-19
"AFUB_064180-T",20593.4790954518,-1.36494390803838,0.149203109029635,4.01878760220169e-21,6.20342689546411e-19
"AFUB_093620-T",16514.9024593543,-1.09378632317296,0.118913963135204,4.87263020099151e-21,7.40011064073162e-19
"AFUB_036040-T",12577.5676647081,-1.24591284455904,0.136076074170179,6.00117258395911e-21,8.96937159532682e-19
"AFUB_039550-T",21868.7381434128,-1.18385601199983,0.128978665804159,6.20020661570875e-21,9.1220539833615e-19
"AFUB_070300-T",12559.7528904771,1.88638640654336,0.209782799267368,1.30737273907802e-20,1.89388026325518e-18
"AFUB_053890-T",67808.2559903389,1.39004265512277,0.153877350435211,1.52173143137592e-20,2.17100350876298e-18
"AFUB_070190-T",28564.0167143785,-1.35619211345425,0.149425879570875,1.59162356821464e-20,2.2368250027327e-18
"AFUB_057280-T",16923.9768747124,-1.46594880947315,0.163013640737525,2.24427256795665e-20,3.10765742645291e-18
"AFUB_098700-T",1865.2465331887,2.47297699789342,0.278802816350531,4.61251207092203e-20,6.29440777678288e-18
"AFUB_084520-T",6898.78339861631,-1.55320965869819,0.175078355161689,6.17361381569061e-20,8.30439252693468e-18
"AFUB_089270-T",22401.6508270485,-1.34739684425611,0.151943436708192,1.28618411159585e-19,1.70573374574458e-17
"AFUB_000340-T",1643.78799956015,-2.32096690370897,0.26582201370699,1.5487963456947e-19,2.02548144320296e-17
"AFUB_056300-T",22314.163213885,-1.27343853528094,0.144999630219024,1.87876088448084e-19,2.42334417647556e-17
"AFUB_018250-T",23017.5916747862,-1.05063884908699,0.120385964866921,4.81895472147472e-19,6.13179427802784e-17
"AFUB_087290-T",2053.44262554192,-3.0602680937277,0.35714681135296,5.6579974019273e-19,7.10342713820633e-17
"AFUB_038780-T",5273.39114206891,-1.58506519162888,0.184870028939268,8.10672347229568e-19,1.00438037125179e-16
"AFUB_045140-T",909.98385772643,4.00182307860073,0.470375817658097,8.62031216897875e-19,1.0541410309494e-16
"AFUB_069040-T",6748.61239537255,1.4622849887165,0.170656715830048,9.99105261304111e-19,1.20609937697942e-16
"AFUB_001190-T",31631.4650228949,0.941937610327884,0.108288335514365,1.18493510418744e-18,1.41232265076316e-16
"AFUB_068500-T",8301.54543084562,-1.73876541930336,0.206051764318039,2.43550325162117e-18,2.86658732715811e-16
"AFUB_043390-T",29714.5129739003,1.23880683155034,0.145042943677458,2.50768032431901e-18,2.91510097947998e-16
"AFUB_075430-T",18477.9684964788,-1.41761755868724,0.168148097174779,3.20568308713568e-18,3.68106243274019e-16
"AFUB_019860-T",18945.9959307105,-1.07055938451768,0.126131890615353,3.51039599065375e-18,3.98239622265008e-16
"AFUB_072925-T",6877.13933318301,-1.58525742218027,0.188845088765971,3.88389139545331e-18,4.35365730709385e-16
"AFUB_068730-T",25464.6728857284,1.22240939301806,0.144995500456071,4.89026380535096e-18,5.41726164602173e-16
"AFUB_002950-T",3508.54107645324,1.95530368219641,0.236743653619703,1.08189505356097e-17,1.18454928189885e-15
"AFUB_024140-T",19553.991489335,1.21044150688387,0.145815857607573,1.24453232010426e-17,1.34695589955192e-15
"AFUB_011820-T",35083.8313169273,-1.2489275248104,0.150700615333187,1.27983465813831e-17,1.369423084208e-15
"AFUB_027270-T",34266.4956799217,1.46121546562726,0.177172079485007,1.62344811626882e-17,1.71757162503227e-15
"AFUB_009040-T",5271.55416850278,-1.3439339581898,0.163131373075551,1.84324793398727e-17,1.92844694960269e-15
"AFUB_087120-T",2358.87339387394,-1.9842416734753,0.242806273042102,2.22001658868283e-17,2.2971072746195e-15
"AFUB_079130-T",7734.98497565187,-1.2876480527242,0.157602192574928,3.11945934968655e-17,3.19269883007049e-15
"AFUB_094470-T",27382.7626046201,1.21088543383151,0.147092105557299,3.17835428140278e-17,3.21799827028909e-15
"AFUB_051820-T",8798.25664260654,-1.40068251753613,0.171705126962577,3.25826688585099e-17,3.26381287203967e-15
"AFUB_071170-T",8279.22224562155,-1.20901813547811,0.148650660191486,4.79525097827644e-17,4.75285086436326e-15
"AFUB_019720-T",10482.4649524107,-1.3741980891743,0.169595104346688,5.2154817385855e-17,5.11551833859594e-15
"AFUB_025080-T",7375.83750392786,1.28708829146625,0.159656413075398,8.70360183849295e-17,8.44877473311852e-15
"AFUB_090420-T",11567.131588797,-2.12041795871164,0.268845420415787,1.87034125274275e-16,1.79705441181896e-14
"AFUB_019090-T",13118.9401674223,-1.33970931220602,0.168642960752175,1.94562251073013e-16,1.85050318798332e-14
"AFUB_046760-T",1464.91344821597,-2.36951331580562,0.301178020109228,2.17027650830866e-16,2.04353236022344e-14
"AFUB_009180-T",6786.09975321685,-1.15752775347538,0.14569270878443,2.36483135106332e-16,2.20467841600121e-14
"AFUB_001520-T",7347.68346390755,1.26157451633175,0.159186051932388,2.55481060530531e-16,2.35844084897596e-14
"AFUB_097090-T",2082.28021462334,2.25927355989893,0.289030678316688,2.66351446876702e-16,2.434917693001e-14
"AFUB_036860-T",18109.565120875,1.41890096582236,0.180590177278825,3.94657568633112e-16,3.57316890985518e-14
"AFUB_000450-T",8333.23068735793,-1.05017332067943,0.133719596082308,5.80642019911509e-16,5.20697643760644e-14
"AFUB_001310-T",24055.0045794232,1.05778809222227,0.134947915006406,7.03586893926339e-16,6.24997565397208e-14
"AFUB_007150-T",29583.7682759312,1.5458993391928,0.201570496904822,7.66802285763708e-16,6.74786011472063e-14
"AFUB_006860-T",3626.72551551469,-1.50444993551476,0.194135189146504,8.06488864618067e-16,7.03138810115159e-14
"AFUB_094780-T",31510.6133465116,0.885225820198929,0.112836960512363,8.29871477589227e-16,7.16887140640382e-14
"AFUB_093990-T",46649.6859656877,-0.87711593140193,0.111283488127265,8.50796568915701e-16,7.2828186299184e-14
"AFUB_041370-T",4554.9846966812,2.17191648747808,0.283562149278399,1.13065986272489e-15,9.59125519587166e-14
"AFUB_083470-T",17119.1746546,-0.91904700525975,0.118162437885401,1.28610955838922e-15,1.08125067873151e-13
"AFUB_068010-T",2930.94118200436,1.94761049356473,0.256518329504515,2.26184407051165e-15,1.88473661663165e-13
"AFUB_008520-T",36775.0978008002,1.55930812071708,0.206801540295537,3.06060708773286e-15,2.52795406474497e-13
"AFUB_089340-T",23981.1057088499,-1.00604938418658,0.131671336805327,4.45891839989361e-15,3.64003889130314e-13
"AFUB_000610-T",3172.10075602431,-1.61251932438093,0.21444611695297,4.48432998503786e-15,3.64003889130314e-13
"AFUB_013880-T",56327.9093544385,-1.29463101907801,0.171680919123611,4.82937378991745e-15,3.8679406961591e-13
"AFUB_030150-T",1377.70776006858,-2.22993278008367,0.298411399917215,4.85485516251253e-15,3.8679406961591e-13
"AFUB_060890-T",6110.08107844203,-1.76532497174154,0.235532278863468,4.88832777020957e-15,3.8679406961591e-13
"AFUB_017180-T",8583.44818467161,-1.13898832850296,0.150727333393179,5.0270176906856e-15,3.94453321462464e-13
"AFUB_081740-T",3634.29966607888,-2.92472646706626,0.393229600920348,5.5251952809983e-15,4.29960650957686e-13
"AFUB_012030-T",18748.899971252,-0.882539684947392,0.116185074336817,5.66592651288848e-15,4.37298065945557e-13
"AFUB_069950-T",13799.8167395823,-1.56708843504421,0.209565778946723,6.22198305456068e-15,4.7631050765645e-13
"AFUB_013950-T",27816.475538797,1.44267347779195,0.193304552618601,8.0096382406161e-15,6.08215755432591e-13
"AFUB_025490-T",5876.63031722139,-1.2481078585113,0.166918759843495,8.25639614735619e-15,6.21937808988047e-13
"AFUB_090110-T",11703.6708955271,-1.80826197181849,0.243819134415808,8.58295082555185e-15,6.41405277566637e-13
"AFUB_100430-T",2985.9410041829,-1.86326560811364,0.252922949587873,1.22504462722949e-14,9.08269307873453e-13
"AFUB_023440-T",27766.1128643181,1.27645718578999,0.172131859376711,1.29533330251193e-14,9.52879560660341e-13
"AFUB_068160-T",4011.2573716965,-1.43434223944734,0.195302434889173,1.39949197697438e-14,1.02152065544114e-12
"AFUB_088610-T",5748.42912083993,-1.63023963675858,0.221576840257247,1.47751836531859e-14,1.07017791752614e-12
"AFUB_036810-T",133988.90513295,-1.23119104295015,0.166959114574098,1.82213564942834e-14,1.30971215839826e-12
"AFUB_090870-T",36273.1002383756,1.04672614295688,0.14121670668843,1.89338652013791e-14,1.35061571769838e-12
"AFUB_042210-T",136769.320247812,0.852243589878474,0.114230064606359,1.97688867544506e-14,1.3995777269166e-12
"AFUB_088470-T",3686.2409952829,1.40668483536145,0.19175775722051,2.05259665739372e-14,1.44233209895666e-12
"AFUB_033660-T",1361.78772709346,1.91435557629093,0.262310489728823,2.13193928768701e-14,1.48698817280451e-12
"AFUB_009940-T",16928.2281354416,1.36596421659673,0.186356745787675,2.30136319456774e-14,1.59335557647426e-12
"AFUB_006380-T",62283.7132760342,0.93494976295065,0.126238007217898,2.33900032630832e-14,1.6075932169722e-12
"AFUB_041090-T",9085.53294888212,-0.963034519664389,0.130374237829242,2.37043557738373e-14,1.61739285482936e-12
"AFUB_066070-T",8530.29371872372,-1.13858065534503,0.154881546779378,2.42546270537298e-14,1.64303286574043e-12
"AFUB_035460-T",5716.60819240122,1.73141444890313,0.237194117551677,2.5253619500388e-14,1.69848629439752e-12
"AFUB_026290-T",60102.0324440943,0.73556792981693,0.100950691273373,2.6712368545786e-14,1.78385576047604e-12
"AFUB_001750-T",37093.0131667761,1.12715379127293,0.153991708661921,3.23918166399953e-14,2.1478967991704e-12
"AFUB_014690-T",24445.1685252605,1.09282343365738,0.14992628716329,3.84854560470206e-14,2.53411925971151e-12
"AFUB_094170-T",17595.6109097345,-1.07443618144233,0.147034919868736,3.92459232556258e-14,2.56624731510398e-12
"AFUB_099140-T",115174.691002212,1.08843790783325,0.149467635411341,4.27067863097447e-14,2.77329034408659e-12
"AFUB_046440-T",1747.22669202102,-1.99609905586957,0.278632273266965,5.15651664437846e-14,3.32560004955258e-12
"AFUB_071340-T",13290.1158217961,-1.19982482442414,0.165891845169061,5.44984552822117e-14,3.49086704038983e-12
"AFUB_050790-T",3085.34582758256,-1.51006871778199,0.210231254079757,5.85506814328693e-14,3.72508929981012e-12
"AFUB_014820-T",31279.2413830873,1.10680440568904,0.153232247520975,6.77202044211397e-14,4.27955332100303e-12
"AFUB_077850-T",50386.0443507444,-1.23471777222767,0.172338788719851,8.03357791251537e-14,5.04294464161632e-12
"AFUB_057130-T",32598.0219177101,1.00026181542143,0.138725442201797,8.93612557094386e-14,5.57235485933824e-12
"AFUB_092660-T",26095.0878183836,1.0252634337382,0.142275895828772,9.52278176552492e-14,5.89911270422254e-12
"AFUB_092260-T",6486.46571829442,-1.15088032193412,0.161748899682775,1.34398221391647e-13,8.27120034394606e-12
"AFUB_094360-T",7534.94531174683,-1.31970310264003,0.18793264833758,2.1891894186364e-13,1.3385329588234e-11
"AFUB_005840-T",16748.328336548,1.77480169966071,0.254439288306652,2.32166165895417e-13,1.41037201165887e-11
"AFUB_054870-T",2784.09160421754,-1.9787984158965,0.284614505994867,2.37894424835761e-13,1.43590634888046e-11
"AFUB_064530-T",7421.3241332428,0.999431386928058,0.141398204849631,2.48424122865662e-13,1.4899118094924e-11
"AFUB_059260-T",57018.2107869456,-1.05318735324371,0.147781287619675,2.76393236786599e-13,1.64716374530545e-11
"AFUB_024580-T",48214.7392720471,-1.00923657874631,0.142594659819805,2.8869326574803e-13,1.70964515112167e-11
"AFUB_077280-T",32744.0068476595,1.05241887760264,0.149311016632609,2.99587191588952e-13,1.76307062250098e-11
"AFUB_080970-T",1402.04247080298,-2.30541464735155,0.334722849265999,3.45588023521571e-13,2.02115331023547e-11
"AFUB_101670-T",3068.57224149201,-1.80761445934847,0.261603133937242,3.48840516816595e-13,2.02758167058337e-11
"AFUB_019790-T",14286.0474892378,-1.02544951691831,0.147059750435407,4.25736061919423e-13,2.4593440239468e-11
"AFUB_028280-T",14201.824552343,1.39684038809756,0.202484987968172,4.31952514830571e-13,2.48003956075894e-11
"AFUB_000660-T",7560.96862783168,1.91466823883209,0.278577372316979,4.48174332925236e-13,2.55758152656002e-11
"AFUB_092785-T",10424.7460244438,-1.0154169044968,0.145283736842272,5.75578192738802e-13,3.26484594146299e-11
"AFUB_056480-T",24206.2115096963,-0.7802304768778,0.111304306066864,5.95254662708286e-13,3.35623826590492e-11
"AFUB_032170-T",14060.66246571,-1.09088068339351,0.157724307947994,6.05986108232214e-13,3.39640785423484e-11
"AFUB_040480-T",4290.45334790606,-1.27240111918755,0.185418998982518,7.05131518432588e-13,3.92870909914867e-11
"AFUB_032040-T",26172.7596590927,1.22489469404407,0.179262224520927,8.62775300578288e-13,4.77876013543833e-11
"AFUB_005270-T",32942.2725040163,1.08159647100506,0.157084570637171,9.97642225245338e-13,5.49344982041527e-11
"AFUB_066480-T",42900.958158971,0.953849092144299,0.138693743434666,1.06813129895917e-12,5.84739785523228e-11
"AFUB_047010-T",10972.1756088957,1.23512692740279,0.181587963249659,1.09538969310863e-12,5.96195916202938e-11
"AFUB_042280-T",15979.6859495646,1.46450636950572,0.216605110112335,1.18292602623154e-12,6.40139739252652e-11
"AFUB_078720-T",8823.36348711974,0.903152264355928,0.131643393178913,1.26861411508008e-12,6.8258688614823e-11
"AFUB_013540-T",2124.77817883408,-1.57162003134579,0.233406031089033,1.29151094868704e-12,6.90958357547567e-11
"AFUB_067880-T",171550.297020313,1.19660130587708,0.176192017467561,1.31837850603163e-12,7.01347571344286e-11
"AFUB_025910-T",107809.363452685,1.56377083936023,0.231960198349998,1.34961219227065e-12,7.13929685529241e-11
"AFUB_077890-T",11768.2362461642,-0.970153930714148,0.142330055228988,1.38370354454812e-12,7.27874445556710e-11
"AFUB_014810-T",19091.2649793024,-0.97076806702026,0.142395710395772,1.40286151559758e-12,7.33852446159266e-11
"AFUB_090030-T",8854.12787247135,1.51969608254096,0.226186831629919,1.63335892704909e-12,8.47831727570734e-11
"AFUB_053170-T",3338.87448246846,1.39961027874127,0.207982732440335,1.6473359527464e-12,8.47831727570734e-11
"AFUB_011140-T",29200.7523065655,1.4282338348268,0.212353116320102,1.65215345187720e-12,8.47831727570734e-11
"AFUB_070850-T",5558.28130614222,-1.25296867353422,0.18581274719565,1.65676548293346e-12,8.47831727570734e-11
"AFUB_093370-T",36233.7474335958,0.938711766611092,0.137883219806353,1.70595347880153e-12,8.68284213859201e-11
"AFUB_078050-T",7393.26749539775,0.944973695802427,0.139014143625715,1.93956175226601e-12,9.81877067706279e-11
"AFUB_068710-T",18858.3168794199,1.00033246880031,0.147450623744784,2.01172196586986e-12,1.01296117810859e-10
"AFUB_091440-T",5970.66046473218,1.82385116525638,0.2740625069057,2.0701420682473e-12,1.03683285716046e-10
"AFUB_051520-T",68519.1979096167,-1.16619216887131,0.173965675399877,2.17968249653108e-12,1.08592012631411e-10
"AFUB_015800-T",9103.62624443549,-1.29096640384395,0.192848707688524,2.21886408587038e-12,1.09962232802924e-10
"AFUB_048080-T",6966.28447611059,1.06735057675413,0.159004008807678,2.69755092073833e-12,1.32985023401425e-10
"AFUB_091650-T",15650.2768497519,-1.2000541590894,0.17971800723359,2.74893269284123e-12,1.34812240811422e-10
"AFUB_013890-T",21735.3307045134,-1.2026366385134,0.180664389340381,3.15010597218574e-12,1.53685999140419e-10
"AFUB_050510-T",1779.8778605672,2.30765634721453,0.351983439426697,3.56081842654321e-12,1.72828176826448e-10
"AFUB_095900-T",37040.0076869123,0.842678379172837,0.125243763831466,3.59577752557004e-12,1.73629954773167e-10
"AFUB_088150-T",1483.90506497273,-1.95105208727472,0.298048817971717,3.9211150354407e-12,1.88373567212804e-10
"AFUB_046180-T",1323.58475945533,-2.13258469286001,0.327646872051784,4.72254933332895e-12,2.25723474734139e-10
"AFUB_039210-T",26142.0935836639,-0.883551176220027,0.132082376039324,5.22437283191786e-12,2.48447952451205e-10
"AFUB_064390-T",102723.004810959,-0.770044637908559,0.114276532650744,5.29990348587363e-12,2.50773322728573e-10
"AFUB_000040-T",1614.13240996287,-1.53877740935546,0.235809773012457,5.54151603092947e-12,2.60894574736159e-10
"AFUB_017840-T",2335.12567514476,-1.92633253943972,0.297355929297797,6.19459623988332e-12,2.90190637784783e-10
"AFUB_084900-T",12194.285534375,1.15078320519312,0.17533960259286,6.50641574879315e-12,3.03289161834833e-10
"AFUB_010620-T",28734.8709682401,1.18327577974464,0.180532501558837,6.58247919737276e-12,3.05323271539221e-10
"AFUB_093720-T",13291.8617271869,-0.890986110915466,0.134912103775147,7.2061611966238e-12,3.32613793271616e-10
"AFUB_013960-T",5437.56035453698,-1.00984033563712,0.15333525373154,7.89915127395099e-12,3.62821504368403e-10
"AFUB_012400-T",20198.0609183196,-1.27739903031227,0.197137578476269,9.28012268122374e-12,4.24182694982537e-10
"AFUB_085360-T",1032.9570396653,-2.90817630010314,0.456982613720357,1.0009868073507e-11,4.55328105218077e-10
"AFUB_092800-T",6044.2678336391,-1.04102131878041,0.158496516017383,1.04217016662209e-11,4.71782417736232e-10
"AFUB_042100-T",17423.5875872048,1.03821603905203,0.159480624995236,1.09834630527459e-11,4.94833914376341e-10
"AFUB_062940-T",4963.23946316477,-1.40364540151304,0.219432872412338,1.43806542593515e-11,6.44801145266921e-10
"AFUB_015260-T",17229.9661192463,1.75547073417,0.275857242601987,1.51260179068199e-11,6.75007510002922e-10
"AFUB_018330-T",2531.4131779187,-2.24959084093964,0.356076135896745,1.57092633928254e-11,6.96402130647054e-10
"AFUB_020100-T",3639.38721527711,1.07056477937869,0.1659809953904,1.57533617064383e-11,6.96402130647054e-10
"AFUB_001440-T",6940.82602238864,1.12301285394692,0.174860371263409,1.73292442073218e-11,7.62486745122161e-10
"AFUB_094350-T",9367.49409978264,-1.2876938162938,0.201927585176387,1.83613669088032e-11,8.04142468899028e-10
"AFUB_018960-T",5473.44732207385,-1.19477385961794,0.187145809229797,1.95198387437672e-11,8.50920377830149e-10
"AFUB_040630-T",29936.5379257842,1.12068356624418,0.175397378136898,2.07994523583621e-11,9.02523702333355e-10
"AFUB_038070-T",21630.3566177674,0.766780917866829,0.118252100497305,2.11896748594913e-11,9.15238433380597e-10
"AFUB_006190-T",14181.0185558845,-0.920095342688609,0.143586424657268,2.18733829783023e-11,9.4045558960591e-10
"AFUB_034810-T",38275.8630771191,-0.665960158929967,0.102628983557561,2.57526303656089e-11,1.10221257964806e-09
"AFUB_088580-T",1089.97048580201,2.49452538600393,0.40079509338563,2.71176297383592e-11,1.15538281274385e-09
"AFUB_021200-T",35827.472809429,0.90341231899117,0.141015997091402,2.86151016389229e-11,1.21369277942386e-09
"AFUB_100730-T",14390.3524691689,1.25956922837944,0.199743644226285,2.8776006913118e-11,1.2150443098382e-09
"AFUB_002030-T",969.334574745162,-2.16229303672417,0.347307709040812,2.90465783366415e-11,1.22099366793668e-09
"AFUB_045020-T",8284.61763883201,-1.15682638324624,0.181865348497912,2.95620381240801e-11,1.23713844878373e-09
"AFUB_006720-T",5258.52059230901,1.15631382859698,0.183092425442755,3.29816990533489e-11,1.37207567194776e-09
"AFUB_057560-T",1382.14129183338,-2.10243402975077,0.338721160452971,3.30778650735069e-11,1.37207567194776e-09
"AFUB_090280-T",1757.34601047689,-1.43857481341632,0.229765513736186,3.34711058474313e-11,1.38229795026059e-09
"AFUB_070260-T",32148.2549801273,-0.799458404802905,0.125089473054577,3.53288481280987e-11,1.44846134870035e-09
"AFUB_084540-T",7215.37184475138,-1.96439778412936,0.316902927801192,3.53808528250935e-11,1.44846134870035e-09
"AFUB_013160-T",1781.24429771874,1.83310375459055,0.295028531033823,3.77533569515064e-11,1.5388987404995e-09
"AFUB_044820-T",3642.22709024495,-1.3570477009985,0.2172052220249,3.90259357002228e-11,1.58391470066077e-09
"AFUB_079760-T",841.742874744648,2.42950760792835,0.392958237992553,3.93860932606548e-11,1.59167147700569e-09
"AFUB_032670-T",9067.76912677935,-1.00898778137685,0.160126435677494,4.29444461471781e-11,1.72805514923859e-09
"AFUB_076340-T",4478.03708594793,-1.13902475017449,0.181741121483953,4.48255942578953e-11,1.79607572566954e-09
"AFUB_000550-T",4970.7712987472,1.18556704004487,0.189915601024096,5.00779597475734e-11,1.9980257160303e-09
"AFUB_087060-T",9607.73026419461,-1.03531579211527,0.165342740705658,5.38580354493167e-11,2.1397774759104e-09
"AFUB_015470-T",16447.8395105579,-1.12383451472687,0.181593436447763,6.34837967932733e-11,2.51123570103811e-09
"AFUB_005740-T",117416.116354148,1.16728398732817,0.19617688730778,6.37410081295783e-11,2.51123570103811e-09
"AFUB_030960-T",16572.5944020439,0.783361955201844,0.124348932144718,6.83156827556352e-11,2.68025195344609e-09
"AFUB_049180-T",8116.59538800206,-1.15128588389997,0.185839729467289,6.91285526336656e-11,2.70088984065807e-09
"AFUB_067760-T",12400.783710625,-1.28579509838099,0.208609222069017,7.20053154447597e-11,2.80166136457792e-09
"AFUB_010560-T",72682.913585207,1.03798230983103,0.166939392446308,7.26753567655778e-11,2.81609530578058e-09
"AFUB_084490-T",2365.58099791598,-2.13435571182001,0.351386322491127,7.72819452721635e-11,2.98232293722414e-09
"AFUB_004870-T",138440.958770525,0.815576952913977,0.129093616576058,7.78671219921926e-11,2.99264008440198e-09
"AFUB_012300-T",46305.5332357653,-0.86564613766186,0.138596514090923,7.9036873463686e-11,3.02524878265881e-09
"AFUB_066680-T",3407.32215673581,-1.20592905458518,0.19603200407087,8.5110271741876e-11,3.24452760615994e-09
"AFUB_092120-T",2876.91202069865,1.70779363305927,0.280995286390256,9.41863865875782e-11,3.57604441979289e-09
"AFUB_038430-T",43381.9887451977,0.867241661810294,0.139397672645443,9.83971017699179e-11,3.72091208941987e-09
"AFUB_088030-T",65971.6273733183,0.726969068044198,0.116086313363347,9.95219680874716e-11,3.74839540604653e-09
"AFUB_045890-T",4114.41715738095,-1.60695609747968,0.265137400841727,1.05957142239414e-10,3.96043011309286e-09
"AFUB_004490-T",1546.14989165068,-2.26170654995662,0.37612183800757,1.05992819509282e-10,3.96043011309286e-09
"AFUB_028410-T",1935.11888327737,-2.0421631387049,0.339066985118487,1.06957268744784e-10,3.98067052371891e-09
"AFUB_092080-T",1493.886349822,2.28452042366925,0.379218700680131,1.07385989422912e-10,3.98089163939427e-09
"AFUB_026820-T",7715.92763740612,0.883353886932301,0.143005031250187,1.22363128854899e-10,4.51831851489306e-09
"AFUB_053870-T",4538.06356562783,-1.27092813974703,0.209039344507022,1.23846788162382e-10,4.55523967709760e-09
"AFUB_088700-T",30643.8534452916,0.901030684111711,0.146171779502556,1.31893393417973e-10,4.83232759697912e-09
"AFUB_005690-T",26752.9553310747,1.19668910805417,0.196680013573774,1.38532187953055e-10,5.05588791382158e-09
"AFUB_073360-T",3824.85285993248,1.6801179502086,0.280535558487036,1.63251492194435e-10,5.93504266603396e-09
"AFUB_005000-T",157953.628275816,0.754871785189541,0.121832544497799,1.64886959625669e-10,5.97144466090499e-09
"AFUB_017290-T",18895.7145941211,1.28013378684233,0.212009889348246,1.75924371228876e-10,6.34675815896971e-09
"AFUB_033720-T",14986.399793946,0.80878520276278,0.131816054364146,1.894663058703e-10,6.80921654990361e-09
"AFUB_057610-T",15075.302845427,-1.04911369912624,0.174743721535387,2.07018689177578e-10,7.41174135854022e-09
"AFUB_021100-T",9189.60717268913,-1.14658633857102,0.190500487862052,2.08045438664085e-10,7.42028731235236e-09
"AFUB_082410-T",3532.99094317935,1.43085865314269,0.239276146363153,2.09522643311018e-10,7.44477437515677e-09
"AFUB_056360-T",125018.323375644,-0.672519884088356,0.10706667451206,2.33356454974251e-10,8.26046759412611e-09
"AFUB_056940-T",12087.9496192564,1.65402987322984,0.27959241266855,2.62900234234519e-10,9.23997274066714e-09
"AFUB_047440-T",13990.489714633,0.859850349541644,0.141791993488127,2.62989878345241e-10,9.23997274066714e-09
"AFUB_065590-T",3208.68728967692,1.37265088252177,0.23089290720133,2.65873711034132e-10,9.30656826430256e-09
"AFUB_021070-T",17026.1205667753,-1.24052960322276,0.208351155650123,2.7734775860434e-10,9.67224627784616e-09
"AFUB_022990-T",5042.13279945308,1.38526911803064,0.235382771712424,2.96606790662779e-10,1.03057178630285e-08
"AFUB_059860-T",25421.5685582295,-1.12635800434333,0.188964624809118,2.9893635566912e-10,1.03484732536045e-08
"AFUB_079160-T",13915.687897517,-1.07820617312363,0.180690336361348,3.05074906531921e-10,1.0522290549101e-08
"AFUB_088080-T",5885.00083931995,-0.967784621833193,0.158687047099522,3.07715924329453e-10,1.05746465090735e-08
"AFUB_066270-T",2350.77280430191,-1.55242604561579,0.26361968331305,3.15342066039755e-10,1.07973123412012e-08
"AFUB_095070-T",471.470300419793,-3.59969533471163,0.621717236478952,3.23634292027399e-10,1.10410887453985e-08
"AFUB_051530-T",66358.5745681554,1.45569532634383,0.247936938515575,3.30598395586945e-10,1.12379584579302e-08
"AFUB_013850-T",1964.75012365543,-1.46834572433207,0.249279386452941,3.32848921793722e-10,1.12737606029125e-08
"AFUB_090090-T",1611.21198001103,-1.59890908612539,0.272435269014433,3.46564072536546e-10,1.16962269068248e-08
"AFUB_059970-T",33209.9617478954,-1.06002559307667,0.17827875705385,3.56723806144071e-10,1.19961119951877e-08
"AFUB_020450-T",10953.1423418958,1.46154933317467,0.248759711989403,3.71473982781715e-10,1.24476833518599e-08
"AFUB_017790-T",9831.63227998779,-1.66347106223837,0.286135996631314,3.78363803722907e-10,1.26335942406202e-08
"AFUB_080880-T",91.3169505671583,-10.8624416555496,3.26326963260883,3.91185730728974e-10,1.30155648075761e-08
"AFUB_037030-T",5147.33297150297,-1.60653595037684,0.274695923718814,3.94348275263935e-10,1.30745892953705e-08
"AFUB_054770-T",5502.20457363989,1.02220093578617,0.171999508634859,4.09989185645963e-10,1.35454672703242e-08
"AFUB_032220-T",744.793020636503,-2.80655416482078,0.487731116505401,4.38775683915414e-10,1.44458455935228e-08
"AFUB_077020-T",38955.0543329352,-0.749455707014223,0.125137353523451,4.47740137388111e-10,1.46896206747263e-08
"AFUB_088740-T",9624.9110329557,0.861341287863984,0.14420042582617,4.86949189223999e-10,1.59205332143513e-08
"AFUB_095510-T",2314.01592551015,-1.31266616938179,0.224483394077205,4.89318078870949e-10,1.59426264036293e-08
"AFUB_003800-T",11887.3230189783,1.37750364962435,0.240292955171495,5.92370952861635e-10,1.92336720418798e-08
"AFUB_063130-T",21316.2486015563,-0.897511536353918,0.152656065946356,5.95514181439641e-10,1.92692836166174e-08
"AFUB_012000-T",27058.4014979328,-0.894222446035259,0.152188940939419,6.42757550352733e-10,2.07267297743881e-08
"AFUB_060140-T",10006.7607343923,-1.24086164003108,0.213573588549439,6.56806521117869e-10,2.1107475095037e-08
"AFUB_085250-T",8682.92181948437,-1.08520678394229,0.185796397084336,6.6695497757498e-10,2.13607077171633e-08
"AFUB_047810-T",1072.76432068472,1.66187781938119,0.289016554152112,6.89507676362886e-10,2.20081501038405e-08
"AFUB_019630-T",117615.209218462,-0.925228219169471,0.157448606788006,6.95581050609538e-10,2.2126997204525e-08
"AFUB_064300-T",7665.4415474515,1.74711936490073,0.305552870752554,6.98234179787554e-10,2.21366095517832e-08
"AFUB_028939-T",3975.88532404468,2.36596633358753,0.414041107246519,7.62102296297756e-10,2.40803866508043e-08
"AFUB_030160-T",1672.61133220808,-1.72203341522687,0.301370784249456,7.8904274015673e-10,2.48482489676113e-08
"AFUB_027020-T",7812.50307294072,1.18313658513669,0.205013412411655,8.48866504876554e-10,2.66430900330588e-08
"AFUB_012830-T",9346.64239006261,-0.754230744241409,0.127527743004382,8.55065399447578e-10,2.67484910338817e-08
"AFUB_016640-T",83530.6364399276,1.23654377045694,0.214422645515783,8.91643052022246e-10,2.78003674762963e-08
"AFUB_052850-T",83140.2961079187,-0.969602716186505,0.166954230616557,9.03808361817747e-10,2.80838350692125e-08
"AFUB_064010-T",10203.5332929067,-0.866487285588781,0.146804950148419,9.06699857799553e-10,2.80838350692125e-08
"AFUB_027590-T",85273.8281750451,1.23572239932354,0.214524771429307,9.48919022423202e-10,2.92951525086455e-08
"AFUB_009800-T",136419.709132236,-0.879580721076709,0.154281566862399,9.64937214969647e-10,2.96923163926608e-08
"AFUB_025090-T",65888.0793670463,0.667839794825574,0.112827559433177,9.76172386217626e-10,2.99401927968246e-08
"AFUB_072800-T",29205.158209253,-0.650287774066953,0.109331511579815,9.81264091839679e-10,2.99986450933845e-08
"AFUB_098550-T",44570.5510532963,1.17529119235257,0.204245170655211,1.04289500615056e-09,3.17796096372611e-08
"AFUB_077330-T",24497.140985262,1.06161723338382,0.184336954497201,1.10641945215995e-09,3.36065985856066e-08
"AFUB_032200-T",30716.5543551284,-1.02334516997562,0.177412805186303,1.11302309235384e-09,3.36984740758964e-08
"AFUB_006820-T",2338.76370641216,1.27236533206182,0.223071551278218,1.23233937169357e-09,3.71913702688034e-08
"AFUB_005440-T",121890.398113953,1.0819629313132,0.1884465718547,1.25438068317733e-09,3.77356182517498e-08
"AFUB_082100-T",13891.3135832395,0.958837307162364,0.166263656664954,1.3115928786212e-09,3.93310781690994e-08
"AFUB_058540-T",5662.33501048317,-1.14212447454071,0.199942897831177,1.31723116729671e-09,3.93747576865583e-08
"AFUB_022370-T",32654.9845215185,-0.770043354604492,0.131680842699173,1.32550711798481e-09,3.94967564017246e-08
"AFUB_084570-T",2158.26330201567,-1.73990304567174,0.309630307014414,1.3511263809492e-09,4.01029324905677e-08
"AFUB_007210-T",7405.7174847001,1.86114168956574,0.330326244035644,1.35436836576046e-09,4.01029324905677e-08
"AFUB_100080-T",23012.3730210784,0.851720609386171,0.147029681694594,1.39091480090222e-09,4.10559679162861e-08
"AFUB_084050-T",5182.71000013567,1.18460359974665,0.207981060814739,1.43118505040926e-09,4.21126201082925e-08
"AFUB_024000-T",5916.00458408285,1.34072319996788,0.237669118057847,1.48288400708042e-09,4.34979308743589e-08
"AFUB_009030-T",4763.50528269755,-1.02254066983143,0.178749408496423,1.4938401904713e-09,4.36832274331608e-08
"AFUB_018160-T",4646.85971797481,-0.901644666734657,0.15709768122703,1.57282105050968e-09,4.58504118006166e-08
"AFUB_039190-T",17507.8250371838,-0.792678684423262,0.137835840067748,1.85447669322405e-09,5.38942979734497e-08
"AFUB_072320-T",15386.5639312421,-1.03081678893641,0.181570884649532,1.89117176448892e-09,5.47916102597776e-08
"AFUB_019230-T",10616.7300370413,1.48543245330578,0.265976516527652,2.04077326886954e-09,5.89445432505385e-08
"AFUB_078070-T",24621.4887656722,0.905081704540214,0.158839820159928,2.17219568908943e-09,6.25486073653397e-08
"AFUB_096890-T",16886.7770009822,-0.905664289813062,0.159733936462578,2.43951421751018e-09,7.00319081465727e-08
"AFUB_070950-T",586.629872284029,-2.99735213594587,0.550174345437251,2.46915341889149e-09,7.06673209491861e-08
"AFUB_085070-T",970.341626179435,-2.02800606519765,0.369649412953062,2.504562449129e-09,7.13159382639405e-08
"AFUB_014560-T",8401.15832892784,1.02133999862096,0.180618860093118,2.5069642698985e-09,7.13159382639405e-08
"AFUB_047300-T",20908.0470643014,0.899859071900556,0.158861526379284,2.65643611229561e-09,7.53403687752274e-08
"AFUB_012310-T",80260.0834969745,-0.84616844334095,0.151677028122815,2.80924033262555e-09,7.94348557717782e-08
"AFUB_059790-T",5370.34689794593,-1.12456011531719,0.201588962628208,2.92846892102013e-09,8.25458470464623e-08
"AFUB_070060-T",49860.5172149718,0.875873642393175,0.155649106735289,2.93679468570145e-09,8.25458470464623e-08
"AFUB_046390-T",1658.75656163413,-1.65642365859063,0.301838048557727,3.00429602852979e-09,8.41918196566562e-08
"AFUB_016240-T",12563.6020450505,-0.908399205869418,0.162734230836678,3.45300377402175e-09,9.64791796326077e-08
"AFUB_004410-T",8480.08457481157,1.33799169346044,0.242560954237671,3.60328504453818e-09,1.00380272128318e-07
"AFUB_068380-T",7621.28282233629,-0.931057268139868,0.166444965463876,3.62423895887302e-09,1.00666177099553e-07
"AFUB_100420-T",12861.1345627294,-1.5774742678585,0.290020033585095,3.86932607813125e-09,1.071575716226e-07
"AFUB_012370-T",58144.1515978016,1.05557747230845,0.195458167713083,3.88776565384278e-09,1.07352496764175e-07
"AFUB_029020-T",8184.37598427364,-0.854408801819033,0.152548370489111,4.09266976976026e-09,1.12680054245797e-07
"AFUB_016170-T",24015.9241191945,-0.986232847511802,0.177679161041268,4.21495307616065e-09,1.15708449461017e-07
"AFUB_101400-T",833.203470787748,-2.24652423440608,0.418849217597523,4.29299466678624e-09,1.17508249367614e-07
"AFUB_078170-T",10417.2634674264,1.36339838130078,0.249677049660924,4.45698124372183e-09,1.21643290988072e-07
"AFUB_040460-T",4808.43988141589,1.08495323797085,0.19692884386021,4.68804772479925e-09,1.27579934614768e-07
"AFUB_032790-T",11778.1053408439,-0.725560754936582,0.128753951406667,4.70210558539637e-09,1.27593735423897e-07
"AFUB_008120-T",7750.80957954168,-1.16692316770932,0.212919210660085,4.84330073186246e-09,1.3104747037706e-07
"AFUB_077640-T",5539.88599926264,1.42535784682926,0.26186659754062,4.88412554461063e-09,1.31773427301013e-07
"AFUB_049120-T",9676.79346962608,-0.973550107541059,0.176460193718431,5.05593631747322e-09,1.36019132472365e-07
"AFUB_067950-T",29197.3304854071,-0.635514315043144,0.112507156037263,5.13993666921676e-09,1.37885024721781e-07
"AFUB_022200-T",3039.04859892007,-0.98247316319585,0.17816789218298,5.47775779016085e-09,1.46530020886803e-07
"AFUB_100130-T",17517.9683549957,0.720493325542661,0.128405601557125,5.60203755406207e-09,1.49429987561044e-07
"AFUB_015860-T",1236.17084529538,1.76202836629881,0.328076198755006,5.66147647108174e-09,1.50588876982219e-07
"AFUB_007190-T",4647.26497785527,1.93643084667285,0.361041985682653,5.71919499035113e-09,1.51695605715905e-07
"AFUB_077720-T",657.60068061092,-1.97398470142827,0.370215590606357,6.0630663654906e-09,1.60364699150167e-07
"AFUB_058160-T",4642.74287304037,-0.857105075778821,0.155656706689578,6.08121475132053e-09,1.60394168342953e-07
"AFUB_039050-T",77142.8549479572,-0.993858985079095,0.181269282671339,6.12194407649824e-09,1.60887011041884e-07
"AFUB_075990-T",9223.9087319864,-0.845330466154265,0.15291341326955,6.13407359431142e-09,1.60887011041884e-07
"AFUB_063750-T",121213.772357393,-0.595235892467136,0.104469741219173,6.47764121019465e-09,1.69426304542202e-07
"AFUB_009810-T",10880.3988010308,-0.82067084010912,0.147192171628752,6.69945126689118e-09,1.74742474041682e-07
"AFUB_054910-T",3666.93104927421,-1.36220107830147,0.253415978276923,7.03037993958245e-09,1.82867562185382e-07
"AFUB_033240-T",16732.7361953392,0.861883661805233,0.156058006869078,7.08515006169723e-09,1.83784498570086e-07
"AFUB_098030-T",1639.12925502176,-1.22932463729787,0.228556690975168,7.84876028062487e-09,2.0303276594056e-07
"AFUB_015410-T",9774.56331503845,-0.996619193219926,0.18399126211106,8.80976671849787e-09,2.27267844990071e-07
"AFUB_049370-T",718.243471829686,1.94594989452508,0.369577288037284,8.94383594263995e-09,2.30096063486059e-07
"AFUB_099390-T",3406.92487038171,-1.12733828652877,0.2098284837378,9.20295060124016e-09,2.36117119513017e-07
"AFUB_041340-T",848.714142794735,1.87635008329496,0.357190823649691,9.67955809863844e-09,2.4767043221951e-07
"AFUB_005040-T",18074.0660652294,-0.730658763231115,0.133194094939998,9.89470081055278e-09,2.52489167566843e-07
"AFUB_018480-T",2428.94841659391,-1.34592454144007,0.253282701230111,9.97033652925662e-09,2.53731591241839e-07
"AFUB_059670-T",19805.6103225783,-0.762453495010351,0.138700059363841,1.039652120561e-08,2.63864268657747e-07
"AFUB_085790-T",33181.3665048403,0.656495240564461,0.119044448294398,1.08407308072473e-08,2.74398713121078e-07
"AFUB_056400-T",3241.17490834845,-1.15854302351514,0.21764112892888,1.15751259465976e-08,2.92202107005798e-07
"AFUB_007880-T",1619.39447678333,-1.34028140819811,0.253549720186872,1.16817698223848e-08,2.94105734351806e-07
"AFUB_050350-T",29577.7117671132,-0.660282255314463,0.11929873531399,1.17975103263615e-08,2.96227619288053e-07
"AFUB_041650-T",9235.14468120059,0.893137824093087,0.165489119969385,1.19904154826371e-08,3.00270617511997e-07
"AFUB_051570-T",13569.7678647699,-0.723775507549973,0.132855748957431,1.20650265776417e-08,3.01337639933883e-07
"AFUB_074320-T",85365.6939253968,1.25983913564253,0.23298823039047,1.24273550703475e-08,3.09566072334371e-07
"AFUB_078230-T",4978.39884718522,0.935256005479112,0.17396655840843,1.26680934521039e-08,3.14730258430106e-07
"AFUB_001490-T",1060.82766067473,1.65617176861981,0.316756643982659,1.29850865300253e-08,3.21756775701891e-07
"AFUB_030310-T",9786.9603733446,0.869229232505345,0.161271559759334,1.33322657128928e-08,3.29492425072437e-07
"AFUB_029460-T",7206.64636356866,-1.12078621587559,0.211403642639038,1.3859642205467e-08,3.41629295828997e-07
"AFUB_006000-T",58468.1497620075,1.1421496242774,0.21738314706088,1.39638380320081e-08,3.43298952766027e-07
"AFUB_049500-T",3379.52426606733,1.44730692292549,0.276479596928242,1.45838235679717e-08,3.57607507072972e-07
"AFUB_056560-T",34346.8097634941,-0.722475308779655,0.133529636352156,1.46449218663094e-08,3.58172946216024e-07
"AFUB_044830-T",4681.85628263129,-1.17565441086458,0.222922398239863,1.49086304920205e-08,3.63677887857163e-07
"AFUB_046580-T",7481.1774642172,1.80774366804229,0.349391236660591,1.52883102656391e-08,3.7197604511953e-07
"AFUB_020080-T",1229.02412755292,-1.44820616913381,0.277660717565536,1.54848628687536e-08,3.75787290649959e-07
"AFUB_030800-T",2679.93727650799,-1.40715128610987,0.269988217415765,1.62505071943532e-08,3.93354179285422e-07
"AFUB_024300-T",4091.92248936129,-1.08638561206321,0.206310555004095,1.77014673425748e-08,4.27376965378679e-07
"AFUB_094480-T",30532.7780976533,0.834512763966304,0.156124969041112,1.82014026034144e-08,4.38323291339513e-07
"AFUB_042820-T",19498.5101504717,-0.632246499497021,0.115558831621671,1.9381214977015e-08,4.6554469444789e-07
"AFUB_003510-T",9202.12178411011,0.959344083960052,0.181477094064413,1.98192137825993e-08,4.74854241671642e-07
"AFUB_097050-T",1709.96487070877,1.58570013220125,0.30846776446484,2.16469000675113e-08,5.17327946791083e-07
"AFUB_072930-T",3608.26344036776,-1.38810639644469,0.269046249355381,2.1947680293187e-08,5.22735003768171e-07
"AFUB_071440-T",1762.14352319227,-1.49372012333544,0.290450551000351,2.19841824014651e-08,5.22735003768171e-07
"AFUB_082490-T",6015.12083760816,-1.03439183670258,0.197485796498335,2.23167044695324e-08,5.290015063146e-07
"AFUB_039970-T",1819.73484603062,-1.4350994022767,0.278560131199559,2.23600891581575e-08,5.290015063146e-07
"AFUB_076740-T",3779.77625360285,0.883397722124675,0.167526936958991,2.44792081707592e-08,5.77684772270348e-07
"AFUB_068740-T",12315.9685816931,0.717161192647464,0.134504703850961,2.45845234323093e-08,5.78719681596561e-07
"AFUB_092990-T",19862.5574519901,-1.01234129900852,0.194022380524664,2.53217875440537e-08,5.94588407767604e-07
"AFUB_047110-T",299.675249922612,-2.71486219149199,0.540800323714574,2.54633126972574e-08,5.96424259595463e-07
"AFUB_048010-T",1093.48666953105,-2.3182290304001,0.462703247404726,2.86518882317347e-08,6.6944461436728e-07
"AFUB_100350-T",1707.5998201996,-2.596040209784,0.519383076159934,2.92258594097763e-08,6.81165079709044e-07
"AFUB_045880-T",3978.83567009215,-1.10302049394563,0.213845839044941,3.05080688130869e-08,7.09293767763028e-07
"AFUB_072250-T",113710.622468587,-0.585938415910902,0.106129532876042,3.16738169919901e-08,7.34582908365957e-07
"AFUB_021290-T",3295.80522340753,1.35564279683863,0.265701728587843,3.18159213461543e-08,7.3606563979211e-07
"AFUB_038210-T",6207.03702005306,1.2456467956883,0.242781748580072,3.1986538533577e-08,7.38199134392551e-07
"AFUB_000050-T",384.82060094063,-4.41170009872452,0.896547597235345,3.3368536769741e-08,7.66572414645594e-07
"AFUB_008960-T",7028.51730360602,0.887715006361313,0.170184164233777,3.34578138984686e-08,7.66572414645594e-07
"AFUB_046050-T",24426.5125958089,-0.718583499834085,0.13552885697359,3.34602020411362e-08,7.66572414645594e-07
"AFUB_065180-T",8911.03071956496,-0.871653976566394,0.16765666860756,3.3571387777376e-08,7.67252881824689e-07
"AFUB_055620-T",14382.7380699871,1.07965826908812,0.21054848755883,3.37273650938639e-08,7.68951258411193e-07
"AFUB_054160-T",10350.0146793446,-0.996766050458818,0.193037501829732,3.47039088106025e-08,7.89304360774476e-07
"AFUB_025900-T",26613.4632706912,0.856142269839422,0.163921151344091,3.5295903983706e-08,8.00834293760423e-07
"AFUB_092930-T",11037.4501704425,-0.978569298293918,0.189551294775503,3.59118689198194e-08,8.12851340742835e-07
"AFUB_004170-T",12876.8394604219,-0.720608544424097,0.13724682865202,3.66795808159185e-08,8.28237249311003e-07
"AFUB_034740-T",22383.8253067124,1.01476029761434,0.196811245402829,3.70681528162798e-08,8.33767450465981e-07
"AFUB_039270-T",10355.229631055,-0.97613891419547,0.189343394124363,3.71015889703957e-08,8.33767450465981e-07
"AFUB_001720-T",16374.4666528818,-0.717554908056161,0.135840390628845,3.80350608811605e-08,8.52709841088113e-07
"AFUB_017770-T",27353.387514029,-1.20897470200305,0.23650217795192,3.99714065496149e-08,8.93992313708251e-07
"AFUB_042690-T",2361.02466456123,1.32053949796968,0.260974793496573,4.09076879881744e-08,9.1141463248942e-07
"AFUB_091940-T",10045.7666565915,0.924780503378355,0.179153112338616,4.10339571955873e-08,9.1141463248942e-07
"AFUB_072700-T",111243.917320421,0.865947760145835,0.166422874853772,4.10407608512653e-08,9.1141463248942e-07
"AFUB_010910-T",21251.6535188497,0.861642051559526,0.166307596542401,4.18230069304421e-08,9.26601019428336e-07
"AFUB_068460-T",16123.900129643,-0.890656135427584,0.172532526803346,4.23842238721949e-08,9.36830638452082e-07
"AFUB_048520-T",6894.93283707603,-1.45878306356739,0.290832894854727,4.38754859668513e-08,9.67521254950521e-07
"AFUB_004200-T",1519.45605482922,-1.61191963587727,0.322736935832333,4.40217490925691e-08,9.68478480036521e-07
"AFUB_047350-T",2055.12474931858,-1.29352573704018,0.257069749890833,4.69543088575317e-08,1.03058688159095e-06
"AFUB_042040-T",18333.5621581743,-0.631141261401522,0.120674107705533,5.29190227445373e-08,1.15880353061061e-06
"AFUB_049210-T",343.783424026762,-3.09394713739752,0.637706339263277,5.52636760960545e-08,1.20733822301728e-06
"AFUB_021350-T",3849.84886037553,-0.893100642144713,0.175181782616838,5.64062843373548e-08,1.22944808639012e-06
"AFUB_006710-T",22223.0647489449,-0.766920197999108,0.148717115180547,5.65915816821054e-08,1.23063818272218e-06
"AFUB_085740-T",1903.03154349337,1.58470849483654,0.320893629631361,6.0375258120106e-08,1.30989269690995e-06
"AFUB_020790-T",15109.0134729185,0.757563007142134,0.146977438380689,6.21202565343522e-08,1.34465364489071e-06
"AFUB_015000-T",9604.93939111449,0.954369611727132,0.188751370050884,6.71792315999483e-08,1.45082487326861e-06
"AFUB_012620-T",18041.8437153362,-0.685911888574333,0.133291710339261,6.74139539272609e-08,1.4525624489224e-06
"AFUB_053680-T",16146.1332031685,-0.784415849333203,0.153192052979098,7.09397240662406e-08,1.52504210458384e-06
"AFUB_080570-T",6092.50881030626,1.25873977716228,0.253514060164928,7.22617074074631e-08,1.54992309099925e-06
"AFUB_033730-T",4148.61395514971,1.03747909677015,0.20700751359472,7.42700377775744e-08,1.58937880844009e-06
"AFUB_076970-T",6223.93164529351,-0.905007964751463,0.179414109193184,7.667270689556e-08,1.6370753018789e-06
"AFUB_010980-T",3812.29801428285,1.29165692772903,0.26168174783891,7.982861873413e-08,1.70060242986554e-06
"AFUB_059750-T",44423.133696952,-0.54588556542151,0.103411037261984,8.21227990126092e-08,1.74552658127027e-06
"AFUB_049360-T",2521.6219462559,1.33396147222324,0.271308147797138,8.48348749936001e-08,1.7991107723868e-06
"AFUB_021020-T",16347.2700658629,-0.798808901991256,0.157236142924045,8.58264939868563e-08,1.81605003905672e-06
"AFUB_078520-T",8177.93486454923,-0.732424245725562,0.143585597158861,8.629648069971e-08,1.8219005880459e-06
"AFUB_035470-T",1073.34995112164,2.0266333134492,0.420229401618447,8.78872768585138e-08,1.85133467315384e-06
"AFUB_044940-T",211.531427560596,-3.77477847667749,0.797250155808255,8.88335004643352e-08,1.86708982225933e-06
"AFUB_020670-T",8844.4967247471,0.71613440314863,0.140461222244719,8.94955654645328e-08,1.87681568911813e-06
"AFUB_079490-T",142.639611797561,5.38288449520217,1.13345652522889,9.13578461217165e-08,1.91161217573796e-06
"AFUB_060180-T",21176.4162838394,0.789147842962272,0.155021681359146,9.32190389329004e-08,1.94623164211129e-06
"AFUB_024740-T",9716.89795162669,-0.657802744943241,0.128167399617239,9.54506937499029e-08,1.9884153370555e-06
"AFUB_052670-T",14580.3876067518,-0.773070068685768,0.153517502380005,1.07721045954628e-07,2.23907586911431e-06
"AFUB_037120-T",1855.87410589664,1.12027511874524,0.228087942623075,1.12322800259496e-07,2.32958477366391e-06
"AFUB_030070-T",5089.29843841122,-1.33989213660261,0.276376679520756,1.13501676615042e-07,2.34886107034557e-06
"AFUB_064440-T",4237.71056201761,1.07395150855014,0.219970143412591,1.24184364157341e-07,2.56429818619633e-06
"AFUB_050030-T",13630.2171587829,0.673434791268819,0.133131210074792,1.25174536193687e-07,2.57718086581256e-06
"AFUB_041460-T",178188.199220273,0.891399420598078,0.179711249054272,1.25355653838377e-07,2.57718086581256e-06
"AFUB_083830-T",15509.5166720081,-0.75112837715118,0.150021336836789,1.25948409961398e-07,2.58372598735627e-06
"AFUB_020180-T",39772.7103743748,-0.582544005820094,0.111981269445864,1.39308717131769e-07,2.85158887067985e-06
"AFUB_070430-T",5173.65759213499,0.849340557070237,0.171560822333102,1.41316099334867e-07,2.88640431960328e-06
"AFUB_004660-T",24107.8930272202,1.19922630165028,0.247834062053996,1.46481217511108e-07,2.98542671879782e-06
"AFUB_005070-T",2170.42617139837,-1.33754039871348,0.278959797269462,1.489592945366e-07,3.02537305596518e-06
"AFUB_068720-T",5270.37696036096,0.775468242239343,0.155944014632163,1.49083803947307e-07,3.02537305596518e-06
"AFUB_062170-T",1972.71114319274,1.96456768252789,0.415348168041328,1.54713812984876e-07,3.1328715334744e-06
"AFUB_031680-T",1778.04755758642,-1.35272262913986,0.28344559893147,1.63199458122524e-07,3.29760965167744e-06
"AFUB_010190-T",5253.17234291611,-1.47600196282816,0.310789154361974,1.63605653869751e-07,3.29873840864577e-06
"AFUB_094270-T",31168.3810585383,-0.966849994246398,0.199623944842103,1.72558770283227e-07,3.47182346364715e-06
"AFUB_033530-T",2914.80023927219,1.1206041302723,0.232911493727022,1.81492465003962e-07,3.64378049142282e-06
"AFUB_085950-T",35317.2608165447,-0.807701028781191,0.164457831189449,1.83006414884306e-07,3.65913902699919e-06
"AFUB_009110-T",9002.24360552864,1.45862174472031,0.307901845200633,1.83034673079505e-07,3.65913902699919e-06
"AFUB_041320-T",3192.22624786658,1.13450266116862,0.236653517634268,1.95347038232736e-07,3.8970078644056e-06
"AFUB_097450-T",5408.5321933052,-1.20643293037749,0.253243143681688,1.99330125692044e-07,3.9680601765672e-06
"AFUB_095550-T",3511.59725998484,1.18117762363924,0.248201334621945,2.1799512382537e-07,4.33046853573773e-06
"AFUB_097670-T",1554.58409522956,-1.18411465884191,0.249318553691026,2.20831327383586e-07,4.37757427082915e-06
"AFUB_023990-T",27772.4121656207,0.72954391213179,0.148419010294703,2.22237839155519e-07,4.3962006165722e-06
"AFUB_093180-T",5665.26323107051,-1.08719504225158,0.227870633178766,2.24843584228138e-07,4.43842178006739e-06
"AFUB_071130-T",34069.3947007654,-0.689274592771502,0.140453903371185,2.27586866692994e-07,4.48317559996073e-06
"AFUB_035880-T",29066.3378333682,0.661432869211518,0.13389556446749,2.34699063963657e-07,4.6136250235528e-06
"AFUB_057540-T",514.83686446493,-2.03790177110882,0.444171580206249,2.55719793992196e-07,5.01636995881359e-06
"AFUB_013760-T",13161.6664019899,0.734455888877895,0.150284082619736,2.61023578093861e-07,5.10976717532597e-06
"AFUB_012700-T",15403.9682064903,-1.01186809950843,0.213128738858583,2.63873767051703e-07,5.15484520862829e-06
"AFUB_043270-T",4079.31230071357,-1.31509832713796,0.281015931357784,2.65344033410586e-07,5.17283523518442e-06
"AFUB_067180-T",5541.24593298266,-0.763879802033881,0.157452621700001,2.76022959980558e-07,5.36990122143994e-06
"AFUB_066180-T",39352.4276481189,-0.650995839367027,0.132971794071474,2.89703708569306e-07,5.62443323688369e-06
"AFUB_065340-T",16759.8883948118,-0.630620563000167,0.127830916366734,2.99237268329797e-07,5.79756814525385e-06
"AFUB_086310-T",11100.6130349179,0.817515900748647,0.169919826152122,3.07617544205237e-07,5.94769362676902e-06
"AFUB_054680-T",28217.3434660788,0.808395035304038,0.168021023950623,3.19311627620361e-07,6.1611440280191e-06
"AFUB_044960-T",646.851196950765,-1.90617120637007,0.419570866854473,3.2846944261411e-07,6.32488399111342e-06
"AFUB_020750-T",4695.12346449003,-0.771663955698857,0.16083277369796,3.54058626230376e-07,6.8037061726229e-06
"AFUB_090950-T",73375.5751246106,-0.560205094005542,0.111511847371507,3.61203717632865e-07,6.92687210841356e-06
"AFUB_099650-T",13682.3110440333,1.33354174973235,0.288824259377655,3.70594078755173e-07,7.09250781617623e-06
"AFUB_093700-T",9715.38068405837,-0.752315111217656,0.156853640827473,3.79454996059351e-07,7.24735951905649e-06
"AFUB_101780-T",45421.2701274732,-0.826022082887438,0.174235320130263,3.81087748576281e-07,7.26381020363211e-06
"AFUB_023470-T",43206.4382582161,-0.746404114096711,0.155717438472294,3.83119563670479e-07,7.28778547782067e-06
"AFUB_087850-T",4335.87991658971,-0.930412484380536,0.197497393671538,3.89954993637683e-07,7.40285528244441e-06
"AFUB_078060-T",9146.8303324738,0.72770900566087,0.151430133935251,3.95397641377667e-07,7.4910748314127e-06
"AFUB_068530-T",29726.5656064565,-0.614991588798021,0.127273705099118,3.97365453944004e-07,7.51323918541514e-06
"AFUB_096120-T",589.621495488546,1.98562639445241,0.441010499300909,4.14176944589767e-07,7.81343873240089e-06
"AFUB_060190-T",6104.38991131386,0.906704808929343,0.192256780449367,4.14902226656802e-07,7.81343873240089e-06
"AFUB_032560-T",3299.9846609891,1.32418377271805,0.288894032043566,4.22926265782622e-07,7.94865013694445e-06
"AFUB_019900-T",8084.48719201857,-1.00480287154064,0.215259501331171,4.24102372520456e-07,7.95487637380998e-06
"AFUB_036820-T",2723.68637451238,-0.886635946108339,0.188673506384978,4.3125669899353e-07,8.07298822608961e-06
"AFUB_091270-T",28643.4453620962,-0.666456883389513,0.138738237720765,4.43490538477238e-07,8.2855295839319e-06
"AFUB_099180-T",3748.87272981412,-0.988046343939731,0.211966571078955,4.47052141779584e-07,8.33553062771596e-06
"AFUB_101680-T",526.52884533474,-2.15809595087878,0.484277381529002,4.5621690238349e-07,8.48960148783189e-06
"AFUB_068990-T",4762.82392427463,-0.871760256895618,0.185556899367958,4.66673968318162e-07,8.66706525775901e-06
"AFUB_012810-T",1019.93875635034,1.48239245586628,0.32706896221571,4.76702828251129e-07,8.8358933677414e-06
"AFUB_035770-T",4886.64602169495,-0.824863454268153,0.175093947995776,4.82196950126266e-07,8.92016990646153e-06
"AFUB_041070-T",2787.36715037542,-1.25655881384738,0.275154807400629,4.87976446574831e-07,9.00938474695806e-06
"AFUB_100760-T",4081.34610243451,1.05071905916344,0.227209919023249,4.97584691746993e-07,9.16880128667258e-06
"AFUB_067450-T",160584.906462732,-0.772918778134624,0.16382450456459,5.12068481323682e-07,9.41725941434334e-06
"AFUB_003670-T",54.5069851420219,9.61511070447626,3.25431072731537,5.14525681006571e-07,9.44400353286135e-06
"AFUB_002450-T",11801.7610374131,0.958167144281792,0.206085104706,5.15730646545403e-07,9.44770382854381e-06
"AFUB_055510-T",22617.017183688,-0.702708920312894,0.148122421756713,5.21731470669209e-07,9.53907481130343e-06
"AFUB_093820-T",2220.67746892089,1.30498463026991,0.287056700782223,5.28845841637763e-07,9.65041171484724e-06
"AFUB_001050-T",20434.0172721851,-0.543881429094726,0.111697929725017,5.56431001851312e-07,1.01341476081856e-05
"AFUB_060960-T",8839.28660629864,-0.975223863681106,0.211072393509013,5.59537874796005e-07,1.01710591294965e-05
"AFUB_008890-T",20846.1371618093,0.838595267136875,0.179940361976554,5.97650412902778e-07,1.08429215566331e-05
"AFUB_071700-T",13757.1500818492,1.29868837908009,0.287276428096083,6.00218250101177e-07,1.08685673902936e-05
"AFUB_047700-T",2488.99794523317,-1.13156237197243,0.248693394347993,6.06239336586544e-07,1.09565251310919e-05
"AFUB_074720-T",15884.648113826,0.954419332684118,0.208734935190556,6.09039283618611e-07,1.09860419435878e-05
"AFUB_052010-T",36902.0587405863,1.02151387981341,0.222278631015516,6.21555001474798e-07,1.11903669099172e-05
"AFUB_021220-T",4188.41648262478,-1.02349014964879,0.223908391746381,6.50846596467801e-07,1.16953655579023e-05
"AFUB_063940-T",21276.6126605493,-0.551577413805664,0.115752398230898,7.06557737086549e-07,1.26722812426799e-05
"AFUB_066860-T",3139.11074186687,1.46751195562369,0.330179840269286,7.11615486013122e-07,1.27387289283262e-05
"AFUB_056780-T",9469.27987428359,0.637841659421101,0.135138885036731,7.44969456475012e-07,1.33104979168287e-05
"AFUB_071690-T",6067.6016432511,1.21930075424441,0.271528423066682,7.47372228365677e-07,1.33281380725212e-05
"AFUB_034310-T",3012.66059379332,-0.980509637945124,0.215453793445566,7.64815334569505e-07,1.36134238002013e-05
"AFUB_080110-T",2447.46931162489,-1.14597384554797,0.2549417259473,7.76846143046742e-07,1.38014778923172e-05
"AFUB_022520-T",5398.65358245934,0.74698062480349,0.1606236816725,7.93115833645653e-07,1.40639899992608e-05
"AFUB_051400-T",2981.15794543583,-0.987032641113789,0.217495051418753,8.02298947093829e-07,1.42000881312697e-05
"AFUB_082890-T",1445.65992956106,1.5953512837988,0.363861768894083,8.23157434404164e-07,1.45419332126634e-05
"AFUB_050820-T",8221.37917261774,-0.792254793395206,0.171545977514532,8.6975589235832e-07,1.53363698173145e-05
"AFUB_040070-T",9598.6274069237,-0.734096591725563,0.158367261791488,8.71474759886537e-07,1.5337955774003e-05
"AFUB_025250-T",4559.22885496301,1.73096780411779,0.39672142441557,8.89332819991781e-07,1.56230556586616e-05
"AFUB_053150-T",10602.3555506779,-0.694600326787493,0.149790469150976,8.93495402079361e-07,1.56669510353431e-05
"AFUB_009080-T",45574.2446824949,0.622236251723491,0.132586457343028,8.98626363154108e-07,1.57276316644221e-05
"AFUB_071500-T",6719.94635079135,-0.883513528330811,0.194904216417793,9.18539396098991e-07,1.60463208787905e-05
"AFUB_001700-T",6202.28975651392,-0.835840961121155,0.182857560009798,9.21116758894995e-07,1.60615470402875e-05
"AFUB_053650-T",14506.1573961244,-0.700245618767006,0.151209553162443,9.38354553516324e-07,1.63318788833821e-05
"AFUB_072940-T",18250.0010723731,-0.73193810019544,0.158616611052579,9.45747998638753e-07,1.64301903232149e-05
"AFUB_067090-T",10874.9731157806,-0.91061864613587,0.201098046869754,9.59266857628221e-07,1.66343586214131e-05
"AFUB_066530-T",11060.1223028602,-0.791332355817987,0.172831287157697,9.71710940390414e-07,1.68191731888164e-05
"AFUB_012500-T",8765.26613358337,-1.22697225203241,0.277454830014838,9.76980998413016e-07,1.68793634514807e-05
"AFUB_023410-T",14684.7548661158,-0.8087628971611,0.17717498943861,1.00406477922251e-06,1.7315520075383e-05
"AFUB_029980-T",9303.76604760706,-0.784448277825409,0.171895911896746,1.05769682761421e-06,1.82070810398819e-05
"AFUB_014090-T",13909.5366150879,0.644641598976702,0.138891693947275,1.08181718887473e-06,1.85883041066506e-05
"AFUB_025150-T",23861.9893366445,0.600513480970045,0.128973995368319,1.11314315569701e-06,1.90917230492587e-05
"AFUB_078710-T",8514.53596774752,-0.816731532717238,0.17721543540223,1.1413731071909e-06,1.95403075951082e-05
"AFUB_068360-T",16109.8961510117,0.807357710512703,0.177812289758736,1.14913624328417e-06,1.96375079251611e-05
"AFUB_081630-T",877.921631138264,-2.23833513734383,0.527698615970749,1.16750227775159e-06,1.99152200132408e-05
"AFUB_038660-T",12227.5457125475,-0.857294705266452,0.190105154206776,1.17017619796889e-06,1.99247361303347e-05
"AFUB_040710-T",44270.8920209844,0.509925932523939,0.109030521603132,1.20908609080985e-06,2.05500986120317e-05
"AFUB_025800-T",37054.5560589113,0.655343484989688,0.142114971442288,1.24204054030898e-06,2.10721688784673e-05
"AFUB_082360-T",7110.062602174,-0.92842222840878,0.208169190612537,1.26850396760064e-06,2.14824340987907e-05
"AFUB_036470-T",15977.7863668531,-0.598450548826159,0.129117533125582,1.32199255363004e-06,2.234808237878e-05
"AFUB_089990-T",7814.01321515151,-0.7101423190144,0.155961830221507,1.33315890309475e-06,2.24964591963085e-05
"AFUB_086420-T",13675.6762320978,0.653208920496778,0.141943128711164,1.36004268186631e-06,2.29090552637803e-05
"AFUB_042340-T",33331.2387855465,-0.705199125073436,0.15524307535433,1.38407235945407e-06,2.32721881011062e-05
"AFUB_016510-T",933.363516526126,1.90049134625754,0.447005231861669,1.40010921450659e-06,2.34998723062283e-05
"AFUB_089060-T",6394.69411812261,-0.758567136872641,0.168213104183747,1.42768839029678e-06,2.39201314644741e-05
"AFUB_092610-T",11249.038538413,-1.32124836264059,0.306534760583876,1.46057128531335e-06,2.44276007504627e-05
"AFUB_032800-T",1935.9416218588,-1.19787319120124,0.276363214016502,1.50872585202499e-06,2.51882316004739e-05
"AFUB_035240-T",13180.2577637333,-0.72752924425635,0.161240210862524,1.5131034216045e-06,2.52166049873062e-05
"AFUB_053100-T",18578.1566463435,-0.772071575287251,0.171819738603225,1.52321799511325e-06,2.53403191554529e-05
"AFUB_008750-T",18649.8918583689,0.880858833938396,0.198654254427113,1.5978244090815e-06,2.65345937141294e-05
"AFUB_018780-T",5557.47827831753,-0.892377927270568,0.201720968265999,1.62092165321235e-06,2.68707716314216e-05
"AFUB_025710-T",6322.13316623993,0.932131756702242,0.211795347175684,1.65217271751782e-06,2.73407000143195e-05
"AFUB_053780-T",17365.5219425949,1.00907113668653,0.230886028657863,1.67032977687306e-06,2.7592675752696e-05
"AFUB_066150-T",25893.3496589618,-0.566856729637108,0.123725074278357,1.69254985414384e-06,2.79107695737625e-05
"AFUB_002960-T",2914.33717291419,0.973045839324814,0.221859671855038,1.71540461284112e-06,2.82381990113846e-05
"AFUB_005320-T",22580.3986444409,-0.745261406659662,0.16640281741843,1.72507542421411e-06,2.83478362904014e-05
"AFUB_026220-T",2339.31439610217,0.989846915583986,0.226425582922557,1.78255857307643e-06,2.92414138050309e-05
"AFUB_039810-T",60814.1258403607,0.846261435232393,0.195805760776079,1.78764839384229e-06,2.92739083068157e-05
"AFUB_073570-T",1202.81872937123,-1.13273582773886,0.262604835969161,1.80799348826558e-06,2.95556713290082e-05
"AFUB_076170-T",1190.86253904124,1.23805377993981,0.288630093912961,1.8147617117371e-06,2.96148982282782e-05
"AFUB_068170-T",3145.05846972238,-0.854856489521908,0.193595811366049,1.82970798159765e-06,2.98071459424282e-05
"AFUB_068890-T",18208.2205543991,-0.532118047204475,0.116125812716149,1.87013102425375e-06,3.04130461560852e-05
"AFUB_065490-T",18791.5217103517,-0.797077396195012,0.179821628558797,1.90836954213052e-06,3.09813924287949e-05
"AFUB_053980-T",11055.520957285,-0.674002794628469,0.148883437147122,1.9864684277333e-06,3.219378092175e-05
"AFUB_082000-T",20047.3381190858,-0.926211205950152,0.212633926682672,1.99563296970389e-06,3.22867354686113e-05
"AFUB_021370-T",44854.5780928947,0.907461839232003,0.207521546043794,2.05298117363913e-06,3.3157582728964e-05
"AFUB_019560-T",21652.1534809111,-0.536926610702486,0.116871869288558,2.08855944417389e-06,3.36744447368859e-05
"AFUB_095870-T",14586.1501440017,0.569650611468754,0.125355923960056,2.10644583969119e-06,3.39047761137304e-05
"AFUB_046570-T",2427.58359740669,-1.16603211048209,0.27320133224977,2.11234505071264e-06,3.39417081868775e-05
"AFUB_096980-T",1589.61482008139,-1.10300515172223,0.257935491626319,2.22016648865337e-06,3.56134372353665e-05
"AFUB_043650-T",32647.1189764422,0.893351749069916,0.206342054168173,2.24174914728925e-06,3.58984863450264e-05
"AFUB_081980-T",3796.34756534091,0.922130559235564,0.21223201266288,2.25846064425337e-06,3.61046951210352e-05
"AFUB_027470-T",6353.83520543038,0.851078224568363,0.19468897660385,2.30513938688811e-06,3.67884618083702e-05
"AFUB_005210-T",31699.0547630325,-1.0182489000621,0.237735802432595,2.4518894798174e-06,3.90642831505256e-05
"AFUB_020650-T",41081.3328832804,-0.51381417145083,0.112023467052331,2.4827451678281e-06,3.93976967582006e-05
"AFUB_043800-T",19554.320846066,0.61137294603598,0.135760423329233,2.48428921339053e-06,3.93976967582006e-05
"AFUB_073220-T",16586.9260898025,-0.623057653557523,0.141218750199697,2.48536872072761e-06,3.93976967582006e-05
"AFUB_082020-T",16624.0855982819,0.551356695785387,0.12266421356784,2.49080345486101e-06,3.94174879512123e-05
"AFUB_010300-T",27289.2465484104,-0.519226956298663,0.113748227217675,2.51782358761099e-06,3.9778233055277e-05
"AFUB_094630-T",2410.95108368255,-1.51669813840459,0.366034930718488,2.53467692737736e-06,3.99774169986351e-05
"AFUB_039530-T",6153.3582908556,-0.68805318635649,0.155873923492365,2.6936428178231e-06,4.24136133321443e-05
"AFUB_068340-T",9535.99491835398,0.737364754805811,0.167926897965435,2.69851783505161e-06,4.24194389563371e-05
"AFUB_043570-T",39623.1839570613,-0.908443658608249,0.211714162156255,2.77010610040801e-06,4.3472198402403e-05
"AFUB_007770-T",90678.3727988624,0.605150195235741,0.135479300726644,2.91345896515038e-06,4.5645806349178e-05
"AFUB_076280-T",4576.153420551,-1.00705804294848,0.237122537050527,2.92311846378151e-06,4.5721068862071e-05
"AFUB_038630-T",22330.2935363874,-0.636125112146714,0.143825400697855,2.96659907475186e-06,4.63242071108847e-05
"AFUB_006050-T",9596.63306721251,-0.594179947926979,0.133754326278391,3.02288230887326e-06,4.71249334774016e-05
"AFUB_071640-T",20049.1772861457,-0.666065045979053,0.151359891326891,3.027907326539e-06,4.71252485730433e-05
"AFUB_053010-T",89826.0849717759,0.489157367835063,0.107762280002017,3.25778132707489e-06,5.06192557355399e-05
"AFUB_028810-T",1476.33327078884,-1.47546931843574,0.360980789803338,3.32657261216979e-06,5.16029781156354e-05
"AFUB_029490-T",17840.9065808678,0.81889015355501,0.190359228328138,3.37306429882089e-06,5.22381142067394e-05
"AFUB_057020-T",5244.29672478705,0.914861369964242,0.216475178388909,3.40285634511861e-06,5.26129644427534e-05
"AFUB_042120-T",2035.52760060096,-1.18201874386799,0.284882733857509,3.46510898938614e-06,5.34876495804261e-05
"AFUB_047530-T",478.182700549575,-2.05621903736969,0.51600613779549,3.61725639056093e-06,5.57448218879243e-05
"AFUB_042320-T",15857.6821442583,-0.665458067291938,0.152948064573943,3.65242758162738e-06,5.61948661905284e-05
"AFUB_075420-T",3740.51633904244,-0.813592261668045,0.190113881850714,3.66247534059387e-06,5.6257533127295e-05
"AFUB_090040-T",2206.03549755193,1.05691292326132,0.253686449068398,3.96612937470948e-06,6.08225964043395e-05
"AFUB_064950-T",25610.4334587539,0.707378136256997,0.163404231454959,4.02287714242829e-06,6.15925384928533e-05
"AFUB_051590-T",18419.0872617482,-0.765660783591033,0.178781404837301,4.03947393557244e-06,6.17462444437502e-05
"AFUB_038840-T",15893.5125672757,0.922206648035619,0.218864287437622,4.12064018818419e-06,6.28848428070378e-05
"AFUB_041900-T",12012.7117203526,0.729684721907018,0.169878595006191,4.2818952399096e-06,6.524000902749e-05
"AFUB_052730-T",23820.0548700288,1.02652956669727,0.247186321319844,4.41180054192346e-06,6.71106848186612e-05
"AFUB_051760-T",15433.8532702525,-0.627300653991616,0.144944107159094,4.66522488889374e-06,7.08512218610055e-05
"AFUB_012970-T",1493.73015189554,1.18408545903403,0.289808818580494,4.68052152022126e-06,7.09690670441279e-05
"AFUB_010000-T",70550.6057981202,-0.574864610135142,0.13244168481576,4.71424155173972e-06,7.13654315935389e-05
"AFUB_000770-T",18558.48360406,0.55840559244051,0.127991350006066,4.72983129804036e-06,7.14865032140417e-05
"AFUB_000750-T",4095.92373938162,1.27020676408202,0.313074582464172,4.77499322896205e-06,7.20534234677992e-05
"AFUB_064810-T",34846.5586075403,0.967378941449978,0.236038319356033,4.79840317024994e-06,7.22908228017174e-05
"AFUB_022630-T",22722.7478173961,-0.536109223190432,0.122107512169813,4.89511763461706e-06,7.36300761143039e-05
"AFUB_022530-T",2351.87009794912,1.01901730861511,0.246943538473375,5.01552377300601e-06,7.53208482402306e-05
"AFUB_063490-T",9643.51565076359,0.752869930717544,0.177462496154237,5.14349114233724e-06,7.711960604498e-05
"AFUB_077830-T",614.301356355638,-2.04733355344915,0.525484778690743,5.22317860629753e-06,7.80861896955171e-05
"AFUB_078540-T",20740.6706485298,-0.676652202736458,0.158537154037745,5.22454327826845e-06,7.80861896955171e-05
"AFUB_068180-T",13324.5004073202,-0.848518964078796,0.203012457141088,5.29736597395793e-06,7.90177058101898e-05
"AFUB_052710-T",6387.8832935612,-0.732647103902362,0.172839544373665,5.30365230161852e-06,7.90177058101898e-05
"AFUB_029320-T",15108.3546119685,-0.653667988173662,0.152652519630775,5.33140534321778e-06,7.92548201575748e-05
"AFUB_042220-T",12705.6823911447,0.934959686276373,0.22509158751077,5.33640144221564e-06,7.92548201575748e-05
"AFUB_080890-T",839.069847990968,-1.64760622820155,0.419709437207384,5.35901094168473e-06,7.94652709085093e-05
"AFUB_097220-T",15849.6820160208,-0.595977730353667,0.135964966033079,5.39803839745314e-06,7.99181282239289e-05
"AFUB_004070-T",3202.71785670711,1.42761893121724,0.359265651423775,5.43183421741499e-06,8.02922307553839e-05
"AFUB_009580-T",551.456132219291,-1.72294353443403,0.439177279040342,5.50794983558623e-06,8.12897424010658e-05
"AFUB_069140-T",28318.6939485086,-0.763884705121285,0.181487161901316,5.59586162028265e-06,8.24579546425375e-05
"AFUB_011400-T",14659.638738075,-0.681193979646365,0.160067998991475,5.60697053232208e-06,8.24925539567887e-05
"AFUB_050190-T",24284.5587502699,0.573237983273696,0.132537851309082,5.62041987259291e-06,8.25614251487284e-05
"AFUB_100380-T",961.035312155844,-1.38336520094622,0.347589222181004,5.65033870618883e-06,8.28716343574362e-05
"AFUB_098830-T",17812.2366677247,0.522746816716093,0.120776778392795,5.80271319593101e-06,8.49741017929804e-05
"AFUB_020050-T",8485.52419100091,-0.774533628952357,0.184911538406863,5.93080341740886e-06,8.67149766744129e-05
"AFUB_031300-T",8615.88373528855,-0.735101438319231,0.174726759902001,6.11839800762464e-06,8.93191250229359e-05
"AFUB_089280-T",11173.5478767767,-0.611359081631996,0.14288162351593,6.17754420076171e-06,9.00429662451583e-05
"AFUB_094680-T",1557.68111933092,1.20263130797379,0.300071033759507,6.21991136060394e-06,9.05203792448945e-05
"AFUB_052290-T",7349.47882242886,1.11497582208418,0.276693509014446,6.35314412369888e-06,9.22000090438818e-05
"AFUB_066820-T",29333.5282305093,-0.656360556202595,0.154734390936087,6.35490716540774e-06,9.22000090438818e-05
"AFUB_090530-T",796.163890695664,-1.66800095113728,0.428495653195062,6.45343475928227e-06,9.34854487590798e-05
"AFUB_047470-T",3824.43784212463,-0.982396993824421,0.241508166490752,6.59564123087172e-06,9.53987063439141e-05
"AFUB_074230-T",11452.5352488121,-0.576942162877324,0.134914574661961,6.76515393306553e-06,9.77004439167868e-05
"AFUB_046090-T",1482.7698260996,1.0774664596956,0.267282030012236,6.8077817057804e-06,9.81655015951429e-05
"AFUB_060350-T",7907.89062800379,0.822656423895738,0.197976430760735,6.8798896810223e-06,9.90535798723334e-05
"AFUB_012330-T",57.5981949108531,5.71193245433067,1.51268233181878,6.89451087754285e-06,9.91125411037304e-05
"AFUB_023710-T",11724.0664756412,-0.774476887920383,0.186543033911089,6.93488109514173e-06,9.95409152314855e-05
"AFUB_085040-T",2067.15836050703,-1.20078676347836,0.301856574285182,6.95622353904519e-06,9.96952828670464e-05
"AFUB_093460-T",7956.56449410917,-0.647753130584374,0.153499914668998,7.15932941306961e-06,0.000102450221509823
"AFUB_090800-T",6138.48732344808,0.857627598609462,0.208839645277252,7.35387480915225e-06,0.000105074484374776
"AFUB_009620-T",10599.8746075655,-0.661963048523523,0.157747336123082,7.53447736112361e-06,0.000107491877018697
"AFUB_083640-T",85129.6457826672,0.481258567503752,0.110802847864171,7.64461191885528e-06,0.000108898132871318
"AFUB_101740-T",4435.3151360517,0.681620265544101,0.162700906009048,7.72900559362105e-06,0.000109934013095975
"AFUB_073580-T",25515.704317237,-0.553443645653986,0.129784172782511,7.83872086407548e-06,0.000111252101621527
"AFUB_030290-T",1682.33545575353,-1.09570960253772,0.275083972291406,7.84530538197685e-06,0.000111252101621527
"AFUB_029140-T",7237.48449702139,-0.689921101588437,0.165330382056278,7.91053840137986e-06,0.000112008465544952
"AFUB_007470-T",7180.29857976038,-0.678557204567483,0.162745663752916,8.02503348832384e-06,0.000113418735310219
"AFUB_090720-T",1390.1495799434,1.25202027456253,0.318231346970703,8.03422859514827e-06,0.000113418735310219
"AFUB_010360-T",11066.9995283504,-0.606659706021091,0.1432930090866,8.12160895024107e-06,0.000114480643526153
"AFUB_090970-T",3501.30441432629,1.14158139178307,0.287993347206735,8.19677551091383e-06,0.000115367471167062
"AFUB_037210-T",22656.0753162607,-0.712234176676577,0.172003288634186,8.49983563121573e-06,0.000119454406423175
"AFUB_042290-T",2408.62742626228,0.958201069744141,0.239166507858074,8.52082632804933e-06,0.000119570939947709
"AFUB_004350-T",24192.1614219173,-0.552758959710416,0.130356097512043,8.54023092568414e-06,0.00011966490237536
"AFUB_090100-T",3261.55957579513,-0.943663713948072,0.235454335761762,8.75237603483568e-06,0.000122455234389321
"AFUB_047370-T",4297.5107983597,-1.56479329722914,0.408451072973268,8.77626723663412e-06,0.00012260731795274
"AFUB_060430-T",1759.28646339872,-1.27236721659497,0.32686006230972,8.95503197870125e-06,0.000124919379424372
"AFUB_074790-T",2755.16871701207,1.13261925667181,0.287280215321185,9.0757256806465e-06,0.000126415729303206
"AFUB_005890-T",11303.001669003,-0.662051096548205,0.159297210617237,9.10054824913445e-06,0.000126574242708789
"AFUB_093400-T",6882.17565133151,-0.572194483692156,0.135873930548416,9.1493297905138e-06,0.00012694848596925
"AFUB_065800-T",197536.305256524,-0.842777841995704,0.207931837802001,9.15442034548859e-06,0.00012694848596925
"AFUB_074470-T",11096.4158652118,-0.638027791227631,0.153104022802339,9.20480111815128e-06,0.00012745942254193
"AFUB_098460-T",5251.38606202544,0.758628317294249,0.184958163651767,9.26443109195999e-06,0.000128096744731124
"AFUB_093730-T",70905.940750633,0.774888640612524,0.196576332658968,9.34265641443927e-06,0.000128988933721936
"AFUB_067440-T",121571.459155611,-0.538429281764862,0.131349663083582,9.81603656271895e-06,0.000135174364306322
"AFUB_007610-T",5134.38756919674,-0.74739919588479,0.182890206896626,9.81937820576937e-06,0.000135174364306322
"AFUB_038470-T",4081.7560180165,-1.21768922318565,0.313703626394803,1.00683666644247e-05,0.000138399621185727
"AFUB_055530-T",7852.27890837747,-0.740816882067314,0.18132585875967,1.01118095944472e-05,0.000138794167844482
"AFUB_014670-T",4095.03877887182,-0.803804972661925,0.198520177000361,1.01396797801131e-05,0.000138974126360328
"AFUB_102760-T",2364.47176081676,-1.02565468757117,0.259945476155888,1.0155153791803e-05,0.00013898390712735
"AFUB_091330-T",10807.5347810387,-0.65879064402985,0.159155117189775,1.02948977813725e-05,0.000140691955746595
"AFUB_012720-T",3072.29032177238,0.876967974575701,0.21847108484062,1.0337962291491e-05,0.000141075728893738
"AFUB_001710-T",2516.44038948472,-1.07398332460108,0.273962680623747,1.04796573691111e-05,0.000142782103469033
"AFUB_018320-T",2814.50406529027,-1.00370767808167,0.254344597739432,1.05051304539729e-05,0.000142782103469033
"AFUB_000020-T",811.743233021424,-1.49814170111691,0.394516193923542,1.05179615235466e-05,0.000142782103469033
"AFUB_066140-T",1280.74300366667,1.11127281336158,0.284025006667854,1.05236597076794e-05,0.000142782103469033
"AFUB_063070-T",5515.8829461371,-1.0240703471752,0.259934407757438,1.06077752892353e-05,0.000143716276436603
"AFUB_080560-T",11470.8000016215,-0.682630789796354,0.166319555552106,1.08345465324729e-05,0.000146514231869536
"AFUB_027510-T",9124.21362029375,-0.644509571134111,0.156233884114878,1.08529460115118e-05,0.000146514231869536
"AFUB_015310-T",8503.89998049443,0.973366111974038,0.24447374201573,1.08609742825973e-05,0.000146514231869536
"AFUB_038700-T",1761.31370318595,1.10868738657588,0.283843064482883,1.08876210332409e-05,0.00014666357603576
"AFUB_034080-T",1377.01793671687,1.13656391528069,0.2918698530764,1.09349222423248e-05,0.000147090325476758
"AFUB_044320-T",6205.67016108901,-0.7842061330406,0.193970677957905,1.09880067574336e-05,0.000147575142330653
"AFUB_097230-T",2108.9991188835,1.06755282967621,0.272476389789901,1.10152769018744e-05,0.000147575142330653
"AFUB_050890-T",18289.5173307708,-0.57999126998118,0.139680700092783,1.10179826952473e-05,0.000147575142330653
"AFUB_005720-T",9277.37702676529,-0.825909923634283,0.205645687788661,1.10887784279582e-05,0.000148312411473941
"AFUB_037790-T",25185.0933055334,-0.845176860463039,0.211225887361032,1.11246800971476e-05,0.000148581542971265
"AFUB_060870-T",1705.89512113098,-1.661702305801,0.442867805550029,1.11925062847351e-05,0.000149275692885363
"AFUB_046430-T",3025.92807439946,-0.98315848368432,0.249542795598962,1.12092362341621e-05,0.000149287366875348
"AFUB_030710-T",3885.09328611017,-0.907508689643153,0.228426096482851,1.12391269805304e-05,0.0001494740390518
"AFUB_037670-T",9210.46394228949,-0.730006626870156,0.179615789170099,1.13349637766058e-05,0.000150535992835713
"AFUB_010390-T",26840.3024324238,-0.622587394437641,0.150799836734844,1.14097112840135e-05,0.00015131526964827
"AFUB_078660-T",29373.7542291564,1.93604504221895,0.518713188383394,1.1444075950672e-05,0.000151557551549266
"AFUB_066490-T",848.357133368991,1.60516047255221,0.426200789806246,1.1653919883285e-05,0.000154075829359425
"AFUB_019360-T",2680.86847820014,0.804527000467124,0.200027087562986,1.16669569172971e-05,0.000154075829359425
"AFUB_050360-T",885.616942092201,-1.37786487833607,0.362979261242008,1.18953984478056e-05,0.000156872649558176
"AFUB_078390-T",13708.0758865535,-0.650891028914709,0.158733771024527,1.19250838200156e-05,0.000157044180768205
"AFUB_041230-T",9555.87616865753,-0.984523524163081,0.250259395308444,1.20048601762376e-05,0.000157873971256219
"AFUB_057870-T",68.60596711951,5.7775849083084,1.63325459934852,1.29384585503988e-05,0.000169914261799938
"AFUB_096380-T",1347.46828368568,-1.26966040674843,0.334000020725016,1.30372982303112e-05,0.000170973816346254
"AFUB_019590-T",1051.31814239502,1.52365838104765,0.405919129641186,1.31817903007606e-05,0.000172628285774633
"AFUB_066810-T",11915.7831750588,-0.625554460363533,0.151504413918167,1.35190735845431e-05,0.00017679944010008
"AFUB_082920-T",5844.31170971787,-0.823127175429232,0.207303118143407,1.3546760812312e-05,0.000176915811107808
"AFUB_036560-T",2385.28775730786,-1.05821601961479,0.274175231446642,1.36756084298195e-05,0.00017835114816507
"AFUB_059170-T",34239.0907284261,-0.630137294365564,0.154407390541455,1.37322449671458e-05,0.000178842072767143
"AFUB_062000-T",3217.0566321576,-1.03792796421315,0.26913282248575,1.43119097937698e-05,0.000186121762352699
"AFUB_015130-T",9376.13882277209,0.585459016927063,0.142561782112014,1.4330743171804e-05,0.000186121762352699
"AFUB_063280-T",5244.26852100234,0.880360407575737,0.223842908228733,1.44101557789591e-05,0.000186895353739227
"AFUB_058090-T",28707.0668946881,-0.85238401695306,0.216529731544891,1.45127274275601e-05,0.000187966769543199
"AFUB_054850-T",1596.88929890114,1.13860714607198,0.297815123094893,1.45853046596214e-05,0.000188647292135982
"AFUB_068580-T",10143.6503899946,1.25548739751209,0.333122970949221,1.49890275058861e-05,0.000193603131680965
"AFUB_093320-T",8386.26946636228,0.68773550970923,0.170789207713848,1.50676625893205e-05,0.000194352206768551
"AFUB_001340-T",16725.8659121709,0.608100388678077,0.149050275298134,1.51380211060795e-05,0.00019499262207229
"AFUB_038810-T",4529.88906588566,-1.11102194735676,0.291750479014151,1.52903288128683e-05,0.00019668543183329
"AFUB_089110-T",22108.2774545459,-0.644327896850353,0.159414678213781,1.53459317810621e-05,0.000197131369236672
"AFUB_043740-T",11259.7621025633,-0.627318010291348,0.154679412417833,1.53848590303359e-05,0.000197362169795153
"AFUB_007340-T",28818.2942097399,0.553654828399852,0.13463390331321,1.54798464930314e-05,0.000198310523235896
"AFUB_076040-T",16171.7401287287,1.05047821713824,0.27380963712129,1.55539940129542e-05,0.000198989684274425
"AFUB_020690-T",33852.1109745333,0.650338635011575,0.160799648129548,1.56140812675445e-05,0.000199487366642061
"AFUB_091160-T",999.880247791608,1.32556957253115,0.353883430016941,1.56731927372757e-05,0.000199971250425729
"AFUB_084100-T",39.2069261243958,8.81046993768192,3.39469641668344,1.57082777554511e-05,0.000200147690589077
"AFUB_075050-T",16861.3673451328,0.507300098224585,0.12255764261449,1.65953873010784e-05,0.000211165090306695
"AFUB_063410-T",7321.78428336245,-0.641455710169907,0.159338008045048,1.67987180673806e-05,0.000213463872230034
"AFUB_082260-T",14766.269166189,-0.518950142953692,0.125911038959898,1.72254659186696e-05,0.00021859162680619
"AFUB_008950-T",30423.9521578667,-0.56299060191058,0.13850439071831,1.76631484054899e-05,0.000223844152605777
"AFUB_032280-T",5987.96518821612,-0.835457669406602,0.214733565590141,1.82310260076824e-05,0.000230730296892927
"AFUB_007050-T",13328.5690601712,-0.638717442809948,0.156725921358811,1.82631683286462e-05,0.000230826836218165
"AFUB_002570-T",19982.6529943151,-0.818441690880644,0.210469025298993,1.84237461876081e-05,0.00023254422801946
"AFUB_026700-T",7786.53630685974,0.827794409544949,0.212354908025704,1.84966475105086e-05,0.000233151851350669
"AFUB_052750-T",41541.5849449912,0.432961706881104,0.105415264753036,1.85970042023668e-05,0.000234103464665088
"AFUB_034050-T",1021.53824100585,1.4256067524874,0.387925803711031,1.88206892739767e-05,0.00023660295087285
"AFUB_036500-T",17275.4666380993,-0.564478826861565,0.139589891106157,1.91004235541866e-05,0.000239799450914962
"AFUB_064130-T",17803.9155847312,-0.580888860804629,0.144296337954984,1.96396484547332e-05,0.000246240918574923
"AFUB_063860-T",5010.17957087328,0.973937857213316,0.255750074101912,1.99949877247437e-05,0.000250362771830035
"AFUB_089580-T",3089.69010883177,-1.13320324431236,0.303766333178555,2.03686355340236e-05,0.000254702619108056
"AFUB_032440-T",3560.37168400326,0.7451821528059,0.190084779935249,2.04152448375947e-05,0.000254829176271994
"AFUB_064610-T",4925.48114270122,-0.781213614435619,0.200739869656842,2.04570533179522e-05,0.000254829176271994
"AFUB_003500-T",1369.94128205274,1.04895733892089,0.278324304187351,2.04599466080743e-05,0.000254829176271994
"AFUB_050450-T",13849.8195471529,-0.675571279881702,0.170991265706863,2.08684322087559e-05,0.000259573524012741
"AFUB_049170-T",5267.67142432821,-1.07632525862677,0.287341327231501,2.09210172219431e-05,0.000259884298366512
"AFUB_064840-T",3184.44972889568,1.29017541254938,0.35231734315549,2.1158313194164e-05,0.000262249821448779
"AFUB_020780-T",15896.4075109327,-0.565891531851332,0.140593880441546,2.11671478654495e-05,0.000262249821448779
"AFUB_005240-T",18778.9943538137,-0.494950051006208,0.119384556928824,2.12213991878853e-05,0.000262576471423296
"AFUB_081360-T",3749.95513959956,0.700824051575763,0.178058080436869,2.13164555006189e-05,0.000263406489493212
"AFUB_012740-T",56522.1261967703,0.716992207555421,0.182275258465625,2.16032358044049e-05,0.000266600351683194
"AFUB_031860-T",3922.51262700191,-0.886268236844838,0.23174648589267,2.163540849846e-05,0.000266647914164266
"AFUB_053330-T",7880.71492972065,-0.672940049497848,0.173512826251146,2.22537964037213e-05,0.000273910780310378
"AFUB_035610-T",2496.5020088328,0.823197670077892,0.213313112232595,2.26109374796009e-05,0.000277943325467261
"AFUB_050620-T",1632.08869452393,1.03690885610935,0.276781691805081,2.29020887554436e-05,0.0002807914632238
"AFUB_025880-T",21682.1227079988,0.930596571894779,0.243872011731035,2.29022773742437e-05,0.0002807914632238
"AFUB_098540-T",1570.54665035762,-1.16370227732072,0.31572937458103,2.30591476520049e-05,0.000282347118714275
"AFUB_072570-T",2240.14178689731,-0.929251682927828,0.245599212806845,2.31767877585558e-05,0.000283419004590339
"AFUB_048440-T",16189.3286731349,-0.840546838644614,0.219892515442688,2.33350595888596e-05,0.000284984333448381
"AFUB_028740-T",12453.1821947252,0.744285168213962,0.19150147887658,2.3481725837139e-05,0.000286404055029146
"AFUB_044500-T",8250.7220515452,-0.80493912554862,0.210688288797916,2.39271537501239e-05,0.000291459352795817
"AFUB_040850-T",6225.228695899,-0.74700906359594,0.192997699152327,2.42999462671841e-05,0.000295104291319925
"AFUB_005390-T",16791.3052493811,0.94148841970242,0.24898981571887,2.43189791240441e-05,0.000295104291319925
"AFUB_025210-T",1704.09853942265,-1.05329407543954,0.283442486757299,2.43204046372411e-05,0.000295104291319925
"AFUB_028830-T",49.0553117902037,6.38312909490187,1.78840112961847,2.45124365513253e-05,0.0002970516120557
"AFUB_096270-T",22307.1571878651,-0.523827695652898,0.130693469432879,2.46643499120522e-05,0.00029850837888417
"AFUB_068370-T",8733.75023535353,0.639270477788845,0.16236293564246,2.49793298139201e-05,0.00030193243841832
"AFUB_091300-T",1385.68672277095,1.41802546727114,0.393115577894004,2.50316030569061e-05,0.000302176377415164
"AFUB_068070-T",21273.6371353793,-0.531116243929969,0.132736532219675,2.51412799548406e-05,0.000302895723335556
"AFUB_067640-T",31423.6183033475,-0.882293619438139,0.231893301443952,2.51555284248519e-05,0.000302895723335556
"AFUB_010650-T",17410.8590890284,-0.50209742516514,0.123713279973961,2.51904643124163e-05,0.000302929006341905
"AFUB_029830-T",9008.15691607389,0.969745380523239,0.258929537647595,2.57758134843957e-05,0.000309572780317691
"AFUB_059600-T",8485.21941177086,-0.708937697241519,0.182990070491343,2.60345581320699e-05,0.000312001458345394
"AFUB_069010-T",1859.27618660048,-1.27526986368433,0.352391634179354,2.60443018542353e-05,0.000312001458345394
"AFUB_067560-T",26660.1962472329,0.502599406983355,0.126112869829375,2.62484538341526e-05,0.000313953493186465
"AFUB_096130-T",1823.87604383724,1.46022456823627,0.407749035766081,2.62739329472106e-05,0.000313953493186465
"AFUB_055270-T",5036.91608172688,-0.712442442035386,0.186096620325092,2.63864972997938e-05,0.000314898933554954
"AFUB_037980-T",12086.3949530817,-0.523445361380649,0.131130115827737,2.65517413817124e-05,0.000316469869430637
"AFUB_091710-T",5646.6296955154,-0.895319653239709,0.237796035051981,2.66075297492067e-05,0.000316733881312933
"AFUB_086740-T",38.546167568782,8.7131216352832,3.45250487998502,2.69031308687923e-05,0.000319848333662308
"AFUB_027570-T",21586.2143166431,-0.684377080671172,0.176298494371215,2.70441499486503e-05,0.000321119439995575
"AFUB_056040-T",5313.90912263925,0.617377192508714,0.157092003356257,2.72945572981821e-05,0.000323684573702371
"AFUB_071180-T",6743.93724007832,-0.585581021301076,0.150006611137379,2.74223313225375e-05,0.000324790782054105
"AFUB_011360-T",1203.41453248482,1.03372644402174,0.279646147576721,2.77070617303643e-05,0.000327750870920993
"AFUB_036840-T",5378.03909839547,-0.869750042563958,0.231098191041814,2.77610186822188e-05,0.000327977104029827
"AFUB_078290-T",8878.69460234669,-0.566498432573405,0.143320888872912,2.8042609792391e-05,0.000330888739104202
"AFUB_089040-T",9023.19737452915,0.577460394146808,0.14613576142497,2.82886410300488e-05,0.000333374022451739
"AFUB_065930-T",11059.2074499145,-0.532133124234619,0.133613341183474,2.84716112630091e-05,0.000335110864565617
"AFUB_052950-T",19658.6765548284,-0.475671164161025,0.117314875219076,2.85451168129484e-05,0.000335556579164447
"AFUB_101750-T",2940.71901552286,-1.1015448810473,0.301671664454571,2.87652446269889e-05,0.000337722622702902
"AFUB_083220-T",2754.03899695221,0.928100561552784,0.248679905719728,2.92059217128555e-05,0.000342469438167183
"AFUB_056240-T",13648.6969809561,-0.526977567054644,0.131351117587608,2.97994687994459e-05,0.000348994773899979
"AFUB_033270-T",5302.33011433494,0.713006177017535,0.185579522362954,3.03340488833704e-05,0.000354814166814677
"AFUB_008470-T",1954.92648027402,0.82810448630158,0.219516965559494,3.06505032137529e-05,0.000358070891142305
"AFUB_024060-T",3294.21827031327,1.03912212766409,0.283573144839349,3.12747744236961e-05,0.00036491112264377
"AFUB_080670-T",3398.72079433348,0.734543358735091,0.192362628467077,3.15363585166767e-05,0.000367507861129985
"AFUB_000800-T",10178.2187180141,0.61860682180697,0.15905325901467,3.21457908333832e-05,0.000374015977773683
"AFUB_092810-T",2191.01434421037,-1.03807613994827,0.283777189798045,3.21742716648984e-05,0.000374015977773683
"AFUB_009640-T",623.314731336393,-1.40367558494838,0.39831619000339,3.24951682938329e-05,0.000377280523618657
"AFUB_074680-T",5359.39500288455,0.758092326625009,0.199821576358625,3.26170633974651e-05,0.000378229395259275
"AFUB_028880-T",12368.2443156961,0.877610872217282,0.234788502219864,3.29561415922663e-05,0.000381691302869348
"AFUB_059180-T",9914.43402936127,-0.504776504499325,0.127615756674197,3.30102523914618e-05,0.000381848324960693
"AFUB_093120-T",40139.4202782771,-0.808408351787831,0.213197927444516,3.32434094067063e-05,0.000384073549660793
"AFUB_008310-T",15148.6602524567,-0.74914176132039,0.197887325281855,3.35214575094645e-05,0.000386811328319997
"AFUB_011880-T",238.705179133033,-2.10259692005233,0.620614458180864,3.39046286944111e-05,0.000390753958123102
"AFUB_080170-T",12688.3072585845,-0.5809030343469,0.148286957506813,3.40659580125231e-05,0.000391945971839068
"AFUB_085560-T",896.753671202094,1.87253189722868,0.543848764528273,3.4091307448619e-05,0.000391945971839068
"AFUB_097200-T",554.218937956771,-1.56127306471007,0.449851377498782,3.43311427363806e-05,0.000394222000007024
"AFUB_044950-T",401.125732233375,-2.22368344680962,0.661920303357923,3.54800102509055e-05,0.000406918120003077
"AFUB_038570-T",2119.96049634937,-0.859464121383342,0.232078504401591,3.64584924016682e-05,0.000417631586927138
"AFUB_028190-T",6203.74128597145,0.69572006961836,0.183050132864633,3.74154697290112e-05,0.000428072980520497
"AFUB_065510-T",1132.11570206169,-1.1484053931787,0.322739150447949,3.80293382341627e-05,0.000434568263122422
"AFUB_077310-T",1281.56468170072,-1.15011326488431,0.323526858083989,3.85528917580429e-05,0.000440017004598463
"AFUB_037280-T",5589.92613737451,1.17918574072615,0.334408118328164,3.89828459965587e-05,0.000444385566469246
"AFUB_040490-T",6554.62623924908,-0.7037186483653,0.186298216251866,3.91440807505089e-05,0.000445683995582578
"AFUB_054570-T",3206.13481265534,0.764293101748569,0.204052666195358,3.9244937146604e-05,0.000446292666874907
"AFUB_029520-T",2354.55050808461,-0.764543946717626,0.204507331836522,3.94131483589082e-05,0.000447664903434836
"AFUB_002560-T",3813.13335942199,-0.704979135250013,0.186793759466462,3.97566203528081e-05,0.0004510220930627
"AFUB_011370-T",14095.1278526556,-0.764598855335224,0.204705442894402,3.98544798402677e-05,0.000451588185530639
"AFUB_026240-T",38325.0002179259,1.6073416850573,0.462720066910721,4.01660090530475e-05,0.000454571083225355
"AFUB_077190-T",9454.08804327964,-0.585862830726176,0.15247093570218,4.15487663349909e-05,0.000469115904294164
"AFUB_039610-T",10071.6881984519,-0.611871768036714,0.159982188906105,4.15508351934295e-05,0.000469115904294164
"AFUB_074430-T",17742.4975603856,-0.794170066522784,0.214491758721925,4.21680788075096e-05,0.000475514527007797
"AFUB_102080-T",1546.49602699026,-1.49277523829183,0.436749609951299,4.3557554197146e-05,0.000490595610431013
"AFUB_052700-T",15213.1192232203,-0.752315432920262,0.202306714624547,4.36600081826677e-05,0.000491162051431301
"AFUB_053290-T",12678.0739403252,-0.468074191111333,0.120479231902803,4.45235943575376e-05,0.000500279432542451
"AFUB_086190-T",3921.75245150671,0.738084513005009,0.197978610373776,4.47475867178652e-05,0.000502196992294897
"AFUB_049710-T",3643.49924015602,-0.666791061996566,0.177007807950992,4.51226866456853e-05,0.000505803830304491
"AFUB_096310-T",7050.37283240025,-0.567770018982111,0.148028870507495,4.53151305558003e-05,0.000507357038422611
"AFUB_078570-T",7787.31257556024,-0.577316061701285,0.150987702640435,4.58873853221367e-05,0.000512941521488054
"AFUB_053460-T",18558.0348170319,0.553039014157315,0.143712521206298,4.59228656132572e-05,0.000512941521488054
"AFUB_031760-T",6715.88385204215,-0.61406714377507,0.160715109521,4.60611606688213e-05,0.000513876645565902
"AFUB_051870-T",6265.91849951901,-0.647025410296648,0.171464694223876,4.61781644059312e-05,0.000514572303013311
"AFUB_020260-T",2242.32854832258,0.835642300656618,0.228240383468708,4.66974577690725e-05,0.00051974380892859
"AFUB_002490-T",7142.41700912635,0.703983958931961,0.188263806506044,4.67975308558674e-05,0.000520242680683409
"AFUB_060630-T",2697.14530716407,0.954471292738974,0.265482365329054,4.69206619008393e-05,0.000520996406200828
"AFUB_018120-T",15679.5995066449,0.777922838208573,0.213202663932385,4.70456994389415e-05,0.000521769500491253
"AFUB_001550-T",7480.28119791204,0.670359991536617,0.178457308105573,4.76247533525985e-05,0.000527570208903609
"AFUB_042590-T",8384.76926265457,0.632438947097371,0.167304957023263,4.77186839993015e-05,0.000527989575249616
"AFUB_000030-T",382.652605374225,-1.73598952445236,0.519424841252473,4.77875271861422e-05,0.000528130699512576
"AFUB_003170-T",1569.02444077024,-1.16788564250391,0.33508289990929,4.87638494551378e-05,0.000538288870421544
"AFUB_079770-T",430.532921648094,1.68811540752702,0.503207838372493,4.89188709526562e-05,0.000539367785585727
"AFUB_058200-T",17312.4696463644,-0.56079753474548,0.147084557892739,5.01753973541891e-05,0.000552574902324029
"AFUB_005100-T",6562.12329660023,-0.680337772316409,0.182522137755379,5.03429437149115e-05,0.000553772380864026
"AFUB_098230-T",22795.8363403694,-0.698127237204711,0.189105467549763,5.16399408496724e-05,0.000567376526301651
"AFUB_000420-T",8754.02694740644,0.640164410994422,0.170618291128258,5.22161741577491e-05,0.000573039039474785
"AFUB_030430-T",2660.06984580749,-0.808961767788837,0.222421961418484,5.24989262820775e-05,0.000575388455352197
"AFUB_088910-T",1310.45731463864,0.93100394272517,0.260294150980749,5.2552471495634e-05,0.000575388455352197
"AFUB_087440-T",968.176594489495,1.15372292549583,0.331773372368669,5.26436247407762e-05,0.000575717038976944
"AFUB_087820-T",1532.40667826313,-0.950580690490637,0.267667736208569,5.40628133873628e-05,0.00058953368821529
"AFUB_060860-T",3005.17659320545,-0.830541094240669,0.2295932127503,5.41036641968216e-05,0.00058953368821529
"AFUB_037910-T",2161.10723581078,1.16959331028064,0.337646314739058,5.4117654568209e-05,0.00058953368821529
"AFUB_012320-T",76380.9535597558,-0.657209878233146,0.178349104338352,5.41574596756824e-05,0.00058953368821529
"AFUB_063000-T",6024.50239893154,0.561646513240903,0.147562723684951,5.47777908449586e-05,0.000595597781288834
"AFUB_030860-T",1685.30682739016,0.912509247048028,0.255219162622537,5.50867219605324e-05,0.000598265944614041
"AFUB_089870-T",9743.00514074314,-0.728719626840168,0.198438258237875,5.52797623239295e-05,0.000599670785762811
"AFUB_022280-T",7022.62951151242,-0.677975841211304,0.183010146035341,5.58475667698346e-05,0.000605133128544031
"AFUB_008020-T",65247.9866297506,-0.594824124931963,0.158771420151944,5.666253499534e-05,0.000613257964961059
"AFUB_053520-T",5930.27433258504,-0.578989913691388,0.153700520126166,5.76711283266247e-05,0.000623457341358781
"AFUB_005640-T",1519.21181747463,1.14989574511534,0.332600195170751,5.77522608005578e-05,0.000623618449195014
"AFUB_052180-T",12133.6742806904,0.606228743764908,0.161822483836262,5.85099282247527e-05,0.00063019725354215
"AFUB_069160-T",11843.3358053675,-0.600638515504967,0.161312748084541,5.85191095210777e-05,0.00063019725354215
"AFUB_003270-T",4625.11774220411,0.89056619677355,0.249515515747175,5.85622978812003e-05,0.00063019725354215
"AFUB_021490-T",2240.73301678125,0.948610012099744,0.268729699320197,6.0270827329531e-05,0.000647842591478155
"AFUB_083600-T",24453.4933861844,-0.478417169792866,0.123460285901063,6.14974897301964e-05,0.000660274074457844
"AFUB_015400-T",5977.55528145172,-0.972606088944847,0.275609856535109,6.1756994513754e-05,0.000662305080115613
"AFUB_003920-T",46270.6767808762,0.436487992894455,0.114223345261441,6.19425257326276e-05,0.000663539046983415
"AFUB_028060-T",6251.53610314683,1.0668526357606,0.312291066014304,6.2940897959039e-05,0.000673467608161718
"AFUB_022020-T",4826.21120271792,-0.638310987665792,0.17253742374053,6.3364991372276e-05,0.000677235821522532
"AFUB_028690-T",3081.06566643622,-0.977316072920824,0.279539407113055,6.36253656833812e-05,0.000679247668111924
"AFUB_055050-T",3840.70010482072,-0.819311279638565,0.22881773123832,6.37229044732812e-05,0.000679518537395714
"AFUB_050760-T",3167.90333912801,0.977843343371401,0.279419857726217,6.46562574759011e-05,0.000688691538906204
"AFUB_051050-T",4848.9294017137,-0.63265063178305,0.17131948589216,6.6083934119909e-05,0.000703103190591032
"AFUB_028640-T",1788.21647190502,0.798054420299223,0.222614060814037,6.67685906725917e-05,0.000709585834958379
"AFUB_010850-T",54456.056517966,-0.429756535087567,0.112305014519496,6.7248970540421e-05,0.000713885351306206
"AFUB_081840-T",3099.21966830943,0.795018803442821,0.221990612359557,6.85236189431699e-05,0.000726597292757757
"AFUB_084500-T",190.976598741641,-2.87366030014905,0.928050886578548,6.90301632433687e-05,0.000729928849449538
"AFUB_063480-T",795.21565345725,-1.53112031929131,0.467389307045224,6.90583200429812e-05,0.000729928849449538
"AFUB_074710-T",13716.7579355095,0.594662296435656,0.159777224077481,6.9070370099781e-05,0.000729928849449538
"AFUB_055030-T",4339.26870413736,0.787808108991362,0.222675684564377,6.92266651492343e-05,0.000730760402517029
"AFUB_020340-T",2941.91395881456,0.760187159985571,0.211210078187066,6.93291590030814e-05,0.000730913816776816
"AFUB_093650-T",5722.34401359867,-0.727122156835758,0.201238505971608,6.93964477695915e-05,0.000730913816776816
"AFUB_002320-T",1264.91519216882,-1.17341244690439,0.346989072569586,6.99817057989282e-05,0.000736254460114757
"AFUB_075270-T",30278.5240662898,-0.657431734062335,0.181228401252264,7.065436800997e-05,0.000742501706676202
"AFUB_084660-T",954.457539450386,-1.2763388699231,0.38214347870204,7.10656113373554e-05,0.000745990854350656
"AFUB_091200-T",3948.88492675291,-0.678356149928874,0.186329127201534,7.13677205365396e-05,0.000748327902641488
"AFUB_003150-T",17241.7724432662,-0.470811356982399,0.121441705555525,7.26583865727425e-05,0.00076098488322186
"AFUB_003290-T",2731.85930344237,-0.828237319171858,0.234052662435074,7.27364480564649e-05,0.00076098488322186
"AFUB_070580-T",54732.2503662309,-0.45307916343424,0.119364449810113,7.31099497580121e-05,0.000764043603686395
"AFUB_014990-T",8732.26614751674,0.630567825428045,0.171557050577997,7.33816894496009e-05,0.000766033245961687
"AFUB_094770-T",7740.07743651607,1.02732383552571,0.299055593440919,7.43352763621654e-05,0.000775128418855093
"AFUB_029340-T",13997.416331983,0.453380068108004,0.119610133823993,7.59080654349332e-05,0.000790143687323557
"AFUB_000630-T",29054.1178637997,-0.638050056693039,0.174925768353332,7.60020354654571e-05,0.000790143687323557
"AFUB_038360-T",3149.05545104948,-0.783442547713229,0.220418935874123,7.60269945534349e-05,0.000790143687323557
"AFUB_017300-T",4458.61544467976,0.969067935144835,0.280420209429529,7.61142419573031e-05,0.00079017828254682
"AFUB_062930-T",8129.33504477215,-0.620400905895115,0.171749458856233,7.66194192672283e-05,0.000794546753105971
"AFUB_007560-T",15283.8051232526,0.517597362771438,0.138284048160495,7.67866173565408e-05,0.000795404608392946
"AFUB_089710-T",2338.50884702281,-0.862596128169522,0.246629453230947,7.84583965225708e-05,0.000811828858963216
"AFUB_071160-T",16446.8566234958,-0.433103761501272,0.114378689057126,8.02363275802999e-05,0.000829314226669708
"AFUB_081930-T",11303.4251590785,-0.636327073997239,0.174950639706922,8.0516110806366e-05,0.000831293529992042
"AFUB_037480-T",12613.4563738699,0.573184168358414,0.155352976096416,8.0997920683831e-05,0.00083535204946216
"AFUB_017850-T",1587.87689652714,1.48006312651607,0.454969079164401,8.14392951867755e-05,0.000838985124156103
"AFUB_029100-T",2195.67124969527,0.727200307102274,0.203879936302938,8.4749896128353e-05,0.000872136636004996
"AFUB_101260-T",158.827526253813,-3.0835489421163,1.02483915436957,8.5130661492745e-05,0.000875098590191798
"AFUB_036660-T",16003.7021682754,-0.507715812139894,0.136437539607025,8.54795827842009e-05,0.000877727100868087
"AFUB_069060-T",13355.6190444659,-0.576436975208204,0.157279327602902,8.626574297886e-05,0.000884834679617588
"AFUB_007850-T",9961.86233826175,0.650213516291917,0.179832252011028,8.64031679985979e-05,0.000885279901931227
"AFUB_080860-T",8919.6205729997,-0.616378287184959,0.170983715076105,8.79353233869252e-05,0.000899998918490531
"AFUB_100110-T",8225.25034206307,0.686077666734884,0.191470243018721,8.84265193379128e-05,0.000904043546238639
"AFUB_030320-T",6546.60483027866,-0.718510917489888,0.202108261442258,8.8539671707553e-05,0.000904218599564337
"AFUB_069920-T",14254.6356601317,-0.500139192008744,0.13409241454037,9.01326155971393e-05,0.000919009293059381
"AFUB_050710-T",6124.51620235547,0.595423820024781,0.163318788539632,9.01831549263879e-05,0.000919009293059381
"AFUB_065130-T",3776.65172449409,0.778651235022028,0.221398784070189,9.05174707959098e-05,0.000921418924339769
"AFUB_013260-T",114551.795116335,0.478496761439358,0.128380549375036,9.10043660944996e-05,0.000925374850049468
"AFUB_058300-T",6666.59487201527,0.620292997585277,0.171226823875607,9.1180691511865e-05,0.000926167628129149
"AFUB_035180-T",4055.4459901728,-1.27248737481667,0.388097747997986,9.2467499424177e-05,0.000938226265709106
"AFUB_026510-T",11176.2887158244,-0.630613854857323,0.175317321392035,9.30172142539892e-05,0.000942788040275094
"AFUB_037450-T",18273.2559188671,0.540653731784294,0.146628827676667,9.33699352793688e-05,0.000945345495258641
"AFUB_031450-T",39319.9722607277,-0.522937997447784,0.141201782814088,9.40065038441807e-05,0.000950768249405806
"AFUB_014370-T",10099.4687743758,-0.647890697494111,0.18061947622258,9.45459345606967e-05,0.000955197982643262
"AFUB_058170-T",96882.2284469452,0.654735479215019,0.188218236588791,9.49910938807193e-05,0.000958087256183899
"AFUB_098720-T",11635.308549609,-0.460356121990138,0.123650820715017,9.50354181473834e-05,0.000958087256183899
"AFUB_063430-T",1724.19707959689,-0.878224227695203,0.255889281606971,9.6295004177898e-05,0.000969747336191537
"AFUB_005490-T",35809.083961853,-0.470539098967524,0.130826066220083,9.79456586609017e-05,0.000985316583281037
"AFUB_047480-T",40.0142574254801,-0.143124752136464,0.459215199943883,9.83290520937092e-05,0.000988117774294947
"AFUB_013770-T",2252.84936165236,-0.930272984105378,0.273989433487042,9.94669935364479e-05,0.000998144497866254
"AFUB_022440-T",12554.9885350185,0.808416475419258,0.230332764862505,9.95388363951161e-05,0.000998144497866254
"AFUB_000300-T",10718.8887394883,0.555816707789854,0.152362167701842,9.97960665839266e-05,0.000999659322291758
"AFUB_002270-T",1400.17974678737,0.855517961340096,0.248622034347996,0.000100117994318521,0.00100128464730472
"AFUB_072430-T",4247.08742039855,0.592126988943476,0.163631356524251,0.000100171000187027,0.00100128464730472
"AFUB_064800-T",45431.4001502601,-0.411012635609531,0.108389196607008,0.00010040130783049,0.00100190200683535
"AFUB_008550-T",6353.85187644998,-0.55072233747325,0.149199687269185,0.000100445570778735,0.00100190200683535
"AFUB_076190-T",2609.85293221634,0.808868533472341,0.234738754289556,0.000102558628924957,0.00102189634916127
"AFUB_072260-T",8339.02160176665,0.623658179020987,0.173380705684081,0.000103169854046944,0.00102689994260679
"AFUB_033150-T",4405.0986991007,-1.11795718378569,0.339903173041674,0.000103954221105027,0.00103349429226458
"AFUB_042970-T",14384.8300719576,-0.565626998764221,0.153368680416073,0.000104051889238193,0.00103349429226458
"AFUB_014980-T",1604.26371494252,-1.07745822776378,0.326205573409343,0.000105518667231806,0.00104695866243907
"AFUB_089330-T",15948.2426431019,-0.510752851386784,0.134274523019472,0.000105855858518667,0.00104919869874923
"AFUB_014390-T",17137.0375049607,0.409705171943902,0.110293307248628,0.000106206343227839,0.00105156564440939
"AFUB_078160-T",1218.12220046571,0.941031992431099,0.278910858622087,0.000107001387964646,0.00105829771512562
"AFUB_058230-T",8388.33269537681,0.771767027575255,0.222964702002944,0.00010711105804107,0.00105829771512562
"AFUB_004320-T",8724.91265099373,-0.774333634849157,0.223552788100189,0.00010818546117658,0.00106770241810056
"AFUB_027290-T",3234.90632681122,0.721284293194197,0.205875101720785,0.000108289699371923,0.00106770241810056
"AFUB_097890-T",7541.10657151763,-0.895696763963065,0.262638015100843,0.000108640767128908,0.00106900235854285
"AFUB_028080-T",3105.10486259674,-0.857372924794873,0.251418536112507,0.000108648604197696,0.00106900235854285
"AFUB_047460-T",7123.47771650702,0.508667626798989,0.13910562279536,0.000110085507456723,0.00108200953884395
"AFUB_058520-T",10608.6720079734,0.505561326377576,0.138240072465771,0.000110634331131334,0.00108626992902257
"AFUB_000830-T",5397.70451596925,0.890269807147194,0.262405952462507,0.000111099580379102,0.00108970171755169
"AFUB_097190-T",1053.33797603972,-1.1245242814488,0.344247982196536,0.000111233402369979,0.00108987899762302
"AFUB_006520-T",335.911816384645,-1.74117219851803,0.565127314900994,0.000112231608397257,0.00109851644975943
"AFUB_038490-T",2542.21580641932,-0.774318908739573,0.22421477418777,0.000112602951185173,0.00110100663381058
"AFUB_101050-T",46.721369720539,-0.129554461981745,0.452285412140175,0.000113170192169937,0.00110524004532408
"AFUB_080240-T",29895.4205057221,-0.666515590150066,0.189663312159369,0.000113270671594917,0.00110524004532408
"AFUB_068000-T",1831.11469891173,-0.859471275614852,0.25308490043529,0.000113918045747316,0.00111040612707736
"AFUB_096950-T",922.9727626366,-1.18425683890879,0.366240862801661,0.000114357744012862,0.00111353931502079
"AFUB_081830-T",1076.52429116995,-1.04373074388702,0.317194164382558,0.000115896741369382,0.00112735921150217
"AFUB_059780-T",4887.18272566697,-0.710725722378597,0.204278165019971,0.00011610588368336,0.00112822807096235
"AFUB_056990-T",2173.885991013,0.90382433925955,0.26803532648951,0.000116344441334129,0.00112938068000223
"AFUB_091230-T",6187.91913105179,-0.94444016127749,0.282758235792108,0.000116482183429531,0.00112955328442066
"AFUB_030300-T",1627.28488175616,1.1694292741004,0.360502081414157,0.000116655593201575,0.00113007105512966
"AFUB_005650-T",5906.10371125122,-0.547850289597711,0.151889407410494,0.000116855944915612,0.00113084848645982
"AFUB_100460-T",300.951431773913,-1.989846655391,0.658946253881279,0.000118584685655779,0.00114639979479961
"AFUB_069220-T",7411.26586584604,-0.526775239198556,0.145867296590701,0.000121116231746212,0.00116967224422803
"AFUB_067200-T",10737.407286716,0.634503026946466,0.179580346596819,0.000124285586854544,0.0011990502928508
"AFUB_073450-T",572.898620853895,-1.5702612009466,0.508965384314009,0.000125180015254614,0.00120644321764324
"AFUB_026780-T",4254.97455849996,1.36990286109038,0.429184259020538,0.000126730366623725,0.00122013612692126
"AFUB_069410-T",28090.5704143391,0.426319360088914,0.115992525492097,0.000128339911190428,0.00123437038178659
"AFUB_013230-T",19226.7410200615,0.641132867489607,0.182149130331438,0.000128900581996819,0.00123849783681842
"AFUB_095330-T",5777.61532979407,0.927047855382049,0.276517448836977,0.000129888282455905,0.00124671566524445
"AFUB_065570-T",6403.17423800245,-0.808747611333847,0.239075399760294,0.000130986754531172,0.00125597890088138
"AFUB_036930-T",12825.2788369128,-0.575189844060022,0.161795525510755,0.00013148015577948,0.00125942741283783
"AFUB_062990-T",2601.88511246909,0.995507728960067,0.303553146710372,0.000133809566903397,0.00128043788817315
"AFUB_080050-T",930.810531374644,-1.20601931829007,0.379788468457718,0.000134715200710116,0.00128779525876797
"AFUB_031220-T",7834.55951668441,-0.592510322753204,0.167633446452198,0.000134902143757274,0.00128827442760496
"AFUB_092600-T",14533.538272873,-0.446516271250796,0.121215600808669,0.000135183414240767,0.00128965251113583
"AFUB_076460-T",8763.90424837332,-0.552791209667289,0.15587572030161,0.000136932336912446,0.00130501506514938
"AFUB_038100-T",12671.6210242144,-0.597510882508016,0.169885969423159,0.000140061280903465,0.00133348535994644
"AFUB_089440-T",5744.45966511717,-0.622857020315894,0.178008397801777,0.000140650673653015,0.00133656185372696
"AFUB_048950-T",709.018340863649,-1.76548019552513,0.588529855437474,0.000140668308946837,0.00133656185372696
"AFUB_009250-T",14118.7930938286,0.598709581956782,0.169938700859257,0.000141103942755348,0.00133934952115358
"AFUB_011540-T",5626.78280696288,0.678607449215759,0.195876709135359,0.000142024402604626,0.00134672887706461
"AFUB_101830-T",8653.78654436829,0.785597887146168,0.234041354614572,0.000142280939804617,0.00134780415412502
"AFUB_097850-T",12639.1488970302,-0.757061879368515,0.222698176093302,0.000143659997293683,0.00135950003469078
"AFUB_004020-T",8131.51218584079,0.59527714237736,0.169505763873353,0.000148143789559032,0.00140052401856209
"AFUB_075330-T",175.963405947585,-2.69100120910924,0.944688425531893,0.000149069899169032,0.00140786576787925
"AFUB_097520-T",5273.40357244915,-0.713920053932409,0.209132173100742,0.000149796135819835,0.00141330702893744
"AFUB_004530-T",20387.2807722325,0.580961925754428,0.165131864112327,0.000151493699106277,0.00142789256334805
"AFUB_008800-T",4747.58002130226,0.69624669608878,0.203128092552565,0.000152845987576423,0.0014391978190196
"AFUB_073870-T",8685.75129685616,-0.619117924053046,0.177924784229656,0.000153590904298831,0.00144367790422485
"AFUB_037780-T",26378.8144263714,-0.671486260023516,0.19527573380485,0.000153737342249278,0.00144367790422485
"AFUB_096100-T",45082.4843538086,-0.516623457011664,0.14389825537362,0.000153781747869321,0.00144367790422485
"AFUB_056610-T",3506.06663052212,-0.760185441138028,0.225120964710883,0.000154229270854894,0.00144643706610527
"AFUB_003940-T",1220.38441065005,-1.000468512147,0.310410550419828,0.000156650063630928,0.00146767860611823
"AFUB_094050-T",22659.8620853494,-0.582335428874499,0.166315679702805,0.000156855300130104,0.00146814066205274
"AFUB_071210-T",953.743534652257,-0.934453056086394,0.288416725908777,0.000160237810129734,0.0014983110428814
"AFUB_083250-T",10952.9209228737,-0.554803553174431,0.157807833856851,0.000160834740937002,0.00150240071494326
"AFUB_002980-T",42818.4002074686,-0.695660879420309,0.20438633966982,0.000163462311231165,0.0015254322324605
"AFUB_067320-T",13068.5904058453,-0.518337283082531,0.145839650406785,0.000163801648242537,0.00152708546519973
"AFUB_086410-T",3580.47606992035,0.671985846008751,0.196120181370041,0.000164087335746248,0.00152823576002638
"AFUB_015620-T",9616.65033058559,0.783111505154253,0.234209557312106,0.000165239797852133,0.00153744855392854
"AFUB_065920-T",6312.60816009763,-0.776435877079247,0.232227263377403,0.0001654552403742,0.00153793340904587
"AFUB_006400-T",49070.6518217086,-0.568230832309957,0.162754878354808,0.000167905648426737,0.00155917118894098
"AFUB_002350-T",11083.0955683254,-0.703194069141452,0.207851436219714,0.00016982656449784,0.00157545510474055
"AFUB_081340-T",927.372253056382,2.17097547072488,0.751771978866016,0.000170459861260997,0.00157977367483617
"AFUB_069190-T",5391.46885643254,-0.691648426912302,0.203677231141922,0.00017074461277267,0.00158085670980085
"AFUB_098690-T",711.229383650552,-1.21941768852581,0.393743916919299,0.00017116664654314,0.00158320741046189
"AFUB_031550-T",7750.16275909194,-0.74787912611481,0.224066865061683,0.000172276787383986,0.00159191190383475
"AFUB_021520-T",9201.61547485374,0.834381375043929,0.251929500237426,0.00017409986286801,0.00160704288714572
"AFUB_074030-T",2484.43837538039,0.691335296481924,0.203579741007749,0.000174255606178396,0.00160704288714572
"AFUB_066210-T",12451.1894630343,0.530410019546762,0.150790841024465,0.000174540241920088,0.00160809287467666
"AFUB_054240-T",9899.39961140407,-0.539612031540742,0.154003103871822,0.000174984312251938,0.00160905298363033
"AFUB_051830-T",361.127801893972,-1.79946270052893,0.615260791851858,0.000174986220819611,0.00160905298363033
"AFUB_041250-T",30346.2263343583,0.903813154893672,0.277237929168843,0.000175587947672087,0.00161301084417597
"AFUB_093000-T",3371.55672376213,-0.82713822000996,0.251301456652659,0.000175987784350623,0.00161510816515153
"AFUB_008130-T",94864.6591301166,-0.673290367459574,0.198039166759142,0.000176709417188983,0.00162015177434417
"AFUB_016670-T",1705.45940946503,0.885705489401283,0.271576757610455,0.000177043458335882,0.00162163541215045
"AFUB_051270-T",9838.72922938751,-0.699326335889793,0.207443005387873,0.000180177337885013,0.00164873645629279
"AFUB_056900-T",16140.9930264339,-0.532514185235671,0.152077115452772,0.000181064208379896,0.00165524328748068
"AFUB_019690-T",11354.8861602006,0.522885059899103,0.148826152320206,0.000182553980106817,0.00166724372132473
"AFUB_020370-T",968.708123067099,1.00784865117779,0.316576227171538,0.000182950676932225,0.00166924764921883
"AFUB_047320-T",4188.15433778706,0.677745477124135,0.199852656618874,0.000185972949761632,0.00169450837381514
"AFUB_038920-T",55561.1559906854,-0.458201020250856,0.129326245121286,0.000186079190582504,0.00169450837381514
"AFUB_017330-T",2845.84863937855,0.981034248531733,0.307505176426799,0.000187518704953451,0.00170596727134464
"AFUB_071650-T",2243.41259915892,0.716837516988289,0.21367663664681,0.000187917481714512,0.00170794498824695
"AFUB_005880-T",3418.45384589432,-0.838428404863679,0.256966951715666,0.00018931835008347,0.00171691490466994
"AFUB_046970-T",297.192426206188,1.60950023163093,0.544658929899352,0.000189448342216854,0.00171691490466994
"AFUB_021700-T",5635.08214048617,-0.660925351534345,0.195404914919548,0.00018945142161768,0.00171691490466994
"AFUB_074730-T",5215.98067298211,-0.613669670927303,0.179510980637817,0.000193060163806547,0.00174793702154082
"AFUB_057230-T",1532.57640017815,1.0873289673819,0.349343446696557,0.000194943048971578,0.00176328890405031
"AFUB_080230-T",18409.1144838355,-0.83020874661823,0.253954797767663,0.000195603721044317,0.0017675668304734
"AFUB_024810-T",14634.6375382228,0.499505343663452,0.142315197196499,0.00019803444536433,0.00178781623926226
"AFUB_049720-T",3550.96020237829,0.643816097860645,0.18960449493993,0.000198228354384407,0.001787852667513
"AFUB_014100-T",19924.2233574297,0.56016326129019,0.162104162348216,0.000201111772471965,0.00181212291827371
"AFUB_092760-T",2676.10952850894,-0.807115193182285,0.247154223942128,0.000201793047473697,0.00181624989903744
"AFUB_065240-T",3664.06992827316,0.897181924430791,0.278677911809478,0.000201955569699681,0.00181624989903744
"AFUB_055570-T",7790.4242515434,-0.47484023727501,0.135705631996324,0.000202206930733676,0.0018167752478896
"AFUB_014200-T",5125.07802816584,-0.606694941874911,0.177778971882947,0.000202480781841167,0.0018175014697964
"AFUB_078040-T",20449.205341256,0.838017582549221,0.260312011576224,0.00020332087394417,0.00182330414196029
"AFUB_094700-T",7898.34312992198,0.960990406105966,0.30271062517484,0.000204564614656449,0.00183271209477176
"AFUB_067770-T",3090.23315267323,-0.894720671971976,0.278978859206681,0.000204851608568128,0.00183353873220294
"AFUB_031470-T",10596.848636972,-0.611847394657683,0.179793165170669,0.000205478476484438,0.00183686598702838
"AFUB_047080-T",713.311495110816,-1.33450703091541,0.448059886172815,0.0002056135036457,0.00183686598702838
"AFUB_099280-T",1847.41648354649,1.30262779853056,0.431775094147641,0.000209544683604175,0.00187021112873641
"AFUB_014880-T",7106.73259303753,-0.589466388664663,0.172785383465422,0.000213661076977194,0.00190514460304665
"AFUB_074600-T",1487.16584093909,1.0917355365807,0.353849968782551,0.000215248613348269,0.001917484336128
"AFUB_021800-T",14060.3627920915,-0.497759451738342,0.142705098181769,0.000216091175710743,0.00192317061483209
"AFUB_030670-T",1149.56118465835,-0.994640157814878,0.317958630025806,0.000217389171894861,0.00193289560204156
"AFUB_021810-T",17458.8986441855,-0.442818185465197,0.127298876809952,0.000218658939762587,0.00194235148755143
"AFUB_067260-T",6358.64605025796,0.641974982982046,0.19052202213752,0.000219209092714812,0.00194540322054917
"AFUB_033930-T",782.277902711971,1.02945279836641,0.330473005295996,0.000219651556337397,0.00194749440157527
"AFUB_076330-T",1734.44528974967,-0.891151605870972,0.27980257359861,0.000219948861733196,0.00194829584391324
"AFUB_048620-T",39597.6344667549,-0.786365829398406,0.241810232118156,0.000221979980047387,0.00196443937229906
"AFUB_056080-T",28052.8618299866,-0.382405697202144,0.107670267650434,0.000222303491700044,0.00196545509657053
"AFUB_069200-T",2553.780781176,0.703470918376217,0.212175012603159,0.000224008509726493,0.00197867178947904
"AFUB_062530-T",2517.68336700941,1.2962358964397,0.432612537957645,0.000226535143517457,0.00199911425619529
"AFUB_088670-T",12106.767440539,-0.536275030560035,0.156156099206324,0.000227536733778159,0.00200607292626886
"AFUB_087780-T",334.021098152066,2.81070704424902,1.04142888098218,0.000229973769386863,0.00202566231295295
"AFUB_015350-T",8951.67115116102,-0.629618905695796,0.18775874936519,0.00023104548839999,0.00203320029791991
"AFUB_042870-T",11353.8215484393,0.596697405972066,0.176396436876635,0.00023497543825198,0.00206581379587049
"AFUB_089070-T",12375.1292565797,-0.5231027470498,0.152157464085006,0.000235190355689589,0.00206581379587049
"AFUB_016660-T",913.688176668949,-1.24051870055785,0.415113949824615,0.000236682837224469,0.00207698564334166
"AFUB_025550-T",1626.45516673465,0.827040194630353,0.257730789695269,0.000239368293162886,0.00209859576203141
"AFUB_034030-T",4250.41182703426,0.760210216537505,0.233533347469941,0.000239807443097311,0.00210049012484119
"AFUB_009900-T",1451.05199528841,0.966448175760178,0.310175184825508,0.000244670704260252,0.00214109605140756
"AFUB_082610-T",10029.2670915304,-0.588315156431944,0.17450277569011,0.000247081023328651,0.0021601809801881
"AFUB_071540-T",1906.87058211493,6.58840517766558,3.07476651733707,0.000249354355023586,0.00217715325460457
"AFUB_067270-T",3869.7103491621,1.28305828764077,0.432598021102344,0.000249484745297189,0.00217715325460457
"AFUB_018520-T",1484.27097098684,0.786820734287126,0.244071845578896,0.000249778271787888,0.00217769648810625
"AFUB_005290-T",2745.55972373216,-0.655770947115109,0.198154299964755,0.000254749233219525,0.00221898129509255
"AFUB_078400-T",158969.164836747,-0.416105134351718,0.119257540875131,0.000257057835886868,0.00223701494662094
"AFUB_047640-T",402.091134022269,1.56231037367728,0.54514229716281,0.000257294731010034,0.00223701494662094
"AFUB_021500-T",1882.25044427329,-0.996075975385236,0.324005553868114,0.000257982369111084,0.00224092434275827
"AFUB_010820-T",10291.4029407527,-0.56330077031575,0.167350937939729,0.000262023820671646,0.00227393206953384
"AFUB_052940-T",2424.04267684658,-1.09631755950962,0.363588843697378,0.000263268114522795,0.00228262667251072
"AFUB_045240-T",523.17554956861,-1.62757709205516,0.577206010089827,0.000266196406860923,0.00230589270193417
"AFUB_073900-T",8490.01369238053,0.485134991691203,0.141066298000066,0.000267551739458664,0.00231550292163858
"AFUB_040670-T",720.214521279202,1.27151615249414,0.43149056025946,0.000268277561594601,0.00231965245176746
"AFUB_090350-T",3755.32610960249,-0.603223024578017,0.176936966543263,0.000272750732121677,0.00235406719730449
"AFUB_086320-T",1150.85779024425,1.53447281798345,0.538303638292013,0.000272843799602774,0.00235406719730449
"AFUB_035270-T",24758.5124718065,-0.416661747673724,0.119806127178021,0.000273007793060376,0.00235406719730449
"AFUB_083240-T",72784.9733352647,-0.470239828387139,0.136770122805434,0.000273569396666972,0.00235675154530303
"AFUB_053960-T",14500.1104863564,-0.436081181133578,0.126043983250898,0.000274781126225649,0.00236337069700373
"AFUB_006440-T",16492.8833658989,-0.490584752300544,0.143799910193139,0.000274839731650285,0.00236337069700373
"AFUB_027410-T",872.066256741775,1.09305813090669,0.363258608533555,0.000278170695088286,0.00238983144612345
"AFUB_051150-T",2555.67801415595,0.81547294872336,0.257112291627571,0.000280005651005733,0.00240340310835914
"AFUB_088410-T",29967.9769456065,-0.368689270280101,0.102983871114047,0.000283658763077617,0.00243254181524485
"AFUB_073630-T",2814.95486357368,0.87325775623938,0.279183328592843,0.000284286308442881,0.00243547739275323
"AFUB_069360-T",4807.74145850477,-0.658629527246729,0.201169555158898,0.000284518387003882,0.00243547739275323
"AFUB_045380-T",3252.20147029279,-0.86055069280832,0.275276230752261,0.000285415773739035,0.00244093998685445
"AFUB_027120-T",2318.40815245048,-0.804002837296216,0.254182355913762,0.000286587434798868,0.0024487361942524
"AFUB_013300-T",277.946122249977,-3.20555812091901,1.26667178274828,0.000289256680194499,0.00246930272049992
"AFUB_050490-T",142494.50996283,0.628677955046998,0.195215374834978,0.000293936574009589,0.00250698077977744
"AFUB_080090-T",3534.73743162442,-0.937222190101389,0.30572871098917,0.000294612242414959,0.00250903914411034
"AFUB_014480-T",14565.2688239883,-0.474811044006657,0.139876105743263,0.000294710842543122,0.00250903914411034
"AFUB_002410-T",19205.6751567168,0.415646183564972,0.120053100292815,0.000295378104492719,0.00251244826730212
"AFUB_069600-T",3738.93477192067,-0.738497482655284,0.231810782898315,0.000300551950584717,0.00255414906742391
"AFUB_025360-T",20703.1369219689,0.604503118268522,0.183291121744852,0.000301763034145937,0.00256212870109842
"AFUB_041390-T",7171.38784961511,1.03092737722814,0.339206235133274,0.000305496454231952,0.00259149064238564
"AFUB_055240-T",37705.2858241928,0.614379973176549,0.186470061712816,0.000306769961410405,0.00259995135611195
"AFUB_098300-T",982.560083559167,-1.16231254373682,0.39623032183122,0.000310555201672179,0.00262829293826024
"AFUB_023220-T",11980.2263489156,-0.566964578230692,0.170444244226655,0.00031067226426122,0.00262829293826024
"AFUB_056470-T",4520.88563908177,0.62636742306221,0.191058583668328,0.000311882739452344,0.00263616505806398
"AFUB_098810-T",6750.73058842152,-0.531666522518318,0.15863297308548,0.000312748128644303,0.00264110886037198
"AFUB_050440-T",980.775134557594,-0.973190620972697,0.321689944875443,0.000313108338132306,0.00264178146223458
"AFUB_089840-T",14221.7784358744,-0.603549207713917,0.183698618624865,0.000313688775194209,0.00264430931712504
"AFUB_077420-T",1789.78405013071,-1.14977758130842,0.392075519437989,0.00031401342551447,0.00264467836730255
"AFUB_056420-T",3457.16174384559,1.11726521438351,0.375634578589538,0.000315464378958562,0.00265452421114729
"AFUB_088920-T",12573.4478774086,-0.694033535594098,0.215855173120979,0.000317419334208224,0.00266858968830771
"AFUB_094840-T",649.478997963447,-1.41991419054274,0.503614774540735,0.000317900882100493,0.00267025397489585
"AFUB_032460-T",3285.63587575796,0.608419351322374,0.185000751004206,0.000318954660281087,0.00267671754118246
"AFUB_096510-T",756.450345047664,1.80768776869453,0.662580712745138,0.000319689338092737,0.00268049404049975
"AFUB_021090-T",13398.7469944489,-0.445172660141697,0.130223347258717,0.000320235206442966,0.00268247777174424
"AFUB_000760-T",2333.61692173672,1.25306058771967,0.431882906306038,0.000320495698089663,0.00268247777174424
"AFUB_060200-T",2943.92799060817,0.81240379669658,0.259019078556441,0.000321483273061242,0.0026874417522195
"AFUB_056750-T",97586.0616253896,-0.406425272578338,0.116873812757258,0.000321659606494412,0.0026874417522195
"AFUB_039200-T",2054.9837322746,0.887796661381296,0.288453062769931,0.000322611454005239,0.00269300483236998
"AFUB_004970-T",69282.074533434,0.610600372220592,0.186229172893672,0.000324874697699589,0.0027094952644281
"AFUB_011200-T",10512.0218471012,-0.515251781774033,0.153759503400433,0.000326615118958271,0.00272159996470007
"AFUB_087800-T",16868.9475403332,-0.501929157477277,0.149439682319612,0.000327949940671402,0.00273030649103618
"AFUB_004430-T",196828.568283232,0.401436719416246,0.11547362979592,0.000330526273819852,0.00274932455325771
"AFUB_031410-T",22715.1071934194,-0.408190798914889,0.118761804096338,0.000332673260157075,0.0027647408805287
"AFUB_006970-T",17537.0644832344,-0.56419882858382,0.170713304588352,0.000335413815166454,0.00278505862751969
"AFUB_038880-T",7313.70283610199,-0.627583533476821,0.193774928718176,0.00033868561713449,0.00280974781580472
"AFUB_052460-T",1344.6684286867,1.12950007677044,0.384880139691737,0.000339618117197899,0.00281500368973188
"AFUB_013400-T",6598.37852116084,-0.588756057249767,0.179520685478435,0.000341199987186434,0.00282562803812442
"AFUB_032420-T",10251.054260788,-0.609375686630988,0.186837446504408,0.000341602328443175,0.00282647409896392
"AFUB_034240-T",5957.99121763943,0.812783415156719,0.261490081847083,0.000346103182117069,0.00286049328217247
"AFUB_084550-T",2047.11182850366,-0.963298138850556,0.321086444665188,0.000346321404171264,0.00286049328217247
"AFUB_086120-T",5090.61492168891,0.686811680179599,0.218107254553778,0.000347198254232449,0.00286522240302606
"AFUB_093830-T",3594.99897841257,0.715810213426974,0.225223791015873,0.000348148684302475,0.0028705499224099
"AFUB_023350-T",2272.81853709884,-1.01715809792348,0.343720716065809,0.000355983512478297,0.00293258158661036
"AFUB_035710-T",3620.40647381159,-0.638423556653815,0.197918435250742,0.000356776391357382,0.00293654414424922
"AFUB_008850-T",19515.4588128961,-0.548170231617365,0.166119056825478,0.000357786972414137,0.00294229007183539
"AFUB_037130-T",3014.28792665245,0.728066825019274,0.231962879217699,0.000359285044303876,0.00295203139368699
"AFUB_016370-T",6387.95788382678,0.604303023035886,0.185612012206106,0.000363280746278839,0.00298024126166493
"AFUB_016100-T",1626.12237057974,-1.02006225565825,0.345671307693595,0.000363793280488791,0.00298024126166493
"AFUB_083810-T",13674.4468444846,-0.635715919860961,0.197976686357664,0.00036380972274813,0.00298024126166493
"AFUB_045150-T",39.4289327553611,4.71895886197224,1.93968032848104,0.00036398443616341,0.00298024126166493
"AFUB_041770-T",3619.00895128335,-0.938074117877691,0.313133370835699,0.000368323936270238,0.00301315220149484
"AFUB_061210-T",5995.04587017811,0.695820694315728,0.219111451014739,0.000369642164897511,0.00302131130614146
"AFUB_083950-T",3897.81007481121,-0.730124330355125,0.232517405255092,0.000371350209905368,0.00303263970205459
"AFUB_097210-T",495.986494370234,-1.48186735824828,0.540181600291022,0.000371900765081446,0.00303450398960736
"AFUB_038560-T",5009.3805794547,-0.575177717516462,0.176117696755255,0.000372910583426097,0.00304010913726418
"AFUB_011710-T",1216.53433663927,-1.27664305680723,0.453750682198515,0.000373381267418478,0.00304131316091037
"AFUB_068330-T",21010.7722648318,-0.385638676045959,0.112504707254129,0.000373836517971544,0.00304238950148665
"AFUB_002990-T",1502.99363138494,0.846491377078455,0.276681379522023,0.000374754334897253,0.00304722523090893
"AFUB_056460-T",4416.07400463736,0.714529553889766,0.226396303130713,0.000375159269593696,0.00304788583476638
"AFUB_001930-T",6246.64752881276,-0.790623713504402,0.255079271195839,0.000375766802939033,0.00304885343570583
"AFUB_024540-T",6470.05656244652,-0.55471059350573,0.169093657378809,0.000375925959946311,0.00304885343570583
"AFUB_013270-T",86697.7674829073,0.400766552286165,0.117587932829197,0.000376801133166558,0.00305332140266464
"AFUB_021710-T",16307.693859838,-0.446667902811423,0.134041812750404,0.000381001458468795,0.00308470312376799
"AFUB_032490-T",16220.987268739,0.449691513175397,0.133534277604421,0.000381661716984186,0.00308739409546658
"AFUB_034980-T",3712.9223176975,0.668839387628675,0.209871842201541,0.000382023616567781,0.0030876689902165
"AFUB_010240-T",2371.6459080982,0.650642005786111,0.203301465418747,0.00038270125257967,0.0030904931340396
"AFUB_083370-T",9181.84012809534,-0.495641586549477,0.149150894659795,0.000385201543095801,0.00310801862021428
"AFUB_072950-T",8992.5928289414,-0.521241521845808,0.159328845028996,0.000395480297340534,0.00318822130116308
"AFUB_093300-T",3501.64818614694,0.65223613901228,0.204524486834869,0.000397096475379547,0.00319851190091857
"AFUB_017480-T",216.399603437431,-2.35334530015852,0.933045688178485,0.00039774438948758,0.0032009924542009
"AFUB_038040-T",3399.86637073717,0.582857257867772,0.179667715333343,0.000400485476591823,0.00322029995524219
"AFUB_056770-T",53350.7565725744,0.528078724568255,0.16063726357312,0.000405039292662947,0.00325413820794736
"AFUB_073600-T",27417.8433020529,0.598974240242032,0.185663730515496,0.000405635534183336,0.003256150204493
"AFUB_069840-T",734.676134076433,-1.09526533637924,0.381146532597247,0.000406001182391853,0.00325630931294863
"AFUB_003520-T",2110.68545677639,0.728911740195337,0.233828919290246,0.000410378947238516,0.00328861971676415
"AFUB_019970-T",1784.75851514476,0.79879738889399,0.260663040899203,0.000411574243075529,0.00329539376938706
"AFUB_073730-T",14663.9066949906,0.587676103115436,0.182024013124733,0.00041659025005831,0.00333272200046648
"AFUB_073190-T",361.86788069133,-1.56589535282901,0.586237729995182,0.00042205170075633,0.00337354738057861
"AFUB_090180-T",10853.0096404174,-0.467853627422642,0.140971819195018,0.000423796202330912,0.00338461835551134
"AFUB_059760-T",9888.84375326222,-0.586891952024556,0.182439402037517,0.000425524900934144,0.00339268395509942
"AFUB_036800-T",3976.63239859678,-0.583461418338714,0.181193701735787,0.00042552673650939,0.00339268395509942
"AFUB_065410-T",11394.9036507966,-0.465516946555332,0.14046626844676,0.000426614280930823,0.00339622895492879
"AFUB_058330-T",7441.84276537188,-0.513734319187211,0.156771011092042,0.000426692741469919,0.00339622895492879
"AFUB_039120-T",3495.09688701183,-0.826686257888168,0.273012242610523,0.000427063056302841,0.00339630552208408
"AFUB_090790-T",7317.9143395541,0.661807030773087,0.209539598798064,0.000429116132594841,0.00340975316836542
"AFUB_059320-T",15656.9344482176,-0.461776729826453,0.137214771290679,0.000430989923635336,0.00342175473941849
"AFUB_024010-T",13897.0189668751,-0.69347331177427,0.221909581344561,0.000435122934979884,0.00345165758700134
"AFUB_010370-T",15527.1046544836,-0.5073171589693,0.154054515933838,0.000437167379144847,0.00346495626433323
"AFUB_040950-T",137584.277461664,0.469200576973701,0.141763268224867,0.000442431917561064,0.00350373333537004
"AFUB_066290-T",2229.53947022099,0.862430128361419,0.287872102337437,0.00044378673552038,0.00351150916105874
"AFUB_018910-T",2355.69302259457,-0.88477085796959,0.297930993618715,0.000445359052917376,0.00351985880419025
"AFUB_061700-T",30342.567450579,-0.56776146648963,0.176404849315257,0.000445589602229692,0.00351985880419025
"AFUB_064350-T",11116.0227807175,-0.439411399164986,0.128855708678316,0.000446178171126097,0.00352155377981838
"AFUB_088720-T",7208.51379255973,-0.581141344899745,0.181458240591126,0.000449248581494845,0.00354281795925918
"AFUB_091590-T",1618.05356342366,0.71803213312443,0.232124248537492,0.000451697831937742,0.0035591521217789
"AFUB_031160-T",680.446286434525,-1.20578808893257,0.433533864839062,0.000453109461865327,0.00356728987702668
"AFUB_098880-T",1626.75336369392,-0.847503767836329,0.283496366820157,0.000456496158097601,0.00359095056361488
"AFUB_074040-T",68914.1978483246,0.718414722661396,0.225140611841189,0.000458757384418949,0.00360534599761044
"AFUB_064040-T",2599.53130770954,-0.990502779686064,0.343340464834687,0.000459091955303198,0.00360534599761044
"AFUB_085240-T",9014.30250465094,-0.69640825503231,0.224654759132814,0.000462976220026558,0.00363282007314173
"AFUB_100670-T",1814.10922757551,-0.773673190783753,0.254863865754094,0.00046818787176374,0.00367065528769973
"AFUB_030880-T",4277.48143677591,0.670426636089521,0.214810662377945,0.000471128796114137,0.00369063955425184
"AFUB_001230-T",9754.80838827427,-0.651606311225618,0.210166442256802,0.000474594505945286,0.00371469814462245
"AFUB_100990-T",28.4040044418949,5.6474240517074,2.58048676337668,0.000479235341356353,0.0037470297653404
"AFUB_101090-T",1177.78897697927,-0.949167716403797,0.327454576345751,0.000479521120139675,0.0037470297653404
"AFUB_074070-T",2606.62459823137,1.15837522082217,0.413249695739986,0.000480006157971598,0.00374770977069699
"AFUB_011410-T",5291.72855149598,0.636118346286655,0.202463440271647,0.000485406091947649,0.00378239235202667
"AFUB_091130-T",723.653279688638,1.17594421679453,0.420894754864777,0.000485467658044962,0.00378239235202667
"AFUB_009490-T",6186.06435537149,-0.571546505788283,0.179275446614805,0.000485653393542932,0.00378239235202667
"AFUB_002660-T",7463.33215477744,-0.47298803048635,0.144347277471109,0.000488182099548098,0.00379894433830156
"AFUB_074410-T",5269.17587002671,-0.651516081660386,0.209083369753003,0.000493749752120805,0.00383909799006565
"AFUB_053850-T",37956.1910668766,0.54514226882516,0.170081201450284,0.000497695986124846,0.00386658861827686
"AFUB_019110-T",932.106014316934,-1.05642148039581,0.373982521852525,0.000499652784097546,0.0038785907791117
"AFUB_080030-T",3159.64583909656,0.77484398917318,0.256362601220517,0.000500181583129046,0.00387949735316565
"AFUB_083740-T",8658.23396704355,-0.520246089341763,0.160574554535384,0.000501811224196189,0.00388890849390435
"AFUB_096570-T",7019.25889728955,0.653318917706358,0.209531277780549,0.000502220977972354,0.00388890849390435
"AFUB_072420-T",30728.3985445984,0.369719680227859,0.112397093914187,0.00050305922065992,0.00389219853881167
"AFUB_043040-T",18042.1261857182,-0.409708319098619,0.123503586381977,0.000504070750672858,0.00389682281472548
"AFUB_016990-T",81.4077700835797,-0.556321628677034,1.5932708187241,0.000509851420279198,0.00393554748290161
"AFUB_080930-T",107.36502645412,2.43691421169071,1.00317393736651,0.000509915880324975,0.00393554748290161
"AFUB_005770-T",7011.07480366034,-0.648559585220618,0.209170972056846,0.000510459659823786,0.00393651773701947
"AFUB_024390-T",17843.551410228,-0.42360649807121,0.129218553479388,0.000511554173820429,0.00394173003330046
"AFUB_016140-T",3276.37353030662,0.865850317602641,0.29384271504283,0.000512018536451766,0.00394208220705628
"AFUB_094290-T",14627.7200176841,-0.415565454400618,0.125687481991025,0.000514023120917291,0.00395428243999772
"AFUB_021820-T",3086.94811235461,-0.750963751211533,0.248797785960929,0.00052249615444242,0.00401410508889559
"AFUB_019510-T",17305.4961203437,-0.47012326163038,0.143678507565092,0.000522652170665462,0.00401410508889559
"AFUB_082460-T",3453.72039419755,1.17330598231921,0.419882170855807,0.000524882930649977,0.00402795246536282
"AFUB_004710-T",1363.15887641176,0.907989392763363,0.312634666568256,0.000533832271010454,0.00409329370019091
"AFUB_036430-T",6283.55513976785,-0.593129166062454,0.188813584548196,0.000540672242998259,0.00414236764855298
"AFUB_050800-T",504.744248398658,-1.24314937520252,0.461086841241227,0.000541405047530025,0.00414368544701967
"AFUB_082140-T",2985.18334931379,-0.828631244937055,0.281184841668335,0.000541724382464021,0.00414368544701967
"AFUB_040690-T",6595.97221877716,-0.485041431853692,0.150629007488147,0.000543467664933955,0.00415364572485237
"AFUB_088490-T",15903.758859477,-0.383088595375378,0.115727154205813,0.000550824107215396,0.00420645563141944
"AFUB_091290-T",9612.16531135128,0.678519751686041,0.223342626421789,0.00055428893506834,0.00422948509935453
"AFUB_016030-T",2212.59677985015,0.726860114624779,0.241005815329008,0.000555059944652427,0.00423193881688036
"AFUB_098480-T",1082.42372076717,0.862833386858143,0.295835520366153,0.000564805748928147,0.00430197846659088
"AFUB_094900-T",382.302776191517,-1.38755755676387,0.528579732811424,0.000565160085298738,0.00430197846659088
"AFUB_078690-T",4064.95046662383,-0.542360518137888,0.170935682481636,0.000570600230957075,0.00433988027034881
"AFUB_021040-T",7933.04129401667,-0.70565238362912,0.233476536339772,0.000584002606861375,0.00443823127216038
"AFUB_076820-T",1599.37295519437,-1.05723106286949,0.381834142130965,0.000585868514573245,0.00444882091388845
"AFUB_076600-T",10891.4163303251,-0.706419627818391,0.232654058915642,0.000593759892178552,0.00450399302002832
"AFUB_024530-T",4048.86723882647,0.745760697870073,0.249278029520835,0.000594090838028374,0.00450399302002832
"AFUB_012430-T",5130.84530167035,-0.588538282207628,0.188979653887048,0.000595833873811341,0.00451357341577441
"AFUB_102050-T",16320.490194506,-0.544826951059338,0.172915021414954,0.000598222738738158,0.00452802677488625
"AFUB_101270-T",158.006260490463,-2.06752095273799,0.859151078594544,0.000599396647726881,0.00453326814055928
"AFUB_059020-T",2803.23512239507,-0.674829468544666,0.222265794338592,0.000604559568419781,0.00456516287565194
"AFUB_087970-T",9364.54203115029,-0.640575944194457,0.210570624220311,0.000604583486187126,0.00456516287565194
"AFUB_012940-T",49634.6707466393,-0.483797128907944,0.151273781142751,0.000605130549360103,0.00456563241408232
"AFUB_087090-T",446.941262126266,-1.28125709932731,0.485261446041206,0.000608315102860546,0.00458598479466365
"AFUB_004610-T",1780.65441528345,0.875737934195482,0.303761484182672,0.000609494815394802,0.00459120254540596
"AFUB_100470-T",609.958224274613,-1.24403062083368,0.469121291467431,0.000616873805624417,0.00464307254497163
"AFUB_037740-T",1264.03232811693,1.1401734629321,0.418191303283019,0.000618695724844586,0.00464377478176097
"AFUB_041210-T",14125.3476433997,-0.507243890836832,0.15981337334626,0.000619070679917288,0.00464377478176097
"AFUB_016500-T",5615.05858291189,-0.554203845250706,0.176825625116671,0.000619178871217475,0.00464377478176097
"AFUB_087050-T",1826.02173863129,-0.987691623602977,0.353777213035346,0.000619214258866896,0.00464377478176097
"AFUB_067160-T",25352.1398681264,0.427130666322616,0.131457541313959,0.000619432999776103,0.00464377478176097
"AFUB_026400-T",36635.2903361291,-0.427700882049854,0.131840349739311,0.000621713329521449,0.00465716206107714
"AFUB_058690-T",719.625810234014,1.52411095465393,0.594532430076499,0.000626759726638611,0.00469123178539679
"AFUB_081230-T",3652.92915550662,0.541946296614859,0.172221481416645,0.000628273520879967,0.0046988272220856
"AFUB_044670-T",379.011085222696,-1.95912807529293,0.814224993841709,0.00062979739926976,0.00470648596152704
"AFUB_015230-T",4183.21300593423,-0.540257476952043,0.172194154756254,0.00063288033048425,0.00472577414103068
"AFUB_004489-T",869.041489787832,-1.06977417837063,0.391495483059938,0.000637238513852288,0.00475047716740582
"AFUB_021430-T",2682.42816866275,0.809314580874998,0.277477061291299,0.000637595595597202,0.00475047716740582
"AFUB_007780-T",20365.2252252436,0.603017687017907,0.195263691475908,0.000637702117629668,0.00475047716740582
"AFUB_036360-T",9286.24497568936,-0.474543626017129,0.148717959893216,0.000640926878669439,0.00477072528818295
"AFUB_038350-T",1408.59420587068,1.01856284588848,0.367894238780721,0.000647585313548186,0.00481300944678692
"AFUB_083150-T",2201.38582635066,-0.823902923717778,0.284891004474922,0.000647629882017739,0.00481300944678692
"AFUB_040130-T",22567.40691558,0.484204310334653,0.150993444050773,0.000654647015474531,0.00486132200134715
"AFUB_098250-T",2531.65948783047,-1.02643827047202,0.373493582775597,0.00065544970397113,0.00486344713364236
"AFUB_081430-T",40.3695302724736,-0.0977227526983024,0.438903216959352,0.000657531610873328,0.00487505326612854
"AFUB_020170-T",5543.57417747251,0.586676789409114,0.189715507761112,0.00066145567884471,0.00490028849095341
"AFUB_002520-T",19914.5426222347,-0.526053040375358,0.167576662090808,0.000662119197514784,0.0049013477702824
"AFUB_066520-T",7180.91007947318,-0.497120501276276,0.157420815331759,0.000668535455203751,0.00494495667415437
"AFUB_003620-T",121.407582329366,-2.90082216873592,1.31984997923187,0.000673536336668412,0.00497803622140484
"AFUB_038600-T",541.85036165026,1.13697019653539,0.423732024426876,0.000676408732655715,0.00499534480524409
"AFUB_058360-T",7439.21977156185,-0.553007821524593,0.17865194015205,0.000677184863869673,0.00499715727131414
"AFUB_077390-T",4555.33667806684,0.542038952104009,0.1736457818612,0.000682399244449682,0.00503169247121238
"AFUB_020890-T",923.336499018986,1.00574030282258,0.367376784302341,0.000683597859148355,0.00503270355359482
"AFUB_060900-T",15752.9586619399,-0.451070948550481,0.141335085718362,0.000683605336135065,0.00503270355359482
"AFUB_039690-T",74.7603764796218,3.60302884034918,1.69181575070303,0.000692014673088055,0.00509063293890401
"AFUB_024880-T",36525.2196884567,-0.489526046365088,0.155088401896192,0.000696189865210533,0.00511734876723059
"AFUB_057800-T",42.9762398331759,4.89010509890405,2.37967178999762,0.00069739073728185,0.00512217720924017
"AFUB_017190-T",23.5167789715914,0.129470912886539,0.45197109043164,0.000707329421797721,0.00519100479512832
"AFUB_057720-T",7060.67000951541,0.732451678615736,0.248408475672274,0.00070786429024477,0.00519100479512832
"AFUB_001200-T",85772.7888557727,-0.34124389031329,0.102834524715901,0.000711239432501221,0.00521169688438249
"AFUB_000810-T",10324.0956905898,0.725640265675058,0.246286436531812,0.00072009412974492,0.00527247770270464
"AFUB_078440-T",1114.82112502989,1.09853472650936,0.408341086229153,0.000727859553800412,0.00532431276669014
"AFUB_097620-T",23.8548579771137,0.127746061138358,0.451152690306334,0.000728304465112246,0.00532431276669014
"AFUB_029260-T",876.541152090924,-1.19110440607324,0.457228608616661,0.00073886169694078,0.0053970990229041
"AFUB_090270-T",2998.58372068431,-0.780723831141305,0.270806890250338,0.000739407151608569,0.0053970990229041
"AFUB_076560-T",3735.81554519214,-0.53466643840702,0.172650525955498,0.000740435786938422,0.00540042089063686
"AFUB_018030-T",3310.18228358992,-0.885276261598482,0.316282468436021,0.000745061668339821,0.00542995407824129
"AFUB_101460-T",14430.9652151465,0.506130472884539,0.161708398673313,0.000750351606162171,0.00546427743512993
"AFUB_083760-T",5365.47360583612,-0.732159582291181,0.250453459605042,0.000754961752887976,0.00549360113229767
"AFUB_051340-T",9508.43228820683,-0.483925568211801,0.154364331590342,0.000755694779826761,0.00549468883926547
"AFUB_008700-T",17413.5597457911,-0.397096672738725,0.123695159471579,0.000758880852079884,0.00551359730183965
"AFUB_033250-T",3346.62233655724,0.861171539998338,0.305459166152178,0.000761996112298313,0.00553196252382492
"AFUB_091720-T",8630.36915613126,-0.877928226415771,0.316264930297672,0.000766926376565107,0.00556186637945536
"AFUB_067340-T",92763.6559312065,-0.392035567970753,0.12009867825671,0.000767296561906597,0.00556186637945536
"AFUB_005190-T",4891.05379945476,0.528584560589609,0.170633072567605,0.000769431187139222,0.00557304927546378
"AFUB_027840-T",11073.2907819431,0.55472440459439,0.180691725461206,0.000779523520593222,0.00564180896995064
"AFUB_033760-T",241.32592675601,-2.10833628792713,0.926579870211169,0.000780267878866177,0.00564285894577874
"AFUB_095390-T",24607.2085538001,0.547736973666553,0.178280642716343,0.000785369468788086,0.00567539441144176
"AFUB_050940-T",17633.22647165,-0.648601057087439,0.218044649564448,0.000790088045652139,0.00570511429283783
"AFUB_005980-T",30150.2693726451,-0.407344829069398,0.126945793995556,0.000792929038462255,0.00571734482470888
"AFUB_004310-T",5086.0313174029,0.67917955761443,0.230913886630481,0.000792996212942841,0.00571734482470888
"AFUB_043550-T",36718.6048106897,-0.487393500723863,0.1567517050381,0.000803500427946141,0.00578787904932232
"AFUB_042130-T",2764.59552750899,-0.627953084519073,0.210216667252289,0.000804008686970432,0.00578787904932232
"AFUB_098910-T",14223.8580877546,-0.674379842698088,0.228907401745446,0.000804994109554975,0.00579054586368957
"AFUB_015480-T",10797.8533190312,-0.470292562398756,0.150319814732332,0.00080991297068725,0.00582148132213064
"AFUB_041930-T",13498.3782810973,0.439825906919612,0.139514618147662,0.000811957780543505,0.00583172727810652
"AFUB_041280-T",9042.65984983844,0.490871775466959,0.157590603120646,0.000812829542300837,0.00583353884931759
"AFUB_001100-T",5560.05467010978,0.543701208148791,0.177443299167294,0.000822231047265641,0.0058965175484031
"AFUB_015320-T",5617.12737388787,-0.603422889935807,0.200992459931949,0.000823231567929976,0.00589919972878893
"AFUB_094030-T",4271.44768336617,-0.75742564755878,0.264158971002269,0.000826346835217015,0.00591702038053492
"AFUB_069980-T",9074.8043842841,0.487920505014853,0.156758081080228,0.00082838488485984,0.0059271064406081
"AFUB_039500-T",37899.2280331072,-0.437666259267641,0.140100383015793,0.000829477455132281,0.00593041740131022
"AFUB_089000-T",7553.9499253413,0.552966496575516,0.181154372093802,0.000830301478621439,0.00593135783692277
"AFUB_053820-T",3196.86649757321,0.532087317927538,0.173226900490263,0.00083086883888075,0.00593135783692277
"AFUB_037770-T",47933.691231545,-0.473857476729969,0.15201964410598,0.000831712948781468,0.00593288570130781
"AFUB_015280-T",3371.29542551116,0.550178142850578,0.180259776369687,0.00083651095641864,0.00596259437217102
"AFUB_061660-T",6901.0758523553,-0.687441015159011,0.235222900029652,0.000838432259819442,0.00596489996606916
"AFUB_071920-T",1465.04888696528,0.825805050430031,0.293638832768675,0.00083858370578293,0.00596489996606916
"AFUB_011250-T",1493.20561276009,-0.816455917151971,0.290876525256878,0.000838734872034363,0.00596489996606916
"AFUB_083750-T",12691.1337647954,-0.613095518580154,0.205249228131169,0.000841227442645973,0.00597811139619206
"AFUB_059030-T",423.724136908632,1.19366199158621,0.464091859016931,0.000844618408602353,0.0059976824550526
"AFUB_058670-T",1329.77327852216,0.796878917719524,0.281306841809618,0.00084532187503981,0.00599815431452514
"AFUB_046950-T",1954.36250551799,0.707931312175406,0.244185518266414,0.000846854727792945,0.00600161204784609
"AFUB_012410-T",9653.55197554012,-0.547544788339393,0.179929347843145,0.000847083943456611,0.00600161204784609
"AFUB_001870-T",14620.2271981254,-0.57824370144381,0.192044478852631,0.000849439629425155,0.00601377710576485
"AFUB_048270-T",214.598583457218,-1.66758438202179,0.708647809925865,0.000866035148189577,0.00612666187479568
"AFUB_076070-T",4311.68461126562,-0.872965540198229,0.316819250346822,0.000866784936830455,0.00612736258648316
"AFUB_064780-T",10840.6065735993,0.635497963006848,0.215485385729425,0.000867447803444972,0.00612744824999089
"AFUB_075650-T",507.40439381878,1.41535564274865,0.575738774413803,0.000868846324390445,0.00613272637965549
"AFUB_043290-T",1833.90327138362,1.19873731942014,0.46675586231107,0.000871933942052726,0.00614991011113743
"AFUB_007730-T",247809.713621533,0.500545349790561,0.162292002742527,0.000875183132598995,0.00616766445154448
"AFUB_043470-T",11310.6791652294,-0.463011540082702,0.148859547346327,0.000875761190708897,0.00616766445154448
"AFUB_063880-T",4113.1313495674,-0.563061664118647,0.186476670630074,0.000878230569499406,0.00617952593416293
"AFUB_062080-T",442.400006538502,-1.16360277657413,0.454205524884377,0.000878757989150825,0.00617952593416293
"AFUB_089170-T",21385.6630932331,-0.474023460800631,0.153072097970844,0.00088747644684434,0.00623439972574601
"AFUB_002670-T",2409.33036970157,-0.630495939554758,0.213389624794844,0.00088792654697802,0.00623439972574601
"AFUB_007670-T",3207.22402758399,-0.639586616455942,0.21707590296892,0.0008885476244638,0.00623439972574601
"AFUB_027920-T",2785.17955930204,0.735854009897425,0.256642532085209,0.000889650076362343,0.00623667239540248
"AFUB_057580-T",1898.28521342681,1.13954573591284,0.441109957020299,0.000890196229760081,0.00623667239540248
"AFUB_099360-T",968.936898328616,0.842166283401443,0.303127691595006,0.000892694842181138,0.00624952760890527
"AFUB_011340-T",16686.8634840632,-0.455271661130739,0.146443388398425,0.000894445365628524,0.00625713043295556
"AFUB_088630-T",6978.98551017973,0.540449164571255,0.177754520403904,0.000895761303226497,0.00626168406175256
"AFUB_009990-T",2130.89360933805,0.714263271107449,0.247881264096637,0.000901197826288791,0.00629203814095597
"AFUB_022650-T",13309.2281993871,-0.50937255850016,0.166469707037374,0.000901440043771198,0.00629203814095597
"AFUB_059740-T",6143.04843862387,-0.550911881807515,0.182442254443088,0.000909663951437479,0.00634473760498911
"AFUB_042520-T",11376.4879948794,0.651231084207617,0.22282436461535,0.000911944370897028,0.00635593500841333
"AFUB_034910-T",19150.4000369048,-0.557686341445109,0.185598036091491,0.000920076833077159,0.00640787238184507
"AFUB_065380-T",3757.95403601185,0.62870513059086,0.213177151765581,0.000925471021066859,0.00643667122736084
"AFUB_005450-T",6774.88751150084,-0.430621644382131,0.137843680002719,0.000925579103849467,0.00643667122736084
"AFUB_015690-T",1393.82760335621,-0.768646037370217,0.272770655857916,0.000927124450396079,0.00644220245736859
"AFUB_022780-T",1882.36650379929,0.843357739768312,0.30416213775271,0.000927742834769733,0.00644220245736859
"AFUB_089850-T",2839.82463017064,-0.713397401291494,0.249134141657372,0.000933158141783148,0.00647503099707452
"AFUB_024520-T",3197.92186001503,-0.878201746260446,0.322327104604392,0.000936590859151672,0.00649406445491322
"AFUB_048780-T",22.4320149909385,0.124063861016837,0.449416508558912,0.00093768210355002,0.00649684671598748
"AFUB_093170-T",11104.6722842988,0.496375322680103,0.16151142541547,0.000944818421681039,0.0065407261450229
"AFUB_052060-T",7714.00402430629,0.420061135970625,0.13422214888512,0.00094540444810707,0.0065407261450229
"AFUB_012630-T",2394.75278207699,-0.784258145302829,0.280402295138989,0.000946958613649106,0.00654666835985314
"AFUB_046450-T",88.3203920267557,-2.55881192943427,1.2250439562471,0.000948986767876524,0.00655587630691515
"AFUB_028140-T",4900.1975676843,0.551484656325503,0.183277926713795,0.000958033550867479,0.00661352193179486
"AFUB_097290-T",626.973574696259,-1.53031405971749,0.649856394857916,0.000960269450285136,0.00662410047171051
"AFUB_023400-T",7405.9146081306,-0.636414994561098,0.217797657830325,0.000964808957004939,0.00664924723874375
"AFUB_005460-T",5401.41250429947,-0.699449698556426,0.244156637155948,0.000965327206389412,0.00664924723874375
"AFUB_067240-T",18147.6800260418,-0.511768888900882,0.168508672902719,0.000967784527928421,0.00665826719962158
"AFUB_083700-T",33295.869899027,-0.520910639623332,0.17270154434406,0.000968050955425015,0.00665826719962158
"AFUB_037430-T",3897.63592799531,-0.813108820145493,0.295137267369638,0.000991408915194714,0.00681394623757184
"AFUB_073210-T",2955.58438568992,-0.586202875685189,0.198289023681138,0.00100110887253933,0.00687553993454933
"AFUB_046320-T",966.296909660393,1.10193974837786,0.429779614689271,0.00100183101000443,0.00687553993454933
"AFUB_091310-T",14052.8521555879,-0.56146424105238,0.189165860721172,0.00100322682878214,0.00688010474858896
"AFUB_094670-T",2056.71893797937,0.750200503828763,0.266628622098319,0.00100641112566008,0.00689691932985102
"AFUB_089020-T",4493.88931209453,-0.532645558116752,0.17724171413098,0.00100845571715891,0.00690590475110424
"AFUB_098490-T",12964.1986340165,0.463471276467329,0.1506959218347,0.00101072227455252,0.00691639602993204
"AFUB_056090-T",17680.1543597202,-0.422502303431321,0.136355519392383,0.00102127665826216,0.00698354467261912
"AFUB_066090-T",9421.45433895979,0.438914047676957,0.142014645223268,0.00102227231435779,0.00698528019738243
"AFUB_087540-T",1106.37472630792,1.21129340202201,0.486935699790524,0.00102674107052071,0.00701072800581796
"AFUB_011720-T",3932.22897460424,0.764662600343742,0.273542457344635,0.00102834815907689,0.00701661323613621
"AFUB_080080-T",2545.47087486388,-0.874484952833836,0.32461670587186,0.0010304668607764,0.00702597824842188
"AFUB_034180-T",1880.3266757455,0.796132428181972,0.288049455446262,0.00103864100493613,0.00707658733898595
"AFUB_012200-T",6650.22913210153,0.61350537389943,0.210016291712414,0.00105723307709611,0.00719805253357701
"AFUB_101340-T",7763.5556823188,-0.579221363052647,0.196975927290861,0.00106555595237824,0.00724947604594905
"AFUB_001300-T",264.761329746547,1.58040819022579,0.684370293226871,0.00106870070233512,0.00726562152576711
"AFUB_032510-T",9054.15193061793,-0.542502977203945,0.182679589715397,0.00107242063658363,0.00728565130885389
"AFUB_023640-T",3564.0198315138,-0.564062387449426,0.190856304202812,0.00107513770424312,0.00729884399650554
"AFUB_095570-T",3575.6053294468,0.614243700251746,0.210875755077205,0.00108190947348341,0.0073395242091641
"AFUB_041150-T",1067.04757189862,0.877923647641277,0.327342862777498,0.00108426050381295,0.00735017775658945
"AFUB_060720-T",7244.85349609253,-0.534518673034962,0.179465071906782,0.00108938491490806,0.00737960313580885
"AFUB_089510-T",7793.47313667297,0.843841938655264,0.314972313391937,0.00109131605132473,0.00738737019358279
"AFUB_060220-T",7966.55510902615,-0.411597510912657,0.133340687882997,0.00109534234542915,0.00740929850902359
"AFUB_028070-T",5352.63462680114,-0.484851179452892,0.160450949815654,0.00110079185150115,0.0074408155590343
"AFUB_047500-T",19035.8058074909,-0.407961896623698,0.132076454791093,0.00110246034604958,0.00744674793285711
"AFUB_082940-T",2342.92335613223,-1.15346533217043,0.466525655419311,0.00111120567585846,0.00749728331506634
"AFUB_065870-T",6611.2648232284,-0.455329039588685,0.149446496894858,0.00111153435724645,0.00749728331506634
"AFUB_098510-T",9367.37933688785,-0.524907667226671,0.17604018606389,0.00111726626064131,0.00753055054416502
"AFUB_006040-T",1204.15090637376,1.07625515716652,0.42469408229762,0.00112397259877294,0.00757033332621318
"AFUB_029280-T",9665.42485799507,0.578472721903936,0.197084100099687,0.00112568478886668,0.00757644601284396
"AFUB_062410-T",4617.79784909277,-0.931854611659214,0.356256767173198,0.00112693263516073,0.00757942692333819
"AFUB_002340-T",11289.7430537946,0.426488362634845,0.139445318205741,0.00112853771719501,0.00758362244031492
"AFUB_089210-T",4579.24906122595,-0.761243775990115,0.275765793671688,0.00112916723251078,0.00758362244031492
"AFUB_082160-T",18953.4129956586,-0.441407370824633,0.144930720095,0.0011332098258152,0.00760534833918455
"AFUB_037380-T",793.881251953339,-1.09268514841751,0.43780110091476,0.00113754098244017,0.0076283035878486
"AFUB_096070-T",3560.12713567372,0.651389996427642,0.230487888092166,0.0011396951062552,0.0076283035878486
"AFUB_035380-T",942.57065036202,1.02300781061536,0.400915123791701,0.0011398542943404,0.0076283035878486
"AFUB_017500-T",41.3346731581742,3.30251321754013,1.7389346311264,0.0011398707676405,0.0076283035878486
"AFUB_060460-T",3088.97051875942,1.11784922417996,0.446886990522647,0.00114131400968151,0.00763250812393542
"AFUB_098280-T",12375.4032979877,-0.643624326415199,0.224544382014688,0.00114212021523205,0.00763250812393542
"AFUB_036690-T",5333.52948910652,-0.518951601065374,0.178886587008394,0.00114727241338846,0.00765793853793961
"AFUB_045330-T",1274.6495687572,0.875212920068066,0.328498506541028,0.00114755217470612,0.00765793853793961
"AFUB_098890-T",3026.70649268367,0.575892614822878,0.196913969665483,0.001164281775293,0.00775931103270182
"AFUB_062350-T",8427.07587836595,0.788331053310992,0.288861537202021,0.00116500387411438,0.00775931103270182
"AFUB_020580-T",6849.52664129001,-0.666214842031381,0.235508508021824,0.00116536428622894,0.00775931103270182
"AFUB_067750-T",4657.20781701063,-0.671344933047346,0.23833898061981,0.00116648502012167,0.00775931103270182
"AFUB_001290-T",3293.00208699146,-0.64888157996411,0.22791284197616,0.00116686325640461,0.00775931103270182
"AFUB_022420-T",8835.33329896103,0.554095304654755,0.188138286309133,0.00117983085899718,0.00783814417225239
"AFUB_101310-T",743.376393242901,-1.15040395440016,0.470897684439961,0.00118038322390122,0.00783814417225239
"AFUB_075870-T",485.993472575732,1.10080520002001,0.442798951316295,0.00119432722648891,0.00792514810755434
"AFUB_051740-T",5623.68390675661,-0.644589953479037,0.226687786754847,0.00119874762070213,0.00794887858910653
"AFUB_031590-T",3395.05270505126,0.67445814191072,0.239239117770544,0.00120988594074977,0.00801709079387744
"AFUB_058740-T",3821.71224402107,-0.747579736593454,0.272583512469654,0.0012168639507173,0.00805765890292134
"AFUB_021310-T",422.033477233401,1.6856096733139,0.762915636619306,0.00122096652924687,0.00807914324623228
"AFUB_018980-T",922.760140755174,-1.07903035652967,0.43576242344125,0.00122402306700889,0.0080936806172442
"AFUB_020110-T",1009.99940814372,-0.926057348672324,0.357476008948855,0.00122779035478616,0.00811289402152035
"AFUB_004920-T",20598.8374374794,-0.518755559729751,0.175549223042499,0.00123029377297854,0.00812373503952732
"AFUB_058890-T",19166.8252001075,0.530066815155972,0.179590621247761,0.00123193633529319,0.00812888054178046
"AFUB_023230-T",44934.7592278071,-0.336376316044023,0.108155805945054,0.00123475008510968,0.00814174145755796
"AFUB_057140-T",4581.26595347781,-0.861026118224396,0.326388387979701,0.00123825352914328,0.00815912892261241
"AFUB_004890-T",20210.9145106567,-0.710752921503159,0.256419708469707,0.00124026129220442,0.00816216568165965
"AFUB_092370-T",31.2150769505685,0.183160039147122,0.483229238982632,0.00124044807672631,0.00816216568165965
"AFUB_035260-T",1556.67606743841,1.07328715457543,0.431475269309274,0.00127102864845355,0.00835381301042287
"AFUB_015820-T",3686.49267538722,0.893195282800872,0.339992785119793,0.00127134813550722,0.00835381301042287
"AFUB_034110-T",646.786655301418,0.981293448366889,0.387283283505384,0.00127706568142652,0.00838553030426227
"AFUB_000820-T",8687.62783845962,0.725669470790068,0.262894694838267,0.00128189408048155,0.00841136910230961
"AFUB_033680-T",2783.61977808233,0.592961267468453,0.206276180869987,0.00129221578021456,0.00847319205188043
"AFUB_036740-T",20180.0704756931,0.424891902593147,0.140264212276068,0.00130486404874259,0.00854431409151321
"AFUB_001400-T",5566.47659883496,0.54701543019512,0.187765255889441,0.00130487719451954,0.00854431409151321
"AFUB_014710-T",6117.16522664332,-0.560922652593,0.193977994549288,0.00132118149542218,0.00864506251625798
"AFUB_101210-T",753.213063071686,0.929378754176582,0.361728759295739,0.00132428324502862,0.00865934099665934
"AFUB_051500-T",5111.83717965906,-0.500312107375648,0.169709792837124,0.00133037768259827,0.00869315493361925
"AFUB_093200-T",3192.36137739138,0.564181138795096,0.195196130925132,0.00134185216531053,0.00876205269664627
"AFUB_027740-T",3558.8085165176,-0.682909821033811,0.246776374878119,0.00134502967645264,0.00877671478411506
"AFUB_093900-T",11153.3429643013,-0.576471944505024,0.200811638156568,0.00134731268949636,0.00878552374258845
"AFUB_009650-T",339.786181066401,-1.19562846255184,0.503974048478045,0.0013488810617426,0.00878966372136218
"AFUB_078820-T",4734.8324200976,-0.685371911874393,0.247899458681113,0.00135190103256835,0.00880325043061108
"AFUB_010050-T",45772.811123582,0.634944578238811,0.220490902115858,0.00135640466249944,0.00882647291091552
"AFUB_056100-T",4511.8053391602,0.618632750350123,0.21842859369525,0.00136732201667699,0.00889137024104319
"AFUB_096730-T",265.704023229123,1.98653157566191,0.967185304140668,0.0013781426166203,0.0089542392779917
"AFUB_055790-T",1861.6676964525,-0.82668419529056,0.314806162071494,0.00137889198737128,0.0089542392779917
"AFUB_087980-T",6164.83302778256,0.494352742805586,0.167624456365931,0.00138004117218355,0.00895552562183343
"AFUB_053390-T",3430.54871977465,0.603725451416626,0.212402299529423,0.00138413797475797,0.00897592504843046
"AFUB_094550-T",10364.1607530744,0.443116616315768,0.148080051037515,0.00139288646206014,0.00902644110582124
"AFUB_090300-T",8823.79229543274,-0.53034314850858,0.182688940281857,0.00139963174900552,0.00906391509534799
"AFUB_029290-T",3025.11995522223,-0.633610994322982,0.226215245380926,0.001407599982593,0.00910176811130442
"AFUB_025340-T",5551.45409783881,-0.446528066036422,0.151510298365705,0.00140801364008344,0.00910176811130442
"AFUB_032870-T",18380.2455427802,-0.369900570735731,0.121115012923503,0.00140837682011157,0.00910176811130442
"AFUB_055420-T",1030.93150575764,1.05050605791685,0.42645627417908,0.00141612545442317,0.00914556740661764
"AFUB_041880-T",2451.27827111567,0.703296290818742,0.25689468777954,0.00142603304328913,0.0092032399832834
"AFUB_013690-T",3694.06610398179,-0.519799426228333,0.178771031663174,0.00142780275198871,0.00920834980323676
"AFUB_028350-T",25.5832632139714,0.10541585706119,0.441594224418632,0.00143632730858966,0.0092569869525532
"AFUB_013060-T",1958.48378103767,0.783122005293344,0.294416698665266,0.00144247836343804,0.0092902710466023
"AFUB_077590-T",1326.74739322859,0.75858366607839,0.282980284254055,0.00144600757746454,0.00930663523541086
"AFUB_051900-T",2672.46774312342,-0.868738405644956,0.337646079274977,0.00145249565444633,0.00934200756985427
"AFUB_095620-T",1261.76302603615,-1.0799904032887,0.449068440679281,0.00145661716542084,0.00936212097583795
"AFUB_065100-T",419.147321088737,2.01150265455844,0.993189932413586,0.00146096992430193,0.00938369222866777
"AFUB_016780-T",1192.12583457404,1.51728956541039,0.684598892913018,0.00146719429484666,0.00941724708948616
"AFUB_002850-T",9198.53359475225,-0.476791026240863,0.162285261540881,0.00147574401595113,0.00946567142656391
"AFUB_098240-T",12090.8737960984,0.408781835403747,0.136099005315614,0.00148018902054408,0.00948771941282715
"AFUB_015200-T",3473.77162748231,-0.50766320403632,0.174776451025028,0.00148501729297826,0.00951219240182535
"AFUB_076380-T",14864.5699870775,-0.508148927226485,0.174941751300097,0.00148856582316587,0.00952844037452744
"AFUB_078680-T",1459.52507926662,0.756005239537812,0.283038952057303,0.00149691103331615,0.00957361254232284
"AFUB_038200-T",5581.47539109262,0.434300823534703,0.14553381773896,0.00149765625263823,0.00957361254232284
"AFUB_003530-T",5453.5378250638,-0.519479744377973,0.180109966422684,0.00151106637713029,0.00965278223002635
"AFUB_055360-T",7223.12407039885,-0.482618716023794,0.165938270853964,0.00151283728282026,0.00965754295256646
"AFUB_006140-T",3931.3662069096,-0.580552669369808,0.205555352088983,0.00151633112275752,0.00966891384988562
"AFUB_077320-T",4590.3754092175,-0.460435971607887,0.15634994621782,0.00151667223409952,0.00966891384988562
"AFUB_009350-T",2095.54530760227,-0.740259777510337,0.277208216668598,0.001529313595327,0.00974290718105482
"AFUB_020760-T",1669.87556659643,-0.756942945378121,0.285297772919347,0.00153223443441389,0.00975491510104208
"AFUB_036280-T",1115.02702636309,0.744505057333769,0.278574557404789,0.0015337277404747,0.00975782459750661
"AFUB_085960-T",1027.38684872851,-0.968530224506051,0.391854647245743,0.00154197010855281,0.00980363979887461
"AFUB_020290-T",14835.1087684318,0.351891172219058,0.115864697364281,0.00154906780286177,0.00984212039928906
"AFUB_071560-T",9040.52413911285,4.06868382506306,3.3565156922533,0.00155409677798386,0.00986741420195279
"AFUB_017860-T",2189.05910572874,0.709312746557767,0.262345207227171,0.00155613974291137,0.00987372764100637
"AFUB_051910-T",9274.60589870915,-0.529184672937903,0.184587565980442,0.00155931403333757,0.00988720601879231
"AFUB_074130-T",8134.43050643619,-0.660097456046993,0.240968178142892,0.00156164620275111,0.00989533017840136
"AFUB_052500-T",1269.03301152926,-0.85364374193794,0.333814917126853,0.00157331437513441,0.0099625609658814
"AFUB_025290-T",671.355983249877,-1.34978817697898,0.610327963677658,0.00159059851300435,0.0100652389774522
"AFUB_077360-T",6977.94924422781,-0.50166125037727,0.174424561720483,0.00160439394625363,0.0101457175271485
"AFUB_064860-T",11089.9966950411,-0.46243716230881,0.158276627452072,0.00161523484472854,0.0102074169784993
"AFUB_058530-T",35358.6053021631,-0.468017245452021,0.160742125733581,0.00162066733272627,0.0102348783400071
"AFUB_006540-T",2718.59361668725,-0.59122470096817,0.211496164700328,0.00162217147980649,0.0102375111621031
"AFUB_006800-T",4954.74863759698,0.48364691099975,0.166430319939251,0.00162850913615845,0.0102706242639437
"AFUB_022340-T",2116.62888121922,1.09045355245541,0.456504926839594,0.00162995622547243,0.0102728700261368
"AFUB_023330-T",9488.12502774202,-0.711114914145883,0.264235241273678,0.00163619766298926,0.010305309160339
"AFUB_094180-T",1677.09959138789,-0.839440576016672,0.328827572751875,0.00164363118681762,0.010345208058205
"AFUB_050430-T",6323.91322023821,-0.489575760186081,0.169506207657528,0.00164929295356223,0.0103739094527335
"AFUB_044680-T",264.304659911299,-1.39459355755432,0.642266843080381,0.00165979335420901,0.0104329867978852
"AFUB_054965-T",603.687079226075,-0.948419256916087,0.386165074407798,0.00166561758185911,0.0104626118417514
"AFUB_046200-T",10252.6372734435,-0.652505179276617,0.239809759519606,0.00167725036388808,0.0105286596175801
"AFUB_020720-T",14111.9808190981,-0.393040381157743,0.132106231647983,0.00168666075221764,0.0105806779766031
"AFUB_040140-T",11901.8408684097,-0.466389110021912,0.160651648814312,0.00170007570899095,0.0106577316084279
"AFUB_006990-T",4240.80136339459,0.955759733083589,0.388228832699121,0.00171259000259513,0.0107277261265032
"AFUB_034340-T",22481.2969538837,-0.589217972406809,0.211552414181892,0.00171351955121716,0.0107277261265032
"AFUB_058180-T",6849.57185313526,0.652779842447925,0.239883743218554,0.00172935843699564,0.0108196937161136
"AFUB_006770-T",930138.88903766,0.325661689960402,0.107747581621807,0.00173162985753547,0.0108267109817756
"AFUB_022010-T",2214.33654306508,-0.621372239522024,0.226564478072115,0.00173560447676874,0.0108443608183506
"AFUB_036490-T",1343.18749527682,-0.842069343978049,0.333052060180808,0.00174375643507207,0.0108839393530339
"AFUB_089240-T",7305.35541524013,-0.480832799285756,0.167046441268757,0.00174425068858626,0.0108839393530339
"AFUB_061490-T",1482.48622381509,0.993268236059649,0.411543798361571,0.0017486139936983,0.0109039399765981
"AFUB_015530-T",23768.2671071201,-0.493001051054079,0.172369186456586,0.00175947218409095,0.0109643878791532
"AFUB_060060-T",10468.3350651141,-0.426696534346868,0.145052615319934,0.0017653039694886,0.0109934538205719
"AFUB_029810-T",2626.72692307974,0.591942024651693,0.213743530101948,0.00178117972224574,0.0110849889389728
"AFUB_088970-T",2567.97827905799,0.599462929471067,0.217276026217258,0.00179131575228831,0.0111407061582211
"AFUB_001950-T",1923.53057848756,-0.74427641152337,0.285633239750715,0.00180665749137097,0.0112287042499994
"AFUB_031090-T",1455.54008292423,1.01261129327105,0.423923925366589,0.00181083099244404,0.0112472194095337
"AFUB_058940-T",2794.93920625827,0.626661961067716,0.230200058109444,0.00181384838099896,0.0112585341829178
"AFUB_077400-T",97796.6535873306,-0.443982065023775,0.155151116474683,0.00182407739973839,0.0113145670592468
"AFUB_007860-T",10206.3759942489,-0.51267771302732,0.181198779860931,0.00184342975296701,0.0114270800223419
"AFUB_054530-T",9745.98611871653,-0.394682300253074,0.13417395131922,0.00184752343149434,0.0114449214677307
"AFUB_019100-T",11749.6815140145,0.488493109341577,0.170774027195677,0.0018502986119909,0.0114545770746261
"AFUB_028670-T",2832.29526781037,0.663831723500474,0.247545116616462,0.00186631180040907,0.0115390070897691
"AFUB_018260-T",633.427879980258,-1.1074141012949,0.483622988597093,0.00186638782898453,0.0115390070897691
"AFUB_016850-T",634.57904345438,1.0762350823196,0.462613675174253,0.00187503486692601,0.0115848610938158
"AFUB_067930-T",2076.29915019259,-0.809382172909005,0.320178450230813,0.00188300034390185,0.0116184224294697
"AFUB_049980-T",3963.81857513119,0.487045328909024,0.170579451078898,0.00188401832309081,0.0116184224294697
"AFUB_030140-T",9429.23656059964,0.531853545127121,0.188245030251287,0.00188416854819459,0.0116184224294697
"AFUB_040620-T",39829.7778312427,-0.475430643688039,0.166531516778246,0.00189436619075894,0.0116736597200171
"AFUB_001570-T",10556.2344733263,-0.626981487355177,0.232085037364832,0.00192018993541701,0.011825054566309
"AFUB_055280-T",2283.83658280969,0.609878474730171,0.223931951404433,0.00192216811373116,0.0118294999731324
"AFUB_030220-T",11693.7016137194,0.633484506281281,0.232401679604684,0.00193152542947015,0.0118793229548602
"AFUB_008570-T",7304.11489039057,0.433079381905093,0.149147391326992,0.00195025913192663,0.0119867101737736
"AFUB_078260-T",7773.86872192576,0.433088805100794,0.149676167272318,0.00196778719737677,0.0120865520225047
"AFUB_069880-T",8400.04351026383,-0.544749229296368,0.196330440389103,0.00197037865381671,0.012094579794223
"AFUB_008320-T",15027.4171657866,-0.684677081008762,0.259445282577656,0.00197373740700494,0.0121073038595169
"AFUB_068250-T",10457.5222126164,-0.35636256902877,0.120176984010242,0.00197645154438603,0.0121160597278247
"AFUB_040330-T",1307.87574203544,0.867301774849184,0.352991637611577,0.00198714391370314,0.0121736806060044
"AFUB_005130-T",11142.3213997069,-0.423939937213704,0.146447076314046,0.00199260319549083,0.0121983260560156
"AFUB_093270-T",4878.51795581665,-0.437409389776752,0.152005607157061,0.00199375783774511,0.0121983260560156
"AFUB_075020-T",3362.86391017423,0.84136431458727,0.337922402875808,0.0020019287364696,0.0122403642744141
"AFUB_092570-T",9133.028559845,-0.531745895698767,0.192128461305188,0.00200384837481607,0.0122441507444959
"AFUB_098450-T",2897.21928576913,-0.698566959531016,0.267378151803292,0.00200912017354126,0.012268401786034
"AFUB_046420-T",1445.01734585939,0.871479813967441,0.356557186262934,0.00201107899409564,0.0122724042828286
"AFUB_031950-T",1562.07793923144,-0.765266826939887,0.30065279749247,0.00201351430953729,0.0122793074731886
"AFUB_078740-T",27209.622182979,0.487274266451061,0.171993394756392,0.00202465658311827,0.0123369667248273
"AFUB_058580-T",8623.09120493156,-0.393534802471598,0.135249497162484,0.00202558948137032,0.0123369667248273
"AFUB_084710-T",412.367948639989,-1.31942962490904,0.627048303145972,0.00205779587754631,0.0125250200277803
"AFUB_084480-T",2701.49267312823,-0.77905955172856,0.308715031238987,0.00206034432945456,0.0125324303657262
"AFUB_037420-T",2582.9759540308,-0.657087049761267,0.248666584485436,0.00206874915042723,0.0125754306006603
"AFUB_004510-T",815.412942433774,1.28519234052676,0.594241321364249,0.00208102214644868,0.0126418738909424
"AFUB_098790-T",10668.2836437219,-0.527759860206254,0.19026052218124,0.00208315071178712,0.0126466454559559
"AFUB_015390-T",14089.8341938091,-0.470584142776329,0.166233557697122,0.00209708199568959,0.0127230180872507
"AFUB_030270-T",346.947508744582,-1.42666500895144,0.700369152183351,0.00210008221578316,0.0127330161904792
"AFUB_058590-T",1248.22776258542,-1.14745032621218,0.520614994759396,0.00211861737611758,0.0128363732236126
"AFUB_095990-T",2071.20692408002,-0.841086959280985,0.342795279048019,0.00211985560351717,0.0128363732236126
"AFUB_006910-T",1168.75831007611,0.999824186954042,0.427227701861149,0.00212605873589465,0.0128656613478047
"AFUB_015650-T",1045.5557631481,0.865647575124253,0.354459522554193,0.00213069189759183,0.0128854174102278
"AFUB_003350-T",575.044389240483,0.920401350794689,0.385485901494107,0.00214857714899937,0.0129852390468408
"AFUB_069740-T",5586.98226120692,-0.548681013227423,0.200218874086041,0.00216247966752301,0.0130563911325154
"AFUB_042030-T",4713.56120367789,-0.542210807327381,0.197997228849737,0.00216312342467333,0.0130563911325154
"AFUB_064240-T",714.889747439807,1.01826860765263,0.441695183974224,0.00216607490311733,0.0130658304213663
"AFUB_070670-T",172.402104304975,1.87814490913236,1.02381775245541,0.00217204062911994,0.0130934280177934
"AFUB_080220-T",287.463345610525,2.15500028226686,1.25018632664008,0.00218585569873248,0.0131629808137569
"AFUB_048120-T",1138.7757198652,-0.786988728327355,0.315637140475196,0.00218789459698133,0.0131629808137569
"AFUB_044160-T",986.733009235383,-0.831999914624483,0.339579268924342,0.0021889991858003,0.0131629808137569
"AFUB_022580-T",145.842870791528,2.66076956243349,1.7579857629626,0.00218917034349441,0.0131629808137569
"AFUB_062050-T",3781.45253752403,0.597427737890358,0.221830800691452,0.00219158904579589,0.0131691145215151
"AFUB_022770-T",29867.1330458547,-0.398041738176272,0.138064023949833,0.0022074267498954,0.0132558228807494
"AFUB_006160-T",9276.07713821989,0.460981568958827,0.162924632639747,0.00221214937489087,0.0132757160700908
"AFUB_040000-T",2569.82324838614,-0.601011813616713,0.224401480556035,0.00221449592532337,0.0132774012096208
"AFUB_021920-T",466.087704220365,-1.03077056004167,0.453491735141942,0.00221525035050066,0.0132774012096208
"AFUB_007100-T",6355.80036348327,0.560337955806952,0.20576977434025,0.00222351100019783,0.0133184348459687
"AFUB_028270-T",1837.79118103136,0.713554360855472,0.27791105055189,0.00223016514382367,0.0133317246096062
"AFUB_034920-T",5230.01995085182,-0.673505530105146,0.259076749683741,0.00223056594114432,0.0133317246096062
"AFUB_073050-T",11669.1413310476,0.461895422642273,0.163696565317772,0.00223126912556575,0.0133317246096062
"AFUB_022390-T",3788.24007581035,0.524875538258149,0.190068659169999,0.00223139315895703,0.0133317246096062
"AFUB_008880-T",372.558105421298,-1.26001383917125,0.599302089957636,0.00224387968633463,0.0133978256984951
"AFUB_023280-T",5057.98836640161,-0.58764532139176,0.218499026445497,0.00225716887088109,0.013464741606661
"AFUB_038680-T",4834.60982258605,0.451778311726193,0.159409141911267,0.00225794679236594,0.013464741606661
"AFUB_059660-T",4374.37410576401,-0.697069878918365,0.268733759023141,0.00227713176677913,0.0135705523518939
"AFUB_085750-T",552.635584522183,1.24284115809596,0.586894967303783,0.00230024575179795,0.0136996293478365
"AFUB_047360-T",801.081233222754,-0.952748891291032,0.410702354930172,0.00230492754179093,0.0137188354826191
"AFUB_052040-T",1223.27301963857,0.963179388435395,0.412907239073093,0.00231197885308451,0.0137521117376145
"AFUB_091680-T",2726.97837156317,0.927242823434894,0.392164722536291,0.00231644401394015,0.0137699727495331
"AFUB_012270-T",29253.2484552449,0.486196451892208,0.17422666959447,0.00231909797208213,0.013777051422792
"AFUB_068270-T",36556.9238839211,0.367502807522131,0.126730345171242,0.00233232391503593,0.0138468864968338
"AFUB_031350-T",11098.423304154,-0.457468120977398,0.163158409204261,0.00233945703739422,0.0138804835942684
"AFUB_068420-T",2410.40828841766,0.513323571056765,0.18630921677339,0.0023472862074415,0.0139181655725876
"AFUB_065750-T",2928.52306791612,-0.556497175338829,0.205712475848402,0.00235027828217191,0.0139271367557776
"AFUB_072540-T",2560.71492703999,0.65144163915601,0.24929039277672,0.00235315059095714,0.0139331622921863
"AFUB_037400-T",2723.41885286681,-0.545646773882974,0.201324933825183,0.0023545082780638,0.0139331622921863
"AFUB_013430-T",3504.97265512742,0.847645900096146,0.353382717078181,0.00235573432127873,0.0139331622921863
"AFUB_074880-T",23692.6439822976,0.49558896374593,0.178780728420072,0.00235989681494569,0.0139490197172182
"AFUB_088420-T",993.399673125167,0.81089231924828,0.330835331322186,0.00236296638078128,0.01395840115523
"AFUB_100170-T",167.741528544425,2.14643748668848,1.29349761375364,0.00236804788803823,0.0139758408862694
"AFUB_071195-T",2803.98003516595,-0.643447751754408,0.246578211203153,0.00236888721904056,0.0139758408862694
"AFUB_086050-T",4900.25598074868,0.60458714376532,0.227531913320198,0.00237230208978389,0.013987223843084
"AFUB_066850-T",11494.032688979,0.486156993917192,0.17485932909908,0.00237394557673132,0.0139881549127047
"AFUB_012130-T",6514.54285150883,-0.596636223275162,0.224700092494898,0.00239823644728966,0.0141224480223136
"AFUB_061300-T",6369.70300863185,-0.473097631902056,0.170864026083705,0.00240036022041996,0.0141261198971715
"AFUB_078510-T",2238.30765447,0.776404351097038,0.313588715328655,0.00240856244793379,0.0141655365457492
"AFUB_081400-T",612.844306367235,1.07195092701776,0.48478164581836,0.00243704402684792,0.0143240989742821
"AFUB_003010-T",1554.4337848033,0.670586652643976,0.260342199755901,0.00245676980930442,0.0144310321424893
"AFUB_069370-T",517.451326354707,-0.934727522932542,0.406049392307132,0.00248850775584924,0.0146083472749853
"AFUB_099880-T",20583.3871701058,0.607306208775045,0.232512391505695,0.00249322714284004,0.0146269325713282
"AFUB_016820-T",2668.73682896525,-0.702300681876316,0.278464710730446,0.00251657124445138,0.0147546916797971
"AFUB_096040-T",559.858710186751,1.20324626509062,0.572644376089748,0.00251933603698984,0.0147617100960151
"AFUB_076020-T",2543.74748915457,-0.692284889826757,0.273217495661543,0.00253298937758253,0.01483248008664
"AFUB_068090-T",23177.762434905,0.381129632939737,0.133175388266693,0.00254238117796186,0.0148782232266556
"AFUB_026520-T",3334.97285204224,-0.643686062601484,0.249403398685025,0.0025663588860756,0.0150092144542161
"AFUB_000670-T",331.503656157011,-1.28495722041654,0.636437426044146,0.00256843232671495,0.0150120166283973
"AFUB_003120-T",1329.20132272014,1.03635745106834,0.467986009907792,0.00259511605690277,0.0151585687294023
"AFUB_012680-T",682.331341351144,1.0590609475979,0.481642791816878,0.00260227537480275,0.0151901787410845
"AFUB_052780-T",6290.44596969566,0.579103990051074,0.218355964577349,0.00260375408752235,0.0151901787410845
"AFUB_026260-T",16075.6931787374,-0.411419360924488,0.148224042747879,0.00260593628683111,0.0151934960227874
"AFUB_079230-T",6732.30147541466,-0.496655535598574,0.181835270331903,0.00260980748358869,0.0152066505355638
"AFUB_022230-T",10100.0142391481,-0.39376282835531,0.138478394241343,0.00262572060183889,0.0152899104433612
"AFUB_061010-T",954.534635849356,0.929561803059231,0.40447193594848,0.00263015897220363,0.0153062897912666
"AFUB_067670-T",1128.86821557493,-0.702295541890527,0.283675381244129,0.00264646473265277,0.015391668883668
"AFUB_027300-T",532.166902001844,1.48534431412001,0.781838672268423,0.00265367966012601,0.0154241035060164
"AFUB_029640-T",12206.9540465193,-0.461749457629422,0.167426546147118,0.0026605609802629,0.0154545602653642
"AFUB_051450-T",2752.10124377519,0.717326478058952,0.287165644873026,0.00266465127299065,0.015468777057016
"AFUB_020520-T",10644.2825679759,-0.643322665296915,0.250459364779831,0.00267082810396726,0.0154950815939345
"AFUB_051090-T",21411.7878869461,-0.342981060197958,0.119582533103165,0.00268580256327876,0.0155723626452173
"AFUB_016080-T",5962.87144070014,-0.5337320057743,0.199239663988459,0.00269739615781376,0.0156259974252324
"AFUB_004540-T",6008.61572122134,-0.514297458507152,0.190382339894739,0.00269837211272599,0.0156259974252324
"AFUB_009540-T",103507.348090267,0.365434590946006,0.130095188291241,0.00270163146796087,0.0156352562399014
"AFUB_085970-T",110.107346370457,2.35450791322576,1.62334664509155,0.0027164259086948,0.0157112201205591
"AFUB_090700-T",2082.49666515608,0.92563316767012,0.404182896630183,0.00272395259079427,0.0157450813965125
"AFUB_078860-T",1450.53959895233,0.762943593692353,0.312535366079446,0.00273590633810014,0.01580447489543
"AFUB_009840-T",1267.18267964908,-0.908414665073489,0.397588389530435,0.00274858980824925,0.01586800835958
"AFUB_005090-T",6401.17631770131,-0.420207037414832,0.150540594021551,0.00275084539708163,0.0158712991782602
"AFUB_007440-T",1732.79546443027,0.624308300676618,0.241477374017692,0.00275311551558716,0.0158746697457249
"AFUB_079300-T",5066.79726971648,0.789672866753337,0.328129608333035,0.00277323314061743,0.0159808832631908
"AFUB_000710-T",634.968908075284,0.848771476568705,0.361488908461004,0.00277629907122196,0.0159887657826459
"AFUB_062330-T",7245.58812422741,0.669711360843824,0.264216894118826,0.0027846515760941,0.0160270655504291
"AFUB_010540-T",16536.8463799022,-0.385497727057733,0.136700484171641,0.0028038668198412,0.0161278008403327
"AFUB_099590-T",5240.5145740274,-0.485344402215598,0.17856941122598,0.00281505782759906,0.0161822860223887
"AFUB_089690-T",771.367533146546,1.06517816413185,0.49059054690975,0.00281691739012131,0.0161830958788177
"AFUB_029840-T",2358.19860735068,0.575803459169346,0.219408181900776,0.00283667566073658,0.0162866695253022
"AFUB_094710-T",5863.20600332042,0.86973777360186,0.372519916364013,0.00284172531439458,0.0163057194151977
"AFUB_046170-T",1375.98631527299,-0.890233891351578,0.3891989193408,0.00284604653187786,0.0163205689063106
"AFUB_056860-T",8016.2532863291,-0.421031824653305,0.151600305852937,0.00285409654707515,0.0163567699861592
"AFUB_083450-T",15868.070366106,-0.464379154355822,0.16980543064584,0.00285687106896359,0.0163627116699277
"AFUB_016160-T",1562.38956105709,-0.944033626559032,0.419016954901469,0.00286141282081974,0.0163787617755858
"AFUB_029480-T",11467.890038298,-0.509342305524131,0.189856367691082,0.00287314839408201,0.0164359448837644
"AFUB_031240-T",33358.4396926828,0.43123453021841,0.155788728040283,0.00291235105503485,0.0166500895775398
"AFUB_004730-T",8092.81253984871,-0.515571112705918,0.193318473690892,0.00294574667832719,0.0168307953417044
"AFUB_060470-T",1767.11474508356,0.605275568942596,0.23488659805992,0.00295733610782771,0.0168867657921806
"AFUB_007380-T",5328.23826199033,-0.470997733756325,0.173434699635991,0.00296144773336541,0.0168999950650719
"AFUB_071400-T",9344.70329570201,-0.679134002257541,0.272788714309138,0.00296722111596015,0.0169226856619508
"AFUB_002390-T",6109.81799357003,0.494068651719688,0.183384786191576,0.00298942483648258,0.0170389977362712
"AFUB_054050-T",4262.61030821852,0.699676539629741,0.283096310980026,0.00300469856011403,0.0171156936733416
"AFUB_081260-T",2514.03252409589,0.721482441003892,0.295052650858999,0.0030156405826788,0.0171676370776926
"AFUB_074330-T",1066.70042882581,1.00982777810417,0.466282795574832,0.0030178640635388,0.0171699142128588
"AFUB_091050-T",5156.63325824149,0.434995555577849,0.158287185367863,0.00304185258344312,0.0172959443995776
"AFUB_070610-T",22034.6109498624,-0.428154303863017,0.155696682214644,0.00304395176177037,0.0172974349962763
"AFUB_091980-T",1228.1216126051,0.7984751342879,0.33899994861209,0.00304699172547602,0.0173042666387709
"AFUB_042560-T",3691.13575942749,-0.556894622752989,0.213143669772769,0.00305070565620401,0.0173079447284205
"AFUB_010040-T",1453.1786120345,0.801723963803116,0.340322898557178,0.00305131565942842,0.0173079447284205
"AFUB_063840-T",7425.68066621757,0.370749629762636,0.132101392137325,0.00305455515568269,0.0173151149326261
"AFUB_096080-T",2360.74455093367,-0.737772801411499,0.305700866684664,0.00305625754227109,0.0173151149326261
"AFUB_101510-T",1566.38248668708,-0.614731583860213,0.241438677597728,0.00306719110670685,0.0173666094171688
"AFUB_042530-T",1008.55844039859,0.92145227679353,0.410743091965767,0.00307904337339792,0.0174232406273527
"AFUB_084640-T",412.867806599715,-1.08788978589431,0.5244606278397,0.00308311402519782,0.0174357967935512
"AFUB_035190-T",4627.44376065386,-0.475737695562248,0.176398986544257,0.00308685209158385,0.017446458159876
"AFUB_066440-T",1974.81588466141,1.03923188448759,0.488587225052128,0.00310799423045042,0.0175554131217284
"AFUB_053490-T",3671.04785883973,-0.490701083823685,0.183370705774247,0.00312624275988262,0.0176479027740136
"AFUB_027670-T",13888.6796890767,0.343639646670197,0.121800813150957,0.00313565555636017,0.0176850065932167
"AFUB_043700-T",10728.0805587313,-0.470759393291029,0.174622263663956,0.00313657190002888,0.0176850065932167
"AFUB_034020-T",4853.63763824783,-0.516029657535589,0.195213174631638,0.00314011307031826,0.017694377420776
"AFUB_027310-T",3844.79043356412,0.53121025004091,0.201740883350238,0.00314867429647954,0.0177320078801742
"AFUB_064060-T",5954.8793019002,-0.442177998890258,0.1624515135182,0.0031696547036586,0.0178394911474294
"AFUB_038510-T",12989.7814410624,-0.472498342544798,0.176101468222823,0.00318959036542799,0.0179409694628853
"AFUB_009100-T",924.999082721378,0.823689639585326,0.356329186655793,0.00322215560029433,0.0181104815191817
"AFUB_000930-T",967.292901716459,-0.757529300068496,0.3194864311202,0.00322493495685531,0.0181104815191817
"AFUB_076180-T",1454.55955823276,1.05084019503478,0.497742887431665,0.00322549676164695,0.0181104815191817
"AFUB_039000-T",2654.35374236069,0.901676707717814,0.404281401282433,0.00326276270705094,0.0183088043203764
"AFUB_040640-T",8284.95759686764,-0.395023004017362,0.143238810120275,0.00326798601079246,0.0183247789140935
"AFUB_087580-T",48932.8015996095,0.503866151405357,0.189481354992821,0.00327029052556202,0.0183247789140935
"AFUB_040840-T",674.172062808589,0.888154960820979,0.395648306717254,0.00327144789237374,0.0183247789140935
"AFUB_002140-T",7849.19750077418,0.536186650399955,0.204921919503119,0.00328084055602456,0.0183664653243325
"AFUB_059350-T",1249.09778754242,-0.891774330895592,0.401106450551221,0.00328453613187158,0.0183762282933469
"AFUB_042330-T",2410.71053485766,-0.768029524896501,0.32719698197637,0.00331469712604667,0.0185339597024082
"AFUB_030460-T",1697.44264503189,-0.739149191860362,0.310696132088153,0.00332094827534762,0.018557892558263
"AFUB_067780-T",2010.51503909979,0.728570661124539,0.303595422085935,0.00332880692413878,0.0185907746131025
"AFUB_012920-T",3677.62139478478,0.574450530419818,0.223730533419291,0.00334503519012181,0.0186613332838709
"AFUB_071790-T",78.4159501583217,2.39819616795295,2.07835181830014,0.00334540469235069,0.0186613332838709
"AFUB_001130-T",247.218114409484,-1.50981267181609,0.883365684481553,0.00334914722853242,0.0186711487885502
"AFUB_078350-T",6915.47386301888,0.443995202862554,0.164193313496039,0.00338110750117511,0.0188381705509259
"AFUB_032600-T",7804.69056843019,0.497583805678354,0.187806572669226,0.00341802821503753,0.0190326160099311
"AFUB_036290-T",2023.90231589251,0.714861857058418,0.297816192030693,0.00344337512408713,0.0191624232673785
"AFUB_082550-T",11195.7517011052,-0.45913974471239,0.171777006050598,0.00347648242165504,0.0193317954324626
"AFUB_050670-T",5601.04163164471,0.415662164425596,0.152678404853061,0.00347791646798976,0.0193317954324626
"AFUB_050460-T",37276.126742898,-0.314618021611466,0.110793430848106,0.00348961772875927,0.0193853926454261
"AFUB_003660-T",19.5417089183638,0.134459968062438,0.453956685404783,0.00349911571104752,0.0194266943014289
"AFUB_052820-T",8660.29244297048,-0.521329552241248,0.201364372788306,0.00350569205489169,0.0194517362338599
"AFUB_082270-T",1758.53999802713,0.736350649639539,0.310302936068175,0.00351788804983446,0.0194994281282522
"AFUB_054220-T",30162.0781801102,-0.436132012260261,0.163655581123173,0.00351842909833267,0.0194994281282522
"AFUB_084930-T",18137.1751229011,0.507706827783848,0.194624029163546,0.00352613815786539,0.0195306569967415
"AFUB_055435-T",1828.95754089903,0.706544442837522,0.294893898124886,0.00353888050329558,0.0195861338998884
"AFUB_040080-T",4520.37594360714,0.415002997756605,0.152719178823815,0.00354031434766462,0.0195861338998884
"AFUB_098610-T",8933.03125763735,0.456968899902224,0.171028030339826,0.00355265611481043,0.0196428713899325
"AFUB_089150-T",4962.10018910062,0.582264375057536,0.230417578624839,0.0035609561840198,0.0196772085849357
"AFUB_089970-T",3283.90618317996,0.744261769584766,0.316146801391495,0.00356933120923853,0.0197119194523108
"AFUB_007640-T",8128.29729441164,-0.696409378227081,0.291149010154137,0.00358415704540726,0.0197821938684377
"AFUB_005560-T",15743.5423861535,0.660509661381605,0.270149315801533,0.00360134911957308,0.0198654383772116
"AFUB_030650-T",2450.22470966086,-0.561258604479113,0.220311164709989,0.00361446766039784,0.0199195308655272
"AFUB_053990-T",5910.72218804215,-0.428789770487509,0.159461977653211,0.00361538639010046,0.0199195308655272
"AFUB_067830-T",8968.51470725981,-0.488021601363913,0.185702286194306,0.0036199043462866,0.0199327598389676
"AFUB_056730-T",14858.4033788087,0.323122508192287,0.116078709228455,0.00369975985496202,0.0203605720598027
"AFUB_051920-T",6834.96153599594,0.645183283159379,0.263207439963208,0.00370534142135821,0.0203793778174701
"AFUB_028930-T",6856.02674774726,0.576557569217417,0.227704282264029,0.00371398594065517,0.0204149980252242
"AFUB_069300-T",1169.622729336,0.796570885053933,0.349547173179857,0.00372801804354011,0.0204801738027851
"AFUB_102200-T",98.5966035197709,-1.7771957457321,1.23804139325572,0.00373752106125286,0.0205204071794501
"AFUB_031970-T",3084.69428891491,0.680992443427828,0.281746062044712,0.00375094014612639,0.0205820818274627
"AFUB_083130-T",3434.31634743982,-0.497893598772022,0.191197719456172,0.00375591430476266,0.0205973727976967
"AFUB_078770-T",13716.0428574459,-0.532376810323927,0.207479336763358,0.00375987912200054,0.0206071139771578
"AFUB_010760-T",55.2034588470271,0.200351301545835,0.494467664355547,0.0037714985709071,0.0206587728584417
"AFUB_070330-T",1125.29217251953,0.964655191451513,0.45914400728086,0.00378441177133622,0.0207174542086638
"AFUB_068470-T",19037.7573268119,-0.345043837229607,0.127119989992128,0.00380519436837377,0.0208191227034326
"AFUB_009510-T",277.699031640115,2.11577913677728,1.81934022162963,0.00380776493228415,0.0208210886192727
"AFUB_086100-T",4132.84061477349,-0.491358175401001,0.188619777550713,0.00382389599216242,0.0208971588289038
"AFUB_042860-T",4665.16131081818,-0.517821437845429,0.201160542790375,0.00383826235946335,0.0209601091324487
"AFUB_012670-T",7581.96628590204,-0.422714960854634,0.161723205157646,0.00383986706175382,0.0209601091324487
"AFUB_025070-T",10807.2621045311,-0.451157577453196,0.170698972378739,0.00385627643364833,0.0210374848778868
"AFUB_101000-T",439.198596750495,-1.20485514484655,0.653993505435404,0.00386972278807109,0.021086673693956
"AFUB_085540-T",3974.15487355878,-0.656486284717331,0.269382342158301,0.00387167961383291,0.021086673693956
"AFUB_098900-T",8945.61486485603,-0.499575020424045,0.193110549603805,0.00387264816962816,0.021086673693956
"AFUB_088710-T",517.7888469459,-1.0438694101115,0.522561007497493,0.00387510492871824,0.021086673693956
"AFUB_063980-T",53958.5239251951,0.418089128390909,0.15565968486036,0.00387689943139095,0.021086673693956
"AFUB_022840-T",2343.61857230275,0.633421038882542,0.258914389746036,0.00387872969816607,0.021086673693956
"AFUB_023390-T",9007.1470202141,-0.44110351512125,0.160316834845082,0.00389352718728239,0.0211549059408257
"AFUB_001990-T",2416.52606292186,0.574432326412876,0.229325469789186,0.00395823337743318,0.0214940746723822
"AFUB_052480-T",783.942538058149,0.779612956326307,0.343200131159824,0.00399505392282883,0.0216815145460267
"AFUB_002550-T",4421.59937216563,-0.661913954211629,0.276892458629155,0.00401426209145746,0.0217732095928361
"AFUB_027150-T",3659.52283319512,-0.591021436682189,0.239016333698342,0.00404048562725257,0.0219028282476742
"AFUB_071570-T",748.606622280685,1.07626394104935,0.548999323574632,0.00405707142986377,0.0219800831896417
"AFUB_064230-T",6320.2675364117,-0.426967416270179,0.161014028028351,0.00407642322322904,0.0220722260321591
"AFUB_093640-T",1123.45086446616,0.711689425711749,0.304961276232142,0.00409534570464546,0.0221526034273013
"AFUB_088290-T",1206.00142405085,0.777195621042098,0.343954962866493,0.0040959730848483,0.0221526034273013
"AFUB_058960-T",5003.05546195879,-0.496920023498569,0.193045544362598,0.00410087706838578,0.0221663940734331
"AFUB_001370-T",1137.44465165744,1.23454388813951,0.67613452044691,0.00411026241829621,0.0222043780439915
"AFUB_026690-T",6162.43778451763,-0.454711094443266,0.173814052890196,0.00411265412264386,0.0222045591851001
"AFUB_088210-T",3078.54351573759,-0.581583740127724,0.235109769651076,0.00413044684192819,0.0222878438186795
"AFUB_073040-T",1715.63173170611,0.763935979258681,0.33733959374535,0.00414038327672591,0.0223286649104531
"AFUB_012980-T",26851.1848236829,0.413472841877216,0.155031130647187,0.00416708957847191,0.0224598256845401
"AFUB_037200-T",731.233365045444,-0.785249111620899,0.351708608120658,0.00417598853054352,0.0224949130455365
"AFUB_025220-T",386.235871492171,0.95976075359202,0.467482026997294,0.00418169880217504,0.0225127935513323
"AFUB_051440-T",6799.35716547474,0.408089527269857,0.153163197588534,0.00420218377310388,0.0226101499471692
"AFUB_019410-T",7927.31859286483,0.516940731560345,0.209138689855524,0.00420790938658897,0.0226174924939651
"AFUB_036250-T",5612.04895621832,-0.485718174347092,0.18847040271384,0.00420835246914048,0.0226174924939651
"AFUB_036020-T",8918.57759371032,-0.382719339269526,0.142657267845351,0.00422392490275406,0.0226882355301382
"AFUB_061630-T",8962.9056807247,0.459276107841899,0.175925433721977,0.00422646450411722,0.0226889337347593
"AFUB_081650-T",381.754974183348,1.79088937839818,1.34773840789764,0.00424083929474135,0.0227431994180968
"AFUB_087140-T",1125.93414487434,-0.825032195669159,0.378423898352204,0.00424140379972154,0.0227431994180968
"AFUB_012440-T",15457.8687488136,-0.38005792765109,0.141684089085202,0.00425682782310674,0.0228127408437355
"AFUB_056890-T",1271.46987964589,0.658068922201224,0.276469974204976,0.00425921818216727,0.0228127408437355
"AFUB_100010-T",1567.44232719527,0.77479176593999,0.34671588522237,0.00428116503787315,0.0229172541197349
"AFUB_074310-T",733.176364311806,0.980735898715048,0.483938677261182,0.00429688399724251,0.0229883293852474
"AFUB_035930-T",2186.31140144944,0.660261148813055,0.27824426529512,0.00431580811101148,0.0230764617679069
"AFUB_101970-T",18.2041871064067,0.0924466968120845,0.436871884197403,0.00433908912987858,0.023187777098148
"AFUB_067280-T",3391.4588446721,-0.490653747465925,0.191634313181458,0.00435454537709155,0.0232468343848038
"AFUB_081480-T",588.333710493105,0.811546078929814,0.369781703113264,0.00435507814940463,0.0232468343848038
"AFUB_053740-T",31951.5778978578,-0.423871496745509,0.160799221170623,0.00435944202552109,0.0232569439729783
"AFUB_061090-T",2704.92770755827,-0.73872816164752,0.326022124613765,0.00436530218272603,0.0232750200184305
"AFUB_000260-T",573.475966627945,1.58593840322305,1.07089456549559,0.00437033102763153,0.0232886457024213
"AFUB_004390-T",10859.2199930306,-0.49365726035866,0.196138317387319,0.00439930601341474,0.0234260511456629
"AFUB_097170-T",234.863377099219,-1.33644075521762,0.806531525814426,0.00440109223414163,0.0234260511456629
"AFUB_091630-T",2798.22206817417,-0.548026939438725,0.220231556745542,0.00441580671372813,0.0234833394163199
"AFUB_023480-T",9409.147395391,-0.467581769062041,0.181830518241394,0.0044183802196332,0.0234833394163199
"AFUB_000310-T",1771.5829877129,0.875519663201024,0.410169069786441,0.0044193370269455,0.0234833394163199
"AFUB_055260-T",426.720007489486,-1.04302046639387,0.540530578175922,0.00442396663169701,0.0234946812205635
"AFUB_088840-T",2561.63221658057,-0.49377709734787,0.19400671415989,0.00443298759178143,0.0235293185818568
"AFUB_069990-T",359.567252162836,1.22436597800922,0.68982622882415,0.0044392784543576,0.0235494343246373
"AFUB_050830-T",1725.50681452995,0.700367523927945,0.302754357465165,0.00445047528448354,0.0235955378821492
"AFUB_013250-T",2644.07717288441,-0.56862652628757,0.231164117444888,0.00445618240737951,0.0235961311751714
"AFUB_034610-T",73.0638977382389,-0.499926785805112,1.03502420803489,0.00445863432507475,0.0235961311751714
"AFUB_057960-T",6107.14065147676,0.462506588390939,0.178719542168917,0.00445973088502466,0.0235961311751714
"AFUB_031260-T",10362.7425071073,-0.363925174039654,0.135709375114185,0.00446061103353919,0.0235961311751714
"AFUB_058210-T",3201.88927094539,-0.592395015942166,0.243990809415132,0.00447322170847644,0.0236495539623886
"AFUB_045650-T",4023.05700380128,-0.42388796182587,0.161619574193961,0.00448966356253162,0.0237231605526362
"AFUB_071550-T",1896.14697858474,0.157727968475938,0.466046698082184,0.00450077593696816,0.0237685396648862
"AFUB_037650-T",110.871586000166,-0.283127673500664,0.572628862256359,0.00450604423592238,0.0237830227160567
"AFUB_098850-T",3679.20285856324,0.54516351010925,0.219000883968959,0.00453035949800612,0.023897963604048
"AFUB_084820-T",2426.85125830411,0.620467742844997,0.258271418967816,0.00453829883588915,0.0239264399992901
"AFUB_058450-T",7280.3545362042,-0.428614147692151,0.163979819164013,0.00454485465820924,0.0239475945504747
"AFUB_038750-T",2709.70276195603,0.492039349577502,0.193117201321882,0.004550360323075,0.0239588677234659
"AFUB_013620-T",7804.67677948172,-0.489611252582664,0.192739558619582,0.00455350915834868,0.0239588677234659
"AFUB_044560-T",12651.2328240803,-0.468935827097736,0.183263020716293,0.00455462757274894,0.0239588677234659
"AFUB_017890-T",352.514300783639,1.91580573643154,1.81107975215765,0.00457195253491201,0.0240365745777395
"AFUB_014430-T",1302.42532375282,-0.687449163687873,0.297906062198289,0.00458334550269771,0.0240749341204579
"AFUB_023200-T",6530.55117182068,-0.379866247590944,0.141326010457964,0.00458436245518064,0.0240749341204579
"AFUB_052770-T",3916.17164547186,0.416661797145659,0.158564127783047,0.00459037942249163,0.0240930951182727
"AFUB_022480-T",4117.63873998469,0.462008411045058,0.179328774741766,0.00462137055080049,0.0242422423990738
"AFUB_088020-T",4995.92126729085,-0.571793379314552,0.234261093474929,0.00464209763280629,0.0243294945202914
"AFUB_067170-T",2405.86876194199,-0.687944199763375,0.29915904784867,0.00464559342959762,0.0243294945202914
"AFUB_071330-T",980.842737934519,-0.861496738375934,0.410664268689111,0.00464575521957136,0.0243294945202914
"AFUB_020150-T",35540.3790948072,0.375400804658061,0.139531835218111,0.00465995594452116,0.0243902974839418
"AFUB_016220-T",3733.00768257534,-0.5728580873432,0.235915360525327,0.00469005348315325,0.0245341908874283
"AFUB_069770-T",14317.9345755746,0.455819319668225,0.17691022759965,0.00470657222324849,0.0246064396025854
"AFUB_002870-T",4384.52410087269,-0.499446155554366,0.19809176942065,0.00471065920978566,0.0246064396025854
"AFUB_078990-T",7496.73219661664,-0.424583547085697,0.163069613058392,0.00471170460954348,0.0246064396025854
"AFUB_037820-T",1633.88805211954,-0.759359544565629,0.344121069228387,0.00474302972997585,0.0247563015174349
"AFUB_099070-T",1279.7878142169,0.776121660894039,0.354345133719745,0.00475619820468348,0.0248016182846876
"AFUB_098390-T",5179.95630418458,-0.506448168173444,0.202096795114773,0.00475697988765356,0.0248016182846876
"AFUB_013640-T",6957.97627154861,-0.436838159639995,0.168697660369475,0.00476362264879803,0.0248225073940687
"AFUB_076000-T",4495.63389376056,-0.601659585101303,0.25116748242867,0.00476723981690085,0.0248276162145677
"AFUB_088180-T",7231.63390893321,-0.437696610434908,0.169566215605913,0.00478548945055789,0.0249088826237994
"AFUB_002680-T",214749.644447346,-0.369422150341424,0.141150156570341,0.00479136676617615,0.0249212715781199
"AFUB_053750-T",4745.32120324382,0.510699214207025,0.203747723114664,0.00479555647507199,0.0249212715781199
"AFUB_059770-T",33263.294764856,-0.560222230174512,0.225779126260163,0.00479644753476439,0.0249212715781199
"AFUB_021280-T",525.165386598913,1.10581389455202,0.601563040115774,0.00479845639030708,0.0249212715781199
"AFUB_052240-T",4965.83461737067,-0.498609497143828,0.198390556256633,0.00480931602631659,0.0249639028135596
"AFUB_096050-T",73948.8951419804,0.320486913141483,0.119005132365603,0.00483793244459478,0.0250915816135056
"AFUB_051840-T",805.944462995241,0.948326610351359,0.474252887315072,0.00483924301297006,0.0250915816135056
"AFUB_008510-T",2095.98075519341,-0.768553575969816,0.351704821657144,0.00485319612926386,0.0251500796660146
"AFUB_078280-T",1725.47876819256,0.737713242810506,0.331027679123709,0.00493935785911219,0.0255825047312433
"AFUB_061150-T",23244.0676658475,1.0711682646745,0.556717869826671,0.004974526598845,0.0257504906293153
"AFUB_094750-T",8254.6799571775,0.461370214948054,0.18095620988693,0.00498538642939499,0.025792526713837
"AFUB_000870-T",17.5716496164839,0.0902542053120537,0.436143634101745,0.00499288945714536,0.0258171593237127
"AFUB_046740-T",390.896936860492,-0.984634693863966,0.512230281632963,0.00501992972670579,0.0259427323307693
"AFUB_041300-T",22420.2665013278,0.421336136443735,0.162513730658072,0.00502916562416971,0.0259762059885804
"AFUB_046770-T",320.022107216657,-1.3317275581052,0.856135419447015,0.00504054322514944,0.0260206990175478
"AFUB_062110-T",3143.61142530139,-0.51789602628129,0.20938042705076,0.00505875669937238,0.026077765380212
"AFUB_027830-T",8796.25955465838,-0.444782025472558,0.174749512799522,0.00505932778432548,0.026077765380212
"AFUB_060310-T",679.361864927968,-0.766718915631237,0.353328626972537,0.00505990626058276,0.026077765380212
"AFUB_077270-T",5936.02678816576,-0.498919988529914,0.200621380008682,0.00508332116179852,0.0261738937307001
"AFUB_052790-T",9975.10305825477,0.393720530418819,0.15062808577286,0.0050841176331192,0.0261738937307001
"AFUB_033630-T",122.521803809312,1.50629828956521,1.06690355614661,0.00508820532272167,0.0261806236714466
"AFUB_071930-T",3290.33536353108,0.655043555731426,0.283131751798064,0.00509243118490423,0.0261880568198024
"AFUB_030040-T",3312.06260512531,-0.909358677373273,0.450232531366095,0.00509539265559568,0.0261889832123848
"AFUB_055470-T",1117.85251029932,-0.953498207236011,0.492067116017,0.00511304003502949,0.0262540979892283
"AFUB_064120-T",50565.7227577789,-0.404882230346283,0.15664770010513,0.00511363803231146,0.0262540979892283
"AFUB_039700-T",63.4240636681213,0.241056410590272,0.528129452533239,0.00513289125588666,0.0263385853217596
"AFUB_024870-T",21750.925568804,-0.426749524398225,0.166270170843087,0.00516749866667793,0.0265017251881478
"AFUB_051650-T",5002.60029326069,0.576277643669629,0.237342258617833,0.00518284267043301,0.0265643066498986
"AFUB_031200-T",10357.8475958514,-0.39285410808497,0.151422822044591,0.00518534363025845,0.0265643066498986
"AFUB_047270-T",171.256474745982,-1.46156218315166,1.04945914223626,0.00518968585854826,0.0265720946406147
"AFUB_070600-T",2094.28948826325,0.755408800550343,0.34641937829669,0.00519481516566075,0.0265839019564466
"AFUB_093560-T",14638.3801257119,0.53193417595814,0.223007444483184,0.00519882852514111,0.0265899888064795
"AFUB_039800-T",8185.93974411838,-0.408709727810078,0.16217697633509,0.00523465235787903,0.0267586789369104
"AFUB_069510-T",1172.70241072639,-0.701078178476947,0.313776694307158,0.0052414080871499,0.0267786752841039
"AFUB_085260-T",2346.03969565083,-0.754531196436733,0.348199425964996,0.00526538368538986,0.0268856351643153
"AFUB_031030-T",6542.57047498959,-0.362492495784124,0.138166381755427,0.00526805404398488,0.0268856351643153
"AFUB_072490-T",5152.24130859254,-0.604282818544243,0.256847194333663,0.00527101460562491,0.0268861720078896
"AFUB_026420-T",1445.0428995894,-0.682279043780109,0.302591518810183,0.00527581477046893,0.0268960865613078
"AFUB_020910-T",1542.06792379192,0.631028013547717,0.271301733773975,0.00528147061234563,0.0269103502629039
"AFUB_056280-T",4713.52616002686,-0.47114039506924,0.187870601948064,0.00530813440580277,0.027026998336173
"AFUB_073830-T",2820.27224214401,0.543770617513537,0.223664265060925,0.00531010481328803,0.027026998336173
"AFUB_027640-T",22582.1239943812,-0.492984299839539,0.199817955445903,0.00533506098967609,0.0271393486109077
"AFUB_100680-T",325.221650072219,-1.34540032829078,0.904582515961454,0.00536482662591276,0.0272760299727832
"AFUB_057570-T",167.893302825318,-1.38659847134225,0.959706904056838,0.00537621897420066,0.0273192001408923
"AFUB_070200-T",2537.28171772114,-0.495136683540456,0.20014608174397,0.00543064121423091,0.0275808617439041
"AFUB_026440-T",83757.5489011837,-0.398709515554231,0.154759869800346,0.00546240267247681,0.0277232215777294
"AFUB_040650-T",2449.93407006604,0.696401886545295,0.311913801248902,0.00546456024301888,0.0277232215777294
"AFUB_044170-T",17.4968896061528,0.0880614218610844,0.435439658821865,0.00546773279889645,0.0277243791246144
"AFUB_018220-T",700.463150128056,-0.965237222693484,0.509223945703438,0.00547660569986918,0.0277544237190356
"AFUB_068570-T",17.5721356792004,0.0877656542597903,0.435347033000997,0.00548967908343726,0.0278057118072325
"AFUB_025690-T",13347.0685666723,0.323653544559114,0.121772476807286,0.00550353474368447,0.0278609049174908
"AFUB_093220-T",1477.90873466944,-0.675617071808988,0.301624523011037,0.00551317611759627,0.0278812585427403
"AFUB_040170-T",1974.29100816819,0.649808194588634,0.284244028398847,0.00551347742210943,0.0278812585427403
"AFUB_073390-T",2921.47748920016,-0.62889243823028,0.27311236814544,0.0055279067684773,0.0279392217562975
"AFUB_019820-T",2226.88083767157,0.73508334368228,0.338800651514419,0.00557429677365235,0.0281585721141151
"AFUB_099120-T",9150.19120253308,0.353052464354778,0.134889796226392,0.0056232029766605,0.0283903910070967
"AFUB_018060-T",472.831171149635,0.910480716112416,0.464403792639065,0.00563819333760503,0.0284508191140884
"AFUB_037840-T",709.948332128075,0.74728145391916,0.347155914991567,0.00566882501890222,0.0285812748707555
"AFUB_090250-T",4672.49602508965,0.668078617175627,0.297134471374505,0.00567011697733339,0.0285812748707555
"AFUB_099170-T",15722.7583475189,-0.376009429063838,0.14549972345803,0.00569500158344423,0.0286829009030441
"AFUB_031560-T",3903.82940047878,0.424174208888704,0.166775004213939,0.00569637050644567,0.0286829009030441
"AFUB_024480-T",3048.40377873824,0.696594875697847,0.314792855001021,0.00571402419412503,0.0287421525748137
"AFUB_035280-T",2891.98946293658,-0.541228242962471,0.225804311506165,0.00571524226955152,0.0287421525748137
"AFUB_069180-T",987.854037333467,-0.717021013884234,0.329644144244956,0.00571729521799342,0.0287421525748137
"AFUB_008810-T",853.010640074267,0.739208946723323,0.342764917980845,0.00573241816517425,0.0288028011970548
"AFUB_072050-T",4031.82501543199,0.433447311540046,0.171356933002135,0.00575110075571375,0.0288812611817604
"AFUB_039770-T",7719.3286261177,-0.429678783651238,0.170282356214286,0.00576141923117528,0.0289176564396303
"AFUB_088170-T",7059.71111063152,0.480993858105278,0.195005894354071,0.00576471310460316,0.028918773890753
"AFUB_043100-T",5742.88462165832,0.436027739671753,0.172859132715668,0.0058001856762378,0.0290668992957452
"AFUB_037580-T",4750.17573710064,0.512024799440664,0.209858339104483,0.00580229697182063,0.0290668992957452
"AFUB_048130-T",742.469846060886,-0.931145939706925,0.489360543341238,0.00580350155862373,0.0290668992957452
"AFUB_073500-T",8993.83011552468,0.414132709407252,0.162720847400698,0.00581855380820295,0.0291154863599753
"AFUB_038690-T",7805.89846725238,-0.353314162785561,0.135869406470353,0.00582125530038545,0.0291154863599753
"AFUB_065260-T",136.544368255683,-1.45163875327234,1.13852494667955,0.00582247884620151,0.0291154863599753
"AFUB_051120-T",2400.53335509651,0.594543559099127,0.255011277556262,0.0058423153685248,0.0291991727760242
"AFUB_101390-T",8369.23711446956,-0.435236901538856,0.173116623616959,0.0058483737627758,0.0292139455439241
"AFUB_053380-T",10845.6393929101,-0.462010251675372,0.186022592743843,0.0058540619551231,0.0292268543846443
"AFUB_030000-T",669.232747906432,0.773652097640901,0.367602686628493,0.00585939471126941,0.0292379759413422
"AFUB_064490-T",7652.71103637413,-0.37883974678108,0.147448368935423,0.00591310019171159,0.0294903344306972
"AFUB_011740-T",236.408736774214,1.13874052069061,0.679228552876672,0.0059271515203125,0.0295447637455069
"AFUB_075860-T",477.76856321019,0.862212629069006,0.432887338362221,0.00594689237607294,0.0296183487272159
"AFUB_040060-T",3221.59806477089,-0.48880766840155,0.199722431627777,0.00594820491112629,0.0296183487272159
"AFUB_085720-T",3285.1523086225,0.739536334473868,0.344428835486759,0.00607314343230367,0.0302244812677438
"AFUB_014510-T",1937.54327229768,0.745015875036138,0.351577704130652,0.00615362981844896,0.0306088633758666
"AFUB_043340-T",843.858981706895,0.816226995388659,0.405607459199786,0.00619696960073409,0.0308071269638011
"AFUB_022920-T",42571.2043327658,-0.430434468039638,0.175346036272936,0.00620320294167156,0.0308071269638011
"AFUB_072090-T",2362.0268045742,-0.61041078681296,0.267823031437074,0.00620627519710839,0.0308071269638011
"AFUB_067700-T",582.519213886442,0.795570892858974,0.38930404860301,0.00620657602488643,0.0308071269638011
"AFUB_010230-T",9104.33077083779,-0.502412077013041,0.209267981289683,0.00621362582223793,0.0308258697271825
"AFUB_047730-T",1781.44633007392,-0.512408070035763,0.213306569641238,0.00621848780046643,0.0308337446704539
"AFUB_045540-T",1002.0306140573,-0.791915279737367,0.387307515865493,0.00622475536912946,0.030848577134591
"AFUB_028870-T",14586.9295700391,-0.318651974128179,0.118369043405636,0.00626246876582499,0.0310191509200463
"AFUB_041640-T",1588.19483377255,-0.71977909379516,0.338176818800498,0.00631094504370068,0.0312428278293826
"AFUB_037310-T",5245.81087805041,0.64311341538509,0.280965887163207,0.00632501143255875,0.0312960103252618
"AFUB_020120-T",1470.16159501953,-0.679407160483265,0.312372518025664,0.00633365386301886,0.0313223134318202
"AFUB_034360-T",3072.78261833074,-0.541276739364368,0.229593368610792,0.00634409329832796,0.0313574711270636
"AFUB_028720-T",1853.20611616318,0.721532340802238,0.341182072235984,0.00635017416765332,0.031371059791513
"AFUB_017340-T",809.645135907075,1.02061198527715,0.577544769158283,0.00638631075190043,0.0315168840875948
"AFUB_049060-T",5696.93927995786,-0.496233940658051,0.205962744627912,0.00639365745738881,0.0315168840875948
"AFUB_053500-T",23680.0764243712,-0.37010222505247,0.145120455500314,0.0063949389011055,0.0315168840875948
"AFUB_074440-T",8489.81856771637,-0.536687037110799,0.227146948216562,0.00639521286496468,0.0315168840875948
"AFUB_052230-T",2968.79881781588,-0.531294170711807,0.224600304040816,0.00639892844726224,0.0315168840875948
"AFUB_046890-T",1473.17985176306,-0.667571415086516,0.305308240735606,0.00640045756635526,0.0315168840875948
"AFUB_054610-T",8856.88780405324,0.45693873838841,0.18559404534358,0.00640312226630935,0.0315168840875948
"AFUB_095340-T",758.800692288906,0.86071440137204,0.440983320873266,0.0064296263284363,0.0316308053858705
"AFUB_016190-T",6204.46531772008,-0.569062704983842,0.243628490194339,0.00644889502152333,0.0316986113636208
"AFUB_047680-T",1448.8593637805,0.718528257997778,0.337148802757428,0.00645014224433916,0.0316986113636208
"AFUB_018270-T",1262.23704286977,-0.717904831174209,0.338662642487688,0.00647116056764669,0.0317853145044138
"AFUB_023570-T",14156.8665561834,-0.341866778020459,0.130129215096615,0.00647627780117333,0.0317938643252597
"AFUB_074060-T",5441.425735232,0.451210445157122,0.183079239768951,0.0064840279585806,0.0318071046018636
"AFUB_016110-T",2638.88398290236,0.505173173209609,0.210131742037977,0.0064857307599382,0.0318071046018636
"AFUB_060880-T",1000.17329493862,-0.770424717673991,0.375937825469343,0.00650126516579321,0.0318666906825137
"AFUB_032820-T",14855.8534478899,0.422184169943897,0.169362457462047,0.00655586976080423,0.0321176220955945
"AFUB_075200-T",3477.83470922671,-0.541987741931961,0.231232629188344,0.00657562251457338,0.0321976399361534
"AFUB_046790-T",15.6954594589478,0.0875851095059198,0.435267834847252,0.00660149019506954,0.0323075008715046
"AFUB_034640-T",1677.56320259911,-0.565191500141427,0.244693439279576,0.00661601225079176,0.032352473123483
"AFUB_020040-T",10313.5625717032,-0.421672189352194,0.169881085139756,0.0066192271107747,0.032352473123483
"AFUB_051280-T",4475.38492200685,0.664151322877312,0.303118079125655,0.00662098722482496,0.032352473123483
"AFUB_056840-T",20622.6155161396,-0.315670399482163,0.121379156305245,0.00663442929820506,0.0323975280332235
"AFUB_030830-T",2260.43285197077,0.621195948440399,0.276633405330404,0.00663708916483519,0.0323975280332235
"AFUB_053530-T",1885.21044715225,-0.56214808314142,0.243036284853062,0.00664737228086021,0.032430910568176
"AFUB_058440-T",5631.37978823253,-0.461168882374567,0.189690523353883,0.00665717658930901,0.0324619237519076
"AFUB_096780-T",4228.35138460227,0.606381167286165,0.268061052174882,0.00666903619303129,0.0325029217358088
"AFUB_036870-T",2096.5183919743,0.627431338029092,0.280747849337334,0.00667401762608189,0.0325103724610383
"AFUB_068820-T",750.927023815733,-0.897061370213112,0.480936632969426,0.00668986716980339,0.0325707286819383
"AFUB_063140-T",12735.6996756675,-0.331544563094315,0.126195821725576,0.00671833188053145,0.0326861581334415
"AFUB_007600-T",3747.52311552265,-0.607255148177122,0.269601716395733,0.00672051849472628,0.0326861581334415
"AFUB_040970-T",437.071645762817,1.04605306260416,0.619084160874615,0.00679282183898076,0.0330207591305332
"AFUB_032550-T",11718.0517832054,0.333536039778389,0.129615223062622,0.00680797909234716,0.0330652316633232
"AFUB_020660-T",7355.4427595768,0.454678796030218,0.18616642885908,0.0068089936485964,0.0330652316633232
"AFUB_005750-T",1924.89681711345,0.649878190314925,0.295681184405313,0.00681345894675071,0.0330698605374251
"AFUB_001580-T",5988.59083112693,-0.401854028490487,0.161034129125981,0.00681943240869545,0.0330818009068915
"AFUB_059390-T",14583.2026263675,-0.363493667764004,0.145887621870536,0.00684901181455338,0.0332081849875565
"AFUB_015360-T",24068.2457464091,-0.356005701696911,0.140141598096213,0.00685312563795135,0.0332110298543232
"AFUB_078550-T",7928.58808407321,-0.53467649570566,0.228853166110985,0.00685804529658973,0.0332177749550869
"AFUB_013750-T",628.116863993859,0.877522279302368,0.462815100036733,0.00686498603977751,0.0332342974552931
"AFUB_095660-T",2728.25477935964,-0.546763178188223,0.238812307462246,0.00691296517687907,0.0334493731271805
"AFUB_056150-T",933.424364416886,1.09643666538296,0.679330282328095,0.00691995365037797,0.0334659905351613
"AFUB_075410-T",522.608566107978,-0.829870722226502,0.427897641436738,0.00692777627155158,0.0334866228813807
"AFUB_026300-T",435.942151831722,1.01443161365365,0.591686967207216,0.00693867647385844,0.0335221024514372
"AFUB_054580-T",13314.2814900343,0.417014021509894,0.168252900435004,0.00694274363073612,0.0335245507830827
"AFUB_000980-T",2343.9420157146,0.780383470072314,0.387004075225123,0.00694780892457226,0.0335318138563672
"AFUB_015670-T",2128.33207732714,0.651654448935302,0.298643018298824,0.00699465759915316,0.0337406229270626
"AFUB_075880-T",1423.00937039282,1.10611681154238,0.694264615868178,0.00699939995224745,0.033746210932085
"AFUB_074250-T",7992.43122362644,-0.460238621090844,0.190608343698763,0.00702678351800926,0.0338608974439996
"AFUB_006200-T",3818.27416771057,-0.485267750380924,0.203659605473728,0.00704745481726126,0.0339431378820113
"AFUB_056130-T",1236.95968944802,-0.595618214766362,0.265510297462912,0.00708565387774407,0.0341096712233324
"AFUB_072830-T",14287.452471471,-0.350766173926764,0.135024422600886,0.00710749979387914,0.0341973520997271
"AFUB_081210-T",4729.03965862175,-0.508344304492239,0.216116919281981,0.00713410545092364,0.0343078329550036
"AFUB_053910-T",287.022477458574,1.08219320736622,0.675799896497187,0.00720944943093686,0.0346524634209808
"AFUB_006350-T",2708.62310126819,0.53906185939474,0.233458497138151,0.00721418244192594,0.0346575213638646
"AFUB_007000-T",3462.12558769157,0.434978398951545,0.178139668712688,0.00721830820077276,0.0346596583470047
"AFUB_094650-T",3933.36770554475,0.713094524971664,0.338991470616543,0.00723755606364187,0.0347343669190886
"AFUB_044300-T",5749.50717462075,-0.381055222226993,0.154387337017136,0.00724421917088553,0.0347486335777168
"AFUB_086960-T",919.510453322097,0.68823884948796,0.324780311423607,0.00726117518225197,0.0348122329511632
"AFUB_033470-T",1516.56717510588,-0.692973451544035,0.330399136814966,0.00732117093647117,0.0350820079072837
"AFUB_053360-T",3507.77716605591,0.451420792414102,0.186840098091143,0.00738255593695927,0.035346581417554
"AFUB_029700-T",4659.04012228591,-0.503691513031,0.214596462596435,0.00738677543621634,0.035346581417554
"AFUB_075375-T",1399.59308158018,-0.730239899719481,0.358167399833725,0.00738764573383032,0.035346581417554
"AFUB_091670-T",287.633492595512,1.26014718109921,0.95288148111665,0.00740038634578744,0.0353895570502461
"AFUB_039840-T",3094.77968169189,0.432731112764371,0.177655907554156,0.00743402652390188,0.0355323826137361
"AFUB_059340-T",2211.07392745542,-0.49113818333891,0.208718200895395,0.00747582255743916,0.0357140259770914
"AFUB_015080-T",3560.6793052583,-0.631902497601957,0.2914111795936,0.00748357012111616,0.0357329088541733
"AFUB_079170-T",4593.29479038484,0.454625843706895,0.188921864037007,0.00749628429402925,0.0357754753738365
"AFUB_047780-T",28193.9499600974,0.567239023807912,0.250428822487881,0.00752140768891737,0.0358621138545365
"AFUB_041110-T",2952.27578918855,0.664123088355564,0.311669029955639,0.0075248615239627,0.0358621138545365
"AFUB_024130-T",818.994038682888,0.705788427086544,0.339806303787027,0.00752953040808538,0.0358621138545365
"AFUB_033690-T",11792.1293152828,0.46918108077083,0.196630341952905,0.00752967280059672,0.0358621138545365
"AFUB_023340-T",2470.00242710767,-0.634763027273648,0.294141510962765,0.00755445832938524,0.0359619715012596
"AFUB_028580-T",1802.81852964239,-0.572898673347216,0.254954539442204,0.00756080129750395,0.0359739792912063
"AFUB_074540-T",3447.17803990693,0.416818865210902,0.170550098975816,0.00760501244973391,0.0361569856300552
"AFUB_080720-T",31435.8282925562,0.327849366427346,0.129378665781308,0.00760694440666306,0.0361569856300552
"AFUB_045170-T",2889.06766208046,0.503648722545531,0.216636605876187,0.00764958854496599,0.0363218398180383
"AFUB_063180-T",8413.67875491382,-0.376393609674635,0.151824151851766,0.00764997380206124,0.0363218398180383
"AFUB_024750-T",352.342012989512,0.960959775679564,0.558318823799131,0.00765319989369031,0.0363218398180383
"AFUB_078830-T",4380.29096487172,-0.539660175440516,0.236129704079241,0.00765713853293946,0.0363222248998277
"AFUB_048600-T",29.9788692241725,0.153200830436453,0.463026311578369,0.00766247575917248,0.0363263343958999
"AFUB_040660-T",9477.14490703583,0.323258008157846,0.127375719006983,0.00766572073541345,0.0363263343958999
"AFUB_058480-T",5318.75081841678,-0.418931362770012,0.172084743786739,0.00768137862196362,0.0363822238955782
"AFUB_017750-T",428.389540353259,-1.0277827525826,0.640888630255362,0.00768569663858171,0.0363843738305105
"AFUB_101070-T",4160.47248927152,-0.429878614560462,0.177702121458978,0.00769919614847148,0.0364299652934711
"AFUB_097010-T",197.208250415714,0.624974476149228,1.55938379655813,0.00770830823437159,0.0364547615945971
"AFUB_036220-T",2534.38184812182,0.483021831292329,0.204926983200176,0.00779468031378876,0.0368447338527284
"AFUB_096670-T",762.219208456464,0.710684202272122,0.346148948766756,0.00781267034321936,0.0368950982702519
"AFUB_007300-T",17382.4763977002,-0.325645725636761,0.129162198518934,0.00781796408074333,0.0368950982702519
"AFUB_029030-T",5377.57700675502,-0.495581229059712,0.212523047379657,0.00781891078060898,0.0368950982702519
"AFUB_088540-T",710.733271131085,-0.775344738271297,0.397383780179069,0.00782100851183336,0.0368950982702519
"AFUB_065540-T",21843.7157934796,0.361723666261361,0.144399181581858,0.00782942289494247,0.0369162974355425
"AFUB_080320-T",21036.5345494778,-0.380484713270868,0.154419259788733,0.00787359626070826,0.0371059971926071
"AFUB_078270-T",11332.558038823,-0.32715872397051,0.132228541549817,0.00788197570026421,0.0371269050493686
"AFUB_016460-T",5127.308496266,-0.426672234708957,0.176891116585549,0.0079068352165256,0.0372073828516009
"AFUB_004110-T",1723.53408603521,-0.591515950674821,0.268711839186872,0.00790696400659021,0.0372073828516009
"AFUB_091240-T",90931.1441180045,0.473000174128284,0.200244156340159,0.00796678207417017,0.0374695183381491
"AFUB_065150-T",8376.1403867575,-0.404840347151352,0.166321597136961,0.00797284775689045,0.0374695183381491
"AFUB_074150-T",847.813721857437,0.855952985970457,0.463545002464781,0.00797460861827217,0.0374695183381491
"AFUB_021240-T",23296.1335156956,0.351588772308171,0.14227488983481,0.00798892554809217,0.0375102335620507
"AFUB_027160-T",523.172035397738,-0.961393399364916,0.574731372451962,0.00799124134722533,0.0375102335620507
"AFUB_006450-T",6177.21271156326,0.369749826792743,0.149420965950252,0.00805656451313116,0.0377980126834295
"AFUB_005010-T",25771.1924636845,-0.330967343247704,0.132082500672894,0.008064028802862,0.0378141908405122
"AFUB_030760-T",2944.58655212944,-0.466378049256095,0.197839366235163,0.00807488966421678,0.0378462723137208
"AFUB_028620-T",2019.81842271089,0.471948693973841,0.200497174389783,0.00813620016952215,0.0381146571125475
"AFUB_081150-T",42.4601267253621,0.170477619689317,0.472927392527928,0.0081406504278131,0.0381165412373387
"AFUB_076430-T",20885.8930191848,-0.285034674331665,0.109930418400764,0.00814704516304442,0.0381275234866929
"AFUB_064370-T",8125.20575793554,-0.38293599720907,0.159694070577796,0.00816714464534594,0.0382026000897056
"AFUB_086020-T",10692.4425695846,0.640197040272037,0.308089755801413,0.00817288546463504,0.0382104714672312
"AFUB_032390-T",9919.15021441686,-0.569800541676862,0.254147451643009,0.00823122156656701,0.0384641103080868
"AFUB_027070-T",4947.90540373846,0.446284730741769,0.187524877564329,0.00824694077080639,0.0385184495525362
"AFUB_097720-T",421.665275821749,0.906158254667436,0.517471042122414,0.00825112946093703,0.0385189067943396
"AFUB_027650-T",2454.37281446273,-0.576451584554482,0.261492200750529,0.00828160574059127,0.0386420216320155
"AFUB_096250-T",3312.31784736617,0.427994166572081,0.178606510138596,0.00832479284807468,0.0388242939363403
"AFUB_078610-T",8459.72362426437,-0.552801631054501,0.247448283881607,0.00834180947038328,0.0388843950362025
"AFUB_088960-T",6170.80471257813,-0.389757101966522,0.160143770147821,0.00835212871378619,0.0389132330376105
"AFUB_053860-T",22220.8196231852,-0.313713078632172,0.125316786122242,0.00841510935202941,0.0391872748064831
"AFUB_042160-T",4204.50296359508,-0.576163132389111,0.260973135801947,0.00842103156748668,0.0391954687293399
"AFUB_064280-T",5779.82628093204,0.60913832895247,0.282001697493163,0.00842797390709723,0.0392084003504089
"AFUB_066780-T",2203.67665787208,0.549347852314036,0.245193452532522,0.00843738277155116,0.0392327882355189
"AFUB_041240-T",19549.9625227693,0.943277531364971,0.544860255301851,0.00844200732281252,0.0392349165605146
"AFUB_032070-T",7030.21931646428,0.443653375865347,0.186919793638383,0.00844946042111506,0.0392501822028709
"AFUB_101140-T",6820.92762761502,0.624363420515936,0.292224031308822,0.00847145048765297,0.0393329279051974
"AFUB_059640-T",3285.92288906425,-0.550876711080151,0.247600349741219,0.00849215650261342,0.039409633133863
"AFUB_094570-T",13842.9665746207,0.439610251510808,0.18495595609558,0.00849756040189857,0.0394113427902722
"AFUB_027880-T",1524.98090064048,0.602697173177977,0.278475806794428,0.00850089605002579,0.0394113427902722
"AFUB_003900-T",4802.62899773248,-0.441789680482714,0.187340445386482,0.00851626744713022,0.0394552324760098
"AFUB_053260-T",8611.56980769474,0.349922559528171,0.141449136484948,0.00851874337550212,0.0394552324760098
"AFUB_079330-T",751.633691326572,-0.779465947959366,0.410347960084612,0.00854379919867729,0.0395442040137643
"AFUB_070040-T",715.586643379052,-0.928321130581843,0.553489729479108,0.00854635250297475,0.0395442040137643
"AFUB_089780-T",3235.2596834396,-0.569612817273071,0.259052110963158,0.00858279692341855,0.0396687328421681
"AFUB_032140-T",1498.28448696053,0.652005001229719,0.311753759089038,0.00858309078305576,0.0396687328421681
"AFUB_054380-T",419.231503900302,-0.974173662532268,0.607112207236816,0.00858641583888858,0.0396687328421681
"AFUB_049320-T",462.41197107202,-0.964410846876646,0.595839696347008,0.00859011748780595,0.0396687328421681
"AFUB_044310-T",4495.79857082133,-0.595457669217696,0.275847156057344,0.00862728792352883,0.0398147837933331
"AFUB_098560-T",4036.19729769943,-0.410471483040922,0.169088528417021,0.00863020111748012,0.0398147837933331
"AFUB_034550-T",1938.65165639696,-0.771825251277354,0.406894838816755,0.00865850322674499,0.0399257915685753
"AFUB_057190-T",15717.1116203254,-0.405832996068898,0.169095990174789,0.00867301032154444,0.0399731107134911
"AFUB_097810-T",8172.69984532983,-0.415742012155769,0.174438490721728,0.00869565547023904,0.0400578727533125
"AFUB_031140-T",4650.95981762352,0.527562675846806,0.234012695788696,0.00870328836149005,0.0400734294434183
"AFUB_073410-T",53440.3472568212,-0.263952222306128,0.104301257505544,0.00875508820991087,0.040292233912278
"AFUB_090710-T",3223.30637201711,0.514350010957069,0.226645164856545,0.00878736884112503,0.0404210381084676
"AFUB_026360-T",13205.7101926344,0.341432680651481,0.138556923138106,0.00892477194562314,0.0410330335156189
"AFUB_090550-T",440.506764063474,-0.979029340811746,0.625397960858627,0.00895344858686796,0.041144788625646
"AFUB_032650-T",3945.8461379921,0.484740226020852,0.210739154994685,0.00896546718855096,0.0411799214865346
"AFUB_022720-T",1871.56906731179,-0.692297356368694,0.344764750961287,0.00899913110745762,0.0413143922514973
"AFUB_099560-T",12267.7025745138,0.670877952998524,0.319783042363705,0.00900472423162467,0.0413199236671432
"AFUB_093070-T",1959.36535837764,0.700399098421392,0.350338560185635,0.00902492769382657,0.0413744961703255
"AFUB_022410-T",4820.64911987366,-0.442261412244109,0.188752011041296,0.00902540517564238,0.0413744961703255
"AFUB_086400-T",4347.95257114063,0.461884648972777,0.198708064206793,0.00906275361179986,0.0415001101557473
"AFUB_012170-T",7980.04015212646,-0.366026762792394,0.150802886036365,0.00906433147289126,0.0415001101557473
"AFUB_070090-T",13698.7426301285,-0.402294764390976,0.168474301220316,0.00906602873729525,0.0415001101557473
"AFUB_064210-T",594.60395512799,0.774324113167882,0.409052728801555,0.0090745183003838,0.0415187873257599
"AFUB_069240-T",4040.3565784605,-0.414515674000297,0.168787476780528,0.009086746196509,0.0415365556732377
"AFUB_034100-T",282.221996404043,1.15085158417551,2.68609355710904,0.0090872243720125,0.0415365556732377
"AFUB_082230-T",4741.52806280726,-0.459445663489553,0.198361158428976,0.00910832184287939,0.0416127891666921
"AFUB_038790-T",7041.79619498507,-0.435033157428638,0.185341338638456,0.00912950269160807,0.041689329458866
"AFUB_093800-T",6663.64276783968,-0.416116740359572,0.175705021623499,0.00915142495130354,0.0417691795159836
"AFUB_042470-T",2245.76544176501,-0.550048520481961,0.251034310848541,0.0091797152830541,0.0418609362184244
"AFUB_043710-T",4660.20344550723,-0.388411749093442,0.162188327313478,0.00918041984824196,0.0418609362184244
"AFUB_017360-T",459.539273850225,-0.913721036271869,0.553058505766035,0.00918772698949243,0.0418739774119364
"AFUB_045530-T",834.168517440001,-0.755407707818701,0.39827257467672,0.00919504893816099,0.0418870734406018
"AFUB_052120-T",1600.55166277774,0.57348966377568,0.264624688278631,0.00926843100497759,0.0422009411716001
"AFUB_061480-T",2405.53090844561,0.504845669933252,0.223683515491631,0.00934691188936899,0.0425377101741414
"AFUB_099470-T",1541.63500401937,-0.679302270048687,0.339505143171208,0.0093640980309965,0.042593909443634
"AFUB_076790-T",1190.9950477815,-0.827108603867918,0.46405214042668,0.00936830782261745,0.042593909443634
"AFUB_035040-T",3962.53943905406,-0.588363346017205,0.277338899248508,0.00938293507348894,0.0426398246389825
"AFUB_002530-T",16827.6880641666,-0.422190467193996,0.179991517970726,0.00941397792604081,0.0427602586356007
"AFUB_069870-T",7846.5622285022,-0.366943364509734,0.152185694218041,0.00942179237220503,0.0427623402510365
"AFUB_051140-T",5500.32319409295,0.459163080474481,0.198204482393869,0.00942351911861731,0.0427623402510365
"AFUB_023590-T",3909.25317298345,-0.692283849553492,0.35089014494879,0.00949863643157728,0.0430824473216434
"AFUB_023550-T",6286.41420767318,0.521611684154071,0.236509501365331,0.00951395693317604,0.0431311595969117
"AFUB_031500-T",9265.73029213848,-0.367536157230976,0.152711624045493,0.00952531527515289,0.0431618713334166
"AFUB_016530-T",1713.46487794356,0.560747011340884,0.258194795322291,0.00955771570846065,0.0432878552721816
"AFUB_082079-T",7493.33683994468,-0.550204579205548,0.252597818363876,0.00956651430562076,0.0433068743758293
"AFUB_009820-T",8178.66490628408,-0.367019511756567,0.152737878935787,0.00962105104842483,0.043532828770768
"AFUB_027580-T",30331.8697132322,-0.310624720211097,0.126471110705849,0.00964252391983155,0.0436090322906503
"AFUB_037360-T",416.255276436702,0.826167855799895,0.466540693240701,0.00967058169943776,0.0437149290839683
"AFUB_100140-T",685.796086753765,-0.680811953154334,0.343725065929846,0.00971317983755817,0.043886420993497
"AFUB_089090-T",4098.97412125781,-0.433199597691921,0.186705464275071,0.00971871671157026,0.0438903772451537
"AFUB_076650-T",6255.7566135455,0.471084966919014,0.205788597583227,0.00973695449404549,0.0439516603623837
"AFUB_094110-T",1365.17203225596,0.534668262390535,0.24293333572509,0.00974428455117436,0.0439636719376415
"AFUB_051010-T",8527.9276917295,0.366580513154463,0.152338464257971,0.00979825707528587,0.0441855849936449
"AFUB_026800-T",4137.65182227403,-0.519259370794441,0.236676790971746,0.00980285546428676,0.0441855849936449
"AFUB_036300-T",1521.5402662325,0.541363238797208,0.247510444531693,0.00982386020540349,0.0442377588229401
"AFUB_049380-T",42.5529682282041,0.160286732977544,0.4666599400468,0.00982553527397243,0.0442377588229401
"AFUB_100710-T",9467.41391609901,0.327424800568832,0.1339419419989,0.00982852500611625,0.0442377588229401
"AFUB_013830-T",5255.74819211129,-0.459877464085118,0.200887887549465,0.00984563896483704,0.0442936151423343
"AFUB_081350-T",394.236004834747,1.16090004210876,1.03714290771012,0.0098627014286963,0.0443491865580728
"AFUB_089030-T",1078.75301948424,-0.651848375593278,0.324150688057268,0.00990441288030703,0.044515490062516
"AFUB_022380-T",430.340064395577,1.07100263685232,0.804252159429369,0.00996789180170858,0.0447794223305763
"AFUB_042410-T",7837.1971735192,0.432561253295702,0.186137782620407,0.00998731558155268,0.044838863465677
"AFUB_088730-T",17048.1301764122,-0.365329491831071,0.152772705578334,0.00999064736098029,0.044838863465677
"AFUB_078120-T",184.511071235619,-1.14604172826261,1.56722635900637,0.0100061675976734,0.0448676782873701
"AFUB_031440-T",8370.49661998137,-0.460589542084041,0.20197715159427,0.0100098870392798,0.0448676782873701
"AFUB_063500-T",2165.59635223264,0.538893509697168,0.246895505794633,0.0100113627954295,0.0448676782873701
"AFUB_071110-T",4023.405618258,0.453152151475292,0.197396068576204,0.010039110010819,0.044970627907646
"AFUB_040260-T",34945.0078799718,-0.268708215673331,0.108261116638351,0.0100607674372706,0.0450462131190393
"AFUB_048510-T",10877.2463966966,-0.410184524752823,0.176189652248072,0.01012237912044,0.0453005331739843
"AFUB_061350-T",8797.70169853768,0.397016563915825,0.167279849827562,0.0101457999134584,0.0453837776651422
"AFUB_058350-T",382.131160043456,0.85995322698507,0.509607213825552,0.0101956891820663,0.0455473478379999
"AFUB_057070-T",4283.74023013092,-0.496878042821487,0.223991938300773,0.0101960093863284,0.0455473478379999
"AFUB_017390-T",414.486204022697,-0.892774680900892,0.552703150982486,0.0101968786366295,0.0455473478379999
"AFUB_097340-T",207.861714750963,-1.10470813832104,0.949621878261119,0.0102067468465405,0.0455496228744549
"AFUB_029680-T",4482.51468010807,0.471537656081575,0.208158224524997,0.0102070628998619,0.0455496228744549
"AFUB_070810-T",19721.7993778372,-0.510788991392946,0.230139559102306,0.0102204987353024,0.0455766177652401
"AFUB_027000-T",1964.273322274,0.553254966221863,0.256901533089493,0.0102227927697735,0.0455766177652401
"AFUB_085200-T",6698.65230142191,0.552473218056481,0.256335489904973,0.01024399903797,0.0456495480082942
"AFUB_078500-T",895.313305886829,0.704058697554646,0.36742606613496,0.0102556252172334,0.0456797384321048
"AFUB_055330-T",10467.6196959391,0.411947116542845,0.176423568534683,0.0102976576950174,0.0458452694355952
"AFUB_069820-T",4717.40964586446,0.60310380299756,0.280734920108985,0.0103057556807647,0.045859638700416
"AFUB_049840-T",464.75665996991,0.746692121340392,0.402354355484183,0.0103230492028836,0.0458940859959758
"AFUB_083580-T",13696.4697313063,-0.411252235273267,0.177574170426709,0.0103232449171067,0.0458940859959758
"AFUB_017260-T",2038.4593771531,0.608590348988132,0.294142998204295,0.0103782256527075,0.0461167403236874
"AFUB_035140-T",11945.7300315664,-0.454019221078437,0.199696641621861,0.0103840171211056,0.0461207100058161
"AFUB_004650-T",512.180817439717,0.766803333889992,0.418967190996988,0.0104189482974524,0.0462540392120753
"AFUB_089740-T",1689.26199129419,-0.535393812401545,0.247795490277819,0.0104369038067714,0.0463119162321205
"AFUB_007320-T",5840.73751720475,0.462252210651926,0.203771296758829,0.0104555374635296,0.0463457971369136
"AFUB_019180-T",16964.1784678484,0.336142440630796,0.139537910088322,0.0104567530437972,0.0463457971369136
"AFUB_026390-T",17881.3356917465,-0.362252180860878,0.152301690695419,0.0104593053224237,0.0463457971369136
"AFUB_056120-T",3267.26478936613,-0.498128692002932,0.225279387340632,0.0104954397632869,0.0464840361294025
"AFUB_025010-T",4625.29062844941,0.484574470406273,0.216731255471212,0.0105117601971846,0.0465240919740712
"AFUB_100750-T",757.102626242417,0.719731670631865,0.380097337871606,0.0105143657307587,0.0465240919740712
"AFUB_043760-T",86523.2958612058,-0.359395941464473,0.151606139641398,0.0105600847159409,0.0467044423134334
"AFUB_042570-T",2102.25379331091,-0.528978786596716,0.244730635601681,0.0105660316356133,0.0467088046389365
"AFUB_012860-T",3080.79191518015,-0.521507065977226,0.241144623995965,0.0105728954285142,0.0467172141505818
"AFUB_020140-T",11060.8467339771,0.404141991465919,0.173240231200789,0.010586643038306,0.0467560182217117
"AFUB_074580-T",800.681737859548,0.680742908452427,0.349759650066333,0.0106208482166712,0.0468850946123657
"AFUB_050110-T",674.434428612318,0.860632831998786,0.518376904379304,0.0106399839877119,0.0469475582138217
"AFUB_053400-T",15873.5089642444,-0.318091377323342,0.130525044162532,0.0106486002501923,0.0469635690659536
"AFUB_072770-T",4578.96910495009,0.545516483986259,0.253544734242667,0.0106782208999536,0.0470721573005446
"AFUB_093500-T",6416.52575626438,0.406740787792047,0.174778980064693,0.0106926723172258,0.0470982016288242
"AFUB_023010-T",10802.6663828319,-0.420232389934198,0.183832976942294,0.0106941328677173,0.0470982016288242
"AFUB_022610-T",1353.88750132787,0.687880215831823,0.358317404082671,0.0107263224743373,0.0472178833185416
"AFUB_005020-T",1861.35751356776,0.569579152245388,0.270113668641758,0.0107603010761242,0.0473453247349465
"AFUB_088450-T",3023.05264623932,0.450168580435117,0.198262808247777,0.0107685136731078,0.047359329633808
"AFUB_091820-T",336.779040734271,0.839723199299869,2.49151714631976,0.0107787126780559,0.0473777735289806
"AFUB_027210-T",2807.55375872372,0.639006276014153,0.322621818408478,0.0107827706746607,0.0473777735289806
"AFUB_002970-T",7274.10750125772,0.461730313606729,0.211230024825725,0.0108216290020637,0.0475052307418586
"AFUB_035360-T",3779.68941233046,0.498581476493588,0.22904658368088,0.010821869152643,0.0475052307418586
"AFUB_072720-T",1465.23870085666,0.557623530127252,0.262773985107318,0.0108286259352513,0.0475127408230785
"AFUB_023750-T",1153.87076265281,0.618080678214695,0.304037218663985,0.0108567489007628,0.0476139486025069
"AFUB_090200-T",5661.25212986482,-0.367741887415994,0.156203994170206,0.0108996062325223,0.0477796519019694
"AFUB_067540-T",6752.41461456693,0.401678824997391,0.172807445758118,0.010953439695861,0.0479932937069461
"AFUB_015570-T",2335.67417431971,0.763782174666947,0.421502210760725,0.010962286202983,0.0480097148312965
"AFUB_065210-T",6739.47408353766,0.336345066685157,0.140545349702014,0.0109894630837531,0.0481063618766244
"AFUB_052020-T",20503.302910011,-0.285195682744388,0.117486566258896,0.0110144303808456,0.0481896306110238
"AFUB_020860-T",5816.91636368855,-0.462875476537055,0.206753949283028,0.0110187207631196,0.0481896306110238
"AFUB_097910-T",2054.41374794921,-0.609663997054961,0.300687347296559,0.0110354575266047,0.0482404215740529
"AFUB_087760-T",372.042587798989,-0.882594788001601,0.56033899735736,0.0110649691764783,0.048343223988018
"AFUB_050220-T",222.889484925912,1.00263747038648,0.734734540421826,0.0110692428757611,0.048343223988018
"AFUB_067230-T",8591.32915404552,0.389696780937287,0.166998594944186,0.0110993504293144,0.048448474862143
"AFUB_053730-T",1376.46150894658,0.657677430673216,0.335433526813412,0.0111036330450833,0.048448474862143
"AFUB_039490-T",1115.58432332254,0.67584269527756,0.350280236880311,0.0111699776314996,0.048715381833349
"AFUB_085510-T",6250.51144375784,0.35720846913592,0.151196946910603,0.0112200949743611,0.0489113029067518
"AFUB_014000-T",1140.33396471903,0.542522321290418,0.254972938995546,0.0112351688423083,0.0489543497543615
"AFUB_074750-T",8912.38896269687,0.365178120740034,0.154884569768021,0.011258400050166,0.0490328838447564
"AFUB_067250-T",7353.76290256905,0.362981018326994,0.154146866655937,0.011276588055737,0.0490893911848448
"AFUB_073790-T",6008.33627229248,-0.407420881194952,0.177275196028475,0.0112940346855953,0.0491426204249376
"AFUB_067840-T",16877.9508445664,-0.411732759009361,0.180121995799732,0.0113022961916103,0.0491558526282692
"AFUB_016870-T",1291.15260919193,-0.607995391368221,0.301243446388454,0.0113277073637848,0.0492436253635264
"AFUB_093150-T",7420.25248179844,-0.389094196101234,0.168019826999636,0.01141017909253,0.0495792553462216
"AFUB_022790-T",834.124440343007,0.831664507096788,0.500714334856334,0.0114575344767534,0.0497620593326152
"AFUB_002400-T",3977.89637361496,-0.446817044934455,0.199455804294787,0.0114733887742418,0.0497876589756889
"AFUB_038970-T",2445.6109714296,0.629122093345334,0.316597782219952,0.0114742480746428,0.0497876589756889
"AFUB_084080-T",678.539634301696,0.760531763038134,0.426926579676713,0.0114792913802273,0.0497876589756889
"AFUB_043310-T",12803.086665528,0.384533040475924,0.165333596592787,0.0114876227504777,0.0498008544284059
"AFUB_067810-T",3983.94326209591,0.370498076600547,0.158458994804176,0.0115116231564081,0.0498810034738668
"AFUB_091550-T",16641.3750516268,-0.289558629592389,0.118063806601121,0.0115167057723223,0.0498810034738668
"AFUB_055320-T",9031.42155907681,-0.329476023719865,0.13531306821046,0.0115308204853315,0.0499191750298304
