"","baseMean","log2FoldChange","lfcSE","pvalue","padj"
"AFUB_047610-T",18039.5998277178,-5.38539446954235,0.11245428284327,0,0
"AFUB_062410-T",162866.305290508,-6.78613689950656,0.14441861443725,0,0
"AFUB_071560-T",8955.93591163595,6.68481388977222,0.129255703146425,0,0
"AFUB_029480-T",68657.8765296899,-3.7909621310957,0.10775947881461,4.70012364953047e-272,1.16621818053975e-268
"AFUB_097260-T",5151.51813908606,6.66341679033951,0.193204548600277,1.36312214346361e-261,2.70579745477527e-258
"AFUB_101390-T",3581.30253663252,5.08684715236964,0.158701196409079,1.44462978529332e-226,2.38965843650603e-223
"AFUB_075430-T",4987.84665654387,6.55891785730995,0.205140624666092,1.79286979186734e-225,2.54203324061191e-222
"AFUB_044330-T",3240.08470197013,7.6895265503596,0.241560525532468,2.40018303809884e-223,2.97772708164138e-220
"AFUB_048430-T",3561.37035874053,7.07188866479126,0.227074164353535,5.29910676652324e-214,5.84373718419369e-211
"AFUB_071569-T",2461.4538227138,6.48191990382947,0.209414758899671,3.26746524024753e-211,3.24295925094567e-208
"AFUB_075450-T",2534.59809837572,8.0864168330129,0.266490002907704,8.56641411004023e-203,7.72924182201357e-200
"AFUB_097940-T",5933.76337999797,-4.47517793245239,0.149387484061364,2.49326419717016e-198,2.06213726307616e-195
"AFUB_071620-T",2506.3589137176,8.62323447704086,0.293038601006644,1.1591323597694e-190,8.84952974670099e-188
"AFUB_071630-T",2640.81696333325,7.38835354758134,0.257397714450288,2.62618134256076e-182,1.86177498749397e-179
"AFUB_036560-T",7246.25074712562,-3.14029479626696,0.11012011244301,6.29052019330796e-180,4.16222752790543e-177
"AFUB_044320-T",2228.4891453551,7.26280844484789,0.257333884163086,3.11223307813104e-176,1.93055708127816e-173
"AFUB_044390-T",2166.52742375061,4.44794241900145,0.165513138892142,3.49097282213305e-160,2.03811207409827e-157
"AFUB_096570-T",4512.49270645832,4.87018423366275,0.181614176252057,1.38393718161938e-159,7.6308758486513e-157
"AFUB_048520-T",1761.70064482044,6.8502627760281,0.260616046366013,2.67117322320705e-153,1.39533653896474e-150
"AFUB_049500-T",2631.17527381265,4.30697745577053,0.166495295572811,1.18679067126001e-148,5.88944870612778e-146
"AFUB_062550-T",17011.0605081382,3.54689244627544,0.13732433580265,4.02708106593768e-148,1.90327521806816e-145
"AFUB_074720-T",11456.8077909446,3.66395766713414,0.14467924230285,1.47086243548618e-142,6.63559530554562e-140
"AFUB_101510-T",4960.44889437404,-2.87491867933803,0.116850450514999,1.1211516027489e-134,4.8380128944708e-132
"AFUB_075790-T",2983.43583355486,-4.97641939198421,0.203261970777368,1.73113246301528e-133,7.15895403976112e-131
"AFUB_033730-T",22257.2376022462,-2.77632722661814,0.113563147927923,4.44762390216435e-133,1.76570668915925e-130
"AFUB_049170-T",10488.9697781215,-2.46402720984242,0.102477964048001,1.09342048557798e-128,4.17392243052362e-126
"AFUB_044310-T",1703.44213965275,7.05360636518077,0.294402992623184,6.13332766361547e-128,2.25456581708828e-125
"AFUB_072925-T",1698.03961550841,6.51621931866562,0.273141696957837,6.40670858881079e-127,2.2709493837124e-124
"AFUB_044400-T",1496.27470272998,7.78997958256819,0.333777882517355,3.0149751702065e-121,1.03184926083791e-118
"AFUB_021270-T",4893.98619777325,3.92296330045741,0.17047696835625,3.3649879183675e-118,1.11325016965991e-115
"AFUB_033700-T",7231.80457636817,-3.23219408150776,0.140936431932634,1.57367716633523e-117,5.0383051212507e-115
"AFUB_087020-T",3557.30458823772,-4.32343063381582,0.188746130313135,2.44482860931709e-117,7.58278873358503e-115
"AFUB_046800-T",7713.19967927811,-3.3850429824775,0.149546617473994,1.64093709157224e-114,4.93524261631953e-112
"AFUB_045240-T",3658.63037380426,-5.01671426019178,0.225069909098938,3.1246940694593e-111,9.1213495998187e-109
"AFUB_071610-T",1164.31904935125,7.86520578895939,0.358451454962162,2.83559556301046e-107,8.0409388465368e-105
"AFUB_028280-T",11948.3087656695,2.70628745695462,0.123678550439323,3.4046841663192e-107,9.38652509742167e-105
"AFUB_071520-T",1404.59292733949,8.85395989145538,0.405358072777943,1.23689169117607e-105,3.3178783878169e-103
"AFUB_048620-T",15918.7428196988,2.78495696851725,0.129065001540618,3.8226927981579e-104,9.98427000571503e-102
"AFUB_097450-T",1584.63728673806,6.39349318726478,0.298195919005894,3.49855264080171e-103,8.90336793845051e-101
"AFUB_066510-T",964.521805352741,7.59410984871753,0.356286014483934,2.56386355778937e-101,6.36158645276488e-99
"AFUB_070300-T",10740.9637024195,3.59439950224596,0.170620131725752,1.35919616384722e-99,3.29024925028869e-97
"AFUB_023080-T",42818.367611687,2.25285241666029,0.107232826310927,7.79336003025755e-99,1.84164519762634e-96
"AFUB_045790-T",1085.29879814192,7.56416672460255,0.364154200840323,1.03366815868597e-96,2.38585034301355e-94
"AFUB_072930-T",957.23664243636,7.80306059292426,0.375390017490001,2.33945187322451e-96,5.27705905494391e-94
"AFUB_066710-T",131962.956229948,-3.10576794187458,0.150207923185586,4.94151366809131e-96,1.08987829235125e-93
"AFUB_046390-T",3437.51616662888,-2.99994845818106,0.146349342815051,1.99357470816747e-94,4.30135412577437e-92
"AFUB_030070-T",10189.749548823,-2.67178097459113,0.131714698679143,1.81908734157468e-92,3.84137060960185e-90
"AFUB_033750-T",14336.1320988693,-2.12793601067023,0.105650620351532,4.45712556706978e-91,9.21603567774324e-89
"AFUB_097500-T",988.23084546113,7.72841978442047,0.386399087122977,1.08243260523107e-89,2.1924782871262e-87
"AFUB_071550-T",1888.68850146148,5.27009546304042,0.265596115998475,1.02195141894861e-88,2.02857356661299e-86
"AFUB_058090-T",12172.5164410994,2.09996730792095,0.105933150233791,3.1942131730403e-88,6.21618936125979e-86
"AFUB_101060-T",7554.85189357998,-2.23159240071991,0.112958463377622,9.30809897825017e-88,1.77659389152179e-85
"AFUB_096650-T",913.938049019705,8.14719021010029,0.413522122320656,1.38334458374869e-86,2.59050848937844e-84
"AFUB_015030-T",29429.9424490426,2.29971670131897,0.117353167164072,2.29812689830305e-86,4.22387212326996e-84
"AFUB_001310-T",19234.5123298577,2.46259082429019,0.126317462522876,1.52703248081741e-85,2.75559952220233e-83
"AFUB_092070-T",4349.41257179318,2.84751649605888,0.148915506539282,1.90076325402302e-82,3.36876344574616e-80
"AFUB_037680-T",22956.3349478601,-2.26415695023262,0.11859359632103,3.66452400241573e-82,6.38077205683792e-80
"AFUB_013160-T",13535.6611343475,-3.094886942453,0.162970245222237,1.86172968034664e-81,3.18580466852421e-79
"AFUB_035610-T",16403.1984120547,-3.17310203131752,0.168166367163435,1.7170949046008e-80,2.88850286918016e-78
"AFUB_080140-T",783.133818264631,7.50797081242595,0.398036865624629,6.52813785578535e-80,1.07986280364449e-77
"AFUB_072030-T",9373.79409313913,-2.00506720765678,0.107581368996722,2.42408159981937e-78,3.94409998003397e-76
"AFUB_017290-T",15340.931842665,2.85627997734156,0.155165438717709,1.17441265414394e-76,1.88000735360946e-74
"AFUB_031300-T",18044.5233954125,-2.22681711674969,0.120979113384338,1.50802135643788e-76,2.37573205756286e-74
"AFUB_083440-T",16330.2148605527,1.85978323221559,0.101927568580433,4.09780316917297e-75,6.35479632094402e-73
"AFUB_101090-T",5546.97331386959,-3.77090777359425,0.207974672855584,1.28955519951683e-74,1.96905159310839e-72
"AFUB_088500-T",126821.551140511,-2.13866422766031,0.117787686164508,1.56986537612519e-74,2.36074452394584e-72
"AFUB_044420-T",746.659456039225,7.26103428049328,0.402246481728513,1.13832026894371e-73,1.68624308496513e-71
"AFUB_097910-T",763.727022731983,7.72865442265925,0.429455753310053,5.35414029086109e-73,7.81468270394064e-71
"AFUB_102760-T",748.100409116165,7.20968378335668,0.402490118765911,1.22182427463962e-72,1.75747911968091e-70
"AFUB_080110-T",734.587329795389,6.99169406003815,0.390687482678413,1.51199240150479e-72,2.14378922641929e-70
"AFUB_078010-T",1867.05246847042,3.62265534796676,0.204254439385905,1.80508514958076e-71,2.5233056492379e-69
"AFUB_072950-T",3631.02543732377,7.737652574212,0.437539597771163,3.34618296194062e-71,4.61262026350842e-69
"AFUB_071150-T",705.241428066027,7.93572666279695,0.449863691024481,5.72054929492605e-70,7.77759613043028e-68
"AFUB_098000-T",1521.00277738636,-3.66604140758833,0.209137769403432,6.02304646579647e-70,8.07820759095e-68
"AFUB_014810-T",32368.2402387644,-2.02486279581286,0.115366022515031,6.80163222525534e-70,9.00082664475457e-68
"AFUB_037060-T",28943.5968273711,-1.6958075682294,0.0965429704102539,8.77427065011039e-70,1.14585047634665e-67
"AFUB_071120-T",950.602671476285,9.03272666443196,0.512139068315074,3.2478100109552e-69,4.18630056606888e-67
"AFUB_085510-T",15622.3174591473,-1.76349274335909,0.100860862996999,3.56455831972097e-69,4.53567196451675e-67
"AFUB_075500-T",739.840916397674,7.67930006228379,0.441046646596893,1.47719761116317e-68,1.85584636592335e-66
"AFUB_059550-T",13635.2144407827,-3.00283650366315,0.173397201233805,3.35598901046637e-68,4.16352386610983e-66
"AFUB_046830-T",7122.35957959225,2.42159672504046,0.139966437275007,6.76744991751895e-68,8.29221486807106e-66
"AFUB_021640-T",18559.027027048,-2.68385778246592,0.157894236557715,8.74296687138504e-66,1.05821885607923e-63
"AFUB_052690-T",66203.6495407613,1.82935823358879,0.107377042322063,9.60213323348472e-66,1.14820689569079e-63
"AFUB_022660-T",11434.5242602746,-2.56078165817973,0.151020328344411,1.86424930970607e-65,2.20269933319437e-63
"AFUB_071480-T",652.500402518931,7.64618927329807,0.450275567054656,2.79954750428895e-65,3.26888340941975e-63
"AFUB_061840-T",6234.57424329437,-3.23628135199022,0.191267969464464,3.00614108358537e-65,3.46929654123079e-63
"AFUB_043280-T",4889.45786487316,-2.36361440213788,0.139673581921359,3.7362846120616e-65,4.26237066375993e-63
"AFUB_097930-T",2573.25116579621,-4.16112699339844,0.24657216196273,5.0362219243406e-65,5.68005711353187e-63
"AFUB_080720-T",22122.2779792115,1.94543397944418,0.115560639228482,2.57889244146474e-64,2.87589971702669e-62
"AFUB_073670-T",17066.7860403268,-2.20343789944141,0.13105620753764,2.61910327056388e-64,2.88828888448294e-62
"AFUB_041650-T",23848.9311130734,-1.54920328927235,0.0922293201631413,5.35657905533231e-64,5.84220298067837e-62
"AFUB_036210-T",7160.18005935141,-3.00322440269716,0.179912280316147,1.37686176326756e-63,1.48536445656854e-61
"AFUB_102340-T",665.071270108578,7.3852927526662,0.444317870212411,8.40223539725209e-63,8.9669017545943e-61
"AFUB_087010-T",2317.86976136095,-3.89615507451354,0.235269439957566,9.0764459553077e-63,9.5833751177052e-61
"AFUB_071640-T",7664.63512660831,6.98918825378525,0.424960535241292,5.68065129776161e-62,5.93478569792463e-60
"AFUB_067260-T",4569.34802809438,2.60124424736573,0.157862376791485,7.46536832821531e-62,7.71810215182677e-60
"AFUB_058160-T",9161.70922782582,-2.20880448224084,0.134153043506891,8.48690716580137e-62,8.68376841449263e-60
"AFUB_034620-T",2994.57687285311,-2.95474601227351,0.179821288464089,1.10360393729544e-61,1.11768051812829e-59
"AFUB_092490-T",582.58408720336,5.81919030258422,0.354288442163096,1.23282118927651e-61,1.23593437409791e-59
"AFUB_048360-T",630.286865083803,8.06075470642243,0.488142224484862,1.54799534877835e-61,1.53638538366252e-59
"AFUB_102230-T",656.435157446795,7.29656454762404,0.447231056100462,1.0424195930264e-60,1.02435786740465e-58
"AFUB_097420-T",5735.43375119792,7.58082916434108,0.468949075424116,5.70603510820107e-60,5.55219592636231e-58
"AFUB_049180-T",12338.6273357978,-1.99533767670427,0.12338810594274,1.17975807216679e-59,1.13680571517043e-57
"AFUB_070680-T",4144.24566088471,3.39457241742947,0.211318283411781,4.0365672473667e-59,3.85220480097255e-57
"AFUB_025490-T",8375.47828874711,-1.95574519098727,0.121600703024615,5.38505645969676e-59,5.09016051071337e-57
"AFUB_052060-T",5622.09440615225,1.90151404984382,0.118311541193396,7.12155215920275e-59,6.66805709246107e-57
"AFUB_075300-T",3781.3019040917,2.1549307189735,0.135395254657194,7.46731763559612e-58,6.92646051713005e-56
"AFUB_048750-T",1557.89936493135,-3.60519448784593,0.22778547269234,1.45111095812727e-57,1.33354409809381e-55
"AFUB_070970-T",2484.88130286429,7.64822945573413,0.483863507632605,1.69134754765638e-57,1.54005728536601e-55
"AFUB_024990-T",8026.77861160604,2.45986308327051,0.155142781810219,2.6910422609384e-57,2.42805403998306e-55
"AFUB_074430-T",23684.3176290476,-1.46725306189771,0.0928448795856244,7.3765846328747e-57,6.5957299532686e-55
"AFUB_077995-T",1099.66322843521,4.42809617002481,0.282187041370859,1.21234341660502e-56,1.07433110801829e-54
"AFUB_058080-T",4133.60439998973,2.28991113819126,0.14565106015991,1.43001578513734e-56,1.25600943960072e-54
"AFUB_071930-T",2441.70622524312,2.4928267049212,0.159284330579808,4.09294697644868e-56,3.56337708256607e-54
"AFUB_077850-T",61274.6963505303,-1.64750339856194,0.105863665653075,5.33938535779286e-56,4.60812171096471e-54
"AFUB_097890-T",2530.68853775515,7.25607480432836,0.465628891259952,5.93672017107646e-56,5.07947824982188e-54
"AFUB_080250-T",603.433308969627,8.23247480332862,0.525739538164148,1.89289691243693e-55,1.60572665435355e-53
"AFUB_047180-T",8274.46909944331,2.04203204782186,0.131564532749242,3.9420047793549e-55,3.31562690127944e-53
"AFUB_071140-T",506.763326130388,7.63810946141409,0.490742449125582,4.51423927359628e-55,3.76502729331454e-53
"AFUB_047720-T",3734.83082925027,-2.91692374218002,0.188915158735436,8.20540258449217e-55,6.78655172092373e-53
"AFUB_070430-T",13739.9158080636,-1.62011479112887,0.104603295297993,8.82924460158423e-55,7.24216964220856e-53
"AFUB_097490-T",469.855406152819,6.8763912661425,0.444775251884954,1.03938344485347e-54,8.45563990997597e-53
"AFUB_031120-T",4852.52478114328,-2.70254457935901,0.175462958686424,1.59750541147614e-54,1.28904400072364e-52
"AFUB_006730-T",10558.5004251755,-1.91974832818601,0.125104328700327,6.18636038666554e-54,4.95158280948834e-52
"AFUB_068710-T",15466.8336225284,2.13892027630054,0.14042013258769,3.34727231021136e-53,2.65773421430782e-51
"AFUB_000270-T",4002.38098329767,-2.51028306023585,0.165381380229744,5.31570027973393e-53,4.18716867272692e-51
"AFUB_084750-T",17143.9603728702,-2.29699308462747,0.151470460966645,7.59322513192048e-53,5.93407554600872e-51
"AFUB_009670-T",4772.77279585918,-2.34988981196973,0.155177912255291,1.00940489978342e-52,7.82683096121126e-51
"AFUB_016090-T",28477.7622578276,-1.71590007031785,0.113163290923952,1.19973835669068e-52,9.23054510864726e-51
"AFUB_080240-T",11295.3917835056,7.17704816523512,0.476370005773812,1.6536222736249e-52,1.26247700505593e-50
"AFUB_001220-T",6092.12389688791,2.11925719489415,0.140434724193628,2.77088094590758e-52,2.09931247237654e-50
"AFUB_041370-T",4563.34127027841,2.19128088304356,0.145291505307712,2.98336583409551e-52,2.24317468965136e-50
"AFUB_063490-T",31895.0182230095,-2.06178212783389,0.137050911570626,5.55677143106841e-52,4.14668845513939e-50
"AFUB_096420-T",1818.28612914591,-2.64896849004741,0.176364777721948,5.71759207941581e-52,4.21333340131586e-50
"AFUB_078780-T",1925.31134184359,-2.84962646468238,0.189770240638849,5.73098246022812e-52,4.21333340131586e-50
"AFUB_025320-T",23390.9691637927,-1.78368439315118,0.118745604178545,6.9867071678478e-52,5.09875504712422e-50
"AFUB_033690-T",29004.2449516195,-1.65395274954914,0.110334402761284,1.73517883400537e-51,1.25705473923382e-49
"AFUB_080260-T",583.943513375446,8.46968075345699,0.564152842822927,5.6761601220233e-51,4.08231081239719e-49
"AFUB_002340-T",8625.91231249543,1.62126437656467,0.108697977786578,5.91670255609315e-51,4.22469588987226e-49
"AFUB_062540-T",3926.03505414354,2.17315706511383,0.146204725567266,8.27394078098177e-51,5.865633017946e-49
"AFUB_048180-T",150860.61728296,-1.49313025124321,0.100535353150728,1.07690379731818e-50,7.58033346693827e-49
"AFUB_048510-T",4586.02910925491,7.46713429940805,0.505623886316208,1.50301184873613e-50,1.05052060554268e-48
"AFUB_074120-T",26373.9420344738,-1.46620028987336,0.0993725444569955,6.83614320011046e-50,4.74466582245429e-48
"AFUB_096600-T",1981.19854075537,8.43474777363882,0.577941129261897,1.85889168237492e-49,1.28121527413688e-47
"AFUB_079790-T",530.324289265221,8.17398796893573,0.554686017978081,2.06942006282381e-49,1.41374651591315e-47
"AFUB_026350-T",5974.47303262551,-1.71463267549029,0.116951293964278,2.07966741887476e-49,1.41374651591315e-47
"AFUB_101030-T",5808.68700337876,-7.63459156466992,0.52465944825664,2.89656896721978e-49,1.95567666664328e-47
"AFUB_075375-T",482.897146488761,7.4632883375871,0.511869493795154,9.81248704383426e-49,6.58033337230101e-47
"AFUB_072040-T",6575.96262885584,-1.94807928685735,0.133934599177566,1.05372336780902e-48,7.01892914463388e-47
"AFUB_046870-T",10482.3900782876,-1.86782196202669,0.129140000554832,3.65398092425546e-48,2.41771737821569e-46
"AFUB_091710-T",9301.45914607937,-1.9525186969498,0.135199593842084,4.5621720132353e-48,2.99864617426228e-46
"AFUB_074710-T",10826.2101954186,1.72486249742357,0.1193424708271,4.88627034247934e-48,3.19054165454654e-46
"AFUB_077840-T",6274.50839078547,-1.6534993629002,0.114878381874307,1.18280404978265e-47,7.6727648327404e-46
"AFUB_071080-T",472.108726743674,7.42069551339177,0.51594006306972,1.20645060133032e-47,7.77533910272949e-46
"AFUB_033230-T",11699.8676066692,-2.33544744355226,0.163038141431306,1.88136616747903e-47,1.20468123949867e-45
"AFUB_097800-T",452.688004215606,7.27207897830405,0.507992460202449,3.21667236489525e-47,2.04650469369137e-45
"AFUB_016830-T",61783.798291826,-1.53818363203304,0.107563083413406,4.49648079390976e-47,2.84252050188244e-45
"AFUB_025380-T",11712.7197763858,1.44859025992511,0.101770448465993,6.70426959114635e-47,4.21138453747643e-45
"AFUB_025850-T",42871.1410520679,-1.40867985171441,0.0989082217842768,1.26302516754101e-46,7.88397785399024e-45
"AFUB_035180-T",7487.22038150745,-2.53653133144638,0.17888301341432,1.33668842864684e-46,8.29164540894995e-45
"AFUB_014730-T",17098.5514671074,2.07086507088435,0.146422710078377,3.50709890882996e-46,2.16198488634393e-44
"AFUB_097650-T",17273.3213251759,1.48790381171151,0.105039848409248,3.93355603817702e-46,2.40991010363623e-44
"AFUB_000040-T",404.070964475658,6.29843925003992,0.447620002104834,5.87847960454068e-46,3.57938098620039e-44
"AFUB_081340-T",847.259562006257,3.7980657728714,0.271459013795241,1.35400631557584e-45,8.19421505005499e-44
"AFUB_042130-T",4748.35432225042,-1.80416538953283,0.128908145406801,2.98223577138826e-45,1.79386000188051e-43
"AFUB_101500-T",2699.09719144732,-2.12031834023989,0.151873330048851,3.98096877410151e-45,2.38018765559985e-43
"AFUB_084540-T",1538.33656946708,3.25210009852086,0.233728450010012,4.76056806437167e-45,2.82925976280771e-43
"AFUB_042320-T",24475.9343357408,-1.60860380518955,0.115111666987728,5.18115468622503e-45,3.0608904917133e-43
"AFUB_096630-T",1848.18839610923,7.31082286956951,0.527075977976661,5.51931885647021e-45,3.24137512724656e-43
"AFUB_026880-T",8740.65192706435,-2.06806559887836,0.148468388029447,6.27556951293623e-45,3.6638251421113e-43
"AFUB_071020-T",419.58238628986,7.35073282262285,0.528271196561258,1.07450194756201e-44,6.23650984184384e-43
"AFUB_016730-T",4467.00125425893,-2.29039351448796,0.165301484484102,1.47565614718292e-44,8.51505073301772e-43
"AFUB_067270-T",14725.0023689114,-2.04288196250806,0.147331956261226,1.53399121194703e-44,8.80049871593887e-43
"AFUB_091720-T",12569.6793571463,-1.76869449992257,0.12756301953199,1.92978409162231e-44,1.10075328214663e-42
"AFUB_082870-T",12378.5133534526,1.99882637016726,0.14457064333434,2.94225693820929e-44,1.66868000638441e-42
"AFUB_092080-T",1402.5364221917,3.03007620724044,0.219961789976145,3.5866082425269e-44,2.02256175040224e-42
"AFUB_000120-T",496.744434044437,8.39245003387454,0.603714468706211,5.09644528292933e-44,2.85775251034314e-42
"AFUB_101490-T",10437.2964314838,-1.89026914361139,0.137320481034572,6.60639490457403e-44,3.68362187797176e-42
"AFUB_057130-T",114619.788758295,-2.07772814221072,0.150813860173602,7.81581090466039e-44,4.3336269960198e-42
"AFUB_098020-T",17450.7488443386,1.48440895543346,0.107969925342923,1.46951550795063e-43,8.10274523133888e-42
"AFUB_018790-T",15422.0449121602,1.31981849780294,0.0960755280837047,1.82686091212131e-43,1.00174555540354e-41
"AFUB_010810-T",8556.4191554318,1.5400919451011,0.112970951436995,6.40998985592062e-43,3.49555765494572e-41
"AFUB_058810-T",3444.13493079078,-1.99113832001839,0.146456265875777,6.69385068902351e-43,3.63040809227095e-41
"AFUB_011250-T",3217.01997967888,-2.39160579004992,0.176429709821255,8.71191238732574e-43,4.69922448066348e-41
"AFUB_030090-T",6908.74187092735,-2.5466497995255,0.189148591961353,2.9523494853178e-42,1.58389560225833e-40
"AFUB_062000-T",6131.39097142626,-2.33511347854617,0.174136668240549,6.4213161468058e-42,3.42642810521761e-40
"AFUB_033680-T",6538.13748659484,-1.49593604096598,0.111149934743381,6.52001956117794e-42,3.4604916654915e-40
"AFUB_080230-T",6379.82493368372,6.86061078239199,0.513956039160284,7.38786957396208e-42,3.90024497455179e-40
"AFUB_082130-T",4887.93151424739,-2.30956498828992,0.17265814777186,1.03172898317378e-41,5.41794188253957e-40
"AFUB_043600-T",12679.8440333613,1.41673728231171,0.105560861164933,1.29628925829632e-41,6.77140573083734e-40
"AFUB_085950-T",17067.1788293031,1.47053798003853,0.109604243290388,1.34286694928219e-41,6.977986634359e-40
"AFUB_074730-T",2328.35879205836,2.63273919194996,0.197682391426228,1.99451830560746e-41,1.03102053037261e-39
"AFUB_068160-T",4505.79426553512,-1.70301312019529,0.127721490639624,2.9386071981214e-41,1.51117494514792e-39
"AFUB_020110-T",1744.20306375196,-2.13766588709034,0.161539168619055,7.87046072610418e-41,4.02651147972082e-39
"AFUB_052630-T",4767.26870150181,1.7980891274086,0.136000200999679,1.25701839222287e-40,6.39790130400616e-39
"AFUB_094020-T",5685.15396693662,1.95891681234289,0.148431301624335,1.56291717792603e-40,7.9142617300591e-39
"AFUB_088960-T",3255.48797724509,2.02900347357162,0.154326741925281,2.83186816880805e-40,1.42671530839695e-38
"AFUB_076020-T",4226.90484336664,-1.8307387082283,0.139343733388227,3.54124258177892e-40,1.77509255677555e-38
"AFUB_075400-T",444.040675928411,8.22081055711759,0.62207450792611,3.92323874224573e-40,1.95669067923562e-38
"AFUB_092010-T",1515.45907973444,-2.4882803700521,0.190341109996263,5.34645651581855e-40,2.65317904597495e-38
"AFUB_081260-T",1752.99209194669,3.52792483018424,0.270393971227486,5.4367630591554e-40,2.68457081403569e-38
"AFUB_045190-T",733.502201180709,-4.10028767809309,0.315015634494412,6.34077046292075e-40,3.11545281408359e-38
"AFUB_047950-T",3686.30363250763,-1.83440074799841,0.140502593887853,9.21330331974896e-40,4.50453376593637e-38
"AFUB_045650-T",1693.03455312432,7.56513416658705,0.58296627767634,9.4151813296092e-40,4.58067032825349e-38
"AFUB_070980-T",1706.5682638502,7.51933201414286,0.579703529073335,1.027147667261e-39,4.97289785247093e-38
"AFUB_086300-T",5860.84515536237,-1.58354964509494,0.121302049338288,1.34420954335947e-39,6.47634937759354e-38
"AFUB_030040-T",1085.97326378314,3.75444440295712,0.289745069947266,1.70560955371267e-39,8.17786223217307e-38
"AFUB_093120-T",17600.891432084,2.01262802813799,0.155179606143111,3.26152848286056e-39,1.55628222078803e-37
"AFUB_066480-T",39758.5530166855,1.304595153499,0.101481691069034,5.09871795984402e-39,2.42128113643311e-37
"AFUB_048440-T",5631.46429882522,7.13604006735979,0.55818972386448,1.20856874116337e-38,5.71192607430785e-37
"AFUB_065490-T",23248.6776448277,-1.2974301534697,0.100493947643857,1.22133874532453e-38,5.74492277125399e-37
"AFUB_033660-T",4856.7168898688,-1.78475881797047,0.138718033766708,1.28551817276289e-38,6.01828672861874e-37
"AFUB_065520-T",1666.02058060362,-3.03106174432692,0.238528754410963,4.80813809518201e-38,2.24041176500852e-36
"AFUB_071220-T",8039.26726227485,-2.29451256520994,0.180263787040879,5.13611108349406e-38,2.38205151886348e-36
"AFUB_001500-T",8372.05474540012,1.42491066706225,0.111817614143171,9.52304546856383e-38,4.39610354769749e-36
"AFUB_047540-T",671.711147635486,9.8003584822475,0.754184623965146,1.28607874693023e-37,5.90941276077895e-36
"AFUB_096580-T",369.828517662273,7.78524302263044,0.611275296203685,1.33999967338536e-37,6.12880034946991e-36
"AFUB_004970-T",59657.3660145443,1.2925054694495,0.101647614802234,1.68053879442421e-37,7.65107685076159e-36
"AFUB_072090-T",4177.89804128716,-1.87700270770734,0.148528360173372,2.18087610702854e-37,9.88365085034625e-36
"AFUB_080740-T",2584.5187173882,-2.62967945876057,0.208862773259459,2.49213647527058e-37,1.12429338713911e-35
"AFUB_062450-T",823.83699103239,-4.42312733638164,0.352372223986798,2.64201895068362e-37,1.18651756043144e-35
"AFUB_097520-T",1947.04194509406,6.89025339870003,0.552135253920601,5.9878822300103e-37,2.67701491589425e-35
"AFUB_080950-T",2753.43859871679,-1.97503514343087,0.157540590856947,7.39406379642763e-37,3.29085574796162e-35
"AFUB_027200-T",5778.22827236429,-1.68067203213059,0.134019826594892,8.84306778476805e-37,3.91818963231352e-35
"AFUB_014340-T",18122.9927026414,-1.55537946064029,0.123978819559348,9.6906811140198e-37,4.27466711362873e-35
"AFUB_069950-T",4349.11754601514,1.79972689145641,0.143666794917656,1.02215426002876e-36,4.48888541185197e-35
"AFUB_016800-T",1265.84908511465,-3.71824715736944,0.299360613161004,1.55431675461125e-36,6.79585629494124e-35
"AFUB_033710-T",5024.09276157151,-1.88865638788313,0.151405331969944,1.72018332682394e-36,7.48807873628405e-35
"AFUB_066530-T",3982.59577813881,7.05914896799448,0.572553237084277,3.58739942858129e-36,1.55480084404669e-34
"AFUB_055510-T",11295.2637068199,1.5559573057559,0.125242633783742,4.70708058004242e-36,2.031207598127e-34
"AFUB_096780-T",9371.57535325177,-1.34881523412088,0.108485492783486,4.92856862420712e-36,2.11757764481626e-34
"AFUB_046860-T",1567.25625828445,-2.84371329526986,0.230679870476356,6.02537803330703e-36,2.57766711123156e-34
"AFUB_007820-T",2414.3214767795,-2.09998295412793,0.170608129575978,1.16573335095383e-35,4.96562382326898e-34
"AFUB_093990-T",55331.0603787372,-1.25157960165074,0.101275327199349,1.43256406538057e-35,6.07615314055647e-34
"AFUB_045170-T",2025.26649206764,2.52082697503916,0.205497059591407,1.56459628826066e-35,6.60792262169662e-34
"AFUB_065480-T",13857.6614130575,-1.30294688101393,0.105632298415941,1.83523385207938e-35,7.7180915177491e-34
"AFUB_029140-T",10033.580251771,-1.42315041226219,0.115520366507789,1.8983411642743e-35,7.94980424279426e-34
"AFUB_092090-T",64433.8401065511,7.60748659908126,0.625354528858412,2.89667643721107e-35,1.20796275795462e-33
"AFUB_088270-T",5903.35414731987,-2.06550588800522,0.168966799459365,3.2948542125518e-35,1.3682605882668e-33
"AFUB_096890-T",5791.67309006185,7.37218083869208,0.60850060053444,4.84655139735216e-35,2.00425094244668e-33
"AFUB_093750-T",4181.39867006826,1.54923363538016,0.126863278270473,6.47307744809104e-35,2.66577982042754e-33
"AFUB_071500-T",2312.30679385427,6.76104599874223,0.560415464645289,9.22401567052578e-35,3.78298989793258e-33
"AFUB_072080-T",5037.15550056312,-1.40994652742615,0.11597389590359,1.48280716265421e-34,6.05632143594362e-33
"AFUB_033010-T",1223.79661334214,2.4146047066137,0.200034725087234,1.85607221583807e-34,7.54980194352164e-33
"AFUB_062530-T",2328.90616133412,1.9581307658723,0.162087753701277,2.21197730883811e-34,8.96076522049725e-33
"AFUB_030050-T",3739.28973936394,-1.63838610921981,0.135868736399979,3.69220417961324e-34,1.48963928791307e-32
"AFUB_080030-T",2048.43533390066,7.85456829332379,0.657333539117985,3.75153988488398e-34,1.50745074321755e-32
"AFUB_036450-T",11645.3776450977,-1.96079024418718,0.163342230321864,5.35050916446202e-34,2.14128239747119e-32
"AFUB_065350-T",3266.87432003244,-1.81011694237551,0.150679850579205,5.43326080471649e-34,2.16566720830567e-32
"AFUB_075390-T",6823.58098703468,7.57306803598628,0.636495787602303,6.70405474198958e-34,2.66150973256986e-32
"AFUB_092420-T",2859.76246953472,-2.95976964338365,0.247955496035653,6.85247473284497e-34,2.70959409256918e-32
"AFUB_071130-T",12884.2785605819,7.4686209103893,0.627524172373167,6.91714459434956e-34,2.72431190868728e-32
"AFUB_004489-T",1493.7396211714,-2.25992684627217,0.188929041242385,7.1419589298842e-34,2.80173685292888e-32
"AFUB_071230-T",1769.53925152641,-2.89940146241369,0.243114525651552,7.60428874539873e-34,2.97136085819222e-32
"AFUB_081480-T",2532.9562673553,-2.41962063048583,0.202989679771342,1.08903180068025e-33,4.23868259676527e-32
"AFUB_059160-T",31941.122697711,1.49479696552748,0.124775603438581,1.23938132355459e-33,4.80502329542162e-32
"AFUB_054880-T",3693.98995022967,1.88831287670435,0.158236505885683,1.40247157708495e-33,5.41615968971523e-32
"AFUB_087170-T",20383.0599514923,-1.10878360176529,0.0924582948808695,1.5388208564441e-33,5.91968875977042e-32
"AFUB_076620-T",1083.36652827737,-3.13859234418838,0.264590128715276,1.56250703710913e-33,5.98759936035062e-32
"AFUB_000470-T",3918.14262293664,-1.69585321465051,0.142946517186599,3.7594215572098e-33,1.43508688289643e-31
"AFUB_075290-T",1423.7428545866,7.35975094164961,0.626886623977731,4.5158369926026e-33,1.71722920120999e-31
"AFUB_071700-T",13160.6441155273,1.61915823509614,0.136623747248134,5.77875068403937e-33,2.18908780683553e-31
"AFUB_081360-T",3067.38461409519,1.68874016856095,0.142964560682778,7.0983616856321e-33,2.67875436235356e-31
"AFUB_062990-T",8525.12135860671,-1.90310681597911,0.161554597552321,8.09891265547415e-33,3.04476167066595e-31
"AFUB_044550-T",682.721844244912,3.77515284821139,0.32242192312992,9.09044812730778e-33,3.40463010051056e-31
"AFUB_060140-T",10203.5337501744,-1.333610415278,0.112850960740395,9.88922489718821e-33,3.68987056784184e-31
"AFUB_041040-T",1066.99268683641,-2.93077794751005,0.250358470979272,1.10126408380553e-32,4.09365019916473e-31
"AFUB_090490-T",465.991920105628,-4.73178217789991,0.405368790700904,1.18943881078748e-32,4.40491798397975e-31
"AFUB_092190-T",5499.57549410542,1.70711558577327,0.145178323089581,1.31917248099143e-32,4.86720701629739e-31
"AFUB_071440-T",2426.11374333279,-2.15506872727225,0.184024972523154,1.53020048749896e-32,5.62490364386193e-31
"AFUB_002700-T",785.946804077398,3.30051470370585,0.282986584151452,1.68216027359759e-32,6.1606792307956e-31
"AFUB_013480-T",13670.4487324174,-1.24511688946868,0.105878016006792,1.91882378110879e-32,7.0015904512885e-31
"AFUB_098780-T",3362.28180554284,1.9464617306379,0.166259400099905,1.98297285739362e-32,7.20915956396764e-31
"AFUB_033650-T",3878.41368525941,-1.59666825071528,0.13626437068489,2.28397146889335e-32,8.27314482801696e-31
"AFUB_072940-T",6753.60689190672,7.53804855816695,0.650077433275953,2.50091763040643e-32,9.02603908428502e-31
"AFUB_012400-T",24021.8919186926,-1.65541117520574,0.141554910270436,2.81296920557349e-32,1.01154780309119e-30
"AFUB_083870-T",9150.54886418687,-1.22543601530289,0.104552855454449,3.43165322020287e-32,1.22957249857449e-30
"AFUB_047620-T",1136.6580849204,-3.69293676541618,0.320510290307945,7.17666638328832e-32,2.56217316022074e-30
"AFUB_097880-T",3149.30022244304,7.40775060258304,0.645515270096786,9.9446396405965e-32,3.53765406569607e-30
"AFUB_096100-T",26129.3554581461,1.2081480984641,0.103978549916227,1.20239889640505e-31,4.26207465957863e-30
"AFUB_069520-T",8100.13800844766,-1.97638414908605,0.171179745302418,1.21826512374294e-31,4.30294710076464e-30
"AFUB_049850-T",1395.36922047666,-3.8690176443342,0.337435146596404,1.44975746950673e-31,5.10242655491289e-30
"AFUB_072070-T",1993.13696395041,-2.00052650232039,0.173797306563989,1.79739527031605e-31,6.30358588617907e-30
"AFUB_029260-T",2159.25022858966,-2.9878683433746,0.261339058939958,2.30079826896138e-31,8.04064183783158e-30
"AFUB_059000-T",7235.21650508715,-1.61487536620809,0.140295229828114,2.44623963577131e-31,8.5189222403615e-30
"AFUB_088000-T",9214.7177180333,-1.88431568826162,0.164246679123299,3.01480311265993e-31,1.04622101024999e-29
"AFUB_102050-T",24392.7996584299,-1.46491091476704,0.12652683833939,3.25941993034148e-31,1.12716873897698e-29
"AFUB_049720-T",2927.86104270715,1.56719123860929,0.136975007131365,6.48157471136856e-31,2.23366767396989e-29
"AFUB_055560-T",3161.0867689907,-1.58420217137125,0.138587971638466,6.55373305066574e-31,2.25071974144835e-29
"AFUB_066560-T",16504.5910819057,-1.61599134442469,0.141416010238923,6.6302182803707e-31,2.26913504940273e-29
"AFUB_068500-T",8770.76979358921,-1.86819676530522,0.163838642649551,6.85219365178511e-31,2.33704542934595e-29
"AFUB_012740-T",47869.6774869816,1.52540267497551,0.133260721723742,1.04613427655995e-30,3.5557817448142e-29
"AFUB_071780-T",1217.61010170931,-3.89943043261652,0.345377111367863,1.07559318379161e-30,3.6434342488504e-29
"AFUB_086420-T",11915.1771040272,1.25129714184501,0.109560312810199,1.13214909543891e-30,3.82196590892217e-29
"AFUB_033220-T",8100.98055454706,-2.15194486291787,0.189800148826603,1.1547338695751e-30,3.88499445950266e-29
"AFUB_046180-T",1595.656458848,-2.51735002724351,0.222852296359241,1.51014908790474e-30,5.06359111400491e-29
"AFUB_071510-T",290.220915570384,7.99452717790783,0.698640233458271,1.72788885181564e-30,5.77417402500682e-29
"AFUB_075260-T",288.157684929371,7.98745406704685,0.698692690735256,2.17089982912273e-30,7.23026201477957e-29
"AFUB_080125-T",10913.6122630145,7.60555128206604,0.67974174753016,2.64396902485131e-30,8.77638547546799e-29
"AFUB_090350-T",5512.1580046223,-1.45483177037502,0.129075509498037,4.43123581788377e-30,1.46600051641655e-28
"AFUB_030580-T",3268.49665010928,-1.47033702732951,0.130542667248014,5.14900430982321e-30,1.6978029161128e-28
"AFUB_080310-T",288.926434867674,7.9823989831722,0.704139523231032,5.39222368654346e-30,1.77211324797827e-28
"AFUB_014560-T",8037.04395592406,1.2495849818733,0.110865018991621,6.30862675180159e-30,2.0664396208459e-28
"AFUB_076950-T",6917.02901987517,-1.59589647386483,0.142497226819663,9.03086225511422e-30,2.94839828559239e-28
"AFUB_083450-T",20942.5945572481,-1.13515783263248,0.101148447132327,1.12886645132187e-29,3.67344246864575e-28
"AFUB_071060-T",4028.80840323072,7.60162223687045,0.687753861518516,1.17228746750426e-29,3.80227225979731e-28
"AFUB_015590-T",61315.0498464398,-1.39922672818469,0.124477581638373,1.21253680205033e-29,3.92000904245914e-28
"AFUB_051180-T",10943.4121217247,-1.48749267976253,0.13303466702165,1.24388200338052e-29,4.00828859855573e-28
"AFUB_099930-T",47408.1090093005,-0.999577453918875,0.0891860980486653,1.50863550338205e-29,4.84569817833878e-28
"AFUB_028770-T",37082.1233160175,1.26601076635722,0.113161943473929,1.62533749953378e-29,5.20370151060413e-28
"AFUB_056430-T",11701.6872299459,1.69824370540875,0.153215033321891,3.19154916073755e-29,1.01852493312927e-27
"AFUB_050850-T",4910.23565559566,-1.27319210103917,0.114600878469907,3.4403030379694e-29,1.09439127089251e-27
"AFUB_010210-T",5636.14668507641,-1.40834055493029,0.127292724939172,4.94165369932706e-29,1.56696207558534e-27
"AFUB_096620-T",269.88199073998,7.88946878971865,0.70790847315727,5.42801483958471e-29,1.71570214276682e-27
"AFUB_097785-T",884.513776817972,8.46427616334809,0.775425956206583,6.90056014941943e-29,2.17422411057104e-27
"AFUB_031320-T",15551.7969395157,-3.20681582551972,0.293539831555862,7.88226289125023e-29,2.47567908847021e-27
"AFUB_102350-T",255.358189250761,7.5833973702375,0.686672091907637,8.38238476598717e-29,2.62445327452437e-27
"AFUB_072600-T",3391.69951342418,-2.32473405386038,0.213410352294887,1.47007010522243e-28,4.58819050136247e-27
"AFUB_012000-T",31070.424085242,-1.22099787469869,0.111567644082588,2.23185623307342e-28,6.94394141481306e-27
"AFUB_045680-T",294.43084459024,8.26973362958015,0.748744226567772,2.4025840635463e-28,7.45176463459283e-27
"AFUB_085740-T",6167.39231512669,-1.69117299633435,0.154363851548107,2.51892342062305e-28,7.78826010893576e-27
"AFUB_097560-T",1739.48192217336,7.50772007594874,0.697252365265,2.69147727657426e-28,8.29593539440979e-27
"AFUB_020350-T",11979.2899287313,1.43272249285051,0.131296397781147,2.94507519278496e-28,9.04949575491972e-27
"AFUB_090420-T",7565.39934672452,-1.38840174411214,0.12734233943477,3.16194006795763e-28,9.6858812266912e-27
"AFUB_097530-T",5741.38578613089,7.21348591498524,0.670989977050493,3.33918491895549e-28,1.01818182573441e-26
"AFUB_010190-T",5631.09256674323,-1.70258778572286,0.15655237162014,3.34435541752561e-28,1.01818182573441e-26
"AFUB_086290-T",6313.34370643157,-1.43730897214022,0.132010695948109,3.59964770681929e-28,1.09255362355295e-26
"AFUB_080170-T",5031.56757492955,7.16708712261818,0.668872353244173,4.82535562803575e-28,1.46011142098338e-26
"AFUB_001950-T",724.835116033011,3.78169011839512,0.352336005686092,4.89600225285651e-28,1.47698548205474e-26
"AFUB_045500-T",670.725852946833,-4.00160865766018,0.373843363218752,6.98413888461708e-28,2.10053267969165e-26
"AFUB_099760-T",1377.68348108548,-2.47215457289358,0.230292203649244,7.79593336356679e-28,2.33760237563143e-26
"AFUB_007600-T",5200.49813197197,-1.41716283539648,0.131075593477366,8.11722676099744e-28,2.42661071093071e-26
"AFUB_090510-T",816.902949348822,-4.41012899881934,0.41323374725886,8.33019141609145e-28,2.48279729143266e-26
"AFUB_056940-T",13195.4939211428,1.22894216223004,0.113585840895655,9.76559849321242e-28,2.90190314506387e-26
"AFUB_044280-T",4463.16667309253,7.38101119437921,0.695265539581679,1.39358209968961e-27,4.12874696699085e-26
"AFUB_020260-T",1803.58164933316,2.06796820489674,0.19324080894104,1.51964102463361e-27,4.48882058615731e-26
"AFUB_073710-T",2589.07528229404,1.92207333283881,0.179911402865981,2.05997586340604e-27,6.06684286181157e-26
"AFUB_066680-T",3764.45957543044,-1.4459907007458,0.135016973795214,2.38284463027154e-27,6.99696241285356e-26
"AFUB_057610-T",14594.6962885738,-1.02635792328221,0.0956696450742586,3.14482551928525e-27,9.20719565749443e-26
"AFUB_099580-T",1032.75417682389,-2.52554737014575,0.238288689442004,3.34705775224708e-27,9.7704553503095e-26
"AFUB_068360-T",14473.5522657047,1.31659792228943,0.123332236028342,3.90834435570754e-27,1.13754597449845e-25
"AFUB_085890-T",4905.31457130925,1.49923382540256,0.141264396338861,6.64119099724303e-27,1.92730469729933e-25
"AFUB_082880-T",9751.40772177624,1.53500084974558,0.144731136146564,6.91863304003128e-27,2.00196597441138e-25
"AFUB_090710-T",2202.10260396421,2.83585829636004,0.269658144645607,7.70845514010786e-27,2.22402375772007e-25
"AFUB_033720-T",28592.4144231489,-0.981136727628642,0.0923602407581461,1.06853662869015e-26,3.07397856224629e-25
"AFUB_097900-T",1883.41221938607,7.67231864546932,0.736428142831448,1.10650516670505e-26,3.17400687270164e-25
"AFUB_017920-T",7055.55393288282,-1.64160378856543,0.15623482436101,1.67343895446413e-26,4.78642121701917e-25
"AFUB_092330-T",1766.87765917836,-1.89228883774142,0.180519480088896,1.72760832204628e-26,4.92715879204291e-25
"AFUB_044180-T",321.54081263464,8.69621755827881,0.819889354303464,3.70632508260924e-26,1.05401938237526e-24
"AFUB_042210-T",133554.106259568,0.952634712596016,0.0908378279191705,4.183064636876e-26,1.18619761488555e-24
"AFUB_030870-T",17503.3246681303,-1.40324558995267,0.134412120424512,4.24537797881061e-26,1.20043807520499e-24
"AFUB_066450-T",35505.2616129776,-1.02315030025222,0.097551415271144,4.2770363663747e-26,1.20595414591673e-24
"AFUB_026440-T",109762.057086059,-1.05692905526671,0.100973028257889,5.12796254262049e-26,1.44178550242233e-24
"AFUB_084560-T",1992.43716263049,1.92599998936746,0.185712747405845,5.65042626819705e-26,1.58419437039141e-24
"AFUB_030060-T",1797.463392748,-2.0328789762683,0.196666043515441,7.04582514422661e-26,1.96851517791663e-24
"AFUB_018830-T",3805.3437822726,-1.70490727848099,0.164493385639809,7.06087056260273e-26,1.96851517791663e-24
"AFUB_071050-T",4700.06418358318,7.28306325797163,0.712390819508086,8.45024197149392e-26,2.34926194865762e-24
"AFUB_079330-T",1417.78583925957,-2.21582859397996,0.215633483649935,1.1601487495925e-25,3.21633417310212e-24
"AFUB_017740-T",7740.57783302996,-1.0915661576323,0.105239195484327,1.31997073548897e-25,3.64922271580168e-24
"AFUB_087060-T",4116.55002138429,1.56216232355969,0.151509207609543,1.49996595612742e-25,4.13532280960129e-24
"AFUB_071160-T",6957.88397813963,7.45788401811281,0.733731653400931,1.52344847886841e-25,4.18842829716592e-24
"AFUB_018250-T",23763.3708355724,-1.12988983655399,0.109223535822338,1.68140703782881e-25,4.60993504156104e-24
"AFUB_024260-T",7167.37794377444,-1.31981445482945,0.12818931221611,2.31026217875728e-25,6.31662592952231e-24
"AFUB_076960-T",5517.46552798822,-1.50042276593968,0.146130116733317,2.39791969020122e-25,6.53828377067228e-24
"AFUB_069620-T",15994.3216421166,-1.10058606710722,0.106892990329075,2.9054378214633e-25,7.90040284329406e-24
"AFUB_017420-T",6289.64620953907,-1.38165355152974,0.1346021275215,2.93397929032587e-25,7.95621433237274e-24
"AFUB_094750-T",15964.6371700625,-1.18653291006801,0.115373873358187,2.94556750795361e-25,7.96587398268109e-24
"AFUB_025150-T",21421.1697067739,1.03900587502477,0.10132562595439,3.11647976957496e-25,8.40517981332377e-24
"AFUB_004900-T",15270.5176617074,-0.995223781661572,0.0966167868091092,3.12591502158415e-25,8.40777956347499e-24
"AFUB_046060-T",66001.5079678586,-1.19656543361079,0.11645473536234,4.10621008663965e-25,1.10146311107834e-23
"AFUB_096030-T",6682.7584001386,-1.44678094438116,0.142200134223359,6.80011424903002e-25,1.81916803023243e-23
"AFUB_100120-T",22733.356151045,1.14686917018866,0.11251852793014,8.51813424916787e-25,2.27264737696213e-23
"AFUB_065690-T",13030.6153472594,-1.01207472148655,0.0992705992216685,9.35685867443922e-25,2.4897271405847e-23
"AFUB_079770-T",340.389828458448,9.17811935084853,0.882213770540781,1.03007388669631e-24,2.73355169129971e-23
"AFUB_086830-T",300.050265850515,-6.02710138498849,0.602896093657558,1.2679938989839e-24,3.3559571859774e-23
"AFUB_029980-T",11208.0692688077,-1.22430986504563,0.120792013903023,1.29945374672341e-24,3.43007405218879e-23
"AFUB_051570-T",16022.6624182697,-1.11434010991985,0.109832937239996,1.36193372379236e-24,3.58546212430748e-23
"AFUB_048480-T",214.832665841999,7.53479063496259,0.744860888520037,1.60883006298851e-24,4.22424295639178e-23
"AFUB_036740-T",17325.0916435236,1.02466518366378,0.101541354725209,1.87025277734547e-24,4.89769361877409e-23
"AFUB_096880-T",206.321133313312,7.48149873338975,0.739697854620999,1.88354360900566e-24,4.9195185051003e-23
"AFUB_041600-T",8597.22522823636,-1.57671268952848,0.15682782952042,1.96976842413335e-24,5.13122089488806e-23
"AFUB_094660-T",3733.09699516303,-1.59957942644086,0.159613494925377,2.67840245621766e-24,6.95893831883776e-23
"AFUB_094610-T",76661.2581285284,-1.17401800293271,0.116186796739009,3.05777243462547e-24,7.92386198790021e-23
"AFUB_027840-T",9640.26396801455,1.15784393262298,0.115154053883804,3.34588340425816e-24,8.64788874668288e-23
"AFUB_005170-T",6113.18467508424,-1.47374042066659,0.147234708896986,3.46894214793532e-24,8.94266255019688e-23
"AFUB_097290-T",943.367576520272,-2.59004365585259,0.261184394575586,3.68307383226036e-24,9.47007973709433e-23
"AFUB_074890-T",7433.58078562435,-1.29303785099616,0.128997863843078,3.71627645365174e-24,9.53076067247894e-23
"AFUB_072100-T",3664.33008613413,-1.62501982026055,0.162893951869661,4.11151157982231e-24,1.05172042344681e-22
"AFUB_079810-T",355.992581992583,9.23604960492461,0.902636655446943,4.32095009746348e-24,1.1024532061009e-22
"AFUB_085940-T",8633.43284080918,-1.55945501695186,0.156461067963266,4.81874671919782e-24,1.22630926123175e-22
"AFUB_087770-T",657.108874063082,-3.09070912350632,0.313582860885226,5.49060688066269e-24,1.39371542942653e-22
"AFUB_036750-T",2794.93755612343,1.66781092656883,0.167952981067591,6.63374378577578e-24,1.679589466169e-22
"AFUB_060250-T",1344.91075675911,-2.52287313657479,0.256001754210382,7.52770644438913e-24,1.90108108042143e-22
"AFUB_097510-T",11034.0209317559,7.53203291362093,0.771016760461387,8.30842329262827e-24,2.09292134972933e-22
"AFUB_075780-T",3854.43375124513,-5.58121200826514,0.571695611298803,9.06162713594952e-24,2.27687719808352e-22
"AFUB_028939-T",4686.09772914721,1.3357179845753,0.134477681558901,9.24503343465584e-24,2.31709486967069e-22
"AFUB_097430-T",238.907935630356,8.25810624192471,0.822112843008585,1.06450878371555e-23,2.66127195928888e-22
"AFUB_036020-T",12344.2148988351,-1.1499119355847,0.115829945768456,1.13429736076668e-23,2.8286184184948e-22
"AFUB_022430-T",8232.75500044239,-1.16310036523786,0.117228663163292,1.2295146468137e-23,3.05837916531978e-22
"AFUB_062400-T",482.089342331911,-3.35734966621291,0.344168496532543,1.32770499515759e-23,3.29436801923477e-22
"AFUB_096510-T",714.439320011891,2.62203963521249,0.268361012048775,1.67108503702558e-23,4.13603964899723e-22
"AFUB_044530-T",2376.32898231656,2.08912879619107,0.21327311387121,1.74418332302967e-23,4.30622375150982e-22
"AFUB_090360-T",3052.29295534224,-1.34705962995071,0.136613340224273,1.79973314071473e-23,4.43234526590414e-22
"AFUB_044350-T",2328.44371236196,7.58781083479971,0.783450628068741,1.84924414098731e-23,4.54300695527205e-22
"AFUB_092430-T",1351.93875209436,-2.1932453115771,0.224667286108309,2.13096850369479e-23,5.22218824670885e-22
"AFUB_071740-T",606.614534887021,-4.73280354999119,0.488958595674362,2.32991990121785e-23,5.69567857625298e-22
"AFUB_048590-T",298.211904405397,8.98211797444004,0.891715050398991,2.49172461524748e-23,6.07625720057278e-22
"AFUB_007730-T",220886.543534794,0.969859717025409,0.0989977158358027,3.66351436337353e-23,8.91185785698096e-22
"AFUB_098290-T",7865.58556124467,-1.22681605718818,0.125158770084379,3.7612083610676e-23,9.12713764880096e-22
"AFUB_056480-T",12972.1690624529,1.07374681875791,0.10948861382073,4.51130744253121e-23,1.09206649675908e-21
"AFUB_000630-T",32497.8364144445,-0.940277882414119,0.0958189248097784,4.54147968099255e-23,1.0966955190718e-21
"AFUB_044380-T",221.21323093002,5.42684959513467,0.563411563364556,4.5874219106664e-23,1.10510103066418e-21
"AFUB_097750-T",8438.01773255464,-1.27411184520777,0.130518553765279,5.22372543837687e-23,1.2553383771402e-21
"AFUB_038630-T",27092.1093816512,-1.09538544856287,0.112155100085474,6.30482872809806e-23,1.51148369870467e-21
"AFUB_091770-T",7712.24108783868,-1.30618904055714,0.134312586752164,7.02684852128661e-23,1.68051738731975e-21
"AFUB_000020-T",197.17407016115,5.91385767780226,0.616860922106277,7.53042780139721e-23,1.79662249829008e-21
"AFUB_075270-T",11501.6909177498,7.0415289852963,0.740236732311167,1.04024005805349e-22,2.47587112138631e-21
"AFUB_070460-T",3378.83950857607,-1.36961248869279,0.141704911875758,1.19701053264326e-22,2.8421840996374e-21
"AFUB_049200-T",4478.90069333395,-1.73625414774765,0.180702279537788,1.39579346654939e-22,3.30626495358059e-21
"AFUB_075710-T",479.178310057939,-3.28793340859934,0.34552747976691,1.45212973107012e-22,3.43152085258832e-21
"AFUB_018130-T",2567.43161336633,-1.4481075177353,0.150390295580047,1.54831222258027e-22,3.65011848197367e-21
"AFUB_078520-T",9232.93340196115,-1.02979621540232,0.106441433078943,1.68957075272401e-22,3.9736942466317e-21
"AFUB_060130-T",5229.24833901865,-1.14278517693655,0.118484717365518,1.94543525486732e-22,4.56464418547473e-21
"AFUB_065500-T",1113.32924164004,-2.27656449058344,0.238863921732665,1.95824255542404e-22,4.58385786853386e-21
"AFUB_087030-T",714.203994132998,-2.84801574038305,0.299875806886596,1.99193404554845e-22,4.65175185931021e-21
"AFUB_095900-T",35221.5853500309,1.0616134425465,0.109950854218911,2.0493758680879e-22,4.77466091332685e-21
"AFUB_000980-T",6342.00072178491,-1.5928504058764,0.166254867854368,2.10821307344575e-22,4.90023764729486e-21
"AFUB_056340-T",2029.46092966185,-2.23728560670534,0.23505581332756,2.24143729033962e-22,5.1977254922011e-21
"AFUB_055820-T",108637.914174105,-0.929079688580689,0.0964117466540718,2.56832900058601e-22,5.94188003049328e-21
"AFUB_079860-T",177.391756800406,7.03381615718038,0.735286171626253,2.58851864100409e-22,5.97466221208501e-21
"AFUB_072060-T",1210.4028412077,-1.89672261400808,0.19932680754486,3.314809182469e-22,7.63329028677605e-21
"AFUB_070810-T",10421.8228956172,1.56822356052237,0.164541310146044,3.7241616811769e-22,8.55608904761127e-21
"AFUB_021240-T",20046.8026941771,0.927229158532879,0.0965611689584731,3.81338636090469e-22,8.74084518059561e-21
"AFUB_088580-T",1126.25836206185,2.24774129338219,0.238474024689937,5.67806912397123e-22,1.29849852662245e-20
"AFUB_079220-T",434.333196077733,3.05825809598608,0.325873161943499,5.70615791707897e-22,1.30190506183335e-20
"AFUB_086200-T",19041.2718970558,1.02193567239039,0.106976767697543,5.71920007011932e-22,1.30190506183335e-20
"AFUB_021290-T",3002.0897793025,1.96595613580691,0.208615060352351,6.4821289848307e-22,1.47219977515892e-20
"AFUB_077330-T",24505.5250696496,1.08717667864395,0.114086664286705,6.70037029482153e-22,1.5182916706873e-20
"AFUB_046280-T",179.813251668671,-6.6627259266738,0.71078530580001,6.98795811903054e-22,1.57985157930246e-20
"AFUB_071600-T",2746.77837983042,7.63802721615722,0.822505970458143,8.23531773584065e-22,1.8576256483686e-20
"AFUB_045840-T",384.842225669287,-4.39429809049081,0.471742432987086,8.43259767064303e-22,1.89781251431139e-20
"AFUB_041070-T",3190.10778619162,-1.59664974005849,0.169601027890036,1.05014950280358e-21,2.35808457360307e-20
"AFUB_048450-T",173.972423495377,6.48436805926965,0.69411644436262,1.0921500250923e-21,2.44685981919663e-20
"AFUB_083950-T",1843.93311692911,1.66393897588929,0.176934311158656,1.11509189988272e-21,2.49263223115675e-20
"AFUB_075810-T",1523.12604311335,-2.37088331433523,0.253690467612183,1.11980049240893e-21,2.49753255891206e-20
"AFUB_065540-T",18979.5875411323,0.895487845937047,0.0942981547749049,1.13076592243137e-21,2.51633447985007e-20
"AFUB_036410-T",2604.21599049252,-2.39734450480655,0.256828363567852,1.17636743012687e-21,2.61195676599758e-20
"AFUB_088310-T",756.859559288092,-3.164677645682,0.340850595036472,1.35668050505558e-21,3.00559241354389e-20
"AFUB_034980-T",3183.93172357461,1.40063147794603,0.148960240200995,1.49818348335237e-21,3.31168620763302e-20
"AFUB_097460-T",178.590052038251,7.24983808710725,0.772542720309389,1.59136081358972e-21,3.50983468330622e-20
"AFUB_080300-T",3578.21611559474,7.39397111649127,0.8044970181405,2.09239935239305e-21,4.60467041518869e-20
"AFUB_080320-T",12665.7570216752,1.26865097070596,0.135696748286703,3.19139506104322e-21,7.00765397806503e-20
"AFUB_074440-T",10275.6736748184,-1.04826581836488,0.11205968367951,3.55853677342671e-21,7.79657339431791e-20
"AFUB_079060-T",5197.26548363804,-1.34447451421232,0.144513946201696,3.9304999279695e-21,8.5925576619157e-20
"AFUB_092350-T",971.910023721178,-2.52779627710602,0.275081505672664,4.27106156187804e-21,9.31654637398671e-20
"AFUB_040460-T",4598.60576435589,1.32682733084979,0.14266041898859,4.32225136511409e-21,9.40753175411346e-20
"AFUB_085720-T",6775.65864703951,-1.09927179122857,0.118008573120324,4.70638089148535e-21,1.02211882599545e-19
"AFUB_017580-T",838.490842366551,-2.41278946005897,0.262764189823371,4.74013880811738e-21,1.02720256922631e-19
"AFUB_078180-T",2984.12655245869,-1.54263479938662,0.167012840164177,5.8721825163839e-21,1.26974752669085e-19
"AFUB_085990-T",8179.15953398631,0.958229200848188,0.103619508559167,6.10569742152686e-21,1.31737058497074e-19
"AFUB_068300-T",6360.54844518768,1.08454754740424,0.116824890541895,6.95672104551534e-21,1.49773224244555e-19
"AFUB_024330-T",10642.1443962967,-1.10404826662133,0.119067139237315,7.0499909352829e-21,1.51452727343469e-19
"AFUB_050450-T",7338.30701442431,1.27401336546419,0.137788813541739,7.82220051863409e-21,1.67678920404845e-19
"AFUB_021370-T",45208.3260884925,0.920822430629872,0.0991993063586445,9.25321806169773e-21,1.97927132030927e-19
"AFUB_097920-T",1927.81955767432,7.85418764906687,0.871446709321678,1.00595418057824e-20,2.1471172563955e-19
"AFUB_093260-T",2630.1882682284,-1.75231828001557,0.19192118423863,1.27116013048817e-20,2.70735285302469e-19
"AFUB_086630-T",303.021157122515,12.8317645927563,3.14663094691221,1.48290267031863e-20,3.15156509698338e-19
"AFUB_041050-T",732.719604746127,-2.86323554085848,0.316873720841546,1.50588989811764e-20,3.19358060658495e-19
"AFUB_066270-T",2591.30219471544,-1.78323413179865,0.196688751761456,1.86725325940496e-20,3.95149010652329e-19
"AFUB_011080-T",1693.89534726784,-2.3689111479907,0.262366425540578,2.02286784139743e-20,4.27169432465309e-19
"AFUB_024730-T",3956.49179408138,-1.30707181125385,0.143136154023381,2.03996484251444e-20,4.29865203013925e-19
"AFUB_000110-T",5726.93829995597,7.63627076211563,0.855169553364898,2.21994476080054e-20,4.66799825231893e-19
"AFUB_096340-T",6324.78329310361,-1.49338175387367,0.164330523404623,2.44079892794043e-20,5.12154954752828e-19
"AFUB_069010-T",2080.28700720209,-1.62024805681444,0.178637737406071,2.52097683252468e-20,5.27862765038132e-19
"AFUB_001790-T",34462.4039673014,-0.806225977285999,0.0877730175049889,2.57105705546843e-20,5.37215605800509e-19
"AFUB_075460-T",218.710438348986,8.51456667263685,0.915193848070718,2.57969780495368e-20,5.37888670465656e-19
"AFUB_071090-T",167.159077981438,6.42703374372407,0.714387499221482,2.78017958531922e-20,5.78475521683297e-19
"AFUB_089430-T",23062.9214509733,-1.06257305468975,0.116375746768879,2.8531246361926e-20,5.92411339209447e-19
"AFUB_035770-T",5622.41061183489,-1.16563338491494,0.128003158501608,3.11043533015323e-20,6.4448999273008e-19
"AFUB_029670-T",1025.90768657015,-1.94970956724525,0.216328812521748,3.17489848520731e-20,6.56476405535053e-19
"AFUB_102330-T",180.094710770704,7.50817330472344,0.827144121096714,3.39973760157428e-20,7.01505108017146e-19
"AFUB_081730-T",767.96639323422,-3.41541248818462,0.383029851627541,3.63951682411103e-20,7.49423329446098e-19
"AFUB_097610-T",264.910188250839,-12.8474847774938,3.27737934437368,3.90991430474558e-20,8.02492706791355e-19
"AFUB_066520-T",2937.46352430797,7.22840013540637,0.815161781148338,3.9134153157382e-20,8.02492706791355e-19
"AFUB_013050-T",2295.74873388605,-2.40921380582793,0.269145392033067,4.06662835571886e-20,8.32191472794013e-19
"AFUB_081400-T",1793.89264708898,-1.59769592104785,0.177550931804261,4.98590959759318e-20,1.01821301967309e-18
"AFUB_047190-T",719.792518533362,2.36110697202411,0.264432923308308,5.36998616225125e-20,1.09439656386743e-18
"AFUB_058290-T",2320.65801180659,-1.49441352871722,0.166037379791537,5.47889862040666e-20,1.11430468867902e-18
"AFUB_062130-T",629.552216148092,2.45578796047482,0.275424564655142,5.63393332720478e-20,1.14349260270976e-18
"AFUB_081940-T",27907.4319412651,1.05159018943756,0.116145316433154,6.38859605709695e-20,1.29401665034056e-18
"AFUB_095040-T",905.712319952377,-2.04674192525026,0.229853072710502,7.7894572180668e-20,1.57454914234853e-18
"AFUB_063930-T",1502.12939118733,-2.20969119524014,0.248580507380675,7.8136578579034e-20,1.5762307772295e-18
"AFUB_044500-T",9204.96369846044,-1.10813792735945,0.123029209828692,8.28167526458435e-20,1.66725409738336e-18
"AFUB_056460-T",4070.91810670787,1.11967587766724,0.124334274870463,8.57724634167337e-20,1.72326254941515e-18
"AFUB_079180-T",4466.73287324559,4.50603209628195,0.511664026553895,8.78218596237969e-20,1.76087263993169e-18
"AFUB_092700-T",372.839362452345,-3.10555496677423,0.351812950617242,9.00225312634098e-20,1.80135811046238e-18
"AFUB_080220-T",254.600691952373,12.5544721868393,3.12569753161631,9.10448234140804e-20,1.81814863658903e-18
"AFUB_071110-T",2370.03572727439,8.2337612078561,0.939968548240735,9.36473023115951e-20,1.86636440851924e-18
"AFUB_075420-T",1626.05259817455,2.06472753293079,0.232750097542186,1.08111801567014e-19,2.15031990090704e-18
"AFUB_002520-T",22678.8975719798,-0.872153380588635,0.0968495662259774,1.10925603607492e-19,2.20187323160872e-18
"AFUB_027660-T",14108.7825120468,1.07868555246499,0.120771338929828,1.7696676753955e-19,3.50577877810387e-18
"AFUB_044340-T",982.551115039521,7.67846748991189,0.883372770256665,1.87432084820127e-19,3.70570406740987e-18
"AFUB_068720-T",4635.2531088894,1.36497776046494,0.15359722698007,1.91362415344699e-19,3.77588861291479e-18
"AFUB_066140-T",3536.7309708867,-1.54005169029128,0.174251951106607,2.24937559773082e-19,4.42957396973777e-18
"AFUB_091700-T",3098.056712022,-1.66774043675376,0.189041554293506,2.27685182871929e-19,4.47480285149286e-18
"AFUB_084890-T",466.45711299576,-3.68071253461536,0.423524822787149,2.53745697910368e-19,4.97712658450672e-18
"AFUB_066690-T",1025.28356589268,-2.11432889694318,0.241319016693326,2.65870298333641e-19,5.20466017941103e-18
"AFUB_060620-T",9082.6211003526,-0.960965544352456,0.108071649946887,2.87029321963748e-19,5.60780712694921e-18
"AFUB_006130-T",3274.82022663183,-1.41032522900449,0.159930743151396,3.11007232146229e-19,6.06433551876488e-18
"AFUB_076340-T",4366.49458391125,-1.12249064608645,0.126743621611404,3.18178691109285e-19,6.19200688090129e-18
"AFUB_037970-T",18090.6195620547,-1.03545432802178,0.11718063494105,4.28598854508924e-19,8.32454722309408e-18
"AFUB_031510-T",1034.08174429809,-2.10838701269225,0.243257191615947,6.16889587082694e-19,1.19582600621011e-17
"AFUB_097850-T",4566.8594394383,6.64492075418231,0.777377730336881,6.81156505179326e-19,1.31783203000094e-17
"AFUB_049710-T",1837.18324071409,1.54225897720246,0.177021342274287,7.13464172294052e-19,1.37635404930916e-17
"AFUB_077130-T",5417.79238679835,1.41538330356142,0.161964200131667,7.1417867546017e-19,1.37635404930916e-17
"AFUB_039180-T",4035.57591691162,-1.12935029391809,0.129128326949062,8.44656413390841e-19,1.62465405095041e-17
"AFUB_058020-T",881.614894911518,-2.81618181513977,0.328405829380448,9.23103059577019e-19,1.77210790450714e-17
"AFUB_086030-T",81641.6180992014,0.831016258750097,0.0946566959313083,9.57355974645537e-19,1.83431622555154e-17
"AFUB_025880-T",21446.3425322472,1.03946983646568,0.118891162936759,1.01433382365884e-18,1.93974242770982e-17
"AFUB_085970-T",1000.50625650416,-3.08634586259469,0.360955960190839,1.03859426830171e-18,1.9823169447874e-17
"AFUB_006850-T",4051.50932998607,-1.19487847653017,0.137189407525259,1.06155836214109e-18,2.02225849217857e-17
"AFUB_071070-T",1275.61966597922,7.18798305070661,0.846722785594424,1.08167268510377e-18,2.05662862062354e-17
"AFUB_054570-T",2922.52590254752,1.21136405957301,0.138883053300938,1.09820852879196e-18,2.08407641458129e-17
"AFUB_080340-T",7561.11193026299,1.18782407399416,0.136454728188235,1.19153019992799e-18,2.25685825081781e-17
"AFUB_049670-T",1319.6614574961,1.94057079152006,0.225513071786136,1.25256705560704e-18,2.36794819559997e-17
"AFUB_052050-T",1638.79462109043,-1.83855447654747,0.213614737496886,1.29385364622366e-18,2.44134932296004e-17
"AFUB_089040-T",17216.4365255563,-1.10485677048316,0.126526461532086,1.3836475649304e-18,2.6058258219989e-17
"AFUB_017590-T",665.38556436705,-2.61771473519079,0.307213667398692,1.59374678471938e-18,2.9958213708977e-17
"AFUB_050210-T",1403.03911862354,1.9574109369307,0.22863079620539,1.79908121206742e-18,3.37540284116618e-17
"AFUB_021280-T",401.607199871155,4.63463431295601,0.548564509317261,1.85764557523411e-18,3.47870421399973e-17
"AFUB_037570-T",1434.19162294005,-1.65942534720326,0.193340586716225,1.88616124132266e-18,3.52545203768877e-17
"AFUB_027610-T",6031.57845145373,-1.55093551103108,0.180436476298111,1.89366142567185e-18,3.53281760334457e-17
"AFUB_100690-T",603.727243439509,-3.14772908868996,0.371373622046682,1.91878794929632e-18,3.56665717243896e-17
"AFUB_019100-T",21424.7889107371,-1.05347168566224,0.121144705889775,1.91898733509562e-18,3.56665717243896e-17
"AFUB_084520-T",2286.71490538105,1.56963604757956,0.183117626313564,2.35753224744489e-18,4.37355281418514e-17
"AFUB_092785-T",4777.58400212284,1.29293232002617,0.150307216101401,2.51946766415168e-18,4.66524562811668e-17
"AFUB_065710-T",3992.26588316856,1.33092651258961,0.154853842866124,2.56147552953765e-18,4.73419825524417e-17
"AFUB_084590-T",560.962234509247,-2.74558119329842,0.324920834222718,2.78695766388895e-18,5.14136706581744e-17
"AFUB_066410-T",1323.69922376509,-2.16335226469712,0.255064372530297,2.87789931900172e-18,5.2992858517796e-17
"AFUB_097830-T",152.986124374878,7.58022142172858,0.878045836080789,3.02337075137261e-18,5.55684346432837e-17
"AFUB_071770-T",406.23829553598,-3.77035322447996,0.448883829533072,3.0366643370944e-18,5.570959989956e-17
"AFUB_090800-T",5987.6186961854,1.00844064492861,0.117063981881642,3.24021907295974e-18,5.93342699245856e-17
"AFUB_070010-T",194966.494984109,-0.792720907494308,0.0922933605547086,3.25924509042643e-18,5.95727578682916e-17
"AFUB_026820-T",15376.6823145237,-1.0296592096803,0.119556389466462,3.31803699645247e-18,6.05358771871154e-17
"AFUB_081500-T",4416.43205940595,-1.1022090035235,0.128343855126444,3.32976215445595e-18,6.06383291430739e-17
"AFUB_083930-T",5098.30542512529,-1.44784029397884,0.169371882311839,3.50359594100469e-18,6.36871606492154e-17
"AFUB_086340-T",7876.91588927533,1.01517421334093,0.118017285937667,3.57986921706405e-18,6.49546654101658e-17
"AFUB_022370-T",36245.4842503923,-1.01815624484423,0.118497117106186,3.70315391428253e-18,6.70689828453541e-17
"AFUB_100200-T",11252.457310751,-0.828050397310294,0.096141174244685,4.02475918723757e-18,7.27609015179105e-17
"AFUB_055760-T",5049.86433268772,-1.19541535110562,0.139723921914103,4.14164491216481e-18,7.47378650058832e-17
"AFUB_071810-T",681.741287146271,-3.27552363896325,0.391201257450897,4.42861157730922e-18,7.97712702446352e-17
"AFUB_092120-T",2323.1087463874,4.39049287853823,0.525976342753194,4.4514674183962e-18,8.00377067528665e-17
"AFUB_078070-T",24050.6401643327,1.02202143188328,0.119122088065382,4.52712532084939e-18,8.1250847756655e-17
"AFUB_043230-T",999.969988288229,-1.8213831579767,0.215239932634756,4.5588533854961e-18,8.16725990091133e-17
"AFUB_097810-T",3435.3942858262,7.81535088247553,0.940355926254139,4.68101263506493e-18,8.37100007261612e-17
"AFUB_037420-T",3109.66457638396,-1.15453465309235,0.135154425153887,4.88489456994856e-18,8.7198882386222e-17
"AFUB_044300-T",2463.44869248773,7.3691377368798,0.887065908368356,4.92439843809084e-18,8.77462378780101e-17
"AFUB_064300-T",8627.1484433581,1.16176939313445,0.136135609247386,5.58887584137215e-18,9.94078722681337e-17
"AFUB_084990-T",132.853991267412,-6.94829959407033,0.825049097462101,7.94417301445614e-18,1.41048152358635e-16
"AFUB_045780-T",193.495614641304,12.0968451847295,3.09627086374874,8.33588550625267e-18,1.47738685088496e-16
"AFUB_097470-T",245.240637473449,9.21620656705289,1.04978821895093,9.40289722540314e-18,1.66352504388817e-16
"AFUB_080090-T",1147.5038307778,6.51787281810435,0.793009756413167,1.08988273374995e-17,1.92474842214738e-16
"AFUB_075730-T",173.371123063797,-12.1457608602459,3.21284673471094,1.10085564029317e-17,1.94067357547242e-16
"AFUB_048170-T",1286.22490389441,-1.85397160762096,0.221954058328776,1.12084712880989e-17,1.9724127222408e-16
"AFUB_039920-T",10626.3731719921,-0.976552206458032,0.11540732897233,1.23136623362508e-17,2.16306369358033e-16
"AFUB_087590-T",28098.2309274992,-0.933076644775937,0.110326560550325,1.36881414541593e-17,2.40026155357828e-16
"AFUB_036140-T",11142.1332507247,-0.911185771102265,0.107921432526728,1.41233090022189e-17,2.47220179624378e-16
"AFUB_026330-T",4432.52787470924,-1.0606383639501,0.125782317532327,1.41578084930327e-17,2.47387762840403e-16
"AFUB_067200-T",9880.85331303625,1.00236804483339,0.118794704209587,1.52394992737376e-17,2.6582079137407e-16
"AFUB_016720-T",4613.66017122211,-1.18387933749886,0.140954230452186,1.60588560672633e-17,2.79621309592261e-16
"AFUB_025800-T",35381.4180976549,0.844066448400774,0.100706446615662,1.64679996531176e-17,2.86243251413646e-16
"AFUB_068730-T",27758.9491953157,0.846274240557951,0.10023957301163,1.77017645381572e-17,3.07150372449669e-16
"AFUB_047730-T",2913.29437886877,-1.59857912504772,0.192894116874773,1.9485687063011e-17,3.37513864049537e-16
"AFUB_100370-T",763.181681059784,2.82451502387471,0.343876719720732,2.06494771184215e-17,3.57048885714867e-16
"AFUB_057500-T",2354.66816313691,1.66002325750399,0.199922403341466,2.11580940766663e-17,3.65207102105936e-16
"AFUB_017050-T",302.795166623673,-5.1164503320959,0.627321301340146,2.23194590255933e-17,3.84584428522594e-16
"AFUB_067660-T",942.68713600473,-2.09184601081882,0.253831687104893,2.38737595633532e-17,4.10653489889567e-16
"AFUB_091580-T",1630.57629163404,-2.001304287976,0.242901126139319,2.59621523651802e-17,4.45803394851926e-16
"AFUB_014260-T",4884.25881427817,-0.976275993044001,0.116588688130174,2.61449965711142e-17,4.4816768733732e-16
"AFUB_000820-T",8536.4175277851,0.88720362840392,0.105731190551404,2.6285904812509e-17,4.49806215972675e-16
"AFUB_089090-T",5249.0457958969,-1.04933611158763,0.125674226786763,2.66562165537861e-17,4.5535791617268e-16
"AFUB_005740-T",129055.062921707,0.812223316762531,0.098099749644627,2.70000500050061e-17,4.60438997078498e-16
"AFUB_096700-T",19000.6256570322,-0.814322954778768,0.0968581363087759,2.76944285214533e-17,4.71470331175684e-16
"AFUB_019230-T",12186.242083976,0.878526714842576,0.105082775621755,2.98116469672351e-17,5.06644856420904e-16
"AFUB_084570-T",563.27648457362,2.30404216643885,0.281226294919878,3.22810605873614e-17,5.47674403982157e-16
"AFUB_082170-T",1864.41019844291,-1.60604741539784,0.194578453911454,3.26046682877769e-17,5.5199478138741e-16
"AFUB_092800-T",2582.04237594637,1.59031186782283,0.192495146042452,3.26469457606458e-17,5.5199478138741e-16
"AFUB_066820-T",34434.9477558817,-1.055827500966,0.125681659171428,3.3790694053794e-17,5.70361630074669e-16
"AFUB_071010-T",2334.98325816379,7.80213217338676,0.968340231913889,3.75528851726724e-17,6.32788430116764e-16
"AFUB_082620-T",1298.42077098285,-2.52787730789882,0.310111145796423,3.80292326545863e-17,6.38954987575037e-16
"AFUB_085270-T",731.957698167354,-3.31862144921172,0.408946383630335,3.8047596741244e-17,6.38954987575037e-16
"AFUB_026450-T",3905.30210592457,-1.47803003367447,0.179139160889871,3.88382614560744e-17,6.51131325931652e-16
"AFUB_008540-T",1125.57122965982,-2.07378583585964,0.25367659439871,4.13504113210402e-17,6.92078975314206e-16
"AFUB_033270-T",11242.6870845364,-1.22821069333292,0.14868535492798,4.77200728711451e-17,7.97342968427803e-16
"AFUB_016460-T",7163.96503750472,-1.21231595305228,0.147430437419364,5.65408885767847e-17,9.43140032142165e-16
"AFUB_098860-T",7984.69223856482,1.15414776495001,0.140088240957803,6.77824729004208e-17,1.12876014016221e-15
"AFUB_013880-T",22965.2291974332,1.17415656479576,0.142718173295758,7.30774918712572e-17,1.21489800137727e-15
"AFUB_077660-T",2121.14382550869,-4.10340071686014,0.512786178955431,7.74616363292815e-17,1.28563000095003e-15
"AFUB_020390-T",11109.9842726785,-0.916341093727581,0.111103186056908,8.15556626495673e-17,1.3513187843021e-15
"AFUB_036810-T",114319.037761687,-0.936826116889712,0.112363655074116,8.30854408194509e-17,1.37437166688842e-15
"AFUB_054440-T",4974.4955725151,-1.16037334496233,0.141717932729289,8.48902083857578e-17,1.40188904863336e-15
"AFUB_001230-T",10856.5685142654,-0.963662871357245,0.116995537285699,8.52724752054372e-17,1.40586265185044e-15
"AFUB_042390-T",16536.3179966073,-0.955720693059995,0.116187293971597,9.32724867883222e-17,1.53520635385423e-15
"AFUB_024300-T",4202.75102991531,-1.18831555950256,0.145238491228619,9.7603657922781e-17,1.60383494186027e-15
"AFUB_091780-T",1243.33171486167,-1.63188152014619,0.201607006480483,9.90447543117901e-17,1.62482510172647e-15
"AFUB_075340-T",2119.02662279364,7.52872804091968,0.949889432586217,1.09570297583136e-16,1.79453003879972e-15
"AFUB_101070-T",5115.43381875274,-0.955520153283128,0.11651268177904,1.14576628511352e-16,1.87343169353406e-15
"AFUB_021090-T",15911.143417732,-0.871755452921057,0.106209150474453,1.20054581230777e-16,1.95977256367675e-15
"AFUB_061000-T",1915.6851021472,-1.32416293133375,0.162723945338949,1.20285039277247e-16,1.96031036917352e-15
"AFUB_053870-T",4128.89655566115,-1.12079243990231,0.137327680543291,1.27683307761217e-16,2.07747021234439e-15
"AFUB_040180-T",3779.97278670941,-1.56471270409517,0.193491935619545,1.36721821579376e-16,2.220890473282e-15
"AFUB_004590-T",14220.1356021143,-0.914323655012724,0.111761851210237,1.4441660901967e-16,2.34205039954285e-15
"AFUB_030100-T",1735.39982135928,-1.89960432610933,0.236336232954021,1.49141337424508e-16,2.41472720055178e-15
"AFUB_069980-T",7801.43092228641,1.10839811589413,0.136022402257084,1.50187720407631e-16,2.42770867271293e-15
"AFUB_046960-T",4500.63341791018,-1.12789739676356,0.138658371383695,1.5751472699797e-16,2.54200596008919e-15
"AFUB_064810-T",36427.311566181,0.855326046725008,0.103882789600507,1.69071451274919e-16,2.72408141867463e-15
"AFUB_079150-T",436.358758181953,-2.61050568209115,0.327927296545097,1.7355623106055e-16,2.79180809282975e-15
"AFUB_077580-T",1599.12120493697,-1.68565676559338,0.209721754933843,1.77988150539435e-16,2.85846665712603e-15
"AFUB_097720-T",1584.59788969227,-2.07164643511799,0.259502008735541,2.00887405786823e-16,3.22101373575803e-15
"AFUB_022010-T",2904.92641981583,-1.27622392059488,0.158364729908148,2.07080790389993e-16,3.31496265261399e-15
"AFUB_071460-T",1757.64696321353,7.84401252557086,0.999988614413304,2.2026729102289e-16,3.52037498132397e-15
"AFUB_013710-T",2488.4995769559,-1.18498206509346,0.146556487629667,2.22132213520957e-16,3.54447302121462e-15
"AFUB_091510-T",24017.6971352839,-0.736639910065623,0.0904564561568347,2.32774642375363e-16,3.70832797042612e-15
"AFUB_066300-T",381.443527627189,-2.96002873893435,0.374516020125157,2.36069227452337e-16,3.75478699112892e-15
"AFUB_074790-T",2698.90513546945,1.30777238213651,0.162267455258903,2.39708620603488e-16,3.80657289518339e-15
"AFUB_071760-T",1241.85143587177,-5.32562379050016,0.680199639701688,2.64488221988334e-16,4.19336358344124e-15
"AFUB_043660-T",22844.2009877356,-0.797854952611942,0.0983042383676546,2.81254654731882e-16,4.45207726987867e-15
"AFUB_024230-T",1836.19217277012,-2.1203686027303,0.267782847673798,3.29180665053811e-16,5.20241735773739e-15
"AFUB_054390-T",263.279412583552,-4.78016292146233,0.611534556441216,3.43540085822102e-16,5.42072392970486e-15
"AFUB_007300-T",21433.6521587174,-0.847192955775424,0.104892925033755,3.45211644653057e-16,5.43845329076442e-15
"AFUB_019860-T",16596.8315888529,-0.797916314857211,0.0986187940461609,3.48664155766816e-16,5.48413905861434e-15
"AFUB_068140-T",3646.24198123503,-1.31927655961001,0.164767841042966,3.5118973446769e-16,5.51512359903769e-15
"AFUB_059520-T",1385.93546307154,-1.58566125369174,0.199020966691525,3.58690480406503e-16,5.62401740605773e-15
"AFUB_080280-T",142.521173459594,6.00898281012779,0.769689238809684,4.63892339776143e-16,7.26203702252085e-15
"AFUB_047550-T",4276.10686192795,-1.32542425725927,0.166306155563811,4.68207856624112e-16,7.31805193227451e-15
"AFUB_089920-T",3943.44751115073,-1.06409053476178,0.132908631306867,4.79844625974551e-16,7.48814137232299e-15
"AFUB_034120-T",22207.433573856,-1.16319258431244,0.145267608226781,5.04081023835955e-16,7.85400967279726e-15
"AFUB_090630-T",335.43841324612,-3.37451432870553,0.43345203209085,5.46681989494527e-16,8.50441809676047e-15
"AFUB_014890-T",11412.0462341414,-1.05094261739836,0.131059007231702,5.76999983624279e-16,8.96201070026755e-15
"AFUB_010900-T",1545.49643875643,1.48457148187876,0.187687624131647,6.4896662878271e-16,1.00640527979194e-14
"AFUB_101120-T",1355.89257265914,-1.87171550930347,0.238478523537555,6.95199722258631e-16,1.07642078680451e-14
"AFUB_056930-T",5846.28997967023,-1.01809531403364,0.127775247237969,7.13406041312191e-16,1.10289018068902e-14
"AFUB_077980-T",982.002882355597,-2.81787660204694,0.362654279341129,7.20397996798953e-16,1.11196735897817e-14
"AFUB_050400-T",3600.70283873264,-1.34930948220839,0.170660950027421,7.87325544241373e-16,1.21338602897448e-14
"AFUB_029280-T",8934.52215308622,0.93161192274614,0.116899291467468,8.14654658248231e-16,1.25355774931995e-14
"AFUB_039190-T",18004.5610307098,-0.881846912680109,0.110755382441249,8.73451732745893e-16,1.34195177205929e-14
"AFUB_050560-T",11303.9614550651,0.95416427897698,0.120352551578247,8.8686775778733e-16,1.3604578819226e-14
"AFUB_100760-T",8687.26212492088,-1.0717272315808,0.134491097476065,9.62508569273146e-16,1.47421258488209e-14
"AFUB_017600-T",678.589188873068,-2.10825835424912,0.271253577284805,1.04410093694847e-15,1.59671830496357e-14
"AFUB_090080-T",723.560756128038,-3.06811186368448,0.398207992873712,1.05513214636908e-15,1.61110562349433e-14
"AFUB_040130-T",19774.6036197982,1.01277988917993,0.127705875972739,1.08710432769074e-15,1.65737487747013e-14
"AFUB_013850-T",1960.73415267827,-1.50910341246281,0.192686236157318,1.14183659860977e-15,1.73814850325184e-14
"AFUB_033610-T",485.667596582801,2.61120664203426,0.33787865548877,1.15189726878901e-15,1.75077800807518e-14
"AFUB_022090-T",7428.90574439758,0.96884616107296,0.122399296628713,1.1957195325824e-15,1.81460494814683e-14
"AFUB_057280-T",12749.9318355117,-0.904395808140826,0.114413784394679,1.31036968872972e-15,1.98556017719732e-14
"AFUB_036980-T",14816.1747483802,1.02940822743259,0.130223999709223,1.33940679700775e-15,2.02646531407042e-14
"AFUB_000300-T",9996.83129467119,0.842271641550644,0.106405397814043,1.39127620017392e-15,2.1017376387711e-14
"AFUB_077280-T",35135.6650449673,0.768456610258845,0.0969856976886158,1.41452309387473e-15,2.13360816211348e-14
"AFUB_062460-T",1698.16343836306,-2.05814723982763,0.266253866094883,1.52513285984128e-15,2.29695654536035e-14
"AFUB_092440-T",554.586097387987,-3.46208189912292,0.45295152536558,1.54897754768677e-15,2.32933366072594e-14
"AFUB_101830-T",8583.50151158801,0.88904803117342,0.11262222655126,1.56736931794534e-15,2.3534251861736e-14
"AFUB_036040-T",10703.9247604789,-0.922689988772534,0.117011011421371,1.57410764733215e-15,2.35997256794133e-14
"AFUB_007770-T",84432.8300678111,0.891455118943365,0.112972189354681,1.61861617853052e-15,2.42304156439147e-14
"AFUB_066180-T",23964.8181729257,0.75628420799515,0.0956974414586764,1.73534521470342e-15,2.59387067107401e-14
"AFUB_044660-T",985.332400072251,-2.34966338157271,0.305992947841586,1.86357220723728e-15,2.78134648974887e-14
"AFUB_078670-T",2382.19545845958,-1.22661208654389,0.157133511182964,1.97777318465164e-15,2.94735718583596e-14
"AFUB_048250-T",6520.03115254775,-0.902363079883176,0.115138471544971,2.36979588166018e-15,3.52627048357981e-14
"AFUB_037400-T",3435.84153782493,-1.12560152477108,0.144008010436623,2.54340532503947e-15,3.77893680404442e-14
"AFUB_026030-T",10793.0693128415,-5.12033177532658,0.67999656244323,2.62277822183623e-15,3.8910424292563e-14
"AFUB_079230-T",3989.6002793229,1.0876062122182,0.139568204680072,2.8450851968523e-15,4.21454784757598e-14
"AFUB_042040-T",10883.4956352996,0.898724706343501,0.114940888171474,2.91243328815779e-15,4.30788381296066e-14
"AFUB_080080-T",840.618137668877,6.90904063921623,0.920305765835121,3.01333383359856e-15,4.45049677060502e-14
"AFUB_097000-T",3435.4368129457,-4.42003240759243,0.587204960597808,3.0203021510635e-15,4.454160304503e-14
"AFUB_083170-T",25500.4856609543,0.864763770308702,0.110629662986153,3.09814209754047e-15,4.56217512137822e-14
"AFUB_000390-T",2976.34790858506,-1.28485438892602,0.166094676315687,3.1933843541489e-15,4.69545773554487e-14
"AFUB_004410-T",9553.39632631979,0.838713440229097,0.107495432722313,3.48219585730591e-15,5.11254347392916e-14
"AFUB_000550-T",5231.17825444377,0.975796177905547,0.125584658876274,3.76841837379963e-15,5.52460153027494e-14
"AFUB_084630-T",6468.66550498675,-1.28064307513165,0.165998137255278,3.775924230184e-15,5.5274407056897e-14
"AFUB_037410-T",3901.84310113886,-1.10695638001355,0.143003645636173,3.86584262676649e-15,5.65073462012627e-14
"AFUB_041340-T",814.239118581635,2.24154812668465,0.295275113525843,4.14564743001116e-15,6.05081628571482e-14
"AFUB_072360-T",5070.7032592166,-1.08622585012219,0.140517730587984,4.17760228521557e-15,6.08850259629434e-14
"AFUB_085280-T",308.682775462629,-3.50693535441076,0.466976662159504,4.44800405819398e-15,6.47308508468845e-14
"AFUB_071100-T",109.963206873019,6.75283818922484,0.886444912188252,4.95877365036073e-15,7.20583140261057e-14
"AFUB_016740-T",983.059330060239,-2.53915110706346,0.336859676818996,5.01074013112016e-15,7.27070114055082e-14
"AFUB_047780-T",46227.9815332519,-0.736413044827725,0.0949220694188754,5.31261709908995e-15,7.69747805963033e-14
"AFUB_042630-T",612.042729731264,-2.61274238080374,0.348056343823948,6.1896785552121e-15,8.95518362397669e-14
"AFUB_061930-T",677.049355703904,-2.51666706898308,0.335180168869888,6.31063403498278e-15,9.11689123685648e-14
"AFUB_085790-T",32235.6256536518,0.772982123783767,0.10003780522713,6.84721843740128e-15,9.87770973709414e-14
"AFUB_051540-T",3379.75339476324,-1.19706901855771,0.156444919102888,6.88574165525705e-15,9.91886588220989e-14
"AFUB_061480-T",4723.5201566961,-1.16676332220346,0.15241457530021,7.00593160778249e-15,1.00773726387306e-13
"AFUB_066660-T",2693.45398822325,-1.35183814710837,0.177081409460242,7.47525487930583e-15,1.07368892441549e-13
"AFUB_036120-T",84261.9309883153,-0.925807669178338,0.120091766339729,8.25286896075927e-15,1.18366653808578e-13
"AFUB_047560-T",11936.9714548448,-0.813084632617047,0.105616549302162,8.69047494627997e-15,1.2446315128691e-13
"AFUB_059670-T",10686.2533324393,1.05378522496469,0.13810550198795,1.03818038364903e-14,1.4847176235903e-13
"AFUB_095390-T",23025.6109772059,0.837053570511581,0.109220961297769,1.0780694155158e-14,1.53954517251716e-13
"AFUB_075540-T",119.062836281083,11.2750360794799,3.04634177817075,1.13369928266837e-14,1.61666169259821e-13
"AFUB_099660-T",1363.86158837183,-1.41053543218361,0.186602964234664,1.14226706318305e-14,1.62654241063009e-13
"AFUB_079160-T",6768.36361885151,0.851758296658667,0.111351461755611,1.14644019662626e-14,1.6301459815925e-13
"AFUB_069430-T",7476.4872308415,-0.962004273996395,0.126160208554524,1.15840643340707e-14,1.64480455673321e-13
"AFUB_005400-T",12265.8524782505,0.91094743311239,0.119375879528464,1.21854806575796e-14,1.72772707894968e-13
"AFUB_030180-T",611.158231405994,-2.27041709873431,0.305188285483702,1.23639844186881e-14,1.75053559708244e-13
"AFUB_043050-T",5050.50008593712,-0.972049063470406,0.127768155408988,1.28337204248645e-14,1.8144540629171e-13
"AFUB_016160-T",1951.00917172993,-1.58631804955885,0.211400990650503,1.34858259973495e-14,1.90393773860162e-13
"AFUB_040200-T",14885.3284781446,-0.862220864558462,0.113141452049535,1.36493526645821e-14,1.92428728971559e-13
"AFUB_054380-T",115.674191188228,6.33225142829418,0.855267802927068,1.37335687948877e-14,1.93341376296823e-13
"AFUB_086330-T",5275.98138574167,-0.987428398688866,0.12998982593773,1.39549048708196e-14,1.96179080514001e-13
"AFUB_038680-T",9122.56018327891,-1.14164063388037,0.150892055585843,1.50009492127122e-14,2.10410738163919e-13
"AFUB_040320-T",5812.67233284799,0.921172148521909,0.121176681025603,1.50096526569324e-14,2.10410738163919e-13
"AFUB_070170-T",985.181451462513,1.57470302984574,0.210044543898588,1.50606352784502e-14,2.10827651817514e-13
"AFUB_033520-T",4963.68787109407,-1.30013380479695,0.173715179770553,1.53020482123062e-14,2.13905392263576e-13
"AFUB_006060-T",1418.57481661642,-1.88773805000282,0.253505727567701,1.56513156672359e-14,2.18480039377378e-13
"AFUB_063440-T",1041.29183757724,1.60408602316929,0.214573441142321,1.72612870593354e-14,2.40615553460539e-13
"AFUB_095130-T",2845.57215487166,1.37911378878589,0.183751552501745,1.7526090002364e-14,2.43628990692976e-13
"AFUB_072000-T",1206.63683641204,-1.5004246273086,0.200537572401246,1.75456034287008e-14,2.43628990692976e-13
"AFUB_099290-T",1721.49163832698,-1.53647043313577,0.205631425005855,1.75511061305268e-14,2.43628990692976e-13
"AFUB_096980-T",1782.13805826877,-1.39999081522084,0.18674738406084,1.76086999818752e-14,2.44087077262726e-13
"AFUB_046820-T",1782.85380750314,1.40713504662642,0.187877910860414,1.90731138934165e-14,2.64017650477209e-13
"AFUB_038310-T",19676.8047313283,0.921349919161785,0.121992227426111,2.02628869220696e-14,2.80096312954792e-13
"AFUB_054040-T",11900.6653633976,-1.11625713873956,0.148849273218919,2.07074067166457e-14,2.85842853494727e-13
"AFUB_040420-T",1439.58906419391,-1.75256588569074,0.236051194585542,2.07397612211867e-14,2.85891847389274e-13
"AFUB_081770-T",291.175427293631,-4.05768334337957,0.557033243207993,2.10206617143955e-14,2.89362090867373e-13
"AFUB_079270-T",628.77512102581,2.51255555382343,0.342136794021262,2.25122752853237e-14,3.09465834081492e-13
"AFUB_019910-T",2095.71007389184,1.40968216351014,0.188838975586242,2.2812618105279e-14,3.13160767212854e-13
"AFUB_008520-T",43204.5293960598,0.81112815384015,0.108868923552191,2.41266271230821e-14,3.30741400824019e-13
"AFUB_047830-T",206.697098028765,-4.49856806874896,0.619233235019012,2.44105483507037e-14,3.34171989490668e-13
"AFUB_045330-T",1103.39942848814,1.73218682815698,0.233914779088193,2.54153206126877e-14,3.47447737026068e-13
"AFUB_056440-T",7523.84191949514,0.919771927440987,0.122350956293927,2.88263817170664e-14,3.93537604596815e-13
"AFUB_088300-T",1130.85550276616,-2.48680042246473,0.340457450530659,2.99063170829874e-14,4.07720050891003e-13
"AFUB_072890-T",3219.98778691471,-1.25310489889467,0.16833435345649,3.09095126090248e-14,4.20818810212032e-13
"AFUB_056830-T",2720.64730065656,-1.10078883232142,0.147439674621922,3.26161045958402e-14,4.43444983717417e-13
"AFUB_045140-T",1144.87406478679,1.54411338380347,0.208717498241133,3.2833367265957e-14,4.45788194411249e-13
"AFUB_084720-T",1026.83822028757,-1.80775046267192,0.245927318504649,3.43855391338569e-14,4.66224693857282e-13
"AFUB_007150-T",33023.4925697506,1.02408885002681,0.136860376080599,3.48338882041606e-14,4.71659400308723e-13
"AFUB_056330-T",14470.1227709693,-0.799295442727129,0.106487320676167,3.56577259500002e-14,4.82156580454704e-13
"AFUB_097230-T",1938.3923109831,1.5563926629533,0.210946713066735,3.75304210524734e-14,5.06788338701767e-13
"AFUB_054910-T",3550.68426225082,-1.35227706781289,0.182651874892234,3.76419512305707e-14,5.07603758102465e-13
"AFUB_060350-T",7729.58223387654,0.951723569844295,0.127301723294434,3.8121772579737e-14,5.13376652447611e-13
"AFUB_018330-T",1852.84589541529,-1.75353100447263,0.238984024604828,3.98315353467634e-14,5.35674780916838e-13
"AFUB_043160-T",5101.99721728075,-1.03955447316152,0.139658059177474,4.18203250201327e-14,5.61659980818427e-13
"AFUB_077630-T",112.378601191943,7.08097649693007,0.961420413026717,4.19749611689147e-14,5.62974985947944e-13
"AFUB_012270-T",27794.2131156531,0.708088783564747,0.0945296607257346,4.39802093327176e-14,5.89073654017843e-13
"AFUB_003500-T",3268.10720293389,-1.27665607078142,0.172770753726432,4.61807637945607e-14,6.17714394421853e-13
"AFUB_074350-T",4856.07027500835,-1.08679602503454,0.146509902032451,4.75762333727131e-14,6.35523709588395e-13
"AFUB_096500-T",7140.98013412497,-0.865404967961118,0.116199406638679,5.0499372881485e-14,6.73664349259057e-13
"AFUB_064140-T",1394.06600538,-1.9699033374451,0.270687713675779,5.11217642217731e-14,6.81051691142413e-13
"AFUB_063950-T",14205.7387394113,1.06956814601375,0.14422655626013,5.19471980240162e-14,6.91120563523272e-13
"AFUB_034220-T",622.088497138102,-1.991607504998,0.273978080355188,5.4000033955943e-14,7.17470330673005e-13
"AFUB_093370-T",64245.6771865322,-0.746199990846665,0.100144392828567,5.72412019781472e-14,7.59517285605763e-13
"AFUB_078470-T",749.453160940864,-2.04279830726118,0.281711289979625,6.00384063338622e-14,7.95569002488094e-13
"AFUB_053380-T",6897.77094085179,0.846069649168219,0.113950047504525,6.39123697528847e-14,8.45773693063174e-13
"AFUB_072920-T",7985.06130323838,0.849647750798212,0.114778512529529,7.60684828120507e-14,1.00529919029242e-12
"AFUB_092150-T",532.171175631206,-3.08482556721536,0.432898017525538,8.33107538818253e-14,1.09790809983929e-12
"AFUB_049370-T",656.051626916638,2.81170625978092,0.393439959738348,8.33948972439385e-14,1.09790809983929e-12
"AFUB_047370-T",3520.88023181067,-1.32646781066373,0.181790798743183,8.34078294487483e-14,1.09790809983929e-12
"AFUB_017220-T",826.956929186232,-2.20907021205635,0.307581907813773,8.64560364358916e-14,1.13652471738573e-12
"AFUB_054230-T",670.691553879858,-2.07874953359913,0.288919549802733,8.69160115504927e-14,1.14106007227333e-12
"AFUB_001750-T",41324.7875235598,0.677598486308131,0.0933711772654639,9.00212413873955e-14,1.18026528503289e-12
"AFUB_052780-T",5780.89056656699,0.971947328514174,0.132132272870771,9.25761763056524e-14,1.21216167524222e-12
"AFUB_088630-T",13180.2933837458,-1.09145088539301,0.148009116769926,9.48202035977746e-14,1.23990845943071e-12
"AFUB_090700-T",1975.11958967598,1.36832871186891,0.187910333020136,9.50836586011959e-14,1.24171751528535e-12
"AFUB_000010-T",121.244917987915,6.59849324757571,0.924390356918889,9.90649267612121e-14,1.2920097215572e-12
"AFUB_020050-T",8559.12877287274,-0.8441793206433,0.114667338428045,1.00340292344752e-13,1.30692572378171e-12
"AFUB_054720-T",819.604555010108,-1.79524145371905,0.249096232562685,1.01355306407888e-13,1.31841601061375e-12
"AFUB_087490-T",445.382465475026,-2.91922541152758,0.410763579848577,1.02174986973853e-13,1.32733867240247e-12
"AFUB_079850-T",137.447957290641,8.32430693161155,1.11052795354035,1.04277916495981e-13,1.35288669440864e-12
"AFUB_034180-T",3731.1598187849,-1.01062494995141,0.138068694384229,1.10714240602189e-13,1.43451545427771e-12
"AFUB_097070-T",531.922214754129,-2.60964840796932,0.366817292565591,1.12140669655924e-13,1.45110318948506e-12
"AFUB_007700-T",8433.05972569015,-0.846458711299078,0.115278269769809,1.15546469242884e-13,1.49322748337971e-12
"AFUB_090820-T",6016.17548327734,-0.945354270633993,0.129049855696677,1.15718656228273e-13,1.49350801438961e-12
"AFUB_090070-T",1704.67388959647,-1.50759567631136,0.208872098569318,1.22810115892774e-13,1.58297454576076e-12
"AFUB_025080-T",8281.48336354399,0.778925707368529,0.106928453798208,1.26240689829523e-13,1.62508281006227e-12
"AFUB_012970-T",1488.82968355939,1.26930101497892,0.174914924126754,1.29048794453341e-13,1.6590793846495e-12
"AFUB_074800-T",7219.20029343139,0.889612722680977,0.121413243017109,1.30035875632922e-13,1.66960681197509e-12
"AFUB_086970-T",1513.97067413359,1.38822065062037,0.191945589848343,1.32861103048154e-13,1.70367758107614e-12
"AFUB_100900-T",1062.89409801341,-2.04928826705725,0.287113055804421,1.3356366679468e-13,1.710476636048e-12
"AFUB_065940-T",1841.1581515343,-1.48629073484031,0.206920116318025,1.3424119384919e-13,1.71693794968197e-12
"AFUB_045610-T",727.004910402995,1.73760165996391,0.24195868177852,1.34698963067641e-13,1.720575557846e-12
"AFUB_065800-T",200901.95095611,-0.933497367700023,0.128682405322154,1.35298268736889e-13,1.7260094051589e-12
"AFUB_100420-T",4272.55951484591,1.31456549436499,0.181474079622693,1.35875452369642e-13,1.73114745156444e-12
"AFUB_025630-T",85183.0633345538,-0.832067339437889,0.112811049610515,1.39789587818548e-13,1.77873289628089e-12
"AFUB_008690-T",6302.74017753424,-0.965580696594079,0.13210518465853,1.49821284746681e-13,1.90393886185763e-12
"AFUB_049970-T",1563.2107894088,-1.76519287209312,0.246782838600362,1.55604650328463e-13,1.97490556842711e-12
"AFUB_016690-T",2802.84894319448,-1.123427138055,0.154911546903132,1.56647053698487e-13,1.98559643417304e-12
"AFUB_007190-T",5480.48328516327,1.08037086150425,0.148910126641365,1.67786496157496e-13,2.12408287546319e-12
"AFUB_022920-T",47080.6797731456,-0.727142984901276,0.0995138920608677,1.69062821516002e-13,2.13494172968701e-12
"AFUB_000720-T",1747.1698517034,-1.35002772419177,0.187439124841547,1.69074478542467e-13,2.13494172968701e-12
"AFUB_045340-T",1053.37508121682,1.58279848749142,0.220769069926377,1.69728479106772e-13,2.14047669013305e-12
"AFUB_048380-T",138.006005358948,8.32314836784797,1.12413965618268,1.79312892049854e-13,2.25847773298833e-12
"AFUB_035090-T",3199.83015151251,1.214930766281,0.168182425600323,1.82507626498413e-13,2.29580252597813e-12
"AFUB_061660-T",7985.57369822158,-1.08212209988341,0.149682200829797,1.85676111922221e-13,2.33270305168107e-12
"AFUB_030420-T",5712.22636695651,-1.26929089797627,0.177503017324469,1.91652864372919e-13,2.40474674955907e-12
"AFUB_009940-T",19621.726640307,0.721239145794491,0.100185916725649,1.93875402115483e-13,2.42956233080324e-12
"AFUB_018100-T",104061.039268944,0.931457772571733,0.127956115535805,1.96196804152395e-13,2.45555268753156e-12
"AFUB_040490-T",6879.42766570284,-0.864000679735475,0.118972810571353,2.06811883137706e-13,2.58514853922132e-12
"AFUB_073480-T",9054.54073390001,-1.26827570369165,0.176461439654001,2.08019147753123e-13,2.59393548186911e-12
"AFUB_081370-T",1356.29325144777,6.78876517529042,0.980469856170884,2.08037545951417e-13,2.59393548186911e-12
"AFUB_060880-T",1233.48483607964,-1.39350553283422,0.194525440477937,2.25001754575495e-13,2.80193527498342e-12
"AFUB_000910-T",2238.3432602851,7.07456887086115,1.02406147333499,2.29331515627345e-13,2.85227480275864e-12
"AFUB_041890-T",15140.2503079572,-2.11112461536195,0.299454097208658,2.32198561697977e-13,2.88071512721235e-12
"AFUB_021020-T",15568.5803600539,-0.723526910388748,0.0994535878846106,2.32198700430215e-13,2.88071512721235e-12
"AFUB_100730-T",27049.4476643388,-0.709355190350415,0.0975884591943957,2.34575526913099e-13,2.90549785752738e-12
"AFUB_011140-T",34215.9942681165,0.736929191617855,0.101765204749531,2.34781791610777e-13,2.90549785752738e-12
"AFUB_015480-T",12392.6853292496,-0.826477378667002,0.114026358743229,2.35753189827785e-13,2.9138859390296e-12
"AFUB_097440-T",3223.73834742576,7.85815007690694,1.13984408851977,2.3660492861171e-13,2.92077601551147e-12
"AFUB_085640-T",2460.35809234933,1.41138841249917,0.197569043308351,2.48382621164632e-13,3.06160860800475e-12
"AFUB_073490-T",8098.12383139477,-1.12012914984398,0.155993198444554,2.4863038166769e-13,3.06160860800475e-12
"AFUB_068270-T",33631.7752899681,0.670128763597726,0.0926306880002502,2.97015663391495e-13,3.65288780565129e-12
"AFUB_062470-T",2810.15942910125,-3.51239323349605,0.506803978509878,2.9751345627806e-13,3.65448150193038e-12
"AFUB_051800-T",258.222157325221,-2.96546720280016,0.42632090323776,3.02404963422312e-13,3.70997436584233e-12
"AFUB_062350-T",8417.39867892359,0.89896357461408,0.124745173416675,3.04412692104508e-13,3.72999502362622e-12
"AFUB_001910-T",4083.5500781743,3.62233373012943,0.522870389533441,3.09632208485557e-13,3.78927209521473e-12
"AFUB_026800-T",4814.49207634343,-0.954220429344099,0.132759839494546,3.14961245835985e-13,3.84974182872186e-12
"AFUB_029930-T",6495.46101306665,-0.954901136521865,0.132845245679436,3.21342391161743e-13,3.92290680477281e-12
"AFUB_043760-T",107718.150429819,-0.906689748126154,0.126148561735362,3.46153872600093e-13,4.22061079306624e-12
"AFUB_088020-T",5616.19077373073,-0.921851662840146,0.12874169866409,3.75240026412253e-13,4.56964081244369e-12
"AFUB_039930-T",1630.98984420898,-1.68811647608319,0.23985677019149,3.77525153661788e-13,4.59183474276133e-12
"AFUB_048470-T",93.459051625387,10.8557341286652,3.02900495786817,3.79782378320313e-13,4.6136353792278e-12
"AFUB_073930-T",7532.21765477636,-0.867159121659382,0.120907243642671,3.86165919325501e-13,4.68544834878434e-12
"AFUB_025910-T",120560.061726895,1.02597213194716,0.143555693618486,4.04337581486281e-13,4.89993955586244e-12
"AFUB_003360-T",15293.4649593958,-0.721627000714904,0.100400053446233,4.22413835836365e-13,5.11275283009259e-12
"AFUB_051300-T",3387.9406317905,-1.44955728273227,0.205766465414414,4.67673492450514e-13,5.6536655451539e-12
"AFUB_070490-T",1266.53443353733,-1.91452362652915,0.274512342187245,4.86351965616722e-13,5.87231539993426e-12
"AFUB_066490-T",2690.4554136865,-1.59109376430927,0.226778959657316,4.91146759341052e-13,5.92300314272167e-12
"AFUB_096400-T",13104.6768555979,-0.78308842345518,0.109565221022387,5.01857490987409e-13,6.0448247549151e-12
"AFUB_080160-T",1688.20319835089,7.13797746572927,1.05142309819714,5.17071212870686e-13,6.22052337908068e-12
"AFUB_062910-T",3141.0948504229,-1.19712563996209,0.169265510010299,5.26472744409861e-13,6.32595882356885e-12
"AFUB_041240-T",41314.674191851,-0.966983461558118,0.136078639632807,5.29784260456131e-13,6.35805173522019e-12
"AFUB_076840-T",615.427568605767,2.50529928127124,0.362691719259213,5.45010426861258e-13,6.53288464564974e-12
"AFUB_084700-T",314.606251668685,-2.48165425911425,0.359579504581958,5.48254938557047e-13,6.56384832952797e-12
"AFUB_010000-T",43950.9777547846,0.789653121867484,0.11055852241078,5.59944673313985e-13,6.69572395498952e-12
"AFUB_009580-T",633.720747102175,-2.09581349390996,0.302458202893526,5.72635103818518e-13,6.83923394151478e-12
"AFUB_090870-T",39898.0567141688,0.669400067883528,0.0935280887256458,5.76397941166967e-13,6.87590092077182e-12
"AFUB_043540-T",7770.49678518491,0.916393815067433,0.128849655904103,5.91929669473133e-13,7.05270344480293e-12
"AFUB_050280-T",31531.4796646233,0.666838779883662,0.0934645688500989,6.32459735764777e-13,7.52657419360361e-12
"AFUB_023570-T",9600.30992329269,0.844079960214286,0.118609252077098,6.34011736200516e-13,7.53226253366604e-12
"AFUB_024810-T",13740.7804077594,0.746086014630341,0.104893020812566,6.34455564548595e-13,7.53226253366604e-12
"AFUB_096290-T",2776.4307407021,1.27522344435798,0.181337750789845,6.56274556205645e-13,7.78198921187697e-12
"AFUB_041470-T",996.595157811229,-1.45937235911452,0.208784774205422,6.88007009444344e-13,8.1485317049345e-12
"AFUB_075770-T",89.9526864083164,-10.9992337397066,3.15371070293058,6.91973607387226e-13,8.18574261420526e-12
"AFUB_044520-T",406.876614644011,2.33318166279067,0.338809833323378,6.99237394168673e-13,8.26182278229057e-12
"AFUB_089550-T",9352.03548930567,0.903304936520627,0.127554818303536,7.55018914455788e-13,8.91030050650855e-12
"AFUB_057010-T",5287.34606712904,0.893711011085537,0.126236473493275,7.69739469674937e-13,9.07323543530137e-12
"AFUB_040660-T",14521.9089503688,-0.792420767903245,0.111777387398133,7.87857800842081e-13,9.27578727563185e-12
"AFUB_090240-T",2188.76948299515,1.21383027272815,0.173010066199561,8.00009971792225e-13,9.40770020146662e-12
"AFUB_095490-T",3928.37406580047,-1.17094629068446,0.166928066604968,8.25162822848858e-13,9.69200120328393e-12
"AFUB_096110-T",1010.19636646368,-1.80742551448771,0.261523467986383,8.32533348603393e-13,9.76701357551853e-12
"AFUB_079800-T",603.691091919712,8.80110181711615,1.30674547696031,8.89063077475046e-13,1.04178878913103e-11
"AFUB_085240-T",9339.18255495583,-0.852438199442741,0.120830475683024,9.01309746048602e-13,1.0548937770675e-11
"AFUB_071540-T",1901.69024225558,8.06631161723341,1.20405138172341,9.0873971132907e-13,1.0623370594748e-11
"AFUB_064910-T",925.571528126287,1.56546578175885,0.225719173348386,9.2682740537698e-13,1.08220729392547e-11
"AFUB_092410-T",1340.60673462275,-2.12791515841405,0.310430819547297,9.43321074909176e-13,1.10017175892756e-11
"AFUB_041770-T",4560.13843606978,-1.5111262012377,0.217887829286109,9.55503835050224e-13,1.11307224916355e-11
"AFUB_017850-T",1625.31150877927,1.5046098093967,0.217005528760559,9.70460528053236e-13,1.12917007513814e-11
"AFUB_049330-T",596.708831396379,-2.24804269222214,0.328867175132561,9.92512520978857e-13,1.15347620265985e-11
"AFUB_096660-T",201.615751636283,4.68498993084358,0.696084251245709,1.01457437495783e-12,1.17773692063818e-11
"AFUB_096050-T",65340.9414730649,0.770315726660498,0.108003730661894,1.03347642971192e-12,1.19827728561809e-11
"AFUB_071470-T",120.671370465389,8.11933669991885,1.13626269136307,1.04281727149962e-12,1.20769678175423e-11
"AFUB_068650-T",8864.53311717218,-0.742328730383454,0.105155213352272,1.0531679143385e-12,1.21826241839273e-11
"AFUB_065510-T",1312.04108174125,-1.53861191967863,0.222757196818243,1.1270898393803e-12,1.30225455830611e-11
"AFUB_020690-T",33392.6901048504,0.724107476446679,0.10327897231357,1.14029420714751e-12,1.31597907045803e-11
"AFUB_089660-T",4629.71110560364,-0.926071042706177,0.132042818916257,1.15807048608361e-12,1.33494187855748e-11
"AFUB_045760-T",84.6601832737172,10.6863474619649,3.01884279020639,1.19404077061457e-12,1.37480912393847e-11
"AFUB_055770-T",2327.17331072329,-1.41673254655729,0.204796510615617,1.1993076921469e-12,1.37927333077149e-11
"AFUB_077220-T",15879.4901729142,0.905086550762782,0.129214981697232,1.31918316766031e-12,1.51538112720238e-11
"AFUB_038200-T",4728.35910429395,1.09017651934743,0.156462918935138,1.32637269942906e-12,1.52187850194606e-11
"AFUB_078290-T",9991.81263159269,-0.86654061422016,0.12389912156228,1.43616678981764e-12,1.6459532781686e-11
"AFUB_022760-T",15695.2565136174,0.767839538859591,0.109760286040376,1.44454380496416e-12,1.65364443647858e-11
"AFUB_046720-T",1728.95665807516,-1.22668366536554,0.17730712903716,1.51888056561098e-12,1.73673843475679e-11
"AFUB_071570-T",663.009441901828,2.13053705215935,0.313774216568306,1.54662044338389e-12,1.76642208292119e-11
"AFUB_047690-T",1606.66930984201,1.57658057532537,0.229818408811267,1.55734619271904e-12,1.77662769686626e-11
"AFUB_079840-T",89.2758113052193,6.15241062392344,0.910814492557547,1.60905972649182e-12,1.83351524517007e-11
"AFUB_013040-T",559.191642350508,-2.53807039011004,0.377000658480243,1.72312254519072e-12,1.96123752993324e-11
"AFUB_032500-T",1705.37908898929,-1.38790585646468,0.202508993330369,1.72625420592217e-12,1.96255131658392e-11
"AFUB_016540-T",3389.85271079416,-1.10224687142919,0.159252337767777,1.74089999683951e-12,1.97693735339041e-11
"AFUB_021200-T",37832.0017854845,0.697419677899336,0.0996814436412296,1.79100264102702e-12,2.03150870996494e-11
"AFUB_080920-T",2242.63987087789,-1.30601621801021,0.189973228576313,1.86964911550707e-12,2.11829537344837e-11
"AFUB_049740-T",193.299111755913,-3.53891540458301,0.530892657910752,1.93147169130399e-12,2.18584453092271e-11
"AFUB_027020-T",8412.26452071,0.886611066225037,0.127573060201163,1.97919995958536e-12,2.23730747139917e-11
"AFUB_082600-T",12667.9704876177,1.10418002261739,0.159704060587086,1.99121991491595e-12,2.24833420427086e-11
"AFUB_040190-T",5622.24644290065,-0.861684062483859,0.124055089103592,2.00308180894817e-12,2.25915760838756e-11
"AFUB_095240-T",95277.3988108151,-0.887556393342743,0.127843495960692,2.06562525034041e-12,2.32705228259121e-11
"AFUB_012760-T",4745.8041156232,-1.0898250512993,0.157452513196327,2.19770974262785e-12,2.47304639405685e-11
"AFUB_063770-T",8815.54819427532,0.760468112042918,0.109550485638845,2.37794963424103e-12,2.67283693316446e-11
"AFUB_090620-T",340.568152639067,-2.85387472248499,0.428547408939491,2.43752697930131e-12,2.73670308479247e-11
"AFUB_026990-T",5586.64082078267,0.844015334322876,0.121955437453519,2.50195486802365e-12,2.80586464012822e-11
"AFUB_027590-T",97659.4878261251,0.683016655554675,0.0994308060236131,2.53088956000462e-12,2.83511048341375e-11
"AFUB_062170-T",2246.05041997616,1.27275771391541,0.186074830762761,2.5567353205641e-12,2.86083405373153e-11
"AFUB_053890-T",79047.8997364812,0.710628647304554,0.103231643461582,2.71787916641892e-12,3.03771967643106e-11
"AFUB_009030-T",4411.19672327174,-0.893546502708581,0.129579658440643,2.8124248463191e-12,3.13985563551373e-11
"AFUB_060680-T",305.8108378073,-3.13238530885276,0.473655637562628,2.93819492305849e-12,3.27658254060174e-11
"AFUB_014390-T",15606.21556879,0.751279632742769,0.108901325939736,3.13870925638537e-12,3.49626143317899e-11
"AFUB_073990-T",6171.15851092058,-0.906091252130993,0.131913308052263,3.35325605623917e-12,3.73106125091634e-11
"AFUB_029660-T",10205.8228743616,0.787621053138352,0.114276006471193,3.37164889197914e-12,3.74732533627021e-11
"AFUB_013530-T",452.887783827529,-2.41138882257105,0.363398760222452,3.57668672498079e-12,3.97076238763247e-11
"AFUB_052110-T",16140.9991642772,-0.678752936890676,0.0984302648912848,3.72412919705387e-12,4.12983042243124e-11
"AFUB_026500-T",2325.44192376241,-1.15205992357263,0.169510916878476,3.94129779224193e-12,4.36577908348228e-11
"AFUB_044200-T",116.167761520248,8.04346168706047,1.16365897581575,3.96623093168997e-12,4.38849966521995e-11
"AFUB_062960-T",1790.9086889288,-1.2893582445994,0.190628182199039,4.12220044416055e-12,4.55599547976542e-11
"AFUB_048140-T",4820.74005752949,0.859807881701863,0.125544753090793,4.14286752040692e-12,4.57374417575513e-11
"AFUB_084740-T",972.549274935134,-1.57584947204893,0.234979348992191,4.32375414068754e-12,4.76813998292487e-11
"AFUB_071590-T",116.476642305429,8.05628793836162,1.16534572295614,4.3569943584828e-12,4.79946381886147e-11
"AFUB_051140-T",4972.68447309042,0.885213085264011,0.129498121282655,4.43217760342588e-12,4.87686948048801e-11
"AFUB_075050-T",16019.5886303199,0.698707211604603,0.102093884768545,4.46079327244353e-12,4.90292062336678e-11
"AFUB_071580-T",1395.84503654382,7.34693030970773,1.13703197083338,4.63367734711987e-12,5.08730615820406e-11
"AFUB_101080-T",7737.59884956375,-0.912827751260847,0.133976201661258,4.81293297762928e-12,5.27827180143322e-11
"AFUB_098850-T",3080.0568283944,1.35222364395214,0.200953880804135,4.99756888565666e-12,5.47470984438657e-11
"AFUB_052000-T",3054.79150877431,-1.05928032354193,0.156658143765513,5.67091639806848e-12,6.20549561751154e-11
"AFUB_042870-T",10859.3309266397,0.800394777156362,0.117467560293548,5.69981600791511e-12,6.23025042715391e-11
"AFUB_044290-T",1161.87820874555,7.49473409393437,1.16945572008171,6.1947698296087e-12,6.76381634310961e-11
"AFUB_085030-T",1141.72435468964,-1.36140385563441,0.203543878045059,6.30110601045029e-12,6.87236012678232e-11
"AFUB_084900-T",44374.1428445367,-2.015823446579,0.306232498038624,6.57361677016051e-12,7.16170652511998e-11
"AFUB_049730-T",384.969684059266,-2.43788479757048,0.3729282511769,6.72397862160634e-12,7.31748769950032e-11
"AFUB_012860-T",3647.39597705047,-0.992038602106608,0.1470125485483,6.79151821392227e-12,7.38289356770849e-11
"AFUB_068240-T",4825.74136928541,0.785490204281877,0.115692177534134,6.85369291482379e-12,7.44233065422605e-11
"AFUB_035070-T",424.154320628414,2.27882877618121,0.347718262091141,6.89690593124384e-12,7.48107009481914e-11
"AFUB_080270-T",3929.62870335442,8.81570853840522,1.38375988442475,7.03458758635964e-12,7.62208316535147e-11
"AFUB_045690-T",76.9752005525119,10.5085786479889,3.02008721964365,7.10690687092754e-12,7.69204478669093e-11
"AFUB_035710-T",4080.27038226411,-0.960975256380683,0.142497365242114,7.27971603650872e-12,7.87049909175915e-11
"AFUB_049070-T",1113.77783661995,-1.46724748109386,0.221072389234926,7.84070179363675e-12,8.46778730161531e-11
"AFUB_098460-T",5167.02265552571,0.855861955593242,0.126790749499768,8.17097705964901e-12,8.81488557793657e-11
"AFUB_062020-T",430.301406045635,-2.71286164947985,0.418210151904977,8.20966380166317e-12,8.8470046939747e-11
"AFUB_046570-T",948.517357967729,1.54705540278497,0.233634339538945,8.25417971968954e-12,8.88532903665062e-11
"AFUB_056010-T",11935.0571646423,-0.893298974368504,0.132624288482251,8.38012319094568e-12,9.01112921669945e-11
"AFUB_042410-T",7189.90743455606,0.788608467503892,0.116794045168706,8.83091407800971e-12,9.48558682080588e-11
"AFUB_036600-T",3034.08014552165,-1.19722997153827,0.179524129370859,8.86550186630078e-12,9.51244389438219e-11
"AFUB_096310-T",7470.78077465609,-0.737047467201346,0.109128767728622,9.07654942563611e-12,9.72837505933460e-11
"AFUB_051810-T",2383.56533379643,-1.39832283346678,0.211028796488358,9.21130145235657e-12,9.86215392822427e-11
"AFUB_056350-T",11854.0479496074,-0.766356742493379,0.113724572637259,9.60304452024125e-12,1.02704975068313e-10
"AFUB_074250-T",8878.58937024788,-0.766419061044911,0.113823174447443,1.00928973128926e-11,1.07827778073691e-10
"AFUB_018340-T",13045.1136402186,-0.734597021380834,0.109134344511241,1.06631590852526e-11,1.13797692388314e-10
"AFUB_083640-T",76881.5378292843,0.854366707335461,0.1281200809499,1.1127870159178e-11,1.18629550300582e-10
"AFUB_073220-T",17549.3933794242,-0.790967576570947,0.117625856289727,1.14787221489013e-11,1.22238537905413e-10
"AFUB_053630-T",6220.35297159895,1.07614597695905,0.161346300773909,1.15120776204555e-11,1.22462347677408e-10
"AFUB_015360-T",16334.4600429558,0.800150441732167,0.119268204793095,1.19192926020726e-11,1.26658435841082e-10
"AFUB_097050-T",1899.41464617736,1.09829000257118,0.165470716687879,1.30317154549804e-11,1.38331311113027e-10
"AFUB_056080-T",19370.7217031369,0.707832630793844,0.106374115470261,1.33236144244665e-11,1.41166538288525e-10
"AFUB_004460-T",6412.56517882927,-2.37267203064769,0.368639439788435,1.33272590807404e-11,1.41166538288525e-10
"AFUB_035600-T",383.356820816317,-2.26807904390795,0.351784298083951,1.36646883520571e-11,1.44586387946873e-10
"AFUB_096320-T",27637.7552897678,0.660247520017724,0.100012483207852,1.43899410426041e-11,1.52098152127631e-10
"AFUB_087250-T",227.34603352276,-3.5795115627804,0.563109712491366,1.45299974890548e-11,1.53415133062627e-10
"AFUB_012710-T",3435.48102912579,-0.965883363595767,0.146063226707969,1.49067838033163e-11,1.57226173483437e-10
"AFUB_101370-T",503.882209513554,-2.29539731932864,0.356996038039168,1.5051928550874e-11,1.58588525336968e-10
"AFUB_078380-T",1130.3270571729,-1.80027858644282,0.277505661130141,1.51676736074216e-11,1.59638558381399e-10
"AFUB_051230-T",1092.41290357478,-1.82728990296737,0.281971907163805,1.54423363488653e-11,1.62357190956026e-10
"AFUB_039080-T",2971.10042113259,-0.945440461125415,0.142545676069088,1.58917737149236e-11,1.66905665736102e-10
"AFUB_009840-T",1467.43453749676,-1.3940953952172,0.213043575428366,1.61477731061146e-11,1.69415061393433e-10
"AFUB_086050-T",4523.33067069005,0.987232895758782,0.148939061054364,1.63059977205933e-11,1.70894432288161e-10
"AFUB_076740-T",3635.84960271645,1.06277292843835,0.160790425164372,1.65502246303397e-11,1.73271075375656e-10
"AFUB_062330-T",12178.0593077777,-0.725813349664441,0.108862567934595,1.66231943620563e-11,1.73851637558914e-10
"AFUB_033740-T",717.347632806412,-2.1477645589578,0.33478673140981,1.80482039981925e-11,1.88556236507432e-10
"AFUB_014710-T",6947.01112512785,-0.905369853982108,0.136784413496712,1.84565314457862e-11,1.92619426497822e-10
"AFUB_058150-T",382.517762418444,-2.88365278710914,0.45488763138271,1.96992762912953e-11,2.05373232343599e-10
"AFUB_091030-T",82148.5072067529,0.750155100628624,0.112954804695375,1.98077665543266e-11,2.06287600264104e-10
"AFUB_085500-T",1139.4694646056,-1.72506598750527,0.267328385558463,2.0277023673663e-11,2.10953312328203e-10
"AFUB_091740-T",1885.62683971263,-1.29429898033814,0.19838992243011,2.07937121421197e-11,2.16102191634071e-10
"AFUB_044820-T",1338.9531209709,1.46916651128131,0.226213715057734,2.11279491138725e-11,2.19346124430109e-10
"AFUB_067880-T",194150.614643816,0.69185354646807,0.104165249794473,2.115747612559e-11,2.19423145816594e-10
"AFUB_070500-T",4599.59734091994,-0.88310648903786,0.133823906820872,2.17298090307857e-11,2.25123543455687e-10
"AFUB_075660-T",232.120948607282,-3.17219408922468,0.503027949900518,2.19556733710898e-11,2.27226338068891e-10
"AFUB_000900-T",3363.57238794398,-1.05310655116593,0.160487513965052,2.19792978687616e-11,2.2723388682027e-10
"AFUB_044210-T",71.2670025452272,10.3679827499786,3.01813507607701,2.23610106607099e-11,2.30939678259673e-10
"AFUB_008960-T",6914.1781280651,0.973069419260749,0.14793366081966,2.2998133730347e-11,2.3727284539885e-10
"AFUB_053260-T",7538.71777496301,0.844599862035966,0.128052297940058,2.4012401411281e-11,2.47479838013462e-10
"AFUB_066810-T",12782.3601101504,-0.815390429922336,0.123119927621781,2.40643593162856e-11,2.47758056238729e-10
"AFUB_029910-T",1758.89165889486,-1.31156249660569,0.202449196221873,2.48926720380367e-11,2.56020487023331e-10
"AFUB_057330-T",355.511127881867,-2.38708910534598,0.376490465082991,2.52833571700089e-11,2.59769482310909e-10
"AFUB_096730-T",1058.15418895099,-1.80765278221502,0.282222969842952,2.57859857506673e-11,2.6459454906589e-10
"AFUB_084050-T",10175.8383596714,-0.837597716713106,0.12697380223832,2.58062995965523e-11,2.6459454906589e-10
"AFUB_072660-T",3390.68705654943,-1.12662276781777,0.172754272453207,2.63257319195714e-11,2.69641784625125e-10
"AFUB_033240-T",29251.132659849,-0.749989865612277,0.11388274802836,2.854782838281e-11,2.92100202782875e-10
"AFUB_051010-T",13067.1690820687,-0.753676176698966,0.114633644844299,2.96598506605068e-11,3.03165826782214e-10
"AFUB_060890-T",4431.30556363008,-1.17197241064584,0.180464914576747,2.97217198853935e-11,3.0348566858285e-10
"AFUB_065950-T",1504.97320085979,-1.66362664272405,0.259741520945874,3.01528765732583e-11,3.07571736885497e-10
"AFUB_000770-T",18207.2906060693,0.641114793825339,0.0973104251079267,3.12053955950947e-11,3.17981058810385e-10
"AFUB_028740-T",12102.4082870467,0.893891150359636,0.136537832641878,3.13397537835676e-11,3.19022621848111e-10
"AFUB_074280-T",1786.67097057237,-1.55814140279117,0.243036189406802,3.17453116192559e-11,3.22819895308519e-10
"AFUB_091500-T",41017.935382963,-0.776162488937452,0.116706248867364,3.25700205229581e-11,3.30867403981944e-10
"AFUB_018660-T",19307.7233518839,-2.40263124053143,0.382558902273305,3.26375754200867e-11,3.31214658532066e-10
"AFUB_022250-T",760.928273633824,-2.23335618278262,0.353824361249143,3.3714212214339e-11,3.41791170814418e-10
"AFUB_055435-T",1637.39177115731,1.29908756117107,0.201285323480239,3.42029806917926e-11,3.46392432006164e-10
"AFUB_053540-T",5084.39632764401,-0.768201751239837,0.11722662957292,3.42595945890411e-11,3.46612106316242e-10
"AFUB_042400-T",5707.18454799407,0.801608575473236,0.122334596131216,3.43726392832125e-11,3.47401675036542e-10
"AFUB_088320-T",832.480894912388,-2.10731999113472,0.33340088445269,3.46947692567436e-11,3.50300696717376e-10
"AFUB_080590-T",815.521874606128,-1.83300411421489,0.288621604061578,3.49628665740311e-11,3.52648832060222e-10
"AFUB_069410-T",26583.5046560062,0.628440646175611,0.095699648101951,3.76009404697343e-11,3.7887242046915e-10
"AFUB_096390-T",11010.5267775511,-0.971703548748584,0.149069416279015,3.79200390906707e-11,3.81700190643922e-10
"AFUB_097339-T",1522.14235821463,-1.26258800497842,0.196050405521602,3.83328326875216e-11,3.85464401645038e-10
"AFUB_100280-T",1999.58010295443,-1.15572704542842,0.178987560498847,3.89174567163714e-11,3.90947123390675e-10
"AFUB_061650-T",3134.92815249464,-0.975672155644694,0.150456127339662,4.12540825463149e-11,4.14000777828286e-10
"AFUB_051370-T",1573.92842387551,-1.22656102557564,0.190756838931946,4.23708816931137e-11,4.24778788691064e-10
"AFUB_042980-T",14902.8579518777,-0.69664561640957,0.106700406981012,4.37936296851442e-11,4.38599167129219e-10
"AFUB_008450-T",60959.8799013023,-0.642477421179634,0.0990548379587192,4.47165867346438e-11,4.47391253368286e-10
"AFUB_071350-T",318.590973592995,-2.70901215105257,0.435328409030836,4.57976470794867e-11,4.57745868342302e-10
"AFUB_082080-T",31554.868581267,0.826754537245618,0.126686647225288,4.64715373546305e-11,4.64014092801517e-10
"AFUB_048310-T",5060.79240532058,1.03479061620376,0.160412919816227,4.9288817884836e-11,4.91649766338691e-10
"AFUB_068790-T",1047.87671008894,-1.72346373769925,0.273179607241553,5.00977304434807e-11,4.99216842019625e-10
"AFUB_023650-T",999.196573944443,-1.76407877444624,0.280084818818101,5.2073225130941e-11,5.18381905140009e-10
"AFUB_016860-T",173.225978081208,3.65091950268527,0.593143839609827,5.34636857961939e-11,5.31690462452128e-10
"AFUB_009040-T",4241.81226533516,-0.908309477263478,0.140911305438225,5.56953218109992e-11,5.5332939837254e-10
"AFUB_036110-T",2265.66121679052,-1.01912782023589,0.15860619925806,5.75871026054201e-11,5.71551993358795e-10
"AFUB_075350-T",67.655050116815,10.2676835617431,3.02149816292117,5.94933961081167e-11,5.89882074298759e-10
"AFUB_074420-T",7957.27236022584,0.72047446147576,0.111202116606255,6.09133411686676e-11,6.03358194709607e-10
"AFUB_017280-T",709.603981846763,-2.03424399216279,0.326009709522562,6.15451070155849e-11,6.09008162641755e-10
"AFUB_006380-T",67347.752176146,0.630629242864725,0.0976094863115757,6.22173907996723e-11,6.15047414030625e-10
"AFUB_099140-T",131096.837121103,0.564650431513259,0.0896096848760295,6.2311424947221e-11,6.15364072239968e-10
"AFUB_016750-T",177.030612730434,-4.19084884147843,0.686006152720962,6.25384530437925e-11,6.16992193299842e-10
"AFUB_087480-T",648.461487868176,1.96143694585262,0.313921216058699,6.42411203130419e-11,6.33160992161809e-10
"AFUB_070140-T",2656.5750452209,-1.12285342075844,0.175754182470472,6.53049712920604e-11,6.43007777850893e-10
"AFUB_070960-T",88.5942436238526,7.05394432780407,1.12531091359931,7.14342888311961e-11,7.02661364370288e-10
"AFUB_045560-T",64.5630993181061,10.191720000926,3.01220558629691,7.24849822491635e-11,7.12290543389058e-10
"AFUB_057530-T",2830.05908970356,-0.930409330130299,0.145336351287314,7.5689153649525e-11,7.43041394630599e-10
"AFUB_077120-T",1890.90710350742,-1.0647287430089,0.16706114871389,7.62957992831075e-11,7.48256727158935e-10
"AFUB_071820-T",963.958090690184,-2.20433321118407,0.35670479960415,7.94318872550252e-11,7.78244305040598e-10
"AFUB_056300-T",17255.9997875006,-0.740509862993842,0.115139753810825,8.02042790229096e-11,7.84992000500991e-10
"AFUB_028070-T",6288.8588738027,-0.891638770840005,0.139302201360835,8.02787788925447e-11,7.84992000500991e-10
"AFUB_044830-T",1995.15643696874,1.16632159000933,0.183843129115322,8.25440970096621e-11,8.06348585453638e-10
"AFUB_071650-T",2102.92556004387,1.02856065175658,0.161694071126323,8.86059660721859e-11,8.64714074008304e-10
"AFUB_050990-T",1612.67272157543,-1.29593300557076,0.205722810913566,8.99251531857094e-11,8.76726076000163e-10
"AFUB_000800-T",9510.442525068,0.902568308433209,0.141460992430475,9.36837767406507e-11,9.12474469235484e-10
"AFUB_015560-T",5314.8778094755,-1.00068489649548,0.157630282779998,9.75062808828321e-11,9.48694130432349e-10
"AFUB_000760-T",2506.80665551649,1.0766555625689,0.16991437273301,9.75936228888089e-11,9.48694130432349e-10
"AFUB_038210-T",7107.13824713068,0.709089212329847,0.110662819721573,9.89928580191414e-11,9.61354320782758e-10
"AFUB_044810-T",558.278879027731,1.7375866093567,0.279968222400903,1.02791900331936e-10,9.97272346817663e-10
"AFUB_076010-T",512.885145543169,-1.79970949139423,0.290714487661781,1.03377964231725e-10,1.00197880371081e-09
"AFUB_043710-T",5352.2442318895,-0.757667901840266,0.118802017810629,1.0871633962688e-10,1.05269236175296e-09
"AFUB_051860-T",2227.32484375488,-1.06334118580131,0.168508546701965,1.10128180773067e-10,1.06532377599677e-09
"AFUB_066650-T",652.654465257879,-1.68179283778814,0.271784246811599,1.17765813390362e-10,1.13809707682507e-09
"AFUB_051590-T",10273.9456020226,0.86265971775004,0.135733608160239,1.18887205460427e-10,1.14781664804936e-09
"AFUB_033090-T",456.679012943747,6.81517259420634,1.14745871262938,1.27066851615782e-10,1.22559621213473e-09
"AFUB_004770-T",3376.00040597456,-0.961398414331888,0.152323988130662,1.34956103786342e-10,1.30042653405772e-09
"AFUB_029950-T",3522.07666736573,-3.10558152290968,0.51601758636043,1.35355469306862e-10,1.30300973120331e-09
"AFUB_074200-T",8589.6764303421,0.689290643124833,0.109307288371111,1.39561413772737e-10,1.342196736138e-09
"AFUB_041160-T",321.671919393435,-2.66832987173485,0.44177963403917,1.46868140624722e-10,1.41109999583772e-09
"AFUB_036060-T",2454.37755073959,-1.03805317782397,0.165498795791635,1.51285931700256e-10,1.45214010843814e-09
"AFUB_051360-T",7929.67742093346,-0.72522156448545,0.114496754243195,1.53158610101601e-10,1.46869488430762e-09
"AFUB_032260-T",131.735078584431,-3.58762609529525,0.599585429553464,1.55039308361223e-10,1.48529453232156e-09
"AFUB_084410-T",1271.23273025807,-1.31071397313748,0.211038625705835,1.56245983073017e-10,1.49541116875574e-09
"AFUB_031910-T",37897.3822318978,0.587397080587774,0.092753063455619,1.61488777074518e-10,1.54410030102562e-09
"AFUB_068120-T",41669.5719162495,-0.5986453394397,0.0943382462528806,1.61875764529695e-10,1.54631084018982e-09
"AFUB_053770-T",2611.81572610039,-1.04828631200151,0.167375838920259,1.70070997147775e-10,1.62166721624475e-09
"AFUB_050660-T",931.375410479383,-1.44981943593464,0.234988370171357,1.70091241522498e-10,1.62166721624475e-09
"AFUB_030200-T",7935.75190662206,-0.677678876785386,0.107283905030488,1.80262910413347e-10,1.71699557183539e-09
"AFUB_079760-T",719.68333893913,7.36590695929532,1.25513842587325,1.81673209142054e-10,1.72876951173047e-09
"AFUB_065980-T",11593.9241566868,-0.641789207701691,0.101973742459305,2.10820399526228e-10,2.00420734223928e-09
"AFUB_022840-T",4437.95650720368,-1.00029474672881,0.160757832593496,2.16933488514208e-10,2.06034916124738e-09
"AFUB_084110-T",1721.55341412724,-1.26533648530618,0.205161036920685,2.17603710218693e-10,2.06473883740012e-09
"AFUB_098690-T",845.72042696057,-1.68365581850911,0.27663451716702,2.24439823337348e-10,2.12756948101545e-09
"AFUB_102560-T",60.3946017953867,10.062674803071,3.01585653603495,2.26377238240338e-10,2.14388749001465e-09
"AFUB_077880-T",183.484135342224,-3.22834791822291,0.544411732961511,2.28742258887653e-10,2.16422013294562e-09
"AFUB_000030-T",79.2876836078141,4.83838513115712,0.818816205893444,2.33130225029664e-10,2.20363569849468e-09
"AFUB_063280-T",5440.84883099402,0.784134226179138,0.12512431875807,2.35081458706626e-10,2.21996524991748e-09
"AFUB_076190-T",2478.75402960258,1.08327583290667,0.174861103704161,2.39426751616751e-10,2.25885029448313e-09
"AFUB_042020-T",31041.5512762983,-0.671116261496396,0.10702061024326,2.40576907766142e-10,2.2675458780427e-09
"AFUB_047280-T",2668.88555896212,-1.01477536936136,0.16373794434985,2.51246125273532e-10,2.36586128400361e-09
"AFUB_020980-T",4055.28779028046,0.936640331075825,0.150708019010465,2.58225427400057e-10,2.42927712506689e-09
"AFUB_071250-T",2024.88158555335,-1.14983879748829,0.186515379920628,2.58823484306537e-10,2.43259761528635e-09
"AFUB_012080-T",10783.9695273837,0.74588025175092,0.119286963822369,2.59531805563707e-10,2.43694718090804e-09
"AFUB_070060-T",54115.8552870593,0.584391834103487,0.0931289566438242,2.63664983439423e-10,2.47341678699081e-09
"AFUB_048400-T",84.2520876307905,7.52656254362667,1.21376633963921,2.64815766388511e-10,2.48186636582245e-09
"AFUB_043640-T",115031.051518255,-0.532916306324567,0.0849520811261003,2.7078732163832e-10,2.53543789364182e-09
"AFUB_075320-T",59.9821773626583,10.0474972558761,3.01808662711444,2.78935848678e-10,2.60927266553171e-09
"AFUB_100380-T",288.618551622216,2.48629888745229,0.417636354319449,2.79605665668747e-10,2.61307554779879e-09
"AFUB_033320-T",800.09381440141,-1.84570677270155,0.306519566089011,2.81746185194061e-10,2.62839628674291e-09
"AFUB_050190-T",23671.2996641741,0.67902888708623,0.108723167063046,2.81774674971734e-10,2.62839628674291e-09
"AFUB_010880-T",13525.9139396649,0.639194983643189,0.102255029248081,2.93837885899859e-10,2.73834837329211e-09
"AFUB_100820-T",1642.89382674971,-1.72328440208444,0.285669742115312,3.05380075080902e-10,2.8432431943508e-09
"AFUB_014610-T",5108.03788227635,0.743637872263702,0.119475241213882,3.11055275748742e-10,2.89336795858132e-09
"AFUB_077640-T",6283.11801244198,0.877521472015696,0.141779344417238,3.20360084272003e-10,2.97712906029928e-09
"AFUB_002950-T",8226.13221644144,-0.933110618060076,0.151087931225213,3.21897088856937e-10,2.98861422535557e-09
"AFUB_079740-T",58.0449024057423,9.99292036540091,3.01196399711132,3.25763867796798e-10,3.02168821297497e-09
"AFUB_005720-T",8672.45994653725,-0.734041142263528,0.118421373501736,3.45461939179221e-10,3.20140966046103e-09
"AFUB_099220-T",3232.41621630904,-0.872537472838318,0.141343250349737,3.48402270690439e-10,3.22564602295019e-09
"AFUB_055180-T",281.083877426362,2.34797293430482,0.396269717001409,3.59531866762369e-10,3.3255859996426e-09
"AFUB_026110-T",30060.9393876175,0.780297324460605,0.124732285143477,3.60376165413509e-10,3.33029184518536e-09
"AFUB_017870-T",550.035722658945,-1.94480370902352,0.326073152689139,3.65977402682288e-10,3.37890764802019e-09
"AFUB_072400-T",7970.96288971515,-0.707056826292363,0.114029550729866,3.69750694990967e-10,3.41057216336928e-09
"AFUB_000810-T",10606.8826851742,0.698624447272438,0.112617436420432,3.73409891939953e-10,3.44112644150792e-09
"AFUB_046980-T",338.446018631312,-2.17884951487397,0.367247136297278,3.74641696948257e-10,3.44927536383252e-09
"AFUB_074690-T",1040.95648188328,-1.74209724073202,0.290881280322422,3.75117049543375e-10,3.45045108129564e-09
"AFUB_001440-T",13370.9071769562,-0.82761445870953,0.134113423304538,3.79055450606237e-10,3.4834493956175e-09
"AFUB_100310-T",931.778878760077,1.45152133191557,0.240125798061861,3.8308650396756e-10,3.5172373282868e-09
"AFUB_043770-T",55472.7488899786,-0.72651721832516,0.117167865576368,4.0286664583175e-10,3.69542648787442e-09
"AFUB_060030-T",2691.23123121966,1.1403861805259,0.187159938183713,4.19392881291327e-10,3.84346661755902e-09
"AFUB_050830-T",1568.6422815762,1.22242041356634,0.201389749384788,4.36621012402072e-10,3.99766009971454e-09
"AFUB_026470-T",8665.99998806364,0.890096712262927,0.145079489592939,4.54254132035921e-10,4.15527397277098e-09
"AFUB_079780-T",55.2002322646572,9.90704299470078,3.00401878668599,4.55861727328261e-10,4.16613963511325e-09
"AFUB_048350-T",793.706127898511,7.27290641118218,1.27407175030501,4.57981675056645e-10,4.18166340840589e-09
"AFUB_014420-T",831.990254941682,-1.88394463372531,0.317683962713437,4.8094018955788e-10,4.38725310786945e-09
"AFUB_002910-T",3439.32142119297,-0.879403175363086,0.143747505545516,4.81694915853389e-10,4.39010288323681e-09
"AFUB_062340-T",3748.07747502572,-0.878189757649993,0.143450847427493,4.84530124903436e-10,4.41189127492349e-09
"AFUB_026530-T",27514.1677630149,-0.720174533120878,0.116891147386451,4.94986726446429e-10,4.50297274058736e-09
"AFUB_061940-T",6437.31711261523,-1.08103858747399,0.177534905729933,4.98624445538965e-10,4.53191174173464e-09
"AFUB_027640-T",15115.9158081975,0.587561015843117,0.0952244924039924,5.21944225526139e-10,4.73815953439107e-09
"AFUB_048010-T",687.73710039249,-1.59928899776581,0.268214235311961,5.22271690742955e-10,4.73815953439107e-09
"AFUB_086820-T",478.43379857337,-5.73245355361231,1.00466123126115,5.24561681664461e-10,4.75458875846555e-09
"AFUB_101290-T",427.827726029159,-2.20151745858283,0.374795448705176,5.25418955101364e-10,4.75801380417978e-09
"AFUB_094630-T",1934.67729240939,-1.1968253422443,0.198124894547927,5.26175565187682e-10,4.76052186370807e-09
"AFUB_079720-T",56.0852584977763,9.92785557249627,3.01262436469199,5.31284947565811e-10,4.80237076920826e-09
"AFUB_036030-T",1117.87039490476,-1.38367950748383,0.230707747166506,5.4070712834941e-10,4.88309212817825e-09
"AFUB_081560-T",1377.37518412245,1.15997389638246,0.191948407808445,5.58991661623637e-10,5.04362931055872e-09
"AFUB_056540-T",5394.09275520737,0.760757794247719,0.124303433997058,5.92937418637509e-10,5.34505347863513e-09
"AFUB_048740-T",1397.22013344144,-1.12966763497024,0.1871700937499,5.9366714855734e-10,5.34677536246062e-09
"AFUB_008060-T",4050.79338824545,-0.934017131028875,0.15393482536047,6.34129176085638e-10,5.70601275852217e-09
"AFUB_019120-T",398.131094725527,-1.83622232322472,0.311774038884199,6.38092636309777e-10,5.73647591972331e-09
"AFUB_050510-T",2048.08403883668,1.38166481092064,0.231635768498133,6.38982991984936e-10,5.73928162484207e-09
"AFUB_023830-T",21912.0383917423,0.607789986984766,0.0991365608619824,6.51200591367e-10,5.84373044242086e-09
"AFUB_011980-T",1067.80108891765,-1.49755044337649,0.251946793087082,6.55211704609212e-10,5.8744138827881e-09
"AFUB_015230-T",2540.53464113874,0.909400374691729,0.149977900709083,6.87808018651377e-10,6.16109619595209e-09
"AFUB_041140-T",3383.17668436455,-0.993616159241703,0.164495701612914,6.91590785720152e-10,6.1893945430771e-09
"AFUB_002410-T",17883.1213202247,0.675896251611021,0.11070809976704,7.11609797966451e-10,6.36281733767299e-09
"AFUB_011100-T",5343.45321229977,0.725998632207029,0.119121973332748,7.16316827018054e-10,6.3991399713359e-09
"AFUB_102860-T",56.3503494441973,9.92649944563015,3.01984401676058,7.23533195577678e-10,6.45779403427019e-09
"AFUB_028860-T",10507.0455866491,0.618848303178038,0.101257170407093,7.30754538650583e-10,6.51638705849689e-09
"AFUB_014090-T",22537.6128162855,-0.706649743667949,0.115614456755998,7.5339762498373e-10,6.712272376987e-09
"AFUB_060220-T",9103.35498921776,-0.753856363257356,0.124039462013963,7.54654485890575e-10,6.71744015467619e-09
"AFUB_073780-T",604.862259985104,-1.62392392591849,0.275481754664502,7.66337629171992e-10,6.81532344940145e-09
"AFUB_075760-T",6463.38671318543,-8.41556081581337,1.5127828559612,7.83648249474634e-10,6.96272201299363e-09
"AFUB_005000-T",168710.474442507,0.514014250502648,0.0851590708545315,7.84314681161399e-10,6.96272201299363e-09
"AFUB_052070-T",21530.4851466331,-3.00725718457178,0.525130342759085,8.00325161437603e-10,7.09850511820215e-09
"AFUB_035360-T",6398.45174021464,-0.849559821811129,0.140585320219756,8.26910684579108e-10,7.32509302395364e-09
"AFUB_089000-T",6916.12343532059,0.924087974511024,0.153178608674852,8.27348038272245e-10,7.32509302395364e-09
"AFUB_048560-T",77.3888609775468,7.38586200344638,1.23277320551958,8.36057828875336e-10,7.39560958252024e-09
"AFUB_093100-T",1135.35035336351,-1.53770160786621,0.260940206394573,8.412357123351e-10,7.43478579245402e-09
"AFUB_043040-T",19385.1801244767,-0.608355798147824,0.100017701066942,8.44432874137915e-10,7.45640238062172e-09
"AFUB_093980-T",49478.0877030689,-0.561309485353277,0.0922758126172116,8.54655876541777e-10,7.53996406637967e-09
"AFUB_084010-T",2331.90357237466,-0.998809824075735,0.166339355295529,8.55574840290594e-10,7.54136793062535e-09
"AFUB_012380-T",12776.5492010233,0.67190797694274,0.110680754122665,8.63567365441594e-10,7.6050630896254e-09
"AFUB_043950-T",1007.34185135741,1.40791766931638,0.238018648219932,9.03040871216748e-10,7.94563887129984e-09
"AFUB_017260-T",1783.84662937824,1.28991000826589,0.217525412438178,9.43355077896621e-10,8.28998303911696e-09
"AFUB_050350-T",18822.826938384,0.588519930587448,0.0978855139736056,9.43846935435987e-10,8.28998303911696e-09
"AFUB_000990-T",1051.47790520261,-1.33362767277569,0.225507847067028,9.62915096942522e-10,8.44998438298367e-09
"AFUB_031130-T",1252.0073053476,-1.12998642190792,0.190092299261432,1.06380045374565e-09,9.32704903129472e-09
"AFUB_039560-T",2704.70650953056,-0.930854204897879,0.155544572795409,1.06724786341535e-09,9.34901592621128e-09
"AFUB_081840-T",5958.97606997019,-0.964131234899122,0.16133832048887,1.07264489479391e-09,9.38800756686906e-09
"AFUB_032650-T",3539.80370596577,0.951866961730234,0.159234298809605,1.10792682932854e-09,9.68765381941448e-09
"AFUB_030500-T",728.468149842106,-1.54635964580361,0.264450640312309,1.10883372683676e-09,9.68765381941448e-09
"AFUB_096690-T",69.0506855762578,5.71374418245674,1.00604232082462,1.17848447145637e-09,1.02871225850523e-08
"AFUB_059170-T",33506.3851846741,-0.617713413752355,0.102475684695969,1.18211678178678e-09,1.03097619149681e-08
"AFUB_009190-T",1887.2948841006,-1.52870644647878,0.26223206469798,1.22137743692564e-09,1.06428191935794e-08
"AFUB_091790-T",3554.53840955594,-0.940058060970634,0.157732526798374,1.22539806653504e-09,1.06684875529476e-08
"AFUB_052730-T",27154.0507493365,0.568431064948757,0.0944296422264034,1.36621650871885e-09,1.18840480710207e-08
"AFUB_021520-T",9394.04862224505,0.820238352345918,0.137283442150416,1.38465990369388e-09,1.20339312996163e-08
"AFUB_022700-T",12129.0570973207,0.693977148362132,0.115805670239571,1.39903492106326e-09,1.21482253644382e-08
"AFUB_053730-T",1218.77007731098,1.33803100541264,0.228587029179711,1.40984973169844e-09,1.22314323313872e-08
"AFUB_006180-T",12001.1918505371,0.754786680005048,0.12664568483221,1.43074072022003e-09,1.24018355005972e-08
"AFUB_035750-T",1144.21043733619,-1.44094701875529,0.247657351216804,1.49932234490047e-09,1.2984968824727e-08
"AFUB_077020-T",23870.3663688368,0.576805661045455,0.0961438299304262,1.53761770950578e-09,1.33050181053574e-08
"AFUB_082810-T",1384.49032453912,-1.04673461831179,0.177535766994409,1.56331801829247e-09,1.35156196267881e-08
"AFUB_060330-T",11197.4864887125,0.683389735543218,0.114409311131891,1.60300823393454e-09,1.38466986264581e-08
"AFUB_042220-T",13957.4722426908,0.616246879219723,0.103022772330323,1.62857830222449e-09,1.40553388257201e-08
"AFUB_052850-T",72076.2662731838,-0.685256754435566,0.115541195689188,1.65471976440712e-09,1.42685435810084e-08
"AFUB_097710-T",669.566449261651,-1.6631213644264,0.288834985173409,1.66554673598614e-09,1.43494369398111e-08
"AFUB_015170-T",1157.14733918446,-1.86229079012819,0.32534634072772,1.67305753238139e-09,1.44016444136039e-08
"AFUB_052640-T",4029.58785252587,-0.831679824959566,0.140220515684466,1.67642717938549e-09,1.44181453686317e-08
"AFUB_003530-T",5892.75069547414,-0.750863690302691,0.126272115775715,1.72201846865195e-09,1.47974314297581e-08
"AFUB_093060-T",147039.805221018,-0.598394626707633,0.0985896609043832,1.729135944427e-09,1.4845738969237e-08
"AFUB_078850-T",839.900113492656,1.50631624811657,0.26039173366204,1.74075740576517e-09,1.49325991808291e-08
"AFUB_075800-T",70.6721092285968,-6.43579798742003,1.1388833200236,1.76296088092423e-09,1.51100058231201e-08
"AFUB_076970-T",5585.10825397341,-0.705155241006077,0.118549068706176,1.77691249273887e-09,1.52164421832902e-08
"AFUB_016350-T",300.144081507583,-3.21571829268941,0.576498640061015,1.79551012933783e-09,1.53624465807569e-08
"AFUB_026290-T",61858.6379169244,0.632950637203812,0.107327361639591,1.83820023192305e-09,1.57141578827186e-08
"AFUB_069420-T",26214.6610091409,0.641008258726393,0.108892169275611,1.86344441640318e-09,1.59162528681597e-08
"AFUB_072570-T",2618.72258901579,-1.30413561503774,0.224542979176828,1.86688764732877e-09,1.59319517624575e-08
"AFUB_008080-T",10397.2637157766,0.727080830871737,0.122445092907869,1.88529748712564e-09,1.60752384533694e-08
"AFUB_059360-T",28345.0039567112,0.583563118517367,0.0985600357385858,1.96494973783992e-09,1.67400224446877e-08
"AFUB_024060-T",6425.93261840121,-0.859632649685286,0.145767192626611,1.99336554341486e-09,1.69675411821548e-08
"AFUB_032610-T",2506.05111361093,-0.944692760824895,0.161151292401513,2.2009781063382e-09,1.87186869797829e-08
"AFUB_060960-T",7364.216559395,-0.62684921383846,0.105797083194301,2.22439193011984e-09,1.89016180705817e-08
"AFUB_055330-T",15771.8458857378,-0.673835652654734,0.113901817578175,2.23980056469843e-09,1.90162708337313e-08
"AFUB_058590-T",1415.75863789923,-1.64148042584223,0.287656252677432,2.32738502714327e-09,1.97429883712794e-08
"AFUB_005640-T",1505.99596631943,1.28057880209058,0.221600972270051,2.37152557056727e-09,2.01002487513921e-08
"AFUB_068170-T",3034.08288723609,-0.822452935126782,0.140003631704249,2.41534913950941e-09,2.04542151959308e-08
"AFUB_074820-T",6437.41702798768,-0.733696614181776,0.124594293501795,2.47513726480103e-09,2.09426575900684e-08
"AFUB_016770-T",3963.51811212586,1.09783004821447,0.188893958083424,2.52965047999993e-09,2.13856737768308e-08
"AFUB_024590-T",51167.4108404991,-0.702670420384703,0.118214307287393,2.55628681429794e-09,2.15924652186443e-08
"AFUB_077440-T",91919.0628441493,-0.593532822821538,0.100963030644609,2.61019238463833e-09,2.20290471237546e-08
"AFUB_013970-T",3995.41483498141,0.891340576829762,0.152412740347681,2.64655104081106e-09,2.23169236024212e-08
"AFUB_061620-T",1598.94682698432,1.3597525330437,0.23684977647349,2.70369009959196e-09,2.27793923925723e-08
"AFUB_087760-T",533.458230004913,-1.89194543252792,0.335682834750878,2.71550605272252e-09,2.28595399264385e-08
"AFUB_015260-T",21823.8645972939,0.664503207859154,0.112892605285923,2.78587053593359e-09,2.34320042958821e-08
"AFUB_051530-T",80962.2817030713,0.624627510919455,0.105391465489379,2.94239151107314e-09,2.47275493204072e-08
"AFUB_061010-T",852.184601934879,1.67999171435791,0.296715048723719,2.97956286010164e-09,2.50187490579601e-08
"AFUB_075250-T",62.1266493407721,6.10458862762419,1.0975039599649,3.03730139603809e-09,2.5482008753743e-08
"AFUB_035260-T",3241.42044388783,-0.928330417557291,0.159808432007694,3.09745153125555e-09,2.59647013916481e-08
"AFUB_017940-T",304.282406624118,-2.10145592016354,0.376478753960388,3.11260348582183e-09,2.6069695862263e-08
"AFUB_056640-T",3895.60503270654,-0.871088602987906,0.149663070962942,3.12533506234755e-09,2.61542584264751e-08
"AFUB_086070-T",8077.59857713958,0.60943044301425,0.103731789191438,3.13408729227962e-09,2.62054055399117e-08
"AFUB_090260-T",4375.71767706901,-0.821103541620257,0.140834604835572,3.15629438163788e-09,2.63688735166296e-08
"AFUB_026240-T",47694.1362412003,0.714582725831491,0.122048711605757,3.22038026008898e-09,2.688164346626e-08
"AFUB_036860-T",21706.5144264938,0.63141843336943,0.108504672626654,3.27425972657945e-09,2.73084267111773e-08
"AFUB_025530-T",8849.28440661729,-0.653138746546616,0.111507629138057,3.28272577900125e-09,2.73560481583438e-08
"AFUB_087140-T",1367.67854987702,-1.38964157659862,0.244173908502142,3.33600777976142e-09,2.77767426293054e-08
"AFUB_043410-T",12908.2093719849,0.546540221628769,0.093087963675151,3.40106368031096e-09,2.82946831744227e-08
"AFUB_057020-T",9262.28067479883,-0.720969802011184,0.123563748830183,3.45591222847478e-09,2.87269085993402e-08
"AFUB_021310-T",397.355685130828,2.5444715238997,0.460856550626857,3.49088458475084e-09,2.89933301285792e-08
"AFUB_028600-T",8797.01494103254,0.672900888656601,0.11515431844695,3.52203822346574e-09,2.92276165283424e-08
"AFUB_003800-T",13929.2095205368,0.7213120320141,0.12355880095542,3.60544895918002e-09,2.98948044443289e-08
"AFUB_039430-T",18808.8357303907,0.583135229680426,0.0995248813532468,3.61470896670947e-09,2.99465663560864e-08
"AFUB_000660-T",9450.92330169242,0.798745820074278,0.137355934237165,3.62677964464988e-09,3.00215079008757e-08
"AFUB_065340-T",9561.24058457098,1.05627387713477,0.183471435400941,3.63998865023952e-09,3.0105739461356e-08
"AFUB_073830-T",2436.52198839916,1.19370121396716,0.208549092648803,3.72856387155694e-09,3.08126531433827e-08
"AFUB_077400-T",102309.872542128,-0.606730447769632,0.102491462430485,3.80572313838754e-09,3.14241282433414e-08
"AFUB_093720-T",6982.27384478455,0.916215912733796,0.158584472160508,3.89058072963724e-09,3.20980995358683e-08
"AFUB_061980-T",3420.26776002577,-1.06293982581497,0.185255099262613,3.92736945855687e-09,3.23747025549642e-08
"AFUB_097340-T",268.420951705032,-2.20507238715096,0.398952703688804,3.96444431728534e-09,3.26532031942382e-08
"AFUB_102210-T",51.0900544076182,9.72565966528449,3.0356971350117,4.02821334448841e-09,3.31509265705203e-08
"AFUB_000830-T",5634.46683122502,0.79085885210799,0.136463446297529,4.12173967496479e-09,3.3892515554288e-08
"AFUB_083420-T",2347.65235970117,-0.950124886469719,0.165094838258709,4.13240227880397e-09,3.3952063424776e-08
"AFUB_100940-T",419.251148184862,-2.52999501794752,0.461689439363465,4.2050169052006e-09,3.452009328711e-08
"AFUB_091080-T",2131.29409914186,-1.18184668263865,0.207545760561917,4.30471423512739e-09,3.53093295732557e-08
"AFUB_088030-T",70105.5929146085,0.512098114937695,0.087661536998485,4.31578669823686e-09,3.53709190586299e-08
"AFUB_073070-T",938.978264157136,1.23976058395087,0.218040164928677,4.32608145896878e-09,3.54260383500538e-08
"AFUB_063130-T",19301.4346510428,-0.712559400466446,0.122410560919362,4.51998684242297e-09,3.6983404296e-08
"AFUB_049640-T",629.447338084362,1.89284246206855,0.341241502619243,4.63839609836233e-09,3.79209895191484e-08
"AFUB_073210-T",3635.31523550941,-1.0845542454632,0.191030941888511,4.81706778617913e-09,3.93492985825744e-08
"AFUB_041230-T",4870.97985450217,0.759185534099832,0.131453818379971,4.822191142545e-09,3.9358755830394e-08
"AFUB_004280-T",2026.72595494183,-0.953553835609574,0.166471354528283,4.8862918150661e-09,3.98491752379056e-08
"AFUB_083160-T",7928.3589927536,0.74287883798123,0.12874084305935,5.07732537815442e-09,4.13731152530235e-08
"AFUB_099160-T",23928.8650317208,0.543614130498499,0.093725509566198,5.1489221788045e-09,4.19221104385846e-08
"AFUB_064740-T",27391.3530229638,-0.629339638771072,0.108412669711578,5.23404693522202e-09,4.25802588787529e-08
"AFUB_083530-T",3449.13815203138,-0.877227079412168,0.153115423893981,5.39547060673578e-09,4.38575313446786e-08
"AFUB_078250-T",3178.61309000029,-1.10099178625851,0.194044707180396,5.40226642244592e-09,4.38768365325497e-08
"AFUB_053170-T",3718.08627062799,0.90994820390362,0.15914544414059,5.57378031689499e-09,4.52328451718584e-08
"AFUB_032690-T",15038.1614643048,0.614381335421945,0.106931715262959,5.61479988928314e-09,4.55285040041954e-08
"AFUB_084730-T",182.066633694531,3.31363890492155,0.61658704809714,5.71312828462324e-09,4.62879985509271e-08
"AFUB_075740-T",48.301758292763,-9.82743092729307,3.14272437989115,5.79524391939458e-09,4.69150048123909e-08
"AFUB_100110-T",8426.44971957729,0.631560019086115,0.110570588380022,5.95752556124262e-09,4.81894386270032e-08
"AFUB_015140-T",3842.23871522643,-1.20189506930665,0.213562898661891,6.02714088120337e-09,4.87128446628204e-08
"AFUB_085930-T",758.278780019613,-1.72880537330371,0.313060098443745,6.03691988350833e-09,4.87229864886398e-08
"AFUB_038500-T",27340.9967190379,0.617159545761052,0.108383671926209,6.03821394267275e-09,4.87229864886398e-08
"AFUB_075280-T",537.048527635684,6.68628252157978,1.27355854395072,6.12010933459001e-09,4.93436922386725e-08
"AFUB_043390-T",33937.0661159771,0.673024476777423,0.117006016459311,6.14411141864272e-09,4.94970014854131e-08
"AFUB_072110-T",813.313094732243,-1.6938238394277,0.306634945604187,6.21865662477384e-09,5.00569075432931e-08
"AFUB_076390-T",7950.80371902284,-0.721049095155141,0.125846102514348,6.44776951140325e-09,5.18590862242117e-08
"AFUB_001520-T",8264.24123179143,0.754599726377124,0.131827625530024,6.57311868333201e-09,5.28244558154415e-08
"AFUB_040640-T",9616.75215751964,-0.775621656086651,0.135713557346389,6.62803434563905e-09,5.32226867964948e-08
"AFUB_069000-T",4446.29870327972,0.903576417650887,0.15875323539461,6.68042263971042e-09,5.3599995714734e-08
"AFUB_005440-T",135355.685236294,0.680479847550607,0.11782845038378,6.73225446363062e-09,5.39722338865379e-08
"AFUB_046760-T",246.765542275007,3.34340625493009,0.625884674768199,6.7685418433254e-09,5.42193525383411e-08
"AFUB_049630-T",2845.86209043217,-2.58889687975405,0.480774836031838,6.77444726524207e-09,5.42228944415544e-08
"AFUB_084710-T",537.822330368991,-2.09326389410522,0.385381122307681,7.1370387877274e-09,5.70790571862969e-08
"AFUB_076280-T",3896.9866583195,-0.724925252431846,0.12741492366902,8.09295227607749e-09,6.46719414976402e-08
"AFUB_000380-T",3680.06294969997,-2.42354249936305,0.452244658030982,8.40262842641283e-09,6.70925881996359e-08
"AFUB_061260-T",9224.91841624887,0.67341218282641,0.118127326406872,8.48401017175274e-09,6.76879428895868e-08
"AFUB_077180-T",12633.0918494075,0.744378137427671,0.131178079925344,8.58995945759343e-09,6.84781908567187e-08
"AFUB_088380-T",1366.76330713289,-1.38153562739102,0.249869042460409,8.64389592371105e-09,6.88528627952104e-08
"AFUB_071690-T",6222.45821194384,1.14288821775936,0.204586974692109,8.75574630360169e-09,6.96878765543278e-08
"AFUB_040230-T",1152.98516497784,-1.43315011127573,0.260355525696769,8.85721871600149e-09,7.04390190355087e-08
"AFUB_020450-T",12825.0688219052,0.773405320477456,0.136494392861979,8.99191620686902e-09,7.14529770641914e-08
"AFUB_050980-T",7088.01141370585,0.741747900099536,0.130797328945616,9.15012740182897e-09,7.26520115705221e-08
"AFUB_080040-T",4630.06119331606,-0.989486922964773,0.176525777479167,9.37239076901112e-09,7.43572968684535e-08
"AFUB_052680-T",5710.38452825405,0.825211167193177,0.146152821383747,9.44094731632802e-09,7.48413754908591e-08
"AFUB_099850-T",2431.22488617576,0.816998011438902,0.144817032011738,9.7499879409824e-09,7.72295533234241e-08
"AFUB_061490-T",3074.58844540113,-0.956305406924441,0.171078969088613,1.07314827378376e-08,8.4936177171482e-08
"AFUB_071040-T",44.349221810443,9.47483149786209,3.01800418618935,1.07880738913973e-08,8.53160425275844e-08
"AFUB_023520-T",7486.06950618473,0.685659214358402,0.121305073474391,1.08535255471429e-08,8.57653193116185e-08
"AFUB_064480-T",6960.70816260656,0.628547666662808,0.111041371094235,1.09674639056037e-08,8.6596721768589e-08
"AFUB_074300-T",2947.09322163173,0.97753739820206,0.175007158581598,1.10330935119753e-08,8.70456701958304e-08
"AFUB_013230-T",19758.6968715679,0.57862590467512,0.102096473962852,1.11038783893882e-08,8.7534545682826e-08
"AFUB_015610-T",5670.1270879843,-0.761069264582304,0.13544365164919,1.13711335305767e-08,8.95702383261698e-08
"AFUB_039440-T",569.796476897436,-1.83044031126078,0.339909167294804,1.18889662662711e-08,9.35749327460274e-08
"AFUB_043860-T",39927.9722145616,0.578793401747346,0.103495297600309,1.19540633381968e-08,9.39915530813467e-08
"AFUB_017890-T",394.224912548995,1.90489396647321,0.354241381510064,1.19608394500495e-08,9.39915530813467e-08
"AFUB_055910-T",2780.04380060675,-0.789993301081209,0.14091833388841,1.23169576226435e-08,9.67134528518486e-08
"AFUB_086770-T",2583.39322914064,-1.14432691442068,0.207312251661609,1.23845802578621e-08,9.71675565686017e-08
"AFUB_013760-T",13776.645141594,0.582776584776642,0.103273486160291,1.27312104456471e-08,9.98082651445875e-08
"AFUB_061970-T",609.991862735472,-1.7256021392389,0.320175010396775,1.28781659415909e-08,1.00880660592178e-07
"AFUB_045600-T",314.709412175208,3.20442185854404,0.612809037730151,1.29583772806026e-08,1.01428938887997e-07
"AFUB_022480-T",6472.17424219892,-0.733572201122968,0.130856922913057,1.29718604100895e-08,1.01454463806255e-07
"AFUB_000310-T",3409.52379683808,-0.849718592293274,0.152020547375936,1.30376088639198e-08,1.01888399979846e-07
"AFUB_037820-T",1942.50711274033,-1.26726476627774,0.231216975585798,1.30705984078144e-08,1.02065845159369e-07
"AFUB_093400-T",6915.66339509788,-0.612463664372147,0.108851355557772,1.32943158181668e-08,1.03731198502599e-07
"AFUB_068550-T",15227.7502823437,0.548837092315827,0.0973494833545638,1.35544385119478e-08,1.05677770802107e-07
"AFUB_062480-T",627.997354137608,-1.98958948427918,0.373709783244268,1.4004318929524e-08,1.09099580357555e-07
"AFUB_044970-T",1151.01448233084,1.65526926972732,0.307281084258477,1.44407915781498e-08,1.12411652088735e-07
"AFUB_076180-T",3067.79757022329,-0.934929316955891,0.168710710598971,1.4594272076152e-08,1.13517359213016e-07
"AFUB_071790-T",542.848838052607,-2.54094311455934,0.484155904975873,1.47773416490544e-08,1.14851304515948e-07
"AFUB_074010-T",5051.66930565443,-0.86169940285792,0.155149994801083,1.49013514271367e-08,1.15724501497912e-07
"AFUB_058580-T",9322.5636411767,-0.611584152015223,0.10913099313545,1.51837426674492e-08,1.17825368236461e-07
"AFUB_005090-T",7069.50699702148,-0.69128628330081,0.123673288530735,1.54172017201657e-08,1.19543536775503e-07
"AFUB_051030-T",203.388372788893,-3.36476850911135,0.650051125500914,1.54960606882888e-08,1.20061204005673e-07
"AFUB_062050-T",3678.66933063761,0.762083122226165,0.136709572082393,1.55456594746829e-08,1.20351536884733e-07
"AFUB_096370-T",18704.4897580563,-0.589593920267289,0.105270049686283,1.58287895691402e-08,1.2244796295691e-07
"AFUB_025930-T",5328.01929801124,-0.899699423079854,0.162571273867563,1.59779492902273e-08,1.23505565970021e-07
"AFUB_054860-T",7214.45081049572,0.647962790648156,0.116032945564452,1.67320484701377e-08,1.2923391522655e-07
"AFUB_021590-T",2528.24970132373,-0.9307937382686,0.16879889937662,1.74343560075289e-08,1.34553641815493e-07
"AFUB_084470-T",1078.93742017707,1.12473609172985,0.205730746892271,1.75962243065126e-08,1.35697378587519e-07
"AFUB_042240-T",2760.9793023623,-0.802746942108881,0.144990702077867,1.78577415646796e-08,1.37607208873793e-07
"AFUB_087310-T",851.143347916921,-1.46832021603566,0.27298664892872,1.80710892135601e-08,1.39143181105185e-07
"AFUB_064770-T",5071.16914380269,-0.686418843187326,0.123474798137473,1.81011121892037e-08,1.39266308897555e-07
"AFUB_017180-T",6787.64514231741,-0.646855466663116,0.116267411845457,1.84410015043512e-08,1.41771448435853e-07
"AFUB_002200-T",6481.55581491645,-0.70565100798535,0.127171807231869,1.88016832580682e-08,1.44432435244835e-07
"AFUB_016640-T",98941.4063738113,0.561710312115511,0.101719859183553,1.90189437786961e-08,1.45988412222397e-07
"AFUB_026970-T",20856.5762570864,-0.577712767884831,0.103722758386016,1.90432760463607e-08,1.46062221607519e-07
"AFUB_071910-T",543.069279136456,1.66274565480922,0.311646793455257,1.90698195844591e-08,1.46152864382823e-07
"AFUB_026550-T",13353.8661198832,0.776163831805732,0.140250317517351,1.92091659304536e-08,1.47107231373265e-07
"AFUB_047170-T",329.682205871277,-2.21260810075394,0.422590769157575,1.92623623044111e-08,1.47400883478243e-07
"AFUB_100810-T",444.82453842909,2.01939775615007,0.383217446255631,1.95632617558184e-08,1.49588114735361e-07
"AFUB_040520-T",66572.6404056328,-0.80951188893557,0.146917867364298,1.98797118781678e-08,1.51890793218487e-07
"AFUB_075820-T",1119.28556704611,-1.39726459001417,0.259904443692279,1.99118134403952e-08,1.52019037227632e-07
"AFUB_100860-T",525.344453291923,-1.54505017556813,0.289213725726894,2.03087792517453e-08,1.54930541178764e-07
"AFUB_056420-T",3705.92240612467,0.938775275349661,0.171347550713959,2.11696072733698e-08,1.61373542387247e-07
"AFUB_052370-T",2345.00972250519,-1.14883669977896,0.211931839868371,2.14605877946662e-08,1.63466104268658e-07
"AFUB_004620-T",9212.08160422321,0.608650216094961,0.110455455891745,2.20418406793279e-08,1.67764776642891e-07
"AFUB_087540-T",1109.99391089594,1.39322517104797,0.2598559879187,2.23653106209565e-08,1.69963364994403e-07
"AFUB_030820-T",3444.08776172276,-0.769479788228758,0.139787143710619,2.23702595399872e-08,1.69963364994403e-07
"AFUB_084140-T",5967.13618989709,-0.701790812421106,0.126896949589864,2.23820773851572e-08,1.69963364994403e-07
"AFUB_040500-T",5730.01484068571,0.630342799018407,0.113854715607825,2.2500705970173e-08,1.70733567854715e-07
"AFUB_041330-T",216.731128306069,2.34425792160689,0.451239741864389,2.31644969855464e-08,1.75636082949999e-07
"AFUB_050920-T",412.457078520016,-2.27857925188274,0.438593355761089,2.32539426988831e-08,1.76179680371309e-07
"AFUB_028130-T",6000.24999324318,0.637771610341982,0.115405377490422,2.3509331449155e-08,1.77978729697074e-07
"AFUB_079900-T",43.4092093861449,9.41335418146194,3.03654928132554,2.36085917101187e-08,1.78593957868085e-07
"AFUB_054480-T",1607.7468744059,-1.34783905513979,0.251749572676806,2.38103994776148e-08,1.79983408084788e-07
"AFUB_063690-T",1865.61124986587,-0.965253066704764,0.177204357468766,2.38391504990711e-08,1.80063598708737e-07
"AFUB_066130-T",11215.2371844589,0.691524727703883,0.12527941145836,2.43781554613957e-08,1.83994823539431e-07
"AFUB_002160-T",8990.35550922747,0.670647785627631,0.121621732007191,2.44433874685512e-08,1.84346976159096e-07
"AFUB_048200-T",1048.05845333166,-1.67575747574233,0.317441175844118,2.45587180462651e-08,1.85076140174018e-07
"AFUB_055240-T",38486.732345419,0.579242619617194,0.105199923711617,2.55744170022059e-08,1.92584285847416e-07
"AFUB_072550-T",9372.70992648256,0.635687100662479,0.115056171056995,2.57288438985264e-08,1.93600284831595e-07
"AFUB_060950-T",19946.5137159735,-0.522478818366104,0.0946242123558028,2.63043082610415e-08,1.9778049961427e-07
"AFUB_016500-T",5988.16560673297,-0.747476057572699,0.136591160979218,2.65558341973318e-08,1.99520555948916e-07
"AFUB_065700-T",7408.55984089612,-0.621646698438892,0.112977832506278,2.6870034198815e-08,2.01728509397307e-07
"AFUB_082940-T",4149.27505252289,-2.32072717762572,0.449850531562625,2.70322542341357e-08,2.02792988113225e-07
"AFUB_026020-T",13028.1176021541,-0.840226478913392,0.154151043968604,2.78122849599281e-08,2.08487105911848e-07
"AFUB_036650-T",11798.1334693373,-0.678493331371361,0.122884080043637,2.8447757579876e-08,2.13089806777562e-07
"AFUB_056720-T",4699.88378726815,-2.62903918691826,0.514943917834935,2.87257524393082e-08,2.1500987402725e-07
"AFUB_095800-T",537.116590139254,-1.68950658176493,0.322051874888581,2.89332703684242e-08,2.16399930977099e-07
"AFUB_047750-T",2623.54821081319,-0.891690501407036,0.163189657723298,2.94184976038846e-08,2.19863395119394e-07
"AFUB_026610-T",3609.20062442812,-0.76447059591328,0.13997890743396,3.07235786569566e-08,2.29444332709025e-07
"AFUB_096670-T",498.172674315706,6.79815485728378,1.37902178410747,3.07634025724652e-08,2.29569000399787e-07
"AFUB_080060-T",1725.70493192435,-1.27164150394728,0.238958575337806,3.15805541085156e-08,2.35489856894829e-07
"AFUB_074130-T",7819.19453907936,-0.659736654266343,0.120744994378003,3.21667831189058e-08,2.39681173014369e-07
"AFUB_077720-T",135.860971337692,3.22111237715653,0.637564353753845,3.25555597023607e-08,2.42396046546084e-07
"AFUB_089910-T",1350.93665592486,-1.02028853500824,0.19158617721449,3.34539278017594e-08,2.48898225961366e-07
"AFUB_066160-T",7459.97627004009,-0.648522289379756,0.119104588327,3.34967052569723e-08,2.49029812490974e-07
"AFUB_097540-T",271.29366443276,2.96443203339222,0.585447541975899,3.35453293256149e-08,2.49204635895755e-07
"AFUB_101610-T",42.0670052394298,9.35044470918781,3.03943757558606,3.46903257580247e-08,2.57517938031709e-07
"AFUB_033630-T",438.772540200547,-1.65612862786719,0.317443583567516,3.51371714261527e-08,2.60640079525087e-07
"AFUB_081210-T",5276.68985782939,-0.82818269291671,0.153113797284905,3.54270372260458e-08,2.6259398391972e-07
"AFUB_052750-T",40752.229350278,0.506523792831279,0.0926998486927625,3.68667742272728e-08,2.73036185928945e-07
"AFUB_031560-T",3635.7518860795,0.705434950333512,0.12983973533556,3.68908337864701e-08,2.73036185928945e-07
"AFUB_048190-T",345.216687884199,-2.20799131275683,0.43181881585977,3.76368452712969e-08,2.78349992039957e-07
"AFUB_098440-T",2081.73672784978,-1.02260758311311,0.191480118601788,3.98619430487321e-08,2.94586585821792e-07
"AFUB_009800-T",63322.5885070341,1.42412810065678,0.27191934922742,4.04909757827388e-08,2.99012600181311e-07
"AFUB_067310-T",5518.59593472715,-0.752560342422142,0.139487265717725,4.06345671118021e-08,2.99849872553632e-07
"AFUB_031090-T",3139.9083359508,-1.02291126855907,0.191937983714775,4.23448449418372e-08,3.12238176855672e-07
"AFUB_066940-T",2677.28254339322,0.942106800383907,0.175984120856432,4.25713547477919e-08,3.13675349570775e-07
"AFUB_006720-T",5910.7669487219,0.684383968918343,0.126504763992227,4.300868106095e-08,3.16662581253656e-07
"AFUB_003340-T",2060.81214630015,-0.990323199003114,0.185708255305002,4.35240498317176e-08,3.20219566033949e-07
"AFUB_099700-T",1618.2160785452,-1.11644217929154,0.210882083224132,4.51306172752521e-08,3.31793612190279e-07
"AFUB_033670-T",1074.4867656834,-1.24842352003155,0.23739935964278,4.56979916501124e-08,3.35597646254086e-07
"AFUB_080710-T",3273.27126432567,-0.775419784436673,0.144171648115661,4.57156692932519e-08,3.35597646254086e-07
"AFUB_086860-T",110.439149656696,-4.00130114126579,0.809584446415128,4.63204341663865e-08,3.39785889949287e-07
"AFUB_005890-T",6785.72905089841,0.764507398537238,0.142050423236915,4.63882569891017e-08,3.40032090558962e-07
"AFUB_032580-T",2415.73461090884,0.861677613858579,0.160930700551485,4.69728422635313e-08,3.44063069716272e-07
"AFUB_003930-T",314.557608449788,-2.14130363995252,0.421789604616726,4.7571713393063e-08,3.48192666243473e-07
"AFUB_101360-T",2748.08097129729,-2.97117849869113,0.596477671808078,4.76767718344016e-08,3.48704466069591e-07
"AFUB_039840-T",2851.73608722656,0.760336139621737,0.14147495645612,4.78703405950914e-08,3.49862393524509e-07
"AFUB_005650-T",6019.28834497079,-0.628604594683638,0.116430110601868,4.82892553549264e-08,3.5266435570099e-07
"AFUB_032680-T",3056.22086309814,-0.878626805614536,0.164541143157752,4.87374609010256e-08,3.55675955472558e-07
"AFUB_030300-T",1650.95904748202,1.20259641951086,0.228598821845485,4.95251023687434e-08,3.61158443063761e-07
"AFUB_000750-T",3631.6810633207,2.02933627949152,0.396380383666982,5.02985635391032e-08,3.66529547081938e-07
"AFUB_001360-T",510.21455475099,-1.65085840425209,0.320519076388377,5.04528109620935e-08,3.67383821569169e-07
"AFUB_006820-T",2618.21975868556,0.800735616812834,0.149519881747063,5.06185275101179e-08,3.68320297315191e-07
"AFUB_058850-T",479.551698075389,-1.58834810782025,0.307669190820825,5.07400211457343e-08,3.68933853385651e-07
"AFUB_090310-T",538.28904020631,1.39798701117387,0.26851210201267,5.17013672109407e-08,3.75648660006286e-07
"AFUB_018280-T",3941.50110555777,-0.74157560608111,0.138384159225773,5.24768809679284e-08,3.8081129136113e-07
"AFUB_101530-T",1381.08303835734,-1.2166896466914,0.232136030651833,5.25241579437652e-08,3.8081129136113e-07
"AFUB_015040-T",2413.09432911736,0.825769703237881,0.154560934425663,5.25270184255302e-08,3.8081129136113e-07
"AFUB_069670-T",9318.86628890617,0.562744675840441,0.104348431317954,5.39197448422839e-08,3.90622969021655e-07
"AFUB_059070-T",1362.80241140494,-1.64712228729567,0.320842091582763,5.46163765625768e-08,3.95257807120538e-07
"AFUB_032100-T",2363.71888018657,-1.14766053761567,0.218575041062136,5.4639164873489e-08,3.95257807120538e-07
"AFUB_055790-T",1837.07939671623,-0.928045259523798,0.1749896702357,5.56324173274907e-08,4.01957100195298e-07
"AFUB_101040-T",207.099181951137,-3.94527500242649,0.805580922808659,5.56462524602861e-08,4.01957100195298e-07
"AFUB_042010-T",2824.10995908376,-0.851865511547841,0.160193902244342,5.66322334800248e-08,4.08781758028543e-07
"AFUB_071800-T",2321.96308288929,-3.6965294350003,0.753891299803838,5.76759332273153e-08,4.160128177915e-07
"AFUB_086130-T",23360.81600221,0.513683624982217,0.0953330796672386,5.78023216360385e-08,4.1662167192279e-07
"AFUB_010330-T",59400.4592535718,0.536572282374178,0.0993971219940061,5.87387254349248e-08,4.23063751771864e-07
"AFUB_038840-T",17326.9135284774,0.629890823648077,0.117414299723749,5.99362340724981e-08,4.31375723835783e-07
"AFUB_051980-T",1481.3000064385,0.995236211171146,0.188852359144301,6.23294013952298e-08,4.48274861483808e-07
"AFUB_017700-T",573.24383272405,-1.60562111245735,0.313747690657743,6.30799116883981e-08,4.53344043090044e-07
"AFUB_043310-T",12068.6160232863,0.616070672877481,0.115457462046961,6.3194195726204e-08,4.53836752954106e-07
"AFUB_100390-T",382.423850115417,1.88009915590589,0.370731818955789,6.33308222093412e-08,4.54489089246356e-07
"AFUB_021300-T",2346.84040212394,0.889868560801965,0.168088332731561,6.35527168382005e-08,4.55751961430015e-07
"AFUB_006290-T",3814.45056080817,0.848553105044052,0.160200398109744,6.56208668944422e-08,4.70072606922981e-07
"AFUB_070550-T",14421.3394008745,0.616709787031994,0.115226066558535,6.5644396291713e-08,4.70072606922981e-07
"AFUB_101690-T",36.5959959509491,-9.30643003166118,3.12633725827103,6.5965541045096e-08,4.72031719446704e-07
"AFUB_044150-T",593.998471712042,-1.48300857065196,0.289039867707106,6.7565429325481e-08,4.83131762287751e-07
"AFUB_085700-T",37.0712366609818,9.1271998043306,3.02179864661944,7.01421256804287e-08,5.01195534469586e-07
"AFUB_091300-T",2967.37755259521,-0.873810543847326,0.165853203224638,7.24917815721589e-08,5.17612181369552e-07
"AFUB_024140-T",22305.8470077286,0.659701653332611,0.124001832334896,7.44303354647946e-08,5.31071947870659e-07
"AFUB_013430-T",3677.07012006011,0.805902147922477,0.152438563243731,7.58383591019848e-08,5.40729679660344e-07
"AFUB_081080-T",477.905448252699,-1.56714354461123,0.308172686912851,7.77661188246545e-08,5.54076618330722e-07
"AFUB_057810-T",156.746148421371,-3.0791316085657,0.6314084488627,7.9956494206713e-08,5.69274178623836e-07
"AFUB_078720-T",9319.25051113969,0.6890805286954,0.130237750523436,8.26925987242722e-08,5.88332646837564e-07
"AFUB_047630-T",236.642539140604,-2.23082000753539,0.450000740350485,8.33588209735133e-08,5.92647778053094e-07
"AFUB_086410-T",3384.69828244515,0.925931651398953,0.177067404507947,8.56353388933182e-08,6.08397092710224e-07
"AFUB_041210-T",15340.9878303528,-0.753753354445585,0.139897026224628,8.62556014748996e-08,6.12365411043189e-07
"AFUB_018880-T",6722.7682043151,-0.696165783124741,0.131964296941814,8.73726577830258e-08,6.19852486416391e-07
"AFUB_086220-T",455.823332653605,2.38145340294882,0.482995739207642,8.87840208376642e-08,6.29415290581298e-07
"AFUB_062190-T",973.40422162626,-1.21821629781984,0.236889189423312,8.88796447748007e-08,6.29643450670875e-07
"AFUB_056770-T",81270.5564574094,-0.632028822876044,0.118771654322471,8.99941173278537e-08,6.37083890498536e-07
"AFUB_050130-T",1073.08879864845,1.15204409367813,0.223207183925895,9.01020384232146e-08,6.37132673356034e-07
"AFUB_003270-T",8233.57869236799,-0.739477998615955,0.140592996114619,9.01293978228586e-08,6.37132673356034e-07
"AFUB_035460-T",7063.91394232966,0.729022419009659,0.138526017645102,9.29209943112431e-08,6.56399194689742e-07
"AFUB_082300-T",2173.57240834997,-1.09096931518479,0.21137510168786,9.53465876640731e-08,6.73054681768084e-07
"AFUB_060180-T",22982.8615422013,0.504453555334901,0.0952127239972469,9.54330683175066e-08,6.73186356113186e-07
"AFUB_026220-T",2446.54209890341,0.841068113181113,0.160828860669063,9.5588578465265e-08,6.73804432718576e-07
"AFUB_031030-T",7164.90549930576,-0.612345610188306,0.116161713580505,9.80290407804594e-08,6.90516841551497e-07
"AFUB_069760-T",17878.6242982746,0.556881340290751,0.106431583057765,1.06086126781461e-07,7.4674099879858e-07
"AFUB_098550-T",51552.3914619927,0.605826135352599,0.114925446429081,1.06891581148185e-07,7.51877351449847e-07
"AFUB_035520-T",191.444582763225,-2.88495718862416,0.597336249501259,1.07154545575566e-07,7.53193247052052e-07
"AFUB_011650-T",2985.6267977616,0.771048088580482,0.147766900569879,1.11014520245666e-07,7.79772904061029e-07
"AFUB_086190-T",3966.34953529478,0.732630177053097,0.140304553243416,1.13876530723907e-07,7.99310160844964e-07
"AFUB_067110-T",13439.9631467047,0.570147111326942,0.108544478192837,1.14469644572528e-07,8.02905457514022e-07
"AFUB_080330-T",929.411545925712,1.86782972096772,0.37785762926804,1.19343569341718e-07,8.36500653754627e-07
"AFUB_100080-T",25645.1581023049,0.464971054658979,0.0883350258992679,1.19464947441625e-07,8.36760482256968e-07
"AFUB_021320-T",1909.30545873402,1.16625553958557,0.228947372858515,1.26614658398628e-07,8.85668642540285e-07
"AFUB_043070-T",1945.46001846904,-0.906579921066818,0.17578014993247,1.26626075946062e-07,8.85668642540285e-07
"AFUB_036430-T",6356.58110031313,-0.673309804988235,0.129325689775574,1.30339960441628e-07,9.11002892523348e-07
"AFUB_071000-T",34.9397772979679,9.00767276825177,3.02644309538905,1.33236491636551e-07,9.30592666778864e-07
"AFUB_013170-T",842.874931126348,-1.5436407303157,0.309598989613898,1.34081300219099e-07,9.35834672766917e-07
"AFUB_036230-T",890.901768750701,-1.20220708374867,0.237284497791675,1.35354671283818e-07,9.44058406529793e-07
"AFUB_056490-T",5218.26515700186,-0.722266499363994,0.138721468766918,1.35470847758168e-07,9.44205171348188e-07
"AFUB_100360-T",2277.86954839276,0.805118202819446,0.155849007533588,1.40533004866522e-07,9.78800051438757e-07
"AFUB_034690-T",32793.8236509213,-0.701736994671787,0.135636411322793,1.48902584272025e-07,1.03636616332387e-06
"AFUB_013620-T",8272.3233561063,-0.687728794340999,0.132434786333842,1.50353054536192e-07,1.04572814735228e-06
"AFUB_018320-T",2500.72549961724,-0.825735865172762,0.160141088285304,1.52570549647238e-07,1.06040805689695e-06
"AFUB_056140-T",10574.1561451878,-0.604791857359542,0.116498440133638,1.52781115567904e-07,1.06112846186945e-06
"AFUB_023720-T",3855.62296775828,-0.7726422115041,0.14992865771248,1.53881484055476e-07,1.06802358688853e-06
"AFUB_028150-T",2117.42414945667,-0.921316311531848,0.180316623774657,1.59275444500862e-07,1.10468818076244e-06
"AFUB_091950-T",8053.08705056558,-0.556550748790808,0.10725646251903,1.59674103396852e-07,1.10667980182525e-06
"AFUB_023990-T",29780.1798927548,0.492966447558732,0.0949648305563864,1.61798061631084e-07,1.1206181170192e-06
"AFUB_060660-T",2337.66142136107,-0.917318391058699,0.179713669831033,1.63522719272412e-07,1.13174236628248e-06
"AFUB_050650-T",9158.31254913915,-0.559626364921081,0.10789966479682,1.63632271598524e-07,1.13174236628248e-06
"AFUB_066060-T",6070.92816357564,-0.74053143643954,0.143852426791606,1.64507194897615e-07,1.13700132963707e-06
"AFUB_092450-T",333.291249432616,-2.77843409641439,0.585076212228473,1.67265426633262e-07,1.15526051449904e-06
"AFUB_073290-T",6241.49740112627,-0.627686322596046,0.121651188924838,1.68905694899934e-07,1.16577817933369e-06
"AFUB_011960-T",5753.6889450197,0.62072238161243,0.120231598891707,1.81335101315735e-07,1.25069553895668e-06
"AFUB_071410-T",2603.40599945673,0.806535136903765,0.157613988874193,1.83691797849032e-07,1.26607020392475e-06
"AFUB_029070-T",39558.648818294,0.491545195011031,0.0974631437675785,1.90018500409549e-07,1.30876725646411e-06
"AFUB_052810-T",6214.75182236057,-0.654805546345582,0.127275178598037,1.92537708891544e-07,1.32519886320983e-06
"AFUB_030310-T",10513.5918579691,0.611165395187337,0.118777970680448,1.97666061591191e-07,1.35955347282923e-06
"AFUB_028780-T",2024.22728463756,0.838755732798555,0.1646827504486,1.98518596048891e-07,1.36447165220585e-06
"AFUB_101480-T",1296.67262742233,-1.21646873527829,0.243855040012884,1.99628199259441e-07,1.37114870425602e-06
"AFUB_082079-T",4368.10229535802,0.950722582924687,0.187535798575422,2.01502832188717e-07,1.38306750309337e-06
"AFUB_090030-T",10950.0239284691,0.600229687689697,0.116773116157442,2.05232419940707e-07,1.4076929978656e-06
"AFUB_011490-T",2068.4660128614,-0.877760463744559,0.173138568090763,2.08421081482375e-07,1.42857681886227e-06
"AFUB_073820-T",2067.37825153926,-1.0414973331169,0.207398812891129,2.13402119906533e-07,1.46170879232046e-06
"AFUB_016450-T",317.206784374098,-2.67440539636396,0.568268847241206,2.17240757706147e-07,1.48697553119552e-06
"AFUB_068560-T",5518.51567135543,0.668529324064934,0.130682397003847,2.18419638380327e-07,1.49401441138852e-06
"AFUB_047500-T",13367.5437879862,0.598099302336269,0.116705816443627,2.23353497033691e-07,1.52671037056432e-06
"AFUB_070580-T",38341.3719860102,0.553183939400375,0.107050313750387,2.24131302695932e-07,1.53097259412053e-06
"AFUB_076380-T",9752.72052307046,0.66152759723215,0.129324976162597,2.33079436840888e-07,1.590999594667e-06
"AFUB_000410-T",11407.6990929634,0.567127508055712,0.110709712666727,2.35090386395425e-07,1.60362342609938e-06
"AFUB_064440-T",4612.375002341,0.757267443029143,0.148990415409694,2.3549417528681e-07,1.60527451217142e-06
"AFUB_013120-T",1398.69672475154,1.02687085308744,0.204926681990941,2.37430045602528e-07,1.61615860973438e-06
"AFUB_039340-T",1451.80014032043,-1.00572162955215,0.20075003440873,2.37485121232048e-07,1.61615860973438e-06
"AFUB_101140-T",11459.1688428575,-0.733472380439498,0.143283918495414,2.37579386559443e-07,1.61615860973438e-06
"AFUB_086400-T",6641.57363704199,-0.660151077653113,0.129575449287679,2.39025600385253e-07,1.62488293412578e-06
"AFUB_039140-T",21082.6691068314,-0.482962984387396,0.0944384440556351,2.41643696958818e-07,1.64155625757445e-06
"AFUB_067560-T",25437.3603811575,0.681579936663959,0.133896039439881,2.45952672322442e-07,1.66968554911097e-06
"AFUB_012720-T",3194.3998526649,0.763918291922999,0.150720773376894,2.50073717210697e-07,1.69650146501447e-06
"AFUB_050700-T",4151.53779760048,0.696072195847384,0.136935510954062,2.50927939560341e-07,1.70113374326256e-06
"AFUB_013950-T",33996.8802487491,0.585641086135026,0.114727731593077,2.51391247296257e-07,1.70311135113676e-06
"AFUB_101900-T",75.4886830347172,-3.94357822584425,0.857114009505031,2.51737273434619e-07,1.70429225023097e-06
"AFUB_051040-T",4197.46045009356,0.611737344076809,0.120067624376292,2.59209314724021e-07,1.75368265074022e-06
"AFUB_048580-T",550.306928615548,7.76144716329345,1.74649316314243,2.64419791159585e-07,1.7867745387925e-06
"AFUB_007120-T",807.117641241072,-1.24780784651915,0.253366081381558,2.64460634507424e-07,1.7867745387925e-06
"AFUB_011180-T",760.198389679674,-1.2687285226612,0.25793671012817,2.66475158080222e-07,1.79916050608585e-06
"AFUB_092810-T",939.129365574879,1.33216369405607,0.271639870128115,2.71407387706564e-07,1.83121571923022e-06
"AFUB_094470-T",32386.5685129338,0.528165141551462,0.103601568457877,2.732993843151e-07,1.84272852535827e-06
"AFUB_008750-T",20722.8946829816,0.520467437614789,0.102054064872199,2.74135648343457e-07,1.8466550972212e-06
"AFUB_048020-T",796.679844792022,1.59087798977397,0.328687965448287,2.74253865320307e-07,1.8466550972212e-06
"AFUB_052280-T",11898.9307082924,-0.531530476876261,0.104348272706439,2.74955899423764e-07,1.85012698425821e-06
"AFUB_088700-T",34420.803067131,0.47464919274125,0.0933866591443408,2.76002841923767e-07,1.85501325806271e-06
"AFUB_074160-T",13366.3144911334,-0.547907922287178,0.107740466810462,2.7605587729558e-07,1.85501325806271e-06
"AFUB_004660-T",27950.9135025255,0.630833291666424,0.124036925169003,2.77427475769244e-07,1.86296867186045e-06
"AFUB_020000-T",960.54131748453,-1.07671006339871,0.21710558449623,2.80723619817859e-07,1.88382821277367e-06
"AFUB_053090-T",26751.7134279412,-0.623161757704708,0.12284353968757,2.81424635396429e-07,1.88725642318213e-06
"AFUB_045130-T",649.701746410519,-1.35456446564033,0.27762023133059,2.91990142166249e-07,1.95678741458476e-06
"AFUB_042280-T",18854.7846939058,0.732705251305821,0.145098641997521,2.93496552832897e-07,1.96555552420142e-06
"AFUB_089870-T",9116.46192623458,-0.637227429360793,0.125218056369745,2.94972697099521e-07,1.97410925064919e-06
"AFUB_015380-T",862.061503198866,-1.4048010515084,0.289204067372852,2.95395150769761e-07,1.97560436077485e-06
"AFUB_040390-T",1857.02684842336,-0.836352228144339,0.166945427956617,3.00718055505192e-07,2.0098496302283e-06
"AFUB_040950-T",132842.452572443,0.603597693656915,0.120366638867589,3.0195719309944e-07,2.01677331191921e-06
"AFUB_063980-T",52688.0632266696,0.52930560572627,0.103217070554798,3.05599679761746e-07,2.03972886458327e-06
"AFUB_067700-T",520.447937452948,1.49173905895061,0.308258101056792,3.08579589816996e-07,2.05823415922962e-06
"AFUB_026270-T",4814.69321467122,-0.825269704937625,0.164774733189949,3.11586959174108e-07,2.07689762914911e-06
"AFUB_018230-T",1109.56892291781,-1.10167566531834,0.223555731423523,3.17792693003627e-07,2.11684058930268e-06
"AFUB_068350-T",9350.91639647927,-0.740639702596708,0.147752823166019,3.2981260926015e-07,2.19396186684954e-06
"AFUB_076060-T",2105.74353504479,-0.809876130519138,0.162082555643168,3.29835108032225e-07,2.19396186684954e-06
"AFUB_049870-T",606.082571184163,1.5894325718839,0.330896436448766,3.30033759920036e-07,2.19396186684954e-06
"AFUB_083240-T",49135.4924893687,0.644437415557755,0.127839890890987,3.33762942514072e-07,2.21726720512193e-06
"AFUB_070870-T",1874.10560300559,0.802639890033162,0.160609220037195,3.41797078785005e-07,2.26912107487704e-06
"AFUB_042590-T",8635.61554981132,0.54937516178633,0.11017436950228,3.64624373396168e-07,2.41904873392845e-06
"AFUB_067120-T",2247.76291740531,0.767236379633467,0.153715358933806,3.69878384729109e-07,2.4512004987181e-06
"AFUB_047680-T",2574.38163695316,-0.778711559227483,0.156238543353272,3.69964568975286e-07,2.4512004987181e-06
"AFUB_049190-T",646.430150639818,-1.23787649779879,0.25464853294441,3.70541479175922e-07,2.45338504390996e-06
"AFUB_055110-T",2385.9988452792,-1.0561107868779,0.215109126692269,3.71511502581395e-07,2.45816777541356e-06
"AFUB_023440-T",32904.3381047444,0.578346910713193,0.114952664049512,3.75050896503684e-07,2.47993347621523e-06
"AFUB_045860-T",1469.42838508046,1.06067178876703,0.215952471889996,3.75482706651827e-07,2.4811357280422e-06
"AFUB_075510-T",47.2188687972322,6.52242907377777,1.38059012834155,3.79391302570935e-07,2.50529519495445e-06
"AFUB_043380-T",2851.14335151043,-0.746283025482615,0.149375684476706,3.85113663810222e-07,2.54139169768381e-06
"AFUB_092580-T",904.334019935589,1.89450914953022,0.402007006541379,3.86005817356452e-07,2.54558653638723e-06
"AFUB_095860-T",1646.33196426519,-0.866272852888639,0.174898832661193,3.8725128365138e-07,2.55210424318722e-06
"AFUB_041080-T",3625.35642061571,-0.715477768098402,0.143366370981815,3.88076780262063e-07,2.55484537542993e-06
"AFUB_001190-T",34186.3219085756,0.628792369166327,0.124794681412802,3.88182047974643e-07,2.55484537542993e-06
"AFUB_081750-T",490.249555213482,-1.52422439781449,0.318986242552225,3.90722480428682e-07,2.56986124470157e-06
"AFUB_082040-T",534.560377395165,1.642205082327,0.3452303864646,3.91736853003711e-07,2.57482666626612e-06
"AFUB_023630-T",1521.2665623446,-0.922192864795628,0.186956373420492,3.99036357793864e-07,2.6197840556129e-06
"AFUB_027150-T",3649.27941959708,-0.679071835308797,0.134827546045869,3.99104633963396e-07,2.6197840556129e-06
"AFUB_063650-T",8384.59244506723,-0.566772210666871,0.112983947067946,4.00488917295878e-07,2.6271331818649e-06
"AFUB_078020-T",619.619497075719,1.4942765717252,0.312186389050945,4.01035726777052e-07,2.62898255499487e-06
"AFUB_038930-T",2109.0257693174,-0.907065136665102,0.183771426356069,4.0266601755803e-07,2.63792754076795e-06
"AFUB_059340-T",2397.38699107975,-0.752348138947946,0.149932156869732,4.13152658982918e-07,2.70484178127009e-06
"AFUB_025250-T",9170.19271908626,-0.638031996277818,0.126888065614936,4.14100108281778e-07,2.70823903266507e-06
"AFUB_069770-T",14275.2343219094,0.5037341811073,0.100269776120787,4.14217315021217e-07,2.70823903266507e-06
"AFUB_068370-T",8683.01246145132,0.6824196495909,0.136892825955771,4.29450078856829e-07,2.80598553828442e-06
"AFUB_079910-T",49.5989390766265,6.5794953855116,1.4060022014339,4.36004494320723e-07,2.84693724087709e-06
"AFUB_028700-T",5356.54474838977,-0.60140030370632,0.12060598248288,4.45078649065103e-07,2.90427718078313e-06
"AFUB_088010-T",225.341918606755,-1.93583783224908,0.415162721931884,4.47344082990496e-07,2.91714193408717e-06
"AFUB_057320-T",1005.96499602375,-1.51992478162335,0.320053758564721,4.5061870237714e-07,2.93656639599022e-06
"AFUB_072250-T",110854.503655081,-0.524689696808752,0.104930378843779,4.51196883032096e-07,2.93840489769918e-06
"AFUB_077890-T",10075.923883336,-0.642215390974111,0.129611259874356,4.5184791431609e-07,2.94071511448341e-06
"AFUB_006710-T",13689.2761279569,0.515106862068766,0.103660428826814,4.55584189636768e-07,2.96308852040952e-06
"AFUB_040260-T",26587.0274135725,0.518409354150055,0.105153367456306,4.56137823568083e-07,2.96474649568646e-06
"AFUB_040650-T",4267.5916906633,-0.759560487907314,0.153492543261967,4.59035908411421e-07,2.98163049148125e-06
"AFUB_054680-T",30632.3238306086,0.527104824650183,0.105413130438301,4.62621333368019e-07,3.00295404426265e-06
"AFUB_068000-T",1755.56912916849,-0.849047988007142,0.171758637450717,4.64961879026688e-07,3.0161742806143e-06
"AFUB_018240-T",1589.7546007181,-0.98370096464214,0.201424337811071,4.70410009315477e-07,3.04952275797264e-06
"AFUB_066080-T",4145.79832962515,-0.729814192934431,0.147482895468437,4.72459565815576e-07,3.06081017670992e-06
"AFUB_068810-T",430.328830230844,-1.67268338193432,0.355607884007888,4.76161025085904e-07,3.08277767382753e-06
"AFUB_096590-T",234.401195421919,3.27987025153894,0.729657830587029,4.77679932633813e-07,3.0905953920408e-06
"AFUB_101750-T",1324.04962557133,0.954471712419759,0.195022607742955,4.80190947093689e-07,3.10481768723444e-06
"AFUB_006700-T",10401.0287001017,-0.586514094730225,0.11815225220947,4.84332736160502e-07,3.12955885832876e-06
"AFUB_001280-T",890.90714346812,-1.40456011632833,0.294933553827187,4.85514183729912e-07,3.13515177197097e-06
"AFUB_030160-T",1194.60871646078,-1.11413870604288,0.230292169997489,4.91024116613804e-07,3.16866993328479e-06
"AFUB_096120-T",687.988482898704,1.15911229181211,0.240073410058108,4.99756324433932e-07,3.22292496426691e-06
"AFUB_015000-T",10597.5230210862,0.597815473638082,0.120293822339405,5.03678357410922e-07,3.24610889435286e-06
"AFUB_008570-T",6838.13992140478,0.682598451422301,0.137925557208179,5.13591380112002e-07,3.30784844101987e-06
"AFUB_084550-T",881.463710615655,1.39564374034143,0.293375693112476,5.2103764559285e-07,3.35363076038199e-06
"AFUB_089970-T",3325.7288458245,0.816706020988937,0.166451159277629,5.35435444073911e-07,3.44402202795669e-06
"AFUB_085960-T",404.742287349571,1.69408973861763,0.361857410337613,5.35775315986412e-07,3.44402202795669e-06
"AFUB_052460-T",1412.29649737928,1.03112214510953,0.212628517529653,5.36714063046037e-07,3.4478233499883e-06
"AFUB_000100-T",54.0368719898153,6.68171708494352,1.44898660398549,5.372478585625e-07,3.44902004930971e-06
"AFUB_003200-T",1854.12509084487,-1.19736588556414,0.249673885751637,5.45319889639493e-07,3.49586748693278e-06
"AFUB_071340-T",10223.7795428995,-0.654748216219744,0.13260529280658,5.45338794069594e-07,3.49586748693278e-06
"AFUB_005300-T",35356.636624256,-0.531131287755513,0.106887090629059,5.45601887885025e-07,3.49586748693278e-06
"AFUB_076830-T",3321.66813392213,0.770403724392615,0.15670686570549,5.47205697988836e-07,3.50388164679948e-06
"AFUB_031460-T",167.278992573266,-2.68378695488477,0.594476622060158,5.49042978143017e-07,3.51337947006411e-06
"AFUB_071490-T",5127.63026283351,0.576777837140773,0.116371276276655,5.49669635301218e-07,3.51512315100811e-06
"AFUB_076320-T",12382.0271389342,-0.532686983141162,0.107473202630116,5.663308421041e-07,3.6193390907168e-06
"AFUB_004870-T",152952.360863785,0.454219009578284,0.0914386821341319,5.78348821628416e-07,3.69376580094081e-06
"AFUB_017460-T",296.035559075296,1.77077450448385,0.380988813233967,5.8205540457554e-07,3.71504816103681e-06
"AFUB_040860-T",26138.1905955095,0.58695759084909,0.119055504721071,5.82630201780455e-07,3.71632696187084e-06
"AFUB_025920-T",4164.57932031247,0.731725321309869,0.148962192378332,5.91268702933499e-07,3.76900570110146e-06
"AFUB_092200-T",5311.9446141795,0.58724094080155,0.118788501392216,6.02385999859634e-07,3.83740760501083e-06
"AFUB_022280-T",6741.08225299143,-0.631681203177187,0.128394179687575,6.10331239796201e-07,3.88552761704765e-06
"AFUB_022780-T",1914.96198098825,0.872058617232922,0.179358833940084,6.23683827029432e-07,3.96798845081225e-06
"AFUB_030910-T",10118.9448705785,0.641069692787122,0.130339499282155,6.24470962163041e-07,3.97045118479704e-06
"AFUB_044840-T",103.951415300862,3.80710771144293,0.86511177920391,6.40904599729934e-07,4.07232916281664e-06
"AFUB_066240-T",5658.98422309006,0.594329060211172,0.120560100995134,6.44816742241252e-07,4.09456568569701e-06
"AFUB_007210-T",9570.24285885042,0.657676505396254,0.133961345082876,6.53101405558319e-07,4.14452138757437e-06
"AFUB_090190-T",5515.96566329346,-0.627405527137227,0.127787529070307,6.60415539810421e-07,4.18825829560283e-06
"AFUB_036220-T",3986.9946973636,-0.707958106144272,0.145013622028187,6.81690708241556e-07,4.32042163428956e-06
"AFUB_049360-T",2888.56715236109,0.77423178933167,0.159020239047987,6.86959184968185e-07,4.35103376567278e-06
"AFUB_054540-T",11798.141627402,-0.524552330726748,0.106651556159579,6.87802247575238e-07,4.35359522141852e-06
"AFUB_004530-T",20734.2162534422,0.550008977081917,0.111752181623113,7.00709155579049e-07,4.43246549975912e-06
"AFUB_008940-T",3368.56674544478,0.689762335341866,0.141187978313968,7.05058914803862e-07,4.45713995504989e-06
"AFUB_021040-T",7589.18059685216,-0.68312712406589,0.139975293631945,7.0616153601899e-07,4.46126877465848e-06
"AFUB_058310-T",1063.87557088241,-1.34974954985963,0.287200145073245,7.0734581828668e-07,4.46590791761787e-06
"AFUB_039570-T",7083.94429020998,0.556698334344932,0.113518963142341,7.30867680456312e-07,4.61148234490076e-06
"AFUB_054410-T",141.371814234228,-3.27361814224163,0.744848283600137,7.32440985071739e-07,4.61847317461056e-06
"AFUB_051290-T",9888.22898611713,0.597283357652082,0.121996410364102,7.3378509804801e-07,4.62401085595333e-06
"AFUB_005620-T",1036.70716138611,1.06755190097308,0.223570533856876,7.38554983720982e-07,4.6511156176591e-06
"AFUB_064830-T",93492.5567268015,0.529533847459422,0.112270351234716,7.4930188943055e-07,4.71580295028422e-06
"AFUB_096610-T",43.8763627063499,9.24873495444182,3.1912488405822,7.54859654866529e-07,4.74777064293428e-06
"AFUB_023500-T",2501.11325319353,0.875416133488949,0.181506597716417,7.56639372590023e-07,4.75595045785686e-06
"AFUB_037440-T",7636.16597735421,-0.571908832750814,0.116951541577385,7.58315637894918e-07,4.76347006715637e-06
"AFUB_027320-T",10089.3431250455,-0.531018329889767,0.108470029722211,7.61783078122212e-07,4.7822245732846e-06
"AFUB_086760-T",291.485019401632,-1.84170240392746,0.403283144308158,7.65365613202491e-07,4.80167744060349e-06
"AFUB_052930-T",22389.1407735338,0.521705376437693,0.107738181207314,7.66715029258892e-07,4.80710465280765e-06
"AFUB_006300-T",1737.24732210826,-0.925663106921254,0.191998535432747,7.68488276601149e-07,4.81518064726414e-06
"AFUB_029830-T",10153.7120642583,0.569085378222766,0.116416271985101,7.84211439843675e-07,4.91059844823247e-06
"AFUB_006350-T",4305.39433779061,-0.681776267816876,0.140287313546607,7.90246764583333e-07,4.94527057912332e-06
"AFUB_005100-T",6042.19499962061,-0.538338805558126,0.110131660147601,7.92472464327304e-07,4.95607385535506e-06
"AFUB_079170-T",4465.7456419494,0.596319527010294,0.122239078403538,8.04739595911945e-07,5.02962247444966e-06
"AFUB_007640-T",4500.36443925066,0.851569804401428,0.176880563458601,8.15234275640935e-07,5.09200766880823e-06
"AFUB_092590-T",5182.64795922927,0.695157252139467,0.143336150074622,8.19730526583615e-07,5.1168713687688e-06
"AFUB_017840-T",606.167512864555,1.60706285979629,0.34868482887005,8.31753702765692e-07,5.18865839091735e-06
"AFUB_017310-T",498.53195659421,1.40332505578984,0.301473364543742,8.49075005084166e-07,5.29338531750022e-06
"AFUB_011640-T",16741.2067668798,0.582918828546986,0.120060111207853,8.49793576871058e-07,5.29453939136551e-06
"AFUB_004060-T",4817.08324140945,0.622960489177116,0.128202029368594,8.57944752040275e-07,5.34197093099105e-06
"AFUB_087890-T",7325.20399770333,-0.622820801329624,0.127876831340607,8.6122844464667e-07,5.35905474176689e-06
"AFUB_030570-T",12018.3988185718,0.503231476136076,0.103183707991691,8.80228428883896e-07,5.47385160192523e-06
"AFUB_021730-T",18330.3438614645,0.491577027005435,0.101019640048889,8.88332190166078e-07,5.52078709292319e-06
"AFUB_043020-T",39704.5269781421,-0.45746549776922,0.093779399251301,8.92042260640495e-07,5.54037511693173e-06
"AFUB_001850-T",18949.8645103781,-0.454352787533867,0.0931524886501469,8.92948020940482e-07,5.54253227506835e-06
"AFUB_090480-T",31.2075594480975,-8.92015459798821,3.18409142705526,9.01872681345146e-07,5.59261818774677e-06
"AFUB_041670-T",2531.16383516714,0.927886125148513,0.194418220543476,9.02144253761468e-07,5.59261818774677e-06
"AFUB_095930-T",5756.28334142745,-0.549050408212854,0.113016708275613,9.13056172208928e-07,5.65673065491486e-06
"AFUB_041570-T",5424.60955517513,-0.689024611794469,0.142725463065336,9.16086361695112e-07,5.67196328123767e-06
"AFUB_023980-T",19806.7772991438,0.50247262418632,0.104735193164643,9.24174133648494e-07,5.71847149405318e-06
"AFUB_020800-T",1257.95352785589,-1.04397089326567,0.220753146682287,9.30413827865825e-07,5.75349360845378e-06
"AFUB_072010-T",412.742826043277,-1.98409475054033,0.441157391894151,9.32727197530232e-07,5.76345667419729e-06
"AFUB_032040-T",31102.5858687739,0.529652314724724,0.110437107014064,9.33186385434261e-07,5.76345667419729e-06
"AFUB_065920-T",5713.01866929191,-0.625033783222927,0.129466836652075,9.35673086761392e-07,5.77522101126046e-06
"AFUB_051150-T",2520.98869908683,0.932617683266571,0.195815866161457,9.45251066333884e-07,5.83071276156855e-06
"AFUB_057580-T",3942.90840568765,-0.885578643541357,0.185703693290697,9.5405831322275e-07,5.88138432219614e-06
"AFUB_050810-T",1015.6017050757,-1.16657778071219,0.248905419110378,9.61491132246257e-07,5.92352544229925e-06
"AFUB_016430-T",1611.63773189057,-0.938547763177924,0.197545652491448,9.68278662743359e-07,5.96164127030263e-06
"AFUB_090060-T",196.62049097328,-2.64016552240874,0.601284360042112,9.83524960061068e-07,6.0517577362716e-06
"AFUB_095050-T",512.258429126835,-1.56319484167432,0.341806176811194,1.00749350498227e-06,6.19539841198824e-06
"AFUB_040150-T",8332.26705657589,-0.524357795346339,0.108313684058236,1.01905159853639e-06,6.26259264116016e-06
"AFUB_043790-T",1879.40704180624,-0.787386755990468,0.164679531679255,1.02278451542699e-06,6.28164375966146e-06
"AFUB_047510-T",46489.4010232234,-0.745554241786098,0.155314321290649,1.02431888230984e-06,6.28717681318812e-06
"AFUB_082210-T",105890.248839529,0.542442698384105,0.112049418609964,1.03509338590208e-06,6.34938309955383e-06
"AFUB_101320-T",514.139695649033,1.74144697668295,0.384403577786166,1.03901033868512e-06,6.36947350923395e-06
"AFUB_058200-T",11241.8577947657,0.640681767570512,0.133044428682844,1.05116656302528e-06,6.44001736915178e-06
"AFUB_090370-T",4032.54005325372,0.648837672802356,0.134637063766648,1.06712180370114e-06,6.53373467102641e-06
"AFUB_101210-T",1531.40699999522,-0.95187333807461,0.20146968352645,1.07662192963388e-06,6.58694758850764e-06
"AFUB_072390-T",14225.642093985,-0.475702818766084,0.0983323076161359,1.07714014470004e-06,6.58694758850764e-06
"AFUB_012370-T",67749.400627137,0.500011607060127,0.104994436027224,1.08193510345563e-06,6.61219575233813e-06
"AFUB_020680-T",942.162910407046,-1.08163842966489,0.230863483862505,1.09545998028578e-06,6.69073249497622e-06
"AFUB_099680-T",5732.78616386813,-0.603879939663854,0.125448905335836,1.11018089131531e-06,6.77647315270876e-06
"AFUB_079820-T",40.8219436056041,6.28786841925977,1.40150299102489,1.11171571900673e-06,6.78167087347373e-06
"AFUB_085900-T",533.112806174932,-1.81467011482376,0.403955993165195,1.12103748257687e-06,6.83433477553773e-06
"AFUB_070770-T",165.677441444919,-3.11639728715748,0.724597474988876,1.14746967607141e-06,6.99118264886968e-06
"AFUB_073690-T",10634.2943379631,0.670422837787347,0.139951705519656,1.15876829207887e-06,7.05569036741277e-06
"AFUB_100720-T",1397.97002683472,0.916284511697276,0.193877166677267,1.16760184653169e-06,7.10511853269592e-06
"AFUB_037980-T",11785.0948989614,-0.490126004031811,0.101706860819794,1.1705651074097e-06,7.11878596264785e-06
"AFUB_048040-T",1434.88764647988,0.991672423129604,0.211014410726883,1.19422700826852e-06,7.25823824682487e-06
"AFUB_080560-T",6839.86538818227,0.747285431357436,0.156881591622913,1.20059926311873e-06,7.29250164409634e-06
"AFUB_081050-T",451.556867637659,-1.94142604602649,0.435540477560026,1.21302529598466e-06,7.36347159794972e-06
"AFUB_039520-T",2248.69470275252,-1.00745507576421,0.215074589765299,1.21796542133633e-06,7.388356618421e-06
"AFUB_077960-T",75.91384399255,-4.04161833422102,0.9521798316435,1.21887275820548e-06,7.388356618421e-06
"AFUB_019140-T",434.290460724585,1.90712505671521,0.427596286652028,1.21935799909054e-06,7.388356618421e-06
"AFUB_025410-T",6294.4376886856,-0.532254001271137,0.110818909432906,1.22407193374407e-06,7.41239410763266e-06
"AFUB_066540-T",168.49948811469,-2.24002751109536,0.509935993370115,1.24390909383985e-06,7.52792546119546e-06
"AFUB_040630-T",34477.9577445587,0.567786757448574,0.118372265285781,1.24605903568651e-06,7.53634121218077e-06
"AFUB_065110-T",30328.0324454402,-0.587031113075118,0.122278105539041,1.27708722432786e-06,7.71477439512016e-06
"AFUB_022650-T",13623.5460167021,-0.610342907917823,0.127179507308199,1.27711580163047e-06,7.71477439512016e-06
"AFUB_024850-T",1471.56007656603,-0.913476976347249,0.194291299179432,1.27950950169761e-06,7.72453272770609e-06
"AFUB_071380-T",1269.03261010224,0.966606949679796,0.206124787478583,1.29488301492571e-06,7.81259205053962e-06
"AFUB_085080-T",127.901562776337,-2.84956518108927,0.662032237160141,1.29844372499415e-06,7.82931589949389e-06
"AFUB_047300-T",23191.6079409683,0.519198868565159,0.109192122663329,1.30142294272285e-06,7.84251530450774e-06
"AFUB_031420-T",6905.55044467513,-0.621542869360041,0.130258324306011,1.31346719378264e-06,7.91029241401255e-06
"AFUB_085230-T",867.43513804189,-0.998334676123197,0.213789260409131,1.32740276184009e-06,7.98937077699388e-06
"AFUB_058610-T",6309.50149308346,0.549200193815923,0.114739197995117,1.3308399370467e-06,8.00520386375058e-06
"AFUB_084950-T",2518.18076194675,1.16185006379432,0.25112547864092,1.33740775527056e-06,8.03983765660832e-06
"AFUB_066440-T",2161.67969265791,0.878078742568028,0.186571893865855,1.34000035547141e-06,8.05054692981463e-06
"AFUB_086060-T",11825.4756556008,0.529445254323516,0.110596345240819,1.37305636719581e-06,8.2441527189464e-06
"AFUB_095090-T",867.568055474922,-1.40545735686052,0.30938538469386,1.40036165665638e-06,8.40301659148401e-06
"AFUB_018480-T",941.157590943618,1.16346779664591,0.252265303402001,1.42818711688154e-06,8.56480793658566e-06
"AFUB_034170-T",622.927308263279,-1.62819963411365,0.363459748883094,1.44979787454191e-06,8.68915694736017e-06
"AFUB_038430-T",47816.1313485515,0.506292037596065,0.107051469884345,1.45993969272707e-06,8.73944068344018e-06
"AFUB_052700-T",13127.9267406702,-0.470052846141571,0.0983757829517882,1.45994888192885e-06,8.73944068344018e-06
"AFUB_043220-T",1023.56674488275,-1.06147441643692,0.229292867184375,1.47656458080144e-06,8.83357653071384e-06
"AFUB_075720-T",167.312438337974,-2.90313109001388,0.680639770028279,1.48925857029341e-06,8.89999990997859e-06
"AFUB_102000-T",45.0658096513284,6.38913145199455,1.45876668925923,1.48989681326257e-06,8.89999990997859e-06
"AFUB_044670-T",60.9339422899364,4.29870480569537,1.02266835766689,1.49035766754503e-06,8.89999990997859e-06
"AFUB_091450-T",6617.70328680208,0.615489753153933,0.129580410245423,1.49419427632429e-06,8.91754551564555e-06
"AFUB_036260-T",1200.39422756522,-0.937086416397079,0.201095311684626,1.50782118544346e-06,8.99346470284034e-06
"AFUB_009420-T",195.020124744201,-2.1054749071081,0.481707875522134,1.53586004718245e-06,9.15520178275422e-06
"AFUB_021810-T",17557.240476493,-0.488527091357009,0.102511481668811,1.55310525954426e-06,9.25244279770518e-06
"AFUB_006780-T",10472.089200101,-0.536576460570269,0.112867166148169,1.5586147624184e-06,9.27969497120736e-06
"AFUB_098870-T",947.373922718294,0.998599854412808,0.215153642650378,1.56068414996751e-06,9.28644495709083e-06
"AFUB_060370-T",1634.41233501255,0.873137997433757,0.186723484393949,1.56253944197946e-06,9.29191369781078e-06
"AFUB_041090-T",7423.2977385495,-0.522791189114528,0.110166446898747,1.64307590193297e-06,9.7649870219669e-06
"AFUB_014690-T",28275.233259923,0.518813052173334,0.111109150015307,1.66633946277782e-06,9.89731847281263e-06
"AFUB_000290-T",2899.31809476904,0.658785471039942,0.139860822259851,1.72965289122909e-06,1.0267227838187e-05
"AFUB_009270-T",7700.16598155188,0.558001556969758,0.117991340884604,1.75422582146152e-06,1.0406868665873e-05
"AFUB_080820-T",142.317960025116,-2.70641103999417,0.636724004320507,1.76382862839641e-06,1.04575861032463e-05
"AFUB_082090-T",2337.29936883678,-0.764004040736591,0.163349141645102,1.79112030498877e-06,1.06130561355305e-05
"AFUB_088430-T",7982.30648378888,0.505442911340045,0.106819592300834,1.80424186847635e-06,1.06844275325942e-05
"AFUB_065860-T",6193.69764510961,0.576916662496679,0.122285854651233,1.81778609917191e-06,1.07582152857968e-05
"AFUB_101559-T",440.493280252664,-1.81389649936822,0.413563235694935,1.8302302663013e-06,1.08254084583077e-05
"AFUB_097730-T",2105.53505182611,-2.23360579001894,0.519023818964916,1.83641103798121e-06,1.0855497052986e-05
"AFUB_050890-T",12298.6398465613,0.495468151574842,0.10474998653457,1.86140172727749e-06,1.09966738947792e-05
"AFUB_021650-T",1970.11179323408,-0.955735913213734,0.207338998269877,1.87636772286755e-06,1.10772295801409e-05
"AFUB_070510-T",2356.07007105588,-0.752468423663269,0.159843742362677,1.8772695369065e-06,1.10772295801409e-05
"AFUB_065180-T",7704.84662781619,-0.576847187792151,0.122653990454419,1.91865052186832e-06,1.13146799937868e-05
"AFUB_030250-T",1532.56513038311,0.803242087335337,0.17270087942229,1.93462322616717e-06,1.1402099477262e-05
"AFUB_079240-T",8501.45197761099,0.495483174276509,0.104907533393434,1.95063602379663e-06,1.14830475962848e-05
"AFUB_073350-T",3024.06475529153,0.698433476100205,0.149357798316757,1.95067186371145e-06,1.14830475962848e-05
"AFUB_017230-T",190.836496465592,-2.65760258739202,0.628164902242575,1.95333557922417e-06,1.14919120473028e-05
"AFUB_084820-T",4004.36521808017,-0.705402446782789,0.151174237494191,1.97088886077252e-06,1.15883127625399e-05
"AFUB_070710-T",492.610813227876,-1.51010275856378,0.340093411205661,1.98101320433937e-06,1.16409449692529e-05
"AFUB_011600-T",3445.88291979608,-0.682073511355477,0.145988623002906,1.99332728842049e-06,1.17063747559606e-05
"AFUB_068180-T",11117.1350973838,-0.489415479290064,0.10389354064702,2.00659713708086e-06,1.17773368335467e-05
"AFUB_067420-T",2572.23693579422,-0.722308435399612,0.154948199666148,2.01209465446525e-06,1.18026237857965e-05
"AFUB_063410-T",6935.94019539499,-0.552158696140791,0.117605754898947,2.03527932898016e-06,1.19315696043285e-05
"AFUB_028290-T",1234.36709341389,1.14036806197432,0.250942428895875,2.04339650380667e-06,1.19720840025273e-05
"AFUB_093350-T",11232.928478173,0.496986885045122,0.107004718912605,2.05335224816275e-06,1.20233162613659e-05
"AFUB_028120-T",1243.08329878392,0.954051610943502,0.207566756973479,2.06207776184332e-06,1.2067288789089e-05
"AFUB_016840-T",2184.785848523,-0.777139634093877,0.167461494552698,2.06586266086828e-06,1.20823140301224e-05
"AFUB_086230-T",298.708734072716,-1.66614425109759,0.379387834469889,2.07931652175125e-06,1.21538377375625e-05
"AFUB_052960-T",489.33807725178,-1.38524331420882,0.310575998065691,2.11635122735661e-06,1.2363028800185e-05
"AFUB_099670-T",2371.5211314369,-1.14478418136979,0.252749965558848,2.11938810309211e-06,1.23734864254054e-05
"AFUB_082460-T",6420.20430808039,-0.64703670820452,0.138661048502606,2.13207608891042e-06,1.2440244081385e-05
"AFUB_025360-T",21653.5080970026,0.478351377811351,0.103587004211958,2.23155843151332e-06,1.30130537207812e-05
"AFUB_034360-T",3281.44398460942,-0.767807016498726,0.166263986384878,2.32948228875184e-06,1.35761078777815e-05
"AFUB_002450-T",13548.3944005638,0.471776767583659,0.10062430966134,2.33254378816265e-06,1.35859724750671e-05
"AFUB_001040-T",212.119863066228,-2.03903807027317,0.475856513522144,2.35806302219422e-06,1.37265545426848e-05
"AFUB_016570-T",760.940853938262,-1.09526734851291,0.242471398685024,2.40064852978325e-06,1.39662582990028e-05
"AFUB_090270-T",1603.18592406048,0.878487310787118,0.191800940965483,2.47681414011077e-06,1.44009257999996e-05
"AFUB_048460-T",34.6967609822976,6.79441762789076,1.71989681231874,2.48603833662717e-06,1.44460951352603e-05
"AFUB_057350-T",1110.506584801,-1.01224186255158,0.223247898931201,2.49106210508285e-06,1.44668176670259e-05
"AFUB_086150-T",5867.16704675829,0.548716500036532,0.117857671277613,2.51147481581264e-06,1.45768348227722e-05
"AFUB_055070-T",2029.48658218559,-0.74695950701051,0.162167656681923,2.53235450356509e-06,1.46894321729302e-05
"AFUB_037920-T",8489.15880695717,0.589775938690752,0.127048143029207,2.59037346755334e-06,1.50172059961839e-05
"AFUB_055050-T",3689.55368506741,-0.793650613980007,0.172786019950305,2.60149458418456e-06,1.50728743421084e-05
"AFUB_007000-T",3311.05953283499,0.624938160652271,0.134922659384571,2.61093277598688e-06,1.51187326730862e-05
"AFUB_101520-T",596.176756264163,-1.22268262130719,0.274192256572889,2.64734001244049e-06,1.5320612025348e-05
"AFUB_021165-T",5164.31052427887,0.594307150021228,0.128271417329802,2.74436346458265e-06,1.58728481270296e-05
"AFUB_023920-T",31744.7223083364,-0.480417450243098,0.10328839816621,2.75789291926968e-06,1.59418096818588e-05
"AFUB_024980-T",1554.24959633569,0.885244088572176,0.194461176958984,2.78281528672131e-06,1.60765085685151e-05
"AFUB_054400-T",438.422156574756,-1.9577078548618,0.45951632206546,2.78936158574329e-06,1.61049527274591e-05
"AFUB_037720-T",3319.42950847772,-0.835479258627594,0.183197243443516,2.80077430956047e-06,1.6161444780458e-05
"AFUB_014470-T",46583.435658238,-0.425982253800933,0.0915928415966717,2.81745595846052e-06,1.62482570527139e-05
"AFUB_100330-T",273.38787315616,-1.8404715874952,0.429695917890744,2.8258959697666e-06,1.62874666085561e-05
"AFUB_030650-T",2498.74877119965,-0.67918468384313,0.147645164919079,2.82762240467941e-06,1.62879584250976e-05
"AFUB_013200-T",44470.7018619009,0.465378470764035,0.100204896194613,2.83854169474165e-06,1.63413725755864e-05
"AFUB_001400-T",5445.36118445091,0.66447587441793,0.14428418986016,2.85954162423919e-06,1.64527249974342e-05
"AFUB_030840-T",21517.5699121888,0.491182803473537,0.106264154497991,2.88691058284224e-06,1.6600572152207e-05
"AFUB_053180-T",974.407727012627,-1.08909799260862,0.24322065848457,2.9042224525927e-06,1.66904504006848e-05
"AFUB_003810-T",12266.4328735528,0.612323083348681,0.132730377501265,2.91822430109035e-06,1.67612130719455e-05
"AFUB_096680-T",40.6169697375925,6.21271249032917,1.47380960832332,2.93073598326363e-06,1.68233398692259e-05
"AFUB_047050-T",2206.92084933006,-0.83802721005583,0.184202910720038,2.94025402277446e-06,1.68682203329691e-05
"AFUB_013810-T",4354.97890546666,0.544004883613998,0.117643086147918,2.9578368772208e-06,1.69592900094838e-05
"AFUB_023250-T",11094.695426391,-0.473266388117003,0.102299637586739,2.96084958481601e-06,1.69667621993643e-05
"AFUB_015310-T",9523.94674336917,0.582678239751911,0.126239773472265,2.96541242757604e-06,1.69831034874161e-05
"AFUB_064020-T",9831.28974107138,0.633868189849224,0.137613357186237,2.96730457828146e-06,1.6984139526784e-05
"AFUB_058550-T",377.542315245604,1.55540064836966,0.357870174603003,2.98364372791583e-06,1.70678178671842e-05
"AFUB_026190-T",12605.5185040277,0.511217815035538,0.110449705242865,3.00606009059686e-06,1.71861442391554e-05
"AFUB_010240-T",2352.59976071083,0.72206678511352,0.157643138393464,3.00836118077127e-06,1.71893982263413e-05
"AFUB_009130-T",7985.82942556624,0.585176761009337,0.126922502483762,3.03955846305021e-06,1.73576626845646e-05
"AFUB_035650-T",802.496074868907,-1.28879349192438,0.292477646017752,3.07043535226625e-06,1.75239050438428e-05
"AFUB_005190-T",4813.0959871082,0.613103580093128,0.133398110442046,3.08139088632054e-06,1.75763244521445e-05
"AFUB_100320-T",217.34456375344,-2.01267879463223,0.476581177184165,3.12634937352978e-06,1.78225258657571e-05
"AFUB_037990-T",3255.44193735389,-0.67493471700345,0.147396696794133,3.14033304230396e-06,1.78919663862611e-05
"AFUB_017330-T",4813.58041851322,-0.556703615986985,0.120884770347202,3.17793192967255e-06,1.80957971325302e-05
"AFUB_058890-T",26620.3227198723,-0.39642416263362,0.0859173448907301,3.21530891407037e-06,1.82981312913695e-05
"AFUB_012200-T",6823.4773001332,0.573606098740051,0.12469468898413,3.2292742681727e-06,1.83670757086614e-05
"AFUB_099650-T",16419.4545141007,0.612433762815316,0.133351511123848,3.23129794146608e-06,1.83680596042674e-05
"AFUB_010310-T",5779.95218230866,-0.712065659041295,0.156162082049842,3.3014436778646e-06,1.87560552391563e-05
"AFUB_072450-T",1210.04813619127,-1.06525922678654,0.239152973720702,3.34612908703148e-06,1.899904530251e-05
"AFUB_101880-T",182.763598830108,2.17991873553778,0.521173457183146,3.43717147522397e-06,1.95048181198387e-05
"AFUB_092140-T",3648.18850967872,-0.781483422410974,0.172433396598852,3.44363835029158e-06,1.95303489295108e-05
"AFUB_014490-T",10537.1470643809,-0.518503783901359,0.11285813791868,3.44856190804207e-06,1.95471027626028e-05
"AFUB_007865-T",604.657267295999,-1.1969157050468,0.271547550735932,3.47480334899037e-06,1.96846023052109e-05
"AFUB_067070-T",11946.8676301245,-0.561594962934782,0.122537076938515,3.50641678583454e-06,1.98523597258459e-05
"AFUB_034210-T",38.1156233965156,-6.20127282832422,1.50312468320324,3.51011317165856e-06,1.9861957370987e-05
"AFUB_011510-T",680.77802539012,-1.19221763190095,0.27060201079424,3.52632249440354e-06,1.99423081236211e-05
"AFUB_008260-T",18928.02087777,0.603034260131194,0.131869135187978,3.5846702934328e-06,2.02607361402736e-05
"AFUB_004010-T",2487.32006716056,-0.868092647837047,0.193023028992932,3.58792053911386e-06,2.02675647983523e-05
"AFUB_010570-T",1217.23968308732,-1.26570537762446,0.289086742369814,3.60262128232001e-06,2.03390308458624e-05
"AFUB_046910-T",3607.65330526639,-0.633307109458019,0.138524755127357,3.64897017288875e-06,2.05889874735195e-05
"AFUB_021050-T",47962.5226913137,0.714017121815599,0.156730082925259,3.6619024944846e-06,2.06502171919089e-05
"AFUB_092570-T",9204.60978230686,-0.609505145332861,0.133602569875734,3.67953535962678e-06,2.07378696446881e-05
"AFUB_056810-T",14810.1048596898,0.465569408184194,0.102723831886778,3.707389789677e-06,2.08829986734076e-05
"AFUB_076250-T",27.1531183080284,-8.60337035963755,3.21526648386713,3.7591715285644e-06,2.11626644475336e-05
"AFUB_041280-T",8972.2498761801,0.541714698592604,0.118447067734869,3.7830996281858e-06,2.12852969442994e-05
"AFUB_041830-T",9301.1522722879,-0.545502740617444,0.119555575503729,3.79884717982414e-06,2.13617893822972e-05
"AFUB_037690-T",745.536203797499,-1.05781745822608,0.23887760025987,3.82992468035575e-06,2.15243501996211e-05
"AFUB_005040-T",11536.5875055951,0.460066878090891,0.100433601424034,3.90847523630324e-06,2.1946107756036e-05
"AFUB_029030-T",5407.65317688296,-0.58152704490176,0.127674039000563,3.90939229346817e-06,2.1946107756036e-05
"AFUB_019130-T",8666.009561125,0.66331879549239,0.146078837841265,3.91772812671598e-06,2.1980470128692e-05
"AFUB_042520-T",16906.7064568478,-0.463487749058403,0.101364961701836,3.99472488560505e-06,2.23997991466837e-05
"AFUB_099750-T",3254.31576534637,0.729647077472809,0.161454871647035,4.01625504765541e-06,2.25078099085149e-05
"AFUB_019570-T",384.766861486395,-1.83046375830444,0.43533736068741,4.06650797430513e-06,2.27759442933972e-05
"AFUB_068480-T",4977.83380091551,-0.561457081426952,0.123386327837453,4.06869009896154e-06,2.27759442933972e-05
"AFUB_046950-T",1859.81849532106,0.960412321790536,0.215889464241802,4.08196841958782e-06,2.28373937792611e-05
"AFUB_095480-T",3042.03397491684,-0.675708769852616,0.148536805002821,4.09683069894966e-06,2.29076308096199e-05
"AFUB_080660-T",859.678107933364,-1.07105524421879,0.243050778759098,4.13279854785936e-06,2.30957351280992e-05
"AFUB_003350-T",533.471474817329,1.40185450369408,0.325276938299376,4.22682723036753e-06,2.3599612262377e-05
"AFUB_052380-T",2500.37992394524,0.654888343775194,0.144803146135778,4.22771895239358e-06,2.3599612262377e-05
"AFUB_067640-T",25191.7093759656,-0.444910901751532,0.0976637390957816,4.24886102985275e-06,2.37012401213085e-05
"AFUB_015680-T",7573.72888230014,0.490570248494727,0.107617662869291,4.25070099908606e-06,2.37012401213085e-05
"AFUB_044630-T",27.7214825157014,8.43685546203486,3.12495764450181,4.25897620323494e-06,2.37340476233053e-05
"AFUB_090040-T",2387.70598206927,0.773996027520618,0.172296554875753,4.2774122933667e-06,2.38234102197893e-05
"AFUB_009390-T",10408.3582501851,0.482645271219557,0.105875423655444,4.31187105899716e-06,2.40018621764144e-05
"AFUB_102960-T",39.6197427368652,6.17671142656927,1.49627055193008,4.33292059798303e-06,2.41055139770076e-05
"AFUB_100130-T",18829.2389769026,0.467715560963079,0.102614036557929,4.35453153692743e-06,2.4212171150703e-05
"AFUB_046440-T",1112.89472101463,-1.15044947554206,0.263471080794636,4.36222430901888e-06,2.42413640912724e-05
"AFUB_034310-T",2553.80077494955,-0.668931821425967,0.148159030501748,4.43669141441746e-06,2.46413890811938e-05
"AFUB_046100-T",1221.99939127365,-1.14808531579799,0.263259159998699,4.49536127190937e-06,2.49532777537475e-05
"AFUB_044610-T",6149.94005529014,-0.516042543396679,0.113809419846362,4.66186644090587e-06,2.58630656377813e-05
"AFUB_048760-T",379.493848152128,-1.65126509015385,0.391957457693093,4.66536557728129e-06,2.58680186338083e-05
"AFUB_067860-T",71837.7458727653,0.4304800677241,0.0966631671736981,4.70900715007253e-06,2.60954192989781e-05
"AFUB_014430-T",1432.6520352098,-1.00193376492947,0.227768082809701,4.73344083612262e-06,2.62161832022974e-05
"AFUB_072620-T",8892.35462142806,0.469216751544298,0.103407528185962,4.78090046849581e-06,2.64642705799336e-05
"AFUB_095590-T",7144.71878072158,-0.645387260286232,0.143514402317998,4.78687977852019e-06,2.64825985517352e-05
"AFUB_029970-T",323.190094373969,-1.8072005707055,0.433646124105092,4.82089111266649e-06,2.66559021132116e-05
"AFUB_074540-T",3303.75566640452,0.594115650478644,0.131714706823897,4.84687078933359e-06,2.67846283876035e-05
"AFUB_033190-T",117.909202061342,2.79851765599492,0.698720818189916,4.99686751392019e-06,2.75981692129426e-05
"AFUB_025230-T",2927.09389317878,-0.698979990085504,0.156249672055486,5.02087520110638e-06,2.77153428092218e-05
"AFUB_019330-T",19631.2775945617,0.538922595170858,0.119118463828199,5.14224250776648e-06,2.83695146690285e-05
"AFUB_053750-T",4741.84459661448,0.565115111522133,0.125309384641425,5.15111815256266e-06,2.84026931467691e-05
"AFUB_099560-T",13284.4279183677,0.510080108730079,0.113014608399623,5.17932675933024e-06,2.85423753949765e-05
"AFUB_028670-T",2857.72782470559,0.701780182078568,0.157053456231779,5.22684649910863e-06,2.87882638755012e-05
"AFUB_014270-T",2224.05924879758,-0.755893232105307,0.169925899043612,5.25995204308786e-06,2.89545335705197e-05
"AFUB_052620-T",1619.06945095975,0.873306282649085,0.197613225037354,5.27186859903911e-06,2.90040442602346e-05
"AFUB_053060-T",7917.93676260491,0.675654644539926,0.151058159076347,5.28438235820417e-06,2.90567838809841e-05
"AFUB_019410-T",7844.94551497851,0.619823856135005,0.138260233851164,5.35547930556673e-06,2.94314131272147e-05
"AFUB_023770-T",7939.10075733904,0.496742933351812,0.110175413433599,5.36536157573259e-06,2.94694043382103e-05
"AFUB_100930-T",344.103332639422,-1.46755074671388,0.34796249900411,5.69220004448765e-06,3.12472817707632e-05
"AFUB_078300-T",10593.359506531,-0.476377084820304,0.105711744223488,5.69590165206573e-06,3.12503172453026e-05
"AFUB_018350-T",782.769793643624,-1.2515583513534,0.292800119837663,5.83989880604481e-06,3.20226495303838e-05
"AFUB_058530-T",33958.2703530287,-0.412987727394002,0.0918633585811195,5.94918528218372e-06,3.26039005663575e-05
"AFUB_084800-T",497.183383781841,-1.55807538862747,0.372606494439538,5.96164453846375e-06,3.26523513753549e-05
"AFUB_050030-T",14140.0804635991,0.548120000321841,0.122445863611713,5.96460584821345e-06,3.26523513753549e-05
"AFUB_094190-T",748.795130797909,-1.19491859146793,0.278780254646883,5.9744717783776e-06,3.26883309814761e-05
"AFUB_087450-T",191.324643747864,-2.79029123673829,0.707729175144485,6.10928853208354e-06,3.34075419729637e-05
"AFUB_048410-T",26.7120123951633,8.3492339968956,3.13629599164272,6.12234837233049e-06,3.34605218036234e-05
"AFUB_077670-T",824.825655668472,-1.38846605449944,0.328882363783953,6.17402277320318e-06,3.37243676521968e-05
"AFUB_026730-T",1651.30604429043,-1.01302933266791,0.233680273848412,6.23486063771815e-06,3.4037949301074e-05
"AFUB_083430-T",10914.280149126,-0.471996972500075,0.10532768174222,6.28076654618319e-06,3.42591276278412e-05
"AFUB_015830-T",3290.14819056689,-0.655229663221187,0.147906091930711,6.28227831563435e-06,3.42591276278412e-05
"AFUB_085560-T",1097.33849581277,0.938787369876483,0.214908695727518,6.3008067556046e-06,3.43412998623699e-05
"AFUB_003380-T",4258.17204008016,-0.726988862176707,0.164703816271648,6.38751374020814e-06,3.47947716089823e-05
"AFUB_025100-T",8498.54711440547,0.528375410409833,0.118362445487142,6.40842252361125e-06,3.48895192248172e-05
"AFUB_058120-T",624.427297429043,-1.33909580133799,0.316671396718638,6.41593819588963e-06,3.49112865099806e-05
"AFUB_009520-T",590.350472233634,-1.08462476290806,0.251858981952411,6.42427118815315e-06,3.49253313382152e-05
"AFUB_078630-T",21930.3304555582,0.528373178236944,0.118349971977983,6.42555718121723e-06,3.49253313382152e-05
"AFUB_050720-T",446.944168381075,-1.56081932663213,0.375037324229895,6.47525088555732e-06,3.51761713405344e-05
"AFUB_082010-T",1848.23244710511,-0.767972418269352,0.174709205658205,6.57203268624293e-06,3.56823984742676e-05
"AFUB_048230-T",636.935851133997,-1.2697970543563,0.299329906928997,6.60142997434014e-06,3.58224125179474e-05
"AFUB_096430-T",3583.08333174673,-0.64485940008233,0.145666882079285,6.63435053258111e-06,3.59690226745216e-05
"AFUB_020100-T",4026.26082556857,0.665233211332591,0.150287493076151,6.63569576997975e-06,3.59690226745216e-05
"AFUB_065310-T",604.400020719598,-1.12662601866064,0.263089674279635,6.73614251878373e-06,3.64935668662273e-05
"AFUB_058900-T",21026.3520998002,0.445780196747249,0.0998250321592933,6.83385618380809e-06,3.69928521752832e-05
"AFUB_015790-T",944.837888778983,-1.2200724005109,0.28714221635688,6.83575726846039e-06,3.69928521752832e-05
"AFUB_038060-T",8730.19197551534,0.5074501727521,0.113785404537519,6.85994047691381e-06,3.70907841978653e-05
"AFUB_090740-T",285.13694846883,1.6933417713175,0.410829027927605,6.86132793826505e-06,3.70907841978653e-05
"AFUB_044410-T",297.536592106098,5.91434957185601,1.60297601100778,6.97834853443323e-06,3.77028357127108e-05
"AFUB_048490-T",25.0805492368088,8.24382606020092,3.12030972418356,6.98716904923797e-06,3.77299525645739e-05
"AFUB_014850-T",2013.46525079218,-0.792814951025443,0.181195547022881,7.02932321713556e-06,3.79369401468572e-05
"AFUB_048120-T",1173.1991891378,-0.968054160050188,0.224106897377849,7.10485679875801e-06,3.83237520259094e-05
"AFUB_024360-T",3955.14709729243,0.609786037557391,0.137844806614989,7.15513690045327e-06,3.85739998571421e-05
"AFUB_010940-T",1855.37552954294,-0.845347786096015,0.195033058672638,7.2530377472048e-06,3.9080564408799e-05
"AFUB_021970-T",3983.89948680844,0.575509718924409,0.129986039019796,7.26538040526886e-06,3.91258277386291e-05
"AFUB_028520-T",2265.17840353309,-0.787875103472266,0.180464811508295,7.38591994282873e-06,3.97533923170147e-05
"AFUB_015470-T",12298.0756092863,-0.520063928256108,0.116787569840524,7.40766215978978e-06,3.98488059273244e-05
"AFUB_035880-T",30295.0283392704,0.523037968295102,0.117863609277224,7.44454527337597e-06,4.00255210391422e-05
"AFUB_079000-T",1035.16354264036,-1.14523599963492,0.269462707933279,7.4915294946039e-06,4.02563238949343e-05
"AFUB_022830-T",1895.34626733809,0.714906195714638,0.162971988681427,7.50586488605293e-06,4.03115308409499e-05
"AFUB_020760-T",832.739964158535,1.17461461109417,0.276700844741619,7.61010082956926e-06,4.08492432306517e-05
"AFUB_002210-T",2917.35645638021,-0.71547499858109,0.163394219286719,7.62977746765716e-06,4.09327250629715e-05
"AFUB_020870-T",770.130511660901,-1.00734900861477,0.234725531290091,7.63536033839958e-06,4.09405463849896e-05
"AFUB_090840-T",23144.1757253662,-0.492310618624368,0.111153857890061,7.67183466818947e-06,4.11139087914582e-05
"AFUB_044370-T",24.0104794528402,8.16993956706505,3.10899385327792,7.69006203909468e-06,4.1189350101465e-05
"AFUB_014990-T",12959.4735119555,-0.493746905197969,0.111904408562517,7.9192975790617e-06,4.23942979893136e-05
"AFUB_057590-T",2255.61103357668,-0.997800233216643,0.232821537871787,7.97206921526706e-06,4.26537935102564e-05
"AFUB_090000-T",6039.7914990212,-0.560074673136947,0.127206851388119,8.04822194182099e-06,4.30380402869469e-05
"AFUB_001930-T",3384.10210346502,0.832753022428369,0.192052434824352,8.18017029627373e-06,4.37200808780381e-05
"AFUB_076630-T",15295.8909340274,0.510505319761975,0.115671431108868,8.25402025857082e-06,4.40910393252505e-05
"AFUB_003400-T",4166.59088855503,0.532666811083657,0.121036188341695,8.52122704434316e-06,4.5493909852128e-05
"AFUB_083970-T",284.31748483925,1.85020882162829,0.45903123571883,8.56006887402016e-06,4.56767115992743e-05
"AFUB_058730-T",895.389148223884,-1.11441532997697,0.263544335928628,8.64888575335002e-06,4.61258415378823e-05
"AFUB_015340-T",3361.69774505705,0.618235498814728,0.141227235114765,8.79152164358478e-06,4.68613599960145e-05
"AFUB_046470-T",535.689769426139,1.58156588314762,0.387292282008542,9.06357677612653e-06,4.8285560656498e-05
"AFUB_009630-T",7582.04213963845,-0.574851977438292,0.131448040356873,9.17314478816187e-06,4.88430590249499e-05
"AFUB_064530-T",8288.1714471918,0.569882880917015,0.130220297233609,9.25593108778149e-06,4.92574348773358e-05
"AFUB_048600-T",29.0727312300408,8.43174023717046,3.20536320093702,9.33423141534152e-06,4.96475063222211e-05
"AFUB_041460-T",197313.928608823,0.529610077772811,0.120815321885429,9.44958659411429e-06,5.02341440528036e-05
"AFUB_045800-T",1021.94764105439,-1.06530973961849,0.252165577262984,9.48474617488741e-06,5.03940609131465e-05
"AFUB_057760-T",1237.88993228791,-3.46073507272357,0.923687904246764,9.49787493089532e-06,5.04368157780289e-05
"AFUB_069180-T",997.584854092728,-0.880745482163164,0.205950039926588,9.77017075181338e-06,5.18550506479935e-05
"AFUB_091650-T",10953.3712232367,-0.439470996956705,0.100272358994839,9.88305379811797e-06,5.24261405378519e-05
"AFUB_022990-T",6056.17034822658,0.62422039661727,0.14357663624828,9.90433712510554e-06,5.25109754095472e-05
"AFUB_013460-T",5743.14093718801,-0.56736238742355,0.130197661301572,9.920687916805e-06,5.25695822606992e-05
"AFUB_041000-T",61726.427321239,0.586997888834739,0.134627641717313,1.00107961851352e-05,5.30187578108147e-05
"AFUB_021750-T",6519.12717602691,-0.495140652110308,0.113291839821097,1.00557791207649e-05,5.32114938255198e-05
"AFUB_006990-T",4904.0554943837,0.548896656196436,0.125871840909437,1.00579105709496e-05,5.32114938255198e-05
"AFUB_083740-T",5796.34948050156,0.583235995081191,0.133956368379908,1.01034892300129e-05,5.34241505636003e-05
"AFUB_078580-T",10931.8377154292,0.584956364319719,0.13431119531971,1.0127037237396e-05,5.35201515341617e-05
"AFUB_013660-T",6273.42295240153,0.677154681967253,0.156400403310584,1.02038550414419e-05,5.38974248463604e-05
"AFUB_056470-T",4601.4397898081,0.599133956570051,0.137899088946378,1.02263242630354e-05,5.39873767609715e-05
"AFUB_004020-T",8121.2032626031,0.625179112725247,0.14401499438126,1.03011065478802e-05,5.43532602273849e-05
"AFUB_097620-T",23.7773449706343,8.12514282412269,3.12798100346834,1.03349301775755e-05,5.45027534603811e-05
"AFUB_085840-T",3834.96594518569,-0.801811034321635,0.187024754723618,1.03495227868006e-05,5.45224898822091e-05
"AFUB_004490-T",822.940527290012,-1.13841373646702,0.27244338570139,1.03496595403609e-05,5.45224898822091e-05
"AFUB_004070-T",3943.02281207962,0.610405162453935,0.140651162979306,1.04130766407554e-05,5.48274724984069e-05
"AFUB_099270-T",2986.83574117728,-0.610470933845762,0.140753450354559,1.04440850296123e-05,5.49615821415176e-05
"AFUB_039540-T",2558.04290381949,0.748642806043683,0.173947567863294,1.05085460061902e-05,5.52714992641428e-05
"AFUB_052950-T",19798.7227025763,-0.512239174757273,0.116694753978444,1.05725766711617e-05,5.55788259858472e-05
"AFUB_054750-T",8553.03204031293,-0.561499910005136,0.128932355291877,1.06060205720304e-05,5.57183048858992e-05
"AFUB_071360-T",667.362507747351,1.12594116176306,0.268946789139106,1.06133009614662e-05,5.57183048858992e-05
"AFUB_079710-T",30.8965716566102,6.52409410560336,1.81249482259407,1.06159510870766e-05,5.57183048858992e-05
"AFUB_081930-T",7146.26564415553,0.598343241330942,0.137934043188625,1.07182134202276e-05,5.62253003148832e-05
"AFUB_096090-T",16339.8101478874,-0.438216265050844,0.10041636510288,1.07960048070693e-05,5.66034589065837e-05
"AFUB_064860-T",7599.30845818279,0.584036470622152,0.13461800734014,1.08358664040688e-05,5.67816296405046e-05
"AFUB_018870-T",507.032637796256,-1.18158627557057,0.284312891541704,1.08414295384137e-05,5.67816296405046e-05
"AFUB_037450-T",18783.3375558745,0.456617982535407,0.106136728805617,1.08513815000666e-05,5.68037771034606e-05
"AFUB_058570-T",923.987285405939,1.14080000593975,0.273294986414022,1.0857476000572e-05,5.68057191911848e-05
"AFUB_069370-T",194.58952294838,2.00438702141702,0.508823108502066,1.08689508226818e-05,5.68357939489554e-05
"AFUB_092620-T",1694.88904275356,-0.928532822081449,0.219228265285519,1.09555510828345e-05,5.72584752486216e-05
"AFUB_000140-T",24.6963753024586,8.17616473704947,3.15014981332719,1.09836326681081e-05,5.73750285426174e-05
"AFUB_096410-T",1067.15149233415,-1.00864072540036,0.239672781269546,1.10265059879367e-05,5.75686859180807e-05
"AFUB_025440-T",4760.8067732506,-0.672753196737767,0.156226216033407,1.11331248729408e-05,5.8094776216581e-05
"AFUB_024020-T",5066.93196181855,0.547557280727201,0.126177206148554,1.11712599040148e-05,5.82631395414332e-05
"AFUB_025260-T",4126.0392203439,-0.638205960329497,0.148034556221202,1.13548253128862e-05,5.91894124109219e-05
"AFUB_082380-T",2351.97687384002,-1.10207060482033,0.264438567865181,1.15554108602778e-05,6.02033872904239e-05
"AFUB_078740-T",37489.4199262039,-0.40982123601853,0.0942217221050363,1.16500571637338e-05,6.06646470881731e-05
"AFUB_096800-T",753.94965958265,-1.04580329000627,0.250083182330798,1.17360958368703e-05,6.1080624636045e-05
"AFUB_066110-T",6896.83626621168,0.47793367237832,0.109985983935276,1.17462172086762e-05,6.11012608994292e-05
"AFUB_058170-T",104780.367918929,0.42577620789582,0.0991103020940115,1.18197565876779e-05,6.14515893832913e-05
"AFUB_101570-T",258.455413220781,-1.95977609517696,0.500047570709128,1.18957294426137e-05,6.18141961874038e-05
"AFUB_052430-T",904.705782127616,-1.47191758660212,0.364147458765599,1.1956768850133e-05,6.20988649071535e-05
"AFUB_053010-T",89551.2405709908,0.498562191965169,0.114971060452734,1.20401276969723e-05,6.2499093824503e-05
"AFUB_045630-T",86.3974771169717,-4.04476965651737,1.10615994601378,1.21254753756122e-05,6.29092227406956e-05
"AFUB_031630-T",17876.2273427428,-0.473109069261071,0.109242021429853,1.22531074365789e-05,6.3507877221422e-05
"AFUB_071530-T",896.222275082055,7.41712242188615,2.16944099417756,1.22536609449897e-05,6.3507877221422e-05
"AFUB_057400-T",2621.10088723888,-0.672977168408144,0.157178943760518,1.24837080930583e-05,6.46663897826742e-05
"AFUB_036480-T",17211.7702478857,0.501665975718605,0.116006171080819,1.25711254893119e-05,6.50852480341267e-05
"AFUB_035440-T",1480.9993759477,-2.32687620331554,0.608163975909493,1.26280105872066e-05,6.53456752231622e-05
"AFUB_081900-T",6020.20873357891,-0.552195028316881,0.128270183392373,1.27543833036332e-05,6.59652184932568e-05
"AFUB_094090-T",4145.27994235805,0.641891370276003,0.149728114774326,1.28662191346368e-05,6.65089713079531e-05
"AFUB_047020-T",3373.96890562668,0.868014391851315,0.205564197348663,1.28829380132155e-05,6.65607286731724e-05
"AFUB_082290-T",4201.61940805569,-0.770321014954236,0.181572129429293,1.31647607436835e-05,6.79813997820286e-05
"AFUB_009410-T",13181.8630645411,0.453504483254485,0.105784464336835,1.32376566872087e-05,6.83222790538462e-05
"AFUB_094400-T",8783.524884597,-1.33661330871992,0.329487480856152,1.33681943591743e-05,6.8960150215595e-05
"AFUB_019520-T",4383.61632262394,0.568794816571997,0.132328028582394,1.34621644807268e-05,6.94088220629681e-05
"AFUB_072290-T",49234.1106780119,0.373178348470772,0.0876008139936466,1.37413174763328e-05,7.08113063097625e-05
"AFUB_035270-T",18228.1288202385,0.430495702611986,0.099772489502722,1.39671932137857e-05,7.19379307975208e-05
"AFUB_036780-T",5842.27756820946,0.49462204744118,0.114932026642111,1.40538514499363e-05,7.23467197306106e-05
"AFUB_002720-T",3301.36530670073,-0.556262179607526,0.129962609511224,1.4124635047722e-05,7.26734073865427e-05
"AFUB_080180-T",484.179603129509,6.9067380350282,2.02137138415681,1.41813748314163e-05,7.2927536373993e-05
"AFUB_003060-T",327.774429794423,-1.60046655392274,0.40380252505434,1.43087010406866e-05,7.35442039507064e-05
"AFUB_019030-T",741.545348138497,-1.08366339183195,0.262792088862184,1.43287371008728e-05,7.35908262254999e-05
"AFUB_078940-T",377.456566016195,1.45111201149105,0.361589885074488,1.43326012185281e-05,7.35908262254999e-05
"AFUB_018680-T",3790.5090835924,0.594111885907963,0.139067699947063,1.44074286901055e-05,7.39367785673719e-05
"AFUB_007570-T",2100.03600998645,-0.919297257974172,0.220229840912873,1.44732552624454e-05,7.42362059326981e-05
"AFUB_065010-T",2750.828048189,-0.660456485434481,0.154994916694438,1.46725098043541e-05,7.52193490744908e-05
"AFUB_092230-T",1821.22108475872,0.697386559209798,0.164392755117385,1.47281859684367e-05,7.54657954242304e-05
"AFUB_073080-T",864.108102765297,-1.01346014966818,0.244904131750477,1.48650729154139e-05,7.61278888985978e-05
"AFUB_025090-T",69686.5990870743,0.468312268823821,0.109896931692326,1.49149878922486e-05,7.63441231720308e-05
"AFUB_079730-T",22.2633253688712,7.98911335617158,3.13260888503605,1.51438357720666e-05,7.74755515658562e-05
"AFUB_031930-T",1299.10749563785,0.854832530632634,0.204053700230199,1.51890714653044e-05,7.7666941933615e-05
"AFUB_033530-T",3340.97403585444,0.603564099110361,0.141736234884292,1.52266608751949e-05,7.78190572535066e-05
"AFUB_061400-T",149.583958992622,-2.37497165453285,0.62974747634773,1.53081907771389e-05,7.81954675569241e-05
"AFUB_042775-T",8152.80448778763,-0.551621519890212,0.128516244600518,1.53897857790259e-05,7.85718229716216e-05
"AFUB_027780-T",1043.2828478364,-1.07745896714996,0.262262585629982,1.5468846120162e-05,7.89348574512124e-05
"AFUB_073560-T",2867.98699391301,-0.604531762172891,0.142204908058325,1.54853593654628e-05,7.89785157770907e-05
"AFUB_059260-T",43776.4931589837,-0.472554054382657,0.108837316213261,1.55045781043784e-05,7.90359207426584e-05
"AFUB_032670-T",5031.16238727368,0.496113117223656,0.116013353595786,1.55537865727415e-05,7.92460635187163e-05
"AFUB_019530-T",13698.2853849314,0.454066158743944,0.106061967764334,1.56957511806323e-05,7.99211340990449e-05
"AFUB_061920-T",235.979419885684,-1.96773684294622,0.511538445756007,1.57023890673186e-05,7.99211340990449e-05
"AFUB_016510-T",1077.40803281631,1.14434021325917,0.279797600064782,1.57135735352e-05,7.99370668051562e-05
"AFUB_074960-T",2073.6504962041,0.740758236908425,0.175694652162051,1.58082303872124e-05,8.03774009185875e-05
"AFUB_022390-T",3734.56794333724,0.614986068970009,0.144801537264755,1.59455472084804e-05,8.1034078875662e-05
"AFUB_011210-T",14392.5446554239,0.443144570460894,0.103535451107034,1.61369142152044e-05,8.19646231248227e-05
"AFUB_060780-T",23883.8293593676,0.415779488924603,0.0972395556244132,1.62120388608571e-05,8.23040847539675e-05
"AFUB_093660-T",1675.70004572486,0.870773181265316,0.208956861835623,1.6389107760588e-05,8.31604777729221e-05
"AFUB_068440-T",1432.57197348642,0.758200629336806,0.180476349394178,1.64975539816573e-05,8.36679730546495e-05
"AFUB_004910-T",1898.04545177632,0.70885395937542,0.168200167702359,1.65079165414215e-05,8.36777689854995e-05
"AFUB_009110-T",11498.5342255266,0.479753093513039,0.112440608626112,1.65642717517154e-05,8.39205702581802e-05
"AFUB_067990-T",2467.32532662161,-0.737873153684139,0.17593705793479,1.68728492749771e-05,8.54403209459937e-05
"AFUB_065780-T",284.777612616078,-1.61671222279023,0.41277985835085,1.7018899513986e-05,8.61359396615557e-05
"AFUB_096930-T",326.049466977108,1.63586550166444,0.417772780847143,1.71588004284809e-05,8.67997422286816e-05
"AFUB_063840-T",7149.93449668625,0.510240934409637,0.119963375735512,1.71706679730076e-05,8.68155270667859e-05
"AFUB_038920-T",40110.8260261205,0.431433592918846,0.101389875637035,1.72059245595409e-05,8.69362510749628e-05
"AFUB_086120-T",5401.18168946803,0.534869720224152,0.125817763931885,1.72120638148415e-05,8.69362510749628e-05
"AFUB_064240-T",734.80935538471,1.06767228779373,0.261066463610434,1.73857961989711e-05,8.77690881357012e-05
"AFUB_068840-T",7216.31951650736,0.52594590649006,0.123714289383948,1.74902965660637e-05,8.82517505938904e-05
"AFUB_079300-T",23047.4491021853,-2.29155407197596,0.616540621726932,1.75024339432855e-05,8.82681183369452e-05
"AFUB_012590-T",1423.35147721107,-0.862445039382278,0.207886756681216,1.75360230011136e-05,8.83925994342572e-05
"AFUB_002980-T",26883.4854350168,0.504614696179406,0.119687163077779,1.75735847324662e-05,8.85369687663589e-05
"AFUB_052440-T",2005.66601511521,-0.727789554496505,0.173805148016903,1.76542822038114e-05,8.8898402269319e-05
"AFUB_011870-T",1617.13699084447,-0.717716901630618,0.171355466029508,1.79316425669256e-05,9.02492659618337e-05
"AFUB_073120-T",1538.16262417589,0.85266522179642,0.205762465243504,1.86325558316356e-05,9.37294052858507e-05
"AFUB_085650-T",155.299874897898,1.96482243144253,0.515088570494038,1.86595807977394e-05,9.38178011233857e-05
"AFUB_003220-T",4045.18425029458,0.581691556151477,0.137993013302973,1.88591661561197e-05,9.47732780250574e-05
"AFUB_002490-T",7734.54391320774,0.45597106669645,0.107483452735806,1.90594424466604e-05,9.57312582404377e-05
"AFUB_014580-T",179397.012026796,0.417732077544603,0.10155259635843,1.93601391600536e-05,9.71924032187821e-05
"AFUB_027630-T",1048.08786294993,0.856688631143,0.20730815556934,1.94198451566378e-05,9.74290850854012e-05
"AFUB_056650-T",534.862787464651,-1.23871170625799,0.309598750247383,1.94269178220664e-05,9.74290850854012e-05
"AFUB_081630-T",155.600291531377,2.47537788076288,0.667972737071695,1.94487044792331e-05,9.7489086846661e-05
"AFUB_090320-T",3396.98115385133,0.631600017796562,0.150518747509331,1.96616177803644e-05,9.85065908481153e-05
"AFUB_032990-T",1890.67296991129,0.794912593594664,0.191687739755338,1.9808757641285e-05,9.91937031229835e-05
"AFUB_031680-T",653.366786607587,1.32823435584323,0.334315341377726,1.98200486042458e-05,9.92001928376901e-05
"AFUB_085520-T",302.807076867987,-1.52204829141946,0.389856778881384,1.99624109415712e-05,9.98623632031723e-05
"AFUB_029620-T",6746.46056468464,-0.532312692249612,0.12659616367617,2.03967621676969e-05,0.000101967538166836
"AFUB_041320-T",3642.07370750864,0.631061573136852,0.150790372285051,2.04037814407392e-05,0.000101967538166836
"AFUB_071170-T",6266.547832577,-0.615993565366395,0.14711472172242,2.04460395656854e-05,0.000102127298786828
"AFUB_006190-T",11297.3721819501,-0.42301042772799,0.100213406753136,2.07685427492693e-05,0.000103686009449949
"AFUB_011350-T",24025.8858256706,0.448751333136857,0.107937836257065,2.09666994810526e-05,0.000104622670864478
"AFUB_075620-T",133.834794269592,-3.29694608644457,0.925931945321183,2.12658482930389e-05,0.000106062082567041
"AFUB_047930-T",1578.39026408781,0.736766235036072,0.177654076311698,2.13122024003669e-05,0.000106239883889323
"AFUB_023190-T",8635.66701928314,0.573544537951175,0.13702809585408,2.17167648792863e-05,0.000108202254732388
"AFUB_095190-T",2298.1849724414,-0.927600782395016,0.227515983927763,2.18327425938744e-05,0.000108725524457704
"AFUB_075210-T",6034.0080533173,0.691326234844839,0.166518989895723,2.2100333660381e-05,0.00011000291453324
"AFUB_005840-T",21653.5055928218,0.589890855070157,0.141236065872724,2.2307443057827e-05,0.000110978131503225
"AFUB_020900-T",57520.2454504943,0.487277877137762,0.115679355919174,2.25725551780061e-05,0.000112240786644144
"AFUB_058110-T",534.346431833141,-1.25364511722035,0.316943311073009,2.29791846879711e-05,0.00011420551228248
"AFUB_001290-T",3123.43498201599,-0.611173169104741,0.145077957780953,2.33658256808942e-05,0.000116068978920358
"AFUB_010560-T",82932.0405932925,0.542555798355739,0.127696981122845,2.34589293416457e-05,0.000116473173444639
"AFUB_092020-T",225.3277929095,-1.82912876292728,0.484231172230346,2.35635648489607e-05,0.000116934190562968
"AFUB_027430-T",1624.20362467902,0.794421188867024,0.193331675351667,2.36141436539834e-05,0.000117126624570607
"AFUB_021060-T",16151.7117098602,0.443955472980077,0.104652804766042,2.36904627087565e-05,0.000117446474717487
"AFUB_039060-T",4670.77387391152,0.553704607872152,0.132689822454729,2.39604238964272e-05,0.000118725515313051
"AFUB_095060-T",279.552828127792,-1.6649735100517,0.436167191126629,2.40829769731996e-05,0.000119273226775951
"AFUB_038660-T",10481.7934645031,-0.54143698111248,0.132426165339408,2.4458697606489e-05,0.000121073602865039
"AFUB_037110-T",232.744658210207,-1.61722307577473,0.422653983319999,2.45408872477155e-05,0.000121419893286927
"AFUB_094010-T",212.318230408187,-2.24142381937096,0.610323798701903,2.46593721290999e-05,0.000121945325551229
"AFUB_081990-T",10197.8325932854,0.458197088460251,0.110765737993398,2.47669406092009e-05,0.00012241627766251
"AFUB_036310-T",5795.2180305176,0.532983602375885,0.128094791827685,2.47832486723672e-05,0.000122435909941884
"AFUB_017500-T",245.50272432568,-2.15496256642805,0.584446480183691,2.49473014165562e-05,0.000123185057989711
"AFUB_072050-T",5752.41957804771,-0.529990975574402,0.127482173549683,2.49866636587705e-05,0.000123318069027
"AFUB_091320-T",27192.6531574277,0.47572359141148,0.113813084360522,2.51264324751774e-05,0.000123946243695893
"AFUB_009330-T",1726.28277427813,-0.840750330745197,0.20657259134406,2.53981154609374e-05,0.000125224190735124
"AFUB_067960-T",1030.41502850483,-0.884903025771065,0.218211872983337,2.55093138266985e-05,0.00012570999986593
"AFUB_075570-T",5802.37690842364,-0.54859194860725,0.132181841958313,2.56526021562759e-05,0.000126353387792079
"AFUB_078170-T",17673.2709957701,-0.406236319007232,0.0972862923248029,2.56915867505796e-05,0.000126429158601611
"AFUB_090910-T",7131.27847873989,0.45185003298167,0.10830991097007,2.56934622568715e-05,0.000126429158601611
"AFUB_063500-T",3317.9349510129,-0.592511327841855,0.142854221718095,2.60933784593185e-05,0.000128333390093526
"AFUB_011660-T",330.727002377846,-1.48786608758606,0.387390788402295,2.69854015746917e-05,0.000132654834387724
"AFUB_033250-T",5664.48073631245,-0.612540295613516,0.148617388615138,2.7088659519099e-05,0.000133096507785672
"AFUB_091810-T",368.60405707272,-1.26973821505092,0.324816755951855,2.71703589640461e-05,0.000133431871706164
"AFUB_027190-T",1972.24523853507,0.77748058901883,0.190821551801103,2.77032715328075e-05,0.000135981686430818
"AFUB_083150-T",1955.35487164968,-0.666148192716469,0.162471148924446,2.80330069029254e-05,0.000137532176723448
"AFUB_051330-T",5764.88914927424,-0.520967393868382,0.126058963846156,2.84954257068689e-05,0.000139688539465023
"AFUB_082770-T",15027.2846343787,0.44695521258906,0.107705882321416,2.85006843744757e-05,0.000139688539465023
"AFUB_071400-T",8321.09114944441,-0.522989818657549,0.126797154282655,2.92559548692865e-05,0.000143273571522108
"AFUB_013260-T",158337.976057006,-0.439412168976071,0.106120083118275,2.92610105264798e-05,0.000143273571522108
"AFUB_001140-T",1169.41477679581,0.897142858230562,0.223093278951306,2.95430782064692e-05,0.000144583358579491
"AFUB_037910-T",2382.01169586231,0.827762777931182,0.204769292992262,2.97112150834879e-05,0.000145334553821398
"AFUB_005010-T",26290.7185764365,-0.40905683665358,0.0987289971359538,2.97937564561224e-05,0.000145666518633997
"AFUB_068980-T",1141.48874581243,0.812658625039987,0.200871182277351,2.98869369829668e-05,0.000146050147491849
"AFUB_063860-T",5431.27889210821,0.701191681265935,0.172275003275566,3.096339663881e-05,0.000151236078563085
"AFUB_020530-T",8132.45927300101,0.49116519300749,0.119185679329262,3.10395060797217e-05,0.00015153325029082
"AFUB_088220-T",2567.45505765656,0.605396235514873,0.1477635764424,3.11752398274677e-05,0.000152121069462938
"AFUB_024290-T",21253.1951893869,0.497007282795333,0.1207034267374,3.13446533455908e-05,0.000152872572213754
"AFUB_013990-T",8785.8383240711,-0.608532301607336,0.148925799603627,3.15394336576681e-05,0.000153746993640646
"AFUB_033510-T",917.45096436176,-1.06414167421448,0.270030475214053,3.17549057449198e-05,0.000154721374333986
"AFUB_015530-T",16372.6149328831,0.510998600121902,0.124332568240285,3.2112115481205e-05,0.00015638505699262
"AFUB_071710-T",169.673199167873,-2.35799907741385,0.65918087875139,3.2470251916486e-05,0.000158051618573381
"AFUB_008020-T",43055.1794835138,0.520156025307666,0.126748303256421,3.26907615369016e-05,0.000159046964830269
"AFUB_053030-T",4786.82806400056,-0.54397436710259,0.132889124599857,3.28046511089314e-05,0.00015952286244789
"AFUB_061430-T",1850.75771115518,-0.765806726733151,0.190229622293478,3.32981487001668e-05,0.000161843352521623
"AFUB_048610-T",61.1364710495112,3.85077842633954,1.13196558951363,3.34009220526454e-05,0.000162263412321344
"AFUB_093700-T",8775.08608004437,-0.546880049130938,0.133830131657259,3.34888068488173e-05,0.000162610767110818
"AFUB_077040-T",19165.1325831897,0.427820301819323,0.10413489884031,3.35671840809834e-05,0.000162887817634329
"AFUB_092340-T",2055.70792252263,-0.749035947178451,0.185711415416833,3.35808986457621e-05,0.000162887817634329
"AFUB_027070-T",7379.62525958089,-0.612342156242583,0.150965429627946,3.35950995161179e-05,0.000162887817634329
"AFUB_076310-T",1013.18944156991,-0.862052490361773,0.215714886706454,3.36653025024084e-05,0.000163089498945862
"AFUB_024390-T",17396.8899546405,-0.391484210676739,0.0951157371510473,3.3685423931017e-05,0.000163089498945862
"AFUB_046170-T",1463.0840812725,-1.1606962008675,0.298265867159831,3.36859922255937e-05,0.000163089498945862
"AFUB_076490-T",6473.79346342295,-0.509864991235054,0.12460640826727,3.38826618233994e-05,0.00016396168629802
"AFUB_035570-T",114.000260358461,-3.18732069270754,0.927181059543219,3.39247827026828e-05,0.000164085510879204
"AFUB_007610-T",4812.63174859785,-0.640089952896017,0.157649411470573,3.40740830841424e-05,0.000164727362206582
"AFUB_019800-T",2107.38826908637,0.715909345560008,0.177157837560089,3.44933371992594e-05,0.000166673014460881
"AFUB_082480-T",11682.9235627324,-0.449187421081311,0.10951365747657,3.46777237206949e-05,0.000167482436947882
"AFUB_096130-T",2177.41978897988,0.754728453989746,0.187376697137425,3.4806761651204e-05,0.000168023885889202
"AFUB_055780-T",909.29200630001,-0.90898049890878,0.228949750584205,3.52150207025096e-05,0.000169912046899566
"AFUB_007170-T",12826.7725793178,0.40443427245335,0.0985397313484519,3.56570554400219e-05,0.00017196126105064
"AFUB_005270-T",56354.7284301844,-0.578102386395683,0.142361272104887,3.59321322430679e-05,0.000173203697189145
"AFUB_000150-T",22.1239870258768,7.87321605316555,3.21634407078948,3.60288872628793e-05,0.000173585779652465
"AFUB_090760-T",571.550061056793,1.36089212442853,0.357331182797208,3.64298369151077e-05,0.00017543237815742
"AFUB_070420-T",18059.8153426939,-0.410089404766618,0.100195718717875,3.67483556736025e-05,0.000176880421949808
"AFUB_050370-T",8842.50524907397,-0.439565481136655,0.108041413778323,3.68317078296158e-05,0.000177195685995607
"AFUB_064694-T",1096.39445319112,0.810068761428667,0.202747563147328,3.70597910827308e-05,0.000178206601984546
"AFUB_025690-T",17413.8034889589,-0.414500750572028,0.101488442752863,3.75647861450575e-05,0.000180547458832782
"AFUB_073800-T",1220.10325887352,-0.93857391540597,0.237966964558394,3.76867873903251e-05,0.000181046159171818
"AFUB_078350-T",6955.74184134693,0.452696142717025,0.110891086004419,3.77925839511036e-05,0.000181466567834883
"AFUB_083810-T",9072.3187200461,0.412175418101191,0.100866774837535,3.79309764587672e-05,0.000182043008391327
"AFUB_019780-T",9733.11506441646,0.424330066904624,0.103766663362756,3.8262182465822e-05,0.000183543818740108
"AFUB_041260-T",8376.65371356231,0.413087707389182,0.101104890926801,3.84730921199221e-05,0.00018446639579238
"AFUB_086660-T",81.8412076215497,-3.6120725879981,1.07370973830364,3.85541705320315e-05,0.000184765882438635
"AFUB_077870-T",215.672355551978,-1.82241092320252,0.499241074766771,3.87628485967298e-05,0.000185676289730957
"AFUB_046300-T",356.478517333392,-4.6833812209353,1.44880060746234,3.89041881316956e-05,0.000186263418816729
"AFUB_004500-T",4750.02024825923,-1.85447327716699,0.510348786357782,3.9027109753913e-05,0.000186761843928441
"AFUB_024760-T",13478.7813325015,0.494227378453162,0.121570086687274,3.94592740122585e-05,0.000188738937142971
"AFUB_012890-T",14404.0015209565,0.408923522040441,0.102578918127779,3.99066960762807e-05,0.000190787070595899
"AFUB_029840-T",2302.03224333494,0.713753438326403,0.178180585881122,4.00062461484606e-05,0.000191170916236626
"AFUB_041410-T",277.436844628596,1.50156785279332,0.401297214070002,4.03924400382037e-05,0.00019292346842116
"AFUB_003280-T",677.859445914432,0.969454058576853,0.247215221088749,4.07732301885806e-05,0.000194648537576557
"AFUB_026360-T",12726.1442626953,0.479608154373784,0.117896542411182,4.08575337328704e-05,0.000194957222259009
"AFUB_002990-T",1591.45858902966,0.698516842896088,0.174406723244641,4.10086028663337e-05,0.000195584038177973
"AFUB_067190-T",11285.9253765994,0.474107450991772,0.116670372349207,4.12913359731731e-05,0.00019683790083273
"AFUB_039550-T",15317.4174806819,-0.392663380164027,0.096581685127978,4.16985670074376e-05,0.000198683762625453
"AFUB_063700-T",63604.4411705135,0.485512241483497,0.119605984630462,4.20941751084574e-05,0.000200472499017005
"AFUB_066780-T",3523.99379189894,-0.67785138977872,0.169484168899226,4.22043374493469e-05,0.00020073883765464
"AFUB_101440-T",597.444032734485,-1.17687825904424,0.307056607040234,4.22079462730819e-05,0.00020073883765464
"AFUB_031610-T",592.227907984602,-1.21488034325885,0.318067915286349,4.22107762403258e-05,0.00020073883765464
"AFUB_006240-T",788.105277241231,-1.17996030473106,0.30808152077955,4.24399194924983e-05,0.000201731897012953
"AFUB_097840-T",20.1369130018251,7.71593858031246,3.19154362352863,4.25118034272646e-05,0.000201976854483294
"AFUB_001490-T",2091.28813161101,-0.624360829547194,0.155584846747204,4.25471341145332e-05,0.000202047993342939
"AFUB_031110-T",342.586046395563,-1.30513929572121,0.344774395912219,4.26509887749393e-05,0.000202444315442981
"AFUB_086750-T",1506.08678217543,-0.760517291458829,0.191477445811995,4.26914646099449e-05,0.000202539572779017
"AFUB_101220-T",322.487786119224,-1.43784291466492,0.384473158949451,4.27520347490066e-05,0.000202730026222595
"AFUB_052200-T",6147.87142001731,0.631435014576303,0.157354420378227,4.30216146894525e-05,0.000203910948325127
"AFUB_014230-T",4594.91355824932,0.542037945592235,0.134349006153118,4.30466242285405e-05,0.000203932098075544
"AFUB_029020-T",6904.9229608083,-0.490464524851644,0.121469605810087,4.31220070447218e-05,0.000204191755686481
"AFUB_040330-T",2348.94527220575,-0.715714488863223,0.179689572600193,4.32395733617586e-05,0.000204650818128495
"AFUB_041480-T",573.962346984782,-1.11765663611192,0.290493838580434,4.32966270379957e-05,0.000204823176049622
"AFUB_056190-T",1344.83390326109,-0.944400444997769,0.241820099965655,4.38274561072999e-05,0.000207235589263912
"AFUB_065210-T",6568.06045031414,0.437395593738181,0.107980633146936,4.38505994774314e-05,0.000207246285625479
"AFUB_052310-T",2197.93546338773,0.752794566486521,0.189571708325023,4.42797705762215e-05,0.000209175022831508
"AFUB_006570-T",11690.5180227061,0.398163679821658,0.0984090684026811,4.48083431639243e-05,0.000211571268269243
"AFUB_006520-T",275.576153566231,-1.52987077214354,0.413890932033649,4.49550734263001e-05,0.000212163149670009
"AFUB_101950-T",139.940520997543,-2.3160680974047,0.663531483836029,4.60733782362258e-05,0.000217337585073451
"AFUB_036840-T",2986.70749085743,0.639333060204769,0.160014828401243,4.61670229682742e-05,0.000217675868389606
"AFUB_102360-T",30.1005851337281,5.62309107644562,1.63094174166337,4.64422130162142e-05,0.000218869403697021
"AFUB_045070-T",19.3540193297977,-7.82453390097513,3.28967684632559,4.66417061604794e-05,0.000219705236660066
"AFUB_093340-T",2064.86561053781,0.720406423421488,0.181590824431424,4.68389028857278e-05,0.000220529464488069
"AFUB_051190-T",2807.94223440145,-0.573682433260443,0.143505246708616,4.78976752452991e-05,0.000225407504414222
"AFUB_076850-T",1658.23896087229,-0.786570277928203,0.199942062788179,4.80814448085592e-05,0.000226165089917038
"AFUB_007180-T",1023.4764497272,-0.893870212661381,0.229393497963972,4.86702353857105e-05,0.000228826189579904
"AFUB_098700-T",2524.25200683877,0.732498668866766,0.18528557288344,4.88478279319638e-05,0.00022955241109126
"AFUB_053140-T",5929.07150317078,0.530808170455659,0.132465631145144,4.88737463462948e-05,0.00022956551466492
"AFUB_002100-T",2134.74862865732,0.631763614710941,0.158645864689143,4.89572935417765e-05,0.000229849166699211
"AFUB_027870-T",10747.5732680735,0.473440921896784,0.117845729144968,4.90945257197593e-05,0.000230384476486341
"AFUB_028060-T",7471.26409094521,0.468770996459323,0.117527480221068,4.9241309291863e-05,0.000230964080681352
"AFUB_069350-T",7002.29670025363,0.551952229814182,0.137987239425755,4.92812415429202e-05,0.000231042192873634
"AFUB_027530-T",13034.0946642858,0.411329470425786,0.104138550988692,4.93753150380748e-05,0.000231373938504671
"AFUB_014040-T",1650.40265598909,-0.749367602863809,0.190246236919573,4.99012784576173e-05,0.000233728262714418
"AFUB_032110-T",938.100626956957,-1.02788977286197,0.267749761083345,5.0551173884289e-05,0.000236660566415834
"AFUB_015960-T",24100.3855324141,-0.377712912592883,0.0941394385819873,5.08375745462867e-05,0.000237889168963647
"AFUB_091840-T",386.873443002983,-1.25649376071584,0.334491213591814,5.09851898305492e-05,0.000238467487779548
"AFUB_065570-T",5480.70944390322,-0.534380650349521,0.13324035018705,5.11425294448419e-05,0.000239090722911001
"AFUB_017520-T",60.1382007013962,-3.73972578319733,1.14185258865909,5.12262160636221e-05,0.00023936920641782
"AFUB_100710-T",8934.89711176401,0.531090672187883,0.132967368714898,5.15014599772067e-05,0.000240542113070013
"AFUB_082160-T",13300.5869829671,0.538626441311796,0.134936940119126,5.15935974093491e-05,0.000240859103616082
"AFUB_058690-T",827.725450274959,1.0226146399168,0.266098604264006,5.1738618448096e-05,0.00024142256139979
"AFUB_062440-T",7341.64408873827,-0.448977886861988,0.11216515130986,5.22501097940415e-05,0.000243694708508394
"AFUB_090580-T",88.1879744351596,2.51895197118642,0.734759259223508,5.23447032283869e-05,0.000244021221015378
"AFUB_034190-T",150.993439886084,-1.93208194779556,0.545412221045605,5.24606098498394e-05,0.000244446738384815
"AFUB_010720-T",314.9844258618,-1.68176424847362,0.46722210171066,5.41191680197025e-05,0.000252056660063608
"AFUB_089270-T",10850.2685869286,0.426222908541547,0.108355784037809,5.48119774828113e-05,0.000255163638141136
"AFUB_026370-T",12354.3069383608,0.404021799211752,0.101054489492054,5.50950576297807e-05,0.000256361203457841
"AFUB_046220-T",19.730269194451,-7.82637686274376,3.31985105549393,5.53148919658395e-05,0.000257263497076362
"AFUB_014060-T",1731.78227576126,-0.813095267460685,0.209267873513147,5.69501422321268e-05,0.00026474480639525
"AFUB_030490-T",1347.56192784308,-0.852557726816691,0.220185366926794,5.70005060253118e-05,0.000264854879354503
"AFUB_024090-T",12499.68237374,0.435574945589426,0.109264163760356,5.71516355667509e-05,0.000265432841834349
"AFUB_020770-T",33215.7306349653,0.381977310476037,0.0956927994988921,5.73451321393536e-05,0.000266206939421462
"AFUB_032470-T",8920.69903030612,0.422501984932098,0.105805598948287,5.74482938122066e-05,0.000266561157590533
"AFUB_091560-T",1450.42358865292,0.814295750959059,0.209464535421664,5.76982994370935e-05,0.000267596085006146
"AFUB_069700-T",1439.28252671892,-0.774296564018015,0.198822970202551,5.79969991603135e-05,0.00026885577611682
"AFUB_055310-T",5638.47718070758,0.620018230478319,0.157308143487745,5.88635533398413e-05,0.000272745456068126
"AFUB_043030-T",52887.4348944144,0.548432872341792,0.138515752791324,5.90974102189096e-05,0.0002737012582467
"AFUB_059870-T",2825.30171739951,-0.641742137575956,0.163367557165539,5.93865110876683e-05,0.000274911904172159
"AFUB_087290-T",266.39792843896,1.69174403354911,0.472618852706006,5.96700515889505e-05,0.000276095693249573
"AFUB_046750-T",608.714851790469,1.03930976260764,0.273362327944214,5.98217045472019e-05,0.000276668414553112
"AFUB_008890-T",22685.1484572436,0.544894134460469,0.137741950559708,6.00012952678574e-05,0.00027736975106357
"AFUB_045930-T",1064.6759957916,-0.905002705823856,0.235568741517294,6.01645240638168e-05,0.00027799483302299
"AFUB_013920-T",1289.11452880462,-0.907884020886588,0.236476487775407,6.0452239046649e-05,0.00027919426362866
"AFUB_083290-T",2479.32229095076,0.65025001642306,0.1655108122911,6.05771972457879e-05,0.000279551591739283
"AFUB_070990-T",28.3478903343891,5.51893537109826,1.63818614600745,6.05859419477277e-05,0.000279551591739283
"AFUB_015460-T",3234.09928889877,-0.583408347563832,0.148197208132667,6.09282126769787e-05,0.00028100023736943
"AFUB_025000-T",583.174955311116,-1.1743321921079,0.313984432941437,6.10525454219091e-05,0.000281388470530579
"AFUB_075090-T",949.497453804787,-0.851354922091981,0.220760677519729,6.10690947630094e-05,0.000281388470530579
"AFUB_028100-T",3716.25810987821,0.55832835091293,0.141568943355848,6.18830315002529e-05,0.00028500653718794
"AFUB_093170-T",11227.2438289367,0.482351209340687,0.121806186072951,6.21620015211288e-05,0.000286158564516328
"AFUB_081040-T",1626.01619207081,0.673006260445279,0.172174868835989,6.31241925244006e-05,0.000290453227076808
"AFUB_068960-T",949.772259340621,0.824792810368097,0.213771667231629,6.38711399034303e-05,0.000293753968276898
"AFUB_094260-T",914.616184927302,-0.882448611282877,0.230104846544483,6.39104818498545e-05,0.000293798764409359
"AFUB_051120-T",2390.73727446626,0.686148654944826,0.175889560093666,6.43643895949283e-05,0.000295748410522992
"AFUB_006950-T",1512.44292921443,0.758810715535619,0.195769683761033,6.50900085065905e-05,0.00029894416216007
"AFUB_076350-T",8901.26885195006,-0.505424286478888,0.128303572701109,6.53268547590833e-05,0.000299893169974053
"AFUB_074780-T",9925.68882291921,0.39700600885788,0.100222565093213,6.58259557922489e-05,0.000302044665389769
"AFUB_049060-T",5514.53994719253,-0.486572444991848,0.123468169663921,6.61917731823117e-05,0.000303582878389299
"AFUB_064490-T",7808.2613056426,-0.462015902288859,0.117178038269333,6.72037062402889e-05,0.000308081655628114
"AFUB_024530-T",4393.3484524256,0.516377704173251,0.13131998644048,6.76041554268123e-05,0.00030977435023597
"AFUB_045670-T",19.3904653052151,7.59232356836091,3.23159714054272,6.80535548352656e-05,0.000311689677775732
"AFUB_020650-T",29819.7867711449,0.358987389966973,0.0906478274332271,6.81355708583196e-05,0.000311921374893368
"AFUB_042090-T",128525.745158177,0.400333902644711,0.101677222597585,6.9265058420485e-05,0.00031694592200245
"AFUB_024930-T",3718.4254868366,-0.610077875080548,0.156016416394646,6.934013419437e-05,0.000317143240497292
"AFUB_032760-T",1901.32844375757,0.72192774486893,0.186501133165456,6.95944077057515e-05,0.00031815960224762
"AFUB_079460-T",234.547978754542,-1.6561321850468,0.467874829101309,7.01588495840258e-05,0.000320592349043028
"AFUB_020090-T",32272.4317439491,0.383307165044766,0.0971679533040721,7.09840345493685e-05,0.000324213779522542
"AFUB_101470-T",1732.85202186305,-0.716904918219796,0.186996464754653,7.12844624731655e-05,0.000325436195973398
"AFUB_036460-T",2173.36012912582,-0.861778218750697,0.226068613582576,7.19541614549239e-05,0.000328342552846032
"AFUB_078690-T",2719.0564154779,0.542572504994031,0.138756117368288,7.23418812711497e-05,0.000329960097250074
"AFUB_070600-T",2222.36398441126,0.671558763498954,0.173197038287982,7.25039246465075e-05,0.000330547290820664
"AFUB_100990-T",168.526203884918,-2.06833187742921,0.60604687298799,7.3122692483855e-05,0.000333215207944105
"AFUB_094080-T",1628.23855525955,-0.704765700394467,0.184312557318253,7.31685261874838e-05,0.000333271052047167
"AFUB_028270-T",1864.4145323444,0.741259155806269,0.192503758029836,7.37626601582043e-05,0.000335823120215678
"AFUB_096520-T",1517.21691106805,0.979749417502696,0.260016677997535,7.45353449113807e-05,0.000339185372877329
"AFUB_045000-T",1361.30578605143,-0.789114342216147,0.206180232736717,7.46592339769105e-05,0.000339511800339939
"AFUB_005280-T",2890.18533180338,0.541961752296731,0.138878281167392,7.46754922057519e-05,0.000339511800339939
"AFUB_008240-T",2407.774336845,0.587945711053858,0.151147467278267,7.51913840850575e-05,0.000341700772456134
"AFUB_053570-T",1982.13049930611,0.899212589243219,0.237751141016121,7.53257522031411e-05,0.000342154732547449
"AFUB_015050-T",1321.3381722635,-0.826591808187884,0.217159861313487,7.73413961150796e-05,0.000351149751345913
"AFUB_063830-T",3844.69427483855,0.505309777877041,0.129503202850541,7.74227896458116e-05,0.000351358567551294
"AFUB_066950-T",2408.10354234865,0.628159658159218,0.162294601427969,7.78518834514685e-05,0.00035314439819736
"AFUB_043470-T",11046.7714245673,-0.439049664414488,0.112793338895679,7.78921460101215e-05,0.000353165623184311
"AFUB_029680-T",4558.66270774893,0.468521615301068,0.119884940956311,7.79762754628522e-05,0.000353385631949228
"AFUB_039350-T",7812.29776177347,-0.411451316064391,0.105081115691246,7.8017151144327e-05,0.000353409504841372
"AFUB_079610-T",174.070810180953,-1.946835371653,0.568285380424047,7.86344880671462e-05,0.00035604347357045
"AFUB_030360-T",9687.62457711547,0.563571285336955,0.145093229243087,7.90019769903977e-05,0.000357544287108845
"AFUB_040100-T",10433.4219506234,0.470368241848721,0.120449845340227,7.91002265909032e-05,0.000357825774345813
"AFUB_070270-T",1293.37537270218,0.764572999701264,0.199921487763167,7.96381161400162e-05,0.000360094898719663
"AFUB_064800-T",34503.4402521372,0.348201303250239,0.0888477395453808,7.98850093522269e-05,0.000361046774963958
"AFUB_052740-T",12138.7328029066,-0.439947333216073,0.112682794042276,8.05733488986642e-05,0.000363992029048358
"AFUB_062920-T",14999.9432188579,0.386900782978233,0.0988828642278065,8.06675020745238e-05,0.000364251573289194
"AFUB_047210-T",718.056058804866,-0.900636145551938,0.239004720035578,8.10409255979271e-05,0.000365771344501785
"AFUB_011020-T",620.127664417097,1.10358867771096,0.29842870518754,8.16417259301758e-05,0.000368315513571362
"AFUB_013740-T",18071.5422945672,0.478561477630044,0.122885179564256,8.23468329826016e-05,0.000371327722558982
"AFUB_014820-T",37463.2908191638,0.414058308707327,0.10714275169212,8.34015367244846e-05,0.000375769549750471
"AFUB_000580-T",6299.77307950918,0.488190625887369,0.125580808527309,8.34075887254698e-05,0.000375769549750471
"AFUB_086350-T",6279.55524305465,-0.443750649258744,0.114004103225774,8.39678702095463e-05,0.000378122101556146
"AFUB_093320-T",9068.61010997701,0.431544364597741,0.112264794429277,8.42023860942008e-05,0.000379006204981833
"AFUB_030700-T",21953.0369236652,0.368992825385265,0.0944465528580206,8.43450512900444e-05,0.000379476262037031
"AFUB_012670-T",7599.166834509,-0.480886495327148,0.123344371472088,8.44303002446838e-05,0.000379687689138417
"AFUB_016140-T",3613.35730014106,0.582064125042509,0.150734506349149,8.49740364878541e-05,0.000381959833397623
"AFUB_015130-T",9929.95722215994,0.404742916288024,0.103727327358006,8.55554612843241e-05,0.00038439925452554
"AFUB_055650-T",4010.08262927879,0.572628776637697,0.14829807326302,8.58387493762787e-05,0.00038549755093193
"AFUB_062030-T",466.282717196984,-1.23392345229302,0.339949948249889,8.63216448345686e-05,0.00038749087516196
"AFUB_017660-T",45.7185985989902,-3.14348222293574,0.987228693500557,8.63761022456011e-05,0.000387560042851533
"AFUB_038370-T",5902.53760328394,-1.24065942224404,0.341833628947357,8.6434067470431e-05,0.000387644880092195
"AFUB_009550-T",1774.89500518449,-0.946001659379989,0.253315709998867,8.70580548288366e-05,0.000390267025373172
"AFUB_050770-T",818.000222995689,-1.01134309267721,0.272748930453927,8.76053275370602e-05,0.000392543059054322
"AFUB_030760-T",1909.17636965302,0.732391935139124,0.192188848351363,8.76453075050362e-05,0.00039254498059002
"AFUB_088390-T",813.047978644978,-1.09939270122971,0.299119423148064,8.76906980990952e-05,0.000392571122523013
"AFUB_002870-T",4346.0093234851,-0.537368880168002,0.139368529054049,8.89659858061497e-05,0.000398100725485138
"AFUB_078860-T",1495.39136134511,0.750761890161441,0.197578788921393,8.95131251542149e-05,0.000400368529587915
"AFUB_095580-T",1162.78956684083,-0.967760688184852,0.26046206836997,8.96946927984747e-05,0.00040099992163282
"AFUB_091680-T",3142.10143563588,0.542293732010172,0.140563202000684,8.98329207335544e-05,0.000401437072616176
"AFUB_007060-T",1645.38593784489,-0.739795817254432,0.194938735438589,9.05857467552469e-05,0.000404619053350957
"AFUB_041640-T",1465.1591376424,-0.692771485803566,0.183355605545305,9.23144535521763e-05,0.000412138659411558
"AFUB_046420-T",1479.74926209674,0.895576582129375,0.239273810414819,9.23522799527763e-05,0.000412138659411558
"AFUB_008030-T",12079.329208595,0.399895619825201,0.103123366434065,9.31581851994574e-05,0.000415548309260501
"AFUB_101580-T",20.0188620370718,-7.7593009971683,3.39928398252605,9.33128516512412e-05,0.000416051236585161
"AFUB_073590-T",4357.48978125513,0.479155693529017,0.124055030217783,9.33555220717007e-05,0.00041605458309907
"AFUB_052490-T",7641.68090954485,0.516862781151278,0.134146035272209,9.39508588076981e-05,0.000418519871484023
"AFUB_011410-T",5606.04807623831,0.477994050599593,0.123777859416606,9.40731526867446e-05,0.000418876644421687
"AFUB_007020-T",401.278276381813,-1.49661610706291,0.42625355560265,9.44713015604254e-05,0.000420460837662431
"AFUB_020460-T",4072.9785347775,0.536467529902886,0.139516058677414,9.48879707400124e-05,0.000422126001611216
"AFUB_036180-T",2118.83682727989,0.698941937615074,0.18389899824915,9.50435981404919e-05,0.000422628903021676
"AFUB_083510-T",10872.7851242853,-0.494135650145742,0.128805454787029,9.55672693591586e-05,0.000424767195875347
"AFUB_099400-T",7108.70198587872,0.449943792309194,0.116626172437178,9.56816791649736e-05,0.000425085347230243
"AFUB_073500-T",8970.45488311711,0.451210983534227,0.116586862366974,9.64372525248118e-05,0.000428250439064321
"AFUB_068110-T",16224.4611443594,0.375686401311588,0.0971049291130839,9.65661685422367e-05,0.000428562749989859
"AFUB_037120-T",2126.81628892704,0.599393030627421,0.156677006062841,9.65939417357495e-05,0.000428562749989859
"AFUB_002080-T",5767.68677568659,0.490606702609404,0.127486590350058,9.78026779049092e-05,0.000433731715016186
"AFUB_101910-T",17.8717705503543,-7.58910901635458,3.34847686057161,9.85007022018676e-05,0.00043663218818827
"AFUB_089790-T",3987.1636639774,0.521276605206056,0.13528368934069,9.86903202875562e-05,0.000437277423595534
"AFUB_082970-T",8641.90612101283,0.467870674731222,0.121488109971033,9.89067632610747e-05,0.000438040885928678
"AFUB_023210-T",3701.46530655539,-0.512978054805418,0.13375004139275,9.94889713621819e-05,0.000440422854937402
"AFUB_002740-T",1778.37355238254,0.822938413869974,0.219768248289496,0.000101259219729937,0.000448059632554446
"AFUB_025940-T",53.3602777057773,2.79823408925055,0.877799049947978,0.000102676028538785,0.000454126373996184
"AFUB_073840-T",4674.47851928424,-0.477898942411354,0.124602416850797,0.000102919350014444,0.000454999799061627
"AFUB_013150-T",1936.44586639448,-0.695301642428435,0.184091104733075,0.000103351413774509,0.000456706492302762
"AFUB_059950-T",2719.77302084744,-0.644050092188725,0.170037759241602,0.000103398500118783,0.000456711221040908
"AFUB_081270-T",17.8801752517931,-7.5795267454228,3.35710863742719,0.000104177116971848,0.000459945678801418
"AFUB_066890-T",2687.60068608513,-0.604107704418735,0.15896349629091,0.00010423694790292,0.000460005205841034
"AFUB_036160-T",11119.2136470429,0.458106250058273,0.1193284762251,0.000105268750899682,0.000464352156746377
"AFUB_002710-T",357.647664271483,1.32167597742889,0.372184715025131,0.00010539022024354,0.000464681446431422
"AFUB_052590-T",2340.35422107315,0.733560528989127,0.194866568750664,0.000105444561676708,0.000464714597975724
"AFUB_058230-T",9351.4432768175,0.434461417383887,0.113081238934332,0.000105601322969004,0.000465198903891417
"AFUB_012700-T",12781.028808202,-0.648330816576535,0.171378901332192,0.00010636068121948,0.000468155112270631
"AFUB_053360-T",3419.72992378461,0.57584282137355,0.151228103954143,0.000106366728279121,0.000468155112270631
"AFUB_028230-T",2521.12321701276,0.547196559778117,0.143392370651223,0.000107222431604914,0.000471510894220134
"AFUB_004510-T",902.870647208692,1.03452962825418,0.283047523170319,0.000107224190252377,0.000471510894220134
"AFUB_059750-T",31792.0204135706,0.369722485466214,0.0960664031110423,0.000107378049543006,0.000471978362140981
"AFUB_086040-T",4293.33379698867,0.584895223966054,0.153831089897755,0.000107810566629036,0.000473669709514469
"AFUB_049050-T",144.484524104089,1.88452454824427,0.560253088091657,0.000107919556959768,0.000473938762312256
"AFUB_035300-T",10120.282790672,-0.469171204742807,0.122694367368172,0.000108331615386007,0.000475537940161928
"AFUB_004780-T",2750.35716149174,-0.65630784926363,0.173885222986176,0.000108578124318352,0.000476409320892858
"AFUB_055710-T",2783.0660292985,0.580614344640674,0.152753801284087,0.000108854580348318,0.000477411272627952
"AFUB_064280-T",6302.76427485745,0.413713305525616,0.107945055203756,0.000109029166029069,0.000477965756554113
"AFUB_050710-T",6443.08525909902,0.44346598566057,0.115829333486539,0.000110046860153033,0.000482214166454239
"AFUB_032570-T",2808.89832056138,-0.610387207179363,0.161354722798084,0.00011105176725672,0.000486402819957168
"AFUB_067060-T",8595.6717985435,-0.468628867973054,0.121968383897265,0.000111935407530996,0.000490056867995205
"AFUB_057430-T",240.527881435332,-1.49518784274299,0.431568701550984,0.000112332683011086,0.000491579311677701
"AFUB_020670-T",13612.3618611458,-0.545667156911068,0.140762249750297,0.000113229006499048,0.000495283336052468
"AFUB_016070-T",7914.97133674586,0.555201519097341,0.146193195547492,0.000113329315041258,0.000495503723253077
"AFUB_032210-T",4621.36338090987,-0.546465965168675,0.144041333826489,0.000113976409258647,0.000497984847294415
"AFUB_040510-T",2127.7844070028,0.610273179801333,0.161410573105141,0.000113997135823971,0.000497984847294415
"AFUB_055490-T",2460.20831299614,0.565605787164848,0.148651509221224,0.000114342577842479,0.000499274124543159
"AFUB_065410-T",8212.25501007933,0.421211352128115,0.110196165291923,0.000114918463756743,0.00050156805311595
"AFUB_021380-T",2005.04632794653,-1.01789609782097,0.280062473320114,0.000115295944386582,0.000502982534297682
"AFUB_056510-T",3618.77934060409,0.657410367477208,0.174696349966802,0.000115343904086803,0.000502982534297682
"AFUB_015910-T",263.777389515899,1.53479581575476,0.444535909029945,0.000115464887327144,0.000503288979675849
"AFUB_013650-T",5757.22002752085,0.439640856359244,0.115112604938633,0.000116460350676292,0.000507405171405707
"AFUB_067290-T",2279.85660972568,-0.587513176538471,0.155593340114551,0.000117125939326051,0.000510081153054433
"AFUB_049250-T",8909.46464305733,0.459594526468372,0.120633750435588,0.000117340174583069,0.000510790014358316
"AFUB_053280-T",1153.06433855525,-0.809875518379259,0.218610279496545,0.000118393873273696,0.000515150895327241
"AFUB_055800-T",1017.15510734413,-0.78960707718364,0.212707130584933,0.000118491740967226,0.00051535080153362
"AFUB_039870-T",7172.98511719976,0.476960777164944,0.1254178686195,0.000118952283585426,0.000517127207439927
"AFUB_061630-T",9073.07825168369,0.45111694582517,0.118508088760769,0.000119226689106068,0.000518093209009514
"AFUB_082890-T",1801.71789008902,0.655365477453276,0.174495081050177,0.000119688775350705,0.000519873564707112
"AFUB_076820-T",657.088775067388,1.25416734308537,0.354080645774116,0.000119904987436144,0.000520584864524815
"AFUB_080850-T",331.74636002479,-1.46484152474483,0.424913132158039,0.000124357346315086,0.000539679345070937
"AFUB_090690-T",1206.54633664476,-0.852438695377658,0.232158022053063,0.00012694227151078,0.000550656488087627
"AFUB_062180-T",486.892479679901,-1.15738063847417,0.325649255605143,0.000127913502520636,0.000554627135219445
"AFUB_040760-T",2312.63760039023,0.619270726530085,0.165281599917456,0.000129381616994619,0.000560747837847856
"AFUB_010790-T",241.249761249379,-1.46549004407592,0.426623446961845,0.000129645457588847,0.000561646078816809
"AFUB_081470-T",1030.79057219894,-0.844088024137324,0.230370809250386,0.000132134816788642,0.000572180652978742
"AFUB_073420-T",29753.0960446413,0.397384903263124,0.106337077730795,0.000132224505088849,0.000572319325340964
"AFUB_017000-T",30.4742137874921,5.4964370357867,1.79472597412153,0.000133797330187272,0.000578874673979371
"AFUB_067580-T",1879.62235058646,0.605728543671367,0.161929113522019,0.000134436407348754,0.0005813862060725
"AFUB_096220-T",10422.0334665878,0.392576003651743,0.103658293812973,0.000134933541763994,0.000583281969515522
"AFUB_006890-T",1224.1392768809,-0.790780879090989,0.215034784969059,0.000135276647752916,0.000584510548083451
"AFUB_065270-T",1700.78778479616,-0.618216183058323,0.165732914213463,0.000136170079111583,0.000588114897816563
"AFUB_037730-T",4791.92062281695,-0.525594610365228,0.140188949238296,0.000136487955527678,0.000589231386956158
"AFUB_022380-T",440.677319242288,1.39840325284861,0.405137871740535,0.000136955582056103,0.000590993109524704
"AFUB_038760-T",2397.99747866094,-0.580515885650797,0.154369712639124,0.000139278213272973,0.000600754570505977
"AFUB_090930-T",310.03046879613,-1.36343022961119,0.395116783377537,0.000139700454704732,0.000602314080340776
"AFUB_085220-T",1129.7411087303,-1.04484156623916,0.29237740545432,0.000139995243974893,0.000603322968497964
"AFUB_088470-T",4620.10347525624,0.473421669008776,0.125732915543025,0.000140953049085951,0.000607187071257838
"AFUB_075490-T",22.3023692911673,5.78368146783534,2.0259598851955,0.000141134663859596,0.000607705656749021
"AFUB_022210-T",1990.71738852805,-0.623834422800728,0.167862236113041,0.000142967254220888,0.000615329574216093
"AFUB_074620-T",9488.32673785679,0.441510353140021,0.117311857469927,0.000143233442382244,0.000616208025853392
"AFUB_060510-T",2295.70463334835,-0.645502097788188,0.174039855568234,0.000143326831280214,0.000616342634513053
"AFUB_042690-T",2842.45692884468,0.576721447451221,0.154554368998132,0.000143863514469108,0.000618382581682936
"AFUB_062500-T",127.376282481317,-1.94065906128439,0.596728454833423,0.000144047547438632,0.00061890558802096
"AFUB_029210-T",3571.82544741931,0.467022990410831,0.124286868401702,0.000144273982449514,0.000619610244834021
"AFUB_095500-T",4120.3631466562,0.561517574470497,0.150339339342737,0.000144989836322062,0.000622415279193975
"AFUB_087460-T",1447.0507731178,-0.721306566840913,0.195956375112675,0.00014597976086061,0.000626393915495701
"AFUB_076080-T",5064.60252822375,0.571718216706991,0.153329607426601,0.000146460872499498,0.000628186758667899
"AFUB_046890-T",1434.48385674474,-0.733719344652632,0.199740549718936,0.000147655806362228,0.000633038392287306
"AFUB_069040-T",8248.82740775726,0.584538948754973,0.156947589987364,0.000148850287049409,0.000637883894199214
"AFUB_000210-T",33.9489602493898,-4.00750406068694,1.36626657035819,0.00014991541456902,0.000642171121966993
"AFUB_085920-T",572.046111706108,-1.19557358770391,0.341989382229833,0.000150255425455869,0.000643349912704703
"AFUB_038970-T",2609.74853405002,0.52909776957523,0.141768174457911,0.000150413496350784,0.000643749008745809
"AFUB_069290-T",5617.70747107889,0.453272718460762,0.120999429061706,0.000153451617794,0.00065646866664028
"AFUB_027470-T",9739.86961114701,-0.430870471574293,0.115123179849873,0.000155041508452406,0.000662984477117679
"AFUB_101650-T",1187.78592221937,-2.50509798542925,0.814646335899859,0.000155939608271957,0.00066653773130886
"AFUB_019590-T",1223.24554304211,0.874942442181938,0.242275129329599,0.000158545197191071,0.000677383160620483
"AFUB_019970-T",1902.47105664721,0.623555901098937,0.16882839647368,0.000159071690253622,0.000679340157386921
"AFUB_058600-T",4408.98383021455,-0.509222713698924,0.136792974933169,0.000159244521106908,0.000679785751391853
"AFUB_065020-T",5896.11928017704,0.509022265313199,0.136689524707215,0.000159841008019463,0.000682038695009961
"AFUB_006260-T",1567.75157335965,-0.726727315075879,0.199020811861921,0.000162598401825052,0.00069350629055163
"AFUB_045180-T",1202.95552880123,0.806082766971573,0.22223443336789,0.000163785133046026,0.000698267803042013
"AFUB_079010-T",8240.37854459994,-0.442968317509857,0.118924700923785,0.000164991734049188,0.000703109901433316
"AFUB_030290-T",1384.46496466739,-0.747376493558202,0.205482977095743,0.000167250894565801,0.00071243138565046
"AFUB_099510-T",197.830582950791,-1.75606320816946,0.538291595618801,0.000167583261075854,0.000713540912131211
"AFUB_094780-T",35212.5967567365,0.467907155836498,0.12583059526679,0.000168016763375097,0.000715079921311252
"AFUB_097080-T",822.84028378734,-0.975925697468582,0.2747546064738,0.000168186816736631,0.000715496852169338
"AFUB_092180-T",997.597570848247,-0.764038591276424,0.210495357353046,0.000168556001512316,0.000716760203517453
"AFUB_079110-T",417.679075654427,1.05841926480822,0.300364914636547,0.000169382991823382,0.000719968391369193
"AFUB_059440-T",92260.8797701677,-0.3629598209517,0.0974556305266534,0.000170407631964223,0.000724013590430186
"AFUB_056020-T",1556.79780522003,-0.775630938412238,0.214154345351268,0.000170995433124781,0.000726200117143113
"AFUB_098570-T",3633.83386996381,0.520395052154554,0.140638997385822,0.000171540792644179,0.000728204605215345
"AFUB_098950-T",28405.8049728061,0.470463671454158,0.126824366878618,0.00017432773590673,0.000739630300707677
"AFUB_085450-T",537.561457245531,1.1232466537178,0.32171190498714,0.000174381350494304,0.000739630300707677
"AFUB_074680-T",5754.75728830929,0.533953168681559,0.144202417782745,0.000175378516623263,0.000743541980985002
"AFUB_018000-T",130.298776045215,-2.12639054556261,0.676847345325122,0.000175684924209,0.000744523002892538
"AFUB_029230-T",1137.99747541138,-0.799811738568993,0.221837142337437,0.000175927333268899,0.000745232088217593
"AFUB_030900-T",6639.31015997789,0.521636414348352,0.141217908884078,0.000176413821715072,0.000746796896052328
"AFUB_011780-T",3197.25410117511,0.51041136409617,0.137937381640208,0.000176447226321683,0.000746796896052328
"AFUB_029770-T",3657.49295476402,-0.496735312335015,0.134122805028038,0.000176896368558712,0.000748378711826607
"AFUB_001580-T",4295.97344434399,0.507964308679233,0.137385835610632,0.000177373247660385,0.000750076473382755
"AFUB_006000-T",71584.8766520837,0.393647694142895,0.10649877785771,0.000178028054421023,0.000752524889322256
"AFUB_051100-T",27478.1413199999,0.354751328838509,0.0951815430338481,0.000178127887696865,0.000752626345419918
"AFUB_067620-T",736.139696701604,-0.995553410237601,0.282197861956089,0.000178681789943425,0.000754645431995105
"AFUB_048790-T",751.339938919685,-1.11953325631151,0.321938098924225,0.000179707690539581,0.000758655392856377
"AFUB_071030-T",356.54811412112,3.17843936199158,1.08424852034766,0.000179896763489366,0.000759130687768689
"AFUB_068580-T",12836.4391395699,0.404954785894096,0.109096858214519,0.000179991591541038,0.000759208051867745
"AFUB_069150-T",6699.26323107619,0.456208115099851,0.12313128529896,0.00018008223338758,0.000759267700242877
"AFUB_019260-T",5764.03479637271,0.517189591014916,0.139920521126979,0.000180511390681179,0.000760753950110703
"AFUB_035720-T",12528.835774618,0.453271294596158,0.122522371269022,0.000183094562326184,0.000771313043755253
"AFUB_068260-T",2812.33290740282,0.541530440800096,0.147214203945287,0.000183584255758294,0.000773047831311441
"AFUB_026520-T",3121.47469902741,-0.580172993698127,0.15855451662162,0.000187552649523141,0.000789423259761314
"AFUB_083700-T",23216.7358468997,0.428417944378323,0.115961011837302,0.000188054861534999,0.000791201568772726
"AFUB_066380-T",100.867541833845,-3.24976817043492,1.12709864184202,0.000188574048652689,0.000793049759694043
"AFUB_071180-T",6268.16153687241,-0.450018265148138,0.122100155495885,0.000188672226587664,0.000793126577248015
"AFUB_063360-T",2900.60421136362,-0.533974760803798,0.144792800948056,0.000188962350157116,0.000794009875236824
"AFUB_056400-T",1586.78441479174,0.632422187782731,0.173485337282203,0.00018973299631008,0.000796769175660031
"AFUB_027970-T",1646.67464298987,0.631416969779896,0.17319702812257,0.00018977957997585,0.000796769175660031
"AFUB_096070-T",3747.94802943197,0.534097384030493,0.145033637279425,0.00018991215854325,0.000796988656888694
"AFUB_095440-T",11131.5506194613,0.383173120553966,0.103810792517113,0.000191343618023217,0.000802656554894518
"AFUB_053510-T",1145.21053912095,-0.747166420378023,0.207523145506182,0.000192602155035681,0.000807594587549276
"AFUB_088680-T",25028.9064148009,0.36176653299981,0.0977051021786516,0.000192940690063197,0.00080863718544901
"AFUB_011310-T",1500.32642705031,0.626563038890845,0.171932771175012,0.000193013752375688,0.00080863718544901
"AFUB_001000-T",287.781629661207,-1.51305529795089,0.458019076056819,0.000194617823954676,0.000815013461076018
"AFUB_080570-T",7263.63556643593,0.567418735145945,0.155354641672807,0.000199406845426622,0.000834716550341299
"AFUB_085770-T",379.54490621191,-1.2093663740299,0.354455295143292,0.00020042081007321,0.000838607310276817
"AFUB_093910-T",1925.16758068281,0.586525689583138,0.16082682997703,0.00020052637434296,0.000838695434198855
"AFUB_003630-T",493.691062537493,0.972085836201882,0.276870702620228,0.000201368335630903,0.000841862144539474
"AFUB_030440-T",13812.5357805868,0.401667307804932,0.108903491498548,0.000202045953366644,0.000844339405121661
"AFUB_044860-T",140.433028523731,2.03409432032562,0.649795280067707,0.000202168932523825,0.000844497750546703
"AFUB_043290-T",2216.61361126013,0.591563388693892,0.162607552716027,0.000204404801609517,0.000853313463379357
"AFUB_067800-T",698.400716064621,-1.17391396304009,0.343163029754291,0.000204451326540666,0.000853313463379357
"AFUB_047820-T",279.05132308535,-1.76194290624237,0.550666771429342,0.000205148759627596,0.000855864413326562
"AFUB_057450-T",831.482164634425,0.914934218159477,0.259345934609711,0.000205269977367162,0.000856010304776927
"AFUB_002750-T",1148.22513807493,-0.753744214632174,0.21054975999722,0.000206902198924002,0.000862454567123358
"AFUB_078460-T",327.119199490054,-1.36827354835378,0.410211063503584,0.000209183201079472,0.000871596671164467
"AFUB_063080-T",4840.41368764794,-0.433943858952218,0.118379620453931,0.000209329662219098,0.000871840913774464
"AFUB_019010-T",19360.0571797866,0.403517382383699,0.109931668424977,0.000210698906933157,0.000877175608771638
"AFUB_096530-T",1010.67416789024,-0.809797942080291,0.227849518800406,0.000211608226364171,0.000880591885393878
"AFUB_007310-T",3166.07852247232,-0.510431183688675,0.140014561858238,0.000211942736792123,0.000881614276052734
"AFUB_002220-T",88.9607732257175,2.61096862027659,0.875601108555299,0.00021220312604888,0.00088220897898542
"AFUB_078040-T",31843.8309511188,-0.442448754182352,0.121993188886852,0.000212263480283847,0.00088220897898542
"AFUB_010650-T",17044.1891909305,-0.466595645004891,0.127842018563466,0.000213562523589423,0.00088723652014442
"AFUB_070820-T",3420.59956469926,0.516487312288312,0.141649064326808,0.000213737534598329,0.000887592063133229
"AFUB_065720-T",1834.688126983,-0.643697467461154,0.178661492726624,0.000216586523834627,0.000899046946490455
"AFUB_007290-T",576.289278675619,1.01078546970699,0.290728491658088,0.000216854566435806,0.000899783265834185
"AFUB_054120-T",6062.84964740672,-0.471134169439403,0.129079512167374,0.000217062844290615,0.000900271094686316
"AFUB_067180-T",4807.94649364718,-0.463220319343516,0.127102233854149,0.000217893208188882,0.000903337548569196
"AFUB_031690-T",18372.9037956588,0.338634905588702,0.0922285392335717,0.000219530500331088,0.000909745392812545
"AFUB_069380-T",19.5258387577746,-5.67581348305699,2.09752520020697,0.000219756161534275,0.000910300460445609
"AFUB_046290-T",184.525934969975,-5.43628972940991,2.16966877518304,0.000220316241026584,0.000912239754772151
"AFUB_077050-T",8090.1361372256,0.471026034563313,0.129090916198513,0.000220739911190924,0.000913612851780619
"AFUB_084680-T",2970.54233851941,0.569405995774287,0.15722208646132,0.00022154657341095,0.000916569295999866
"AFUB_001770-T",3525.43370432118,0.459263995294996,0.125827573672372,0.000221908824971381,0.000917685453267065
"AFUB_092670-T",19328.7325970236,-0.440331493092505,0.119432218600743,0.000222020337817184,0.00091776420359665
"AFUB_044020-T",357.276017376651,-1.33966504316705,0.40237138761914,0.00022270623641712,0.000920216234987475
"AFUB_010620-T",35989.2614512818,0.332802865134404,0.0906990508770404,0.000223594696275474,0.000923502854987133
"AFUB_017950-T",701.845012922137,-1.00308830042111,0.289572399632714,0.000223720353593758,0.000923592855186605
"AFUB_038900-T",2023.86985825836,0.637307298835928,0.177004252550062,0.000223802601181238,0.000923592855186605
"AFUB_002530-T",12501.425932222,0.351407124677503,0.0959413633861265,0.000226803271674527,0.00093558706208216
"AFUB_067830-T",8894.51307557966,-0.519072872150028,0.143221714706178,0.000228113812141216,0.000940602237433139
"AFUB_098650-T",5541.79061014372,0.420101123834578,0.11515666742767,0.000228333014324856,0.000941115102647089
"AFUB_063800-T",3748.06425991357,-0.472304230770892,0.129935286696933,0.000228450564636203,0.00094120873973197
"AFUB_092100-T",712.836124390635,0.995753052960156,0.287059112325732,0.000228741618653406,0.000941901457351317
"AFUB_050500-T",5583.62445969947,-0.418424033610275,0.114756257309902,0.000228808505156073,0.000941901457351317
"AFUB_023710-T",7021.32663655935,0.564898604135718,0.156254514986387,0.000229820547271364,0.000945675344804432
"AFUB_044170-T",17.4422382742602,7.20646096247455,3.37604845648775,0.000231494683716976,0.000952169389096968
"AFUB_062490-T",196.921895949737,-1.91941756632264,0.616499003301628,0.000231938928490214,0.000953601435486898
"AFUB_086700-T",87.8190269212458,-2.47068325002912,0.832087173092725,0.000233543237240716,0.000959799846631099
"AFUB_068570-T",17.5028594804397,7.20845867825369,3.38077965504568,0.000234590519653343,0.000963704845844134
"AFUB_046160-T",326.1752927197,-1.22705187689066,0.365301299620451,0.000235824918504917,0.000968374975656308
"AFUB_002150-T",1835.5848850889,0.58283618453596,0.161745178724244,0.000237859598501117,0.00097632610220165
"AFUB_101110-T",358.893529421017,-1.3859086466793,0.42114586676519,0.000238140360223272,0.000977074442007432
"AFUB_092820-T",2060.74181796914,0.634993764241881,0.177147312581288,0.000239413560498228,0.000981892391712774
"AFUB_006250-T",185.275956518279,-1.73922223550204,0.55009549007807,0.000240244178238016,0.000984891973982778
"AFUB_005930-T",3054.86072527399,-0.494124093618298,0.136621348738661,0.000240549845111461,0.000985737907816371
"AFUB_088150-T",854.627027893574,-0.900154444757056,0.258293305870757,0.000242057704237673,0.000991507517358193
"AFUB_025220-T",372.533087538906,1.28801168759488,0.38632697998604,0.000242340541796708,0.000992256550054591
"AFUB_031430-T",6588.95040097245,0.429928239419739,0.118465633804268,0.000244165926055795,0.000999289819872023
"AFUB_088980-T",1239.48227057467,-0.738547915395012,0.208561009253649,0.000244259657733958,0.000999289819872023
"AFUB_043520-T",10515.0140499418,0.450442264640387,0.12415921772122,0.000244534544733898,0.00100000220703912
"AFUB_082250-T",30839.8721978423,-0.391983949443414,0.107424246935343,0.000245061352130695,0.00100174378908449
"AFUB_031800-T",13792.5140296326,0.37083530659692,0.101906523951581,0.000247107382735324,0.00100969154946402
"AFUB_060470-T",1797.23371991702,0.605561898562857,0.168960626288118,0.000248755113450794,0.00101600596748936
"AFUB_068280-T",2514.49309886454,-0.532800571901663,0.147770488292003,0.000249510829350251,0.0010186733777463
"AFUB_091760-T",395.992217101694,-1.09591621999861,0.32263960676586,0.000249773792192031,0.00101932766756
"AFUB_101460-T",15332.2192784294,0.331019435594963,0.0909282206299198,0.00025001832689916,0.00101990624515995
"AFUB_018160-T",3775.13564121212,-0.457062810953873,0.125359348687035,0.000252003944904962,0.00102758387558823
"AFUB_035220-T",2914.06718648432,-0.554977516388346,0.154776307027076,0.000255603050752651,0.00104183173664068
"AFUB_100350-T",292.932782944845,1.35671873971947,0.412156939274933,0.0002557654594823,0.00104206575753769
"AFUB_010400-T",1392.65269724251,-0.711676571434238,0.201252493531374,0.000256299446213182,0.00104381288619854
"AFUB_093850-T",941.890538385978,0.815450508942791,0.232715839008285,0.000257262790218287,0.00104730647781645
"AFUB_055630-T",1335.57629709945,-0.764485129333762,0.217336970874212,0.000257918561892411,0.00104925155365256
"AFUB_088170-T",7176.5707050935,0.469791861321146,0.130254680109265,0.000257952019235491,0.00104925155365256
"AFUB_080890-T",579.836407615795,-1.02881026336404,0.301271267634921,0.000258229737266531,0.00104995089814434
"AFUB_021670-T",29094.2113828429,0.324978847661113,0.0894550926901772,0.000258673230110239,0.0010513234270451
"AFUB_081100-T",37.7449556549897,3.65275089597321,1.32074420735101,0.000259266474653138,0.00105330321773737
"AFUB_072540-T",2659.40908248764,0.583763658356012,0.163137193491135,0.000260052151813507,0.00105606285055199
"AFUB_012920-T",3756.12756740064,0.556367985296057,0.155220675121271,0.000261198379686336,0.00106028381120118
"AFUB_034880-T",3334.15085886984,0.549230189550651,0.153279614785263,0.000263685053686175,0.00106994037523928
"AFUB_069920-T",13269.9423698723,-0.350256325760318,0.0968385950683178,0.000266452391277305,0.00108072741455957
"AFUB_060840-T",3226.58520154012,0.500267560491252,0.139318229934002,0.000267884693752405,0.00108609296792999
"AFUB_013840-T",2580.64589204426,0.53169213417905,0.148396490295022,0.000268438133349445,0.00108789239423979
"AFUB_078970-T",3160.89591796291,-0.655421320882773,0.185109952837671,0.000268591858157566,0.00108807109886279
"AFUB_008300-T",6600.80355876446,-0.421070502453509,0.116877741614582,0.000269165535607911,0.00108995020028907
"AFUB_044360-T",22.5589030474215,7.51900135466605,3.55976669793787,0.000269938299388948,0.0010926336139622
"AFUB_097380-T",1552.92671537744,0.616789748046307,0.17337045568514,0.000270190753886897,0.00109320963405114
"AFUB_093000-T",2848.92333745775,-0.531594595100769,0.147513223724673,0.000270999412073256,0.00109603470449351
"AFUB_041420-T",6873.77052522906,0.443867071753031,0.123365355431789,0.000273072998459415,0.00110397128705079
"AFUB_006560-T",7604.12704804024,0.44712150865619,0.122689696355441,0.000274634646071955,0.00110983259864176
"AFUB_030670-T",1006.29226397151,-0.80812872111385,0.232007747915714,0.00027583244404856,0.00111421937614243
"AFUB_092610-T",7038.66676761064,-0.396515379708453,0.11013853239256,0.000276666291155848,0.00111687588519645
"AFUB_078660-T",41324.6394108117,0.454672727955673,0.126267884695772,0.000276715143747917,0.00111687588519645
"AFUB_025750-T",19972.8734156108,-0.354810909485546,0.098397758557929,0.000277815796200992,0.00112086251109547
"AFUB_101310-T",265.197333458298,1.50059107892757,0.467407953204443,0.00027802889197546,0.00112111457230836
"AFUB_060810-T",303.747848877146,-1.5288217232241,0.479092135550285,0.000278104189120725,0.00112111457230836
"AFUB_007780-T",22231.4520859647,0.34705083769079,0.0961271634168196,0.000278742597747305,0.00112323194585546
"AFUB_050760-T",3521.80387030281,0.625051250151086,0.176284552133915,0.000280448247001283,0.00112964644946742
"AFUB_045250-T",309.171703347069,-1.26870438185601,0.385401441020081,0.000281264062644756,0.00113247294999968
"AFUB_022850-T",2383.89276514215,0.543891174769562,0.152493577597388,0.000281985553613445,0.00113491752620172
"AFUB_089200-T",7063.97268576654,0.433303675363953,0.120653530471519,0.000283759070413168,0.0011415925309488
"AFUB_087780-T",891.946335928097,-0.893559487473809,0.259757529023573,0.000287902251643777,0.00115779167243294
"AFUB_043960-T",1459.53488867752,0.62920108469827,0.177877727935396,0.000288247550237788,0.00115826871150359
"AFUB_085250-T",6554.91183196239,-0.49268180505988,0.137699414730515,0.000288254278832632,0.00115826871150359
"AFUB_089070-T",8786.45277339417,0.384963697284931,0.107024963607081,0.000289277181869574,0.00116190855121632
"AFUB_047340-T",3709.80407548171,0.580302611737754,0.163520878397697,0.000291207774904513,0.00116918979204178
"AFUB_078310-T",1308.85292559258,0.682491332921287,0.194099876778731,0.000293735210490916,0.00117886047882019
"AFUB_063270-T",4801.90212110556,0.493239560957735,0.138184367369526,0.000294730788052836,0.00118203495106124
"AFUB_084810-T",875.321609244974,3.41252504956227,1.25557086521981,0.000294764383262123,0.00118203495106124
"AFUB_035990-T",20571.2186993583,-0.431605810213005,0.119439854138501,0.000296278396696825,0.00118762644879482
"AFUB_056280-T",4664.92065597117,-0.498635170532786,0.140199481672872,0.000298546200348366,0.00119623376603049
"AFUB_083080-T",3948.65888944447,0.440762626930644,0.123310949677896,0.00029976486280066,0.00120023470590806
"AFUB_072460-T",2792.48708308374,-0.773972360921831,0.222854124875876,0.000299786582966859,0.00120023470590806
"AFUB_015860-T",1539.61844317054,0.725854816414801,0.207618504609224,0.000300094560991853,0.00120098327332425
"AFUB_091160-T",1959.70612428184,-0.710522907228532,0.203339369519461,0.000301444711052124,0.00120590034550275
"AFUB_023310-T",7687.81081778386,0.443707220285799,0.122748132703021,0.000302374301293546,0.00120913172455215
"AFUB_068800-T",115813.675296193,0.32297367035323,0.0906744285024303,0.000302895995351754,0.00121041957201255
"AFUB_029960-T",1988.10030802003,-0.677436999038066,0.193288486965103,0.000302940273740976,0.00121041957201255
"AFUB_004210-T",2775.47429647547,0.499367190439366,0.140448424035751,0.000307301932946568,0.00122735279054112
"AFUB_019390-T",3098.32636633428,-0.633137923098124,0.180145096621101,0.000307859974300569,0.00122908698508976
"AFUB_038330-T",8312.07243474903,0.479046300148821,0.134611889625382,0.000309145302997872,0.00123372220838516
"AFUB_091600-T",9908.14614609033,0.403685857580572,0.112969733648812,0.00030950111010405,0.0012346457065043
"AFUB_043800-T",20973.1947085829,0.372728778455254,0.106211144034262,0.000309867712172955,0.00123561150796166
"AFUB_070630-T",12520.1018940431,-0.418001766634157,0.115678412465795,0.00031166420164867,0.00124227598448315
"AFUB_013490-T",1467.40106476642,-0.704926118065944,0.202168737110815,0.000312246483955698,0.00124409729155371
"AFUB_096970-T",128.542942278387,2.37412773336088,0.818023530883181,0.000313208437234588,0.00124737160393875
"AFUB_093490-T",776.836443326211,0.813135473599334,0.235499401557566,0.00031331963814804,0.00124737160393875
"AFUB_005830-T",23637.7998701973,0.322961275867583,0.0902246587629578,0.000316646844634338,0.00126011224258052
"AFUB_029080-T",46917.546427667,0.339847740659793,0.0960207303012517,0.000316780388784424,0.00126013842031479
"AFUB_090950-T",52700.7796409241,0.334623011898854,0.0949307012055304,0.000317168790702923,0.00126117798386479
"AFUB_099130-T",1641.24322732394,-0.677231665051244,0.19404357894762,0.000318900120324747,0.00126755454314102
"AFUB_012440-T",11736.7500469351,0.364712792955555,0.102102671868018,0.000319120160345145,0.00126792137366916
"AFUB_007130-T",507.619680328212,-1.06582307873598,0.319111186111882,0.00031983607810142,0.00127025733299583
"AFUB_050790-T",1187.47841245661,0.880732112683555,0.257502081526716,0.000322779521249639,0.00128143469936107
"AFUB_085340-T",200.557431128868,-1.73051615620995,0.563205797862741,0.000323128403440512,0.00128230683892326
"AFUB_038100-T",11452.3169676863,-0.398682217792104,0.112014125810525,0.000323574347812834,0.00128356331016882
"AFUB_004610-T",1977.01253305453,0.570885440899467,0.162011412587248,0.000323899324475399,0.00128433911123385
"AFUB_035830-T",8635.12385425872,0.39411864297634,0.110610395756464,0.00032463958279127,0.00128676032715789
"AFUB_095120-T",1023.46734004053,-0.842097633362718,0.246096409964376,0.000330125917988743,0.00130798392656218
"AFUB_100400-T",4087.78299788451,0.575862881079947,0.163685951592037,0.000330509980349009,0.00130898306263524
"AFUB_009340-T",1186.96672180622,-0.757302474826147,0.219383103822476,0.000331414751985393,0.00131204284541485
"AFUB_020170-T",5826.39371694632,0.451444337142339,0.127359321030194,0.000332901601507203,0.00131740366625159
"AFUB_005630-T",10577.8743930639,0.350643952880585,0.0992000055571216,0.000333038945606502,0.00131742189523497
"AFUB_088050-T",2952.81537663735,0.565338674586346,0.160740722327065,0.000333614692930127,0.00131917363638705
"AFUB_028260-T",4282.64610361907,0.546321031100747,0.155172234317437,0.000335211132343419,0.00132448705901256
"AFUB_008710-T",6032.15120036589,0.456481549003714,0.128820521367834,0.00033522533926847,0.00132448705901256
"AFUB_046520-T",3204.9051960298,-0.593397315859584,0.167913216942848,0.000336072574452464,0.00132730612870701
"AFUB_001610-T",7324.11993980185,-0.384523952590131,0.108141446387947,0.000337879831184515,0.00133391301690784
"AFUB_043850-T",7196.48558297298,-0.452574918146083,0.127266416715867,0.000340818787619572,0.0013449807026339
"AFUB_029760-T",907.238213316655,0.950526576530236,0.281694657896646,0.000343833892818129,0.00135633997862477
"AFUB_082100-T",16523.5905130937,0.338978198889656,0.0951952415831372,0.000344295284088775,0.00135762045871319
"AFUB_020850-T",1076.87096065926,-0.74155618190027,0.215165685811469,0.000345722083275362,0.00136270519321206
"AFUB_010750-T",56.5485775073282,-3.91523924771754,1.51996821875444,0.000347148837944415,0.00136778571520378
"AFUB_007240-T",8164.02694370616,0.383598831099039,0.108073179665339,0.000348379306331527,0.00137208913307159
"AFUB_093180-T",4174.23648427918,-0.46257733115038,0.131269126389194,0.000351173074230286,0.00138254373730091
"AFUB_093550-T",97479.9398059323,0.387302950164048,0.107620166155117,0.000351346185814799,0.00138267680182866
"AFUB_050690-T",16637.0673560361,0.430143752805745,0.121678119364352,0.000352031392465393,0.00138482424503331
"AFUB_068490-T",4847.72173643878,-0.585667634959851,0.167832084393412,0.00035241558327363,0.00138578631695356
"AFUB_090790-T",7778.95725413134,0.490567524590924,0.139316226981033,0.000353131293685244,0.00138755921086558
"AFUB_008310-T",12726.9692994728,-0.396375538150877,0.112078088812157,0.000353146052055058,0.00138755921086558
"AFUB_007550-T",1171.19520953995,-0.825865271901386,0.242236411439741,0.000353529029269202,0.00138851429184679
"AFUB_006590-T",20279.6353623718,0.373030238442764,0.105296653854205,0.000355002639014788,0.00139375047160671
"AFUB_025810-T",8833.28662611717,-0.350984515628541,0.0993408947619107,0.000356060784291389,0.00139715085925203
"AFUB_069820-T",4992.76732975441,0.490395940046371,0.139561465226551,0.000356150294600265,0.00139715085925203
"AFUB_011220-T",5264.78558761794,0.464643600999164,0.131920133465867,0.000357844083734035,0.0014032408261795
"AFUB_066580-T",1235.64737776833,-0.67889093110821,0.196382728126112,0.000359934655261203,0.00141088130073754
"AFUB_094110-T",2059.55240695161,-0.554824963840887,0.158750054734092,0.000360215090111244,0.00141142312252432
"AFUB_024247-T",1971.31674315543,-0.665388047245467,0.192364856494453,0.000363454705755075,0.001423554836077
"AFUB_064600-T",4460.51898503581,-0.499635228082897,0.142491171600313,0.000363736194577084,0.00142409535746649
"AFUB_005690-T",32839.8447511059,0.409738219149536,0.116101156431318,0.000365466342009165,0.0014303049859783
"AFUB_005730-T",791.079666585548,-0.788399165301095,0.231196836212779,0.000371486218182191,0.00145329157093348
"AFUB_054820-T",9880.02244404411,-0.364142640981157,0.103300825765401,0.000376334140442208,0.00147167704644953
"AFUB_050180-T",442.404064515886,1.02944374682947,0.310604679280294,0.000377855886412984,0.00147704595220514
"AFUB_054020-T",72160.1785413849,0.392359110724933,0.107961403595348,0.000379137984573644,0.00148147421137536
"AFUB_020860-T",5617.18631528177,-0.446030748769842,0.127130606003331,0.000379443723149584,0.00148208538066101
"AFUB_026040-T",17461.779138345,-1.69341906787263,0.566305149698956,0.000380908917583111,0.001487223055473
"AFUB_035330-T",4699.62208691292,0.405812569446925,0.115675787676176,0.000382548257685897,0.00149303635766124
"AFUB_057800-T",247.626327201124,-1.96654716824436,0.671295404291159,0.000389691669169389,0.00152031832409835
"AFUB_007100-T",6671.37449358417,0.443460035301933,0.126377594363187,0.000391742480352933,0.00152771871021723
"AFUB_085490-T",274.468378945485,-3.47715817569425,1.36112973696751,0.000392666564956983,0.00153072099654283
"AFUB_098820-T",1201.76855692122,-0.692272590911818,0.202198601771231,0.00039975643113374,0.00155774738084113
"AFUB_006510-T",256.352594669608,-1.77791426313192,0.595486731363422,0.000400555489451052,0.00156024852150773
"AFUB_073680-T",12713.9187788338,-0.455511571861518,0.13009638658308,0.000400769034646505,0.00156046789676993
"AFUB_046900-T",8420.40339039433,-0.434456680076906,0.123125512386831,0.00040662630507231,0.00158265336385987
"AFUB_022960-T",330.133199325648,-1.18758442204445,0.368952075802723,0.000407073274810931,0.00158377195315503
"AFUB_060480-T",1272.34198055153,0.768547414618491,0.226312017867103,0.000408711145889598,0.00158952120805418
"AFUB_021210-T",5137.10674274559,0.437155707430807,0.12528133246161,0.000414177347387577,0.00161014891219025
"AFUB_000740-T",395.413487518226,-1.29806881156466,0.410510818965872,0.000417270155299414,0.00162153731062908
"AFUB_027770-T",1650.37189456289,0.598165580042739,0.173567190167436,0.000418233660520862,0.00162464543274738
"AFUB_001420-T",4841.54269049267,-0.589961140173054,0.171230232570745,0.000419611353721227,0.00162935942319373
"AFUB_073600-T",29624.960445063,0.364451865222845,0.106260469935211,0.000420020807293374,0.00163031150269329
"AFUB_087440-T",1064.59721022816,0.810097190193846,0.240290835640156,0.000422396909603983,0.0016388934041515
"AFUB_032320-T",2994.78446389589,-0.543196159580213,0.156969722829002,0.0004226163452658,0.00163910403546818
"AFUB_063220-T",1645.71364170182,0.697695134509341,0.20449693860617,0.000423242379206559,0.00164089086469731
"AFUB_081980-T",6500.87980146118,-0.635748359661797,0.185571018991473,0.000424065972304245,0.00164344192702836
"AFUB_081780-T",119.573905674048,-2.29589185699616,0.819295548688702,0.000424629199614132,0.00164498235994155
"AFUB_013270-T",110422.96120064,-0.292840886681855,0.0841198252425664,0.00042569124103194,0.00164845320610301
"AFUB_083560-T",2456.1530394795,-0.545269158928212,0.158113304259452,0.000426466546855028,0.00165081141869585
"AFUB_038550-T",19547.2311204901,-0.395461620330632,0.111205913506601,0.000426936744383718,0.00165198720780054
"AFUB_063480-T",540.376309856236,-0.919383004751217,0.277520967551941,0.000436763167375884,0.00168935091044647
"AFUB_045020-T",5934.17723879078,-0.436112554410583,0.125679972974719,0.000440487590794831,0.00170309284715181
"AFUB_050680-T",3950.13187102586,0.443355731039092,0.12771381206844,0.000440836067617231,0.00170377646849728
"AFUB_002670-T",2269.69259117243,-0.553043542586316,0.160763358928749,0.000441081826122902,0.00170406271867256
"AFUB_101730-T",7990.32045315804,-0.459352882692284,0.133793948443324,0.000446088743412517,0.00172273571142772
"AFUB_005560-T",17052.1551026997,0.466862975865897,0.134798792518389,0.000448450357747096,0.00173118234175026
"AFUB_029810-T",2696.98032175237,0.547518191470143,0.159008099105514,0.000448804009319493,0.00173187394731569
"AFUB_028890-T",8744.70572165793,0.477243495216519,0.137950871977066,0.000449005941688379,0.00173197977895731
"AFUB_077920-T",223.43643949442,-1.37845201623622,0.443799591076721,0.000450263066132063,0.00173615420798785
"AFUB_002000-T",1416.97748514051,-0.852793573044678,0.256121314572497,0.000453730777263432,0.00174884581139401
"AFUB_100290-T",802.536354864749,-0.859166457587305,0.258208690354147,0.000453980393621243,0.0017491286516657
"AFUB_036440-T",2828.68431001617,-0.527459153923092,0.153354558221961,0.000454623897447499,0.00175092828178752
"AFUB_005670-T",2876.43469180215,0.620910145099871,0.181725583734889,0.000456622058732085,0.001757941789339
"AFUB_000450-T",6419.67932862108,-0.474113207232887,0.137334062499996,0.000458677147038103,0.00176516893538316
"AFUB_089110-T",19286.6943153164,-0.35463313658958,0.102146983306932,0.000459621798738754,0.00176811874127215
"AFUB_025010-T",4796.40922812618,0.421099887068539,0.121600764287217,0.000462818295563647,0.00177972552633444
"AFUB_003520-T",2276.09073377676,0.511643046191451,0.148609119645679,0.000463352875225333,0.00178063017012949
"AFUB_056790-T",8984.28189297038,0.360546205071635,0.103868750608529,0.000463412365687101,0.00178063017012949
"AFUB_100470-T",514.525753289337,-1.06361076525702,0.329227768546509,0.000467734260842534,0.00179654123020981
"AFUB_097990-T",1895.28825944858,-0.680453296560337,0.201129604371341,0.000469403002225602,0.00180225330641745
"AFUB_021080-T",9280.14054682971,-0.443188803074326,0.128379584111177,0.000469807160851376,0.00180310752956299
"AFUB_002930-T",101434.22119729,0.394262582344439,0.113778885849146,0.000471647121824455,0.0018094695338646
"AFUB_003130-T",30.9319538204195,4.14790126080141,1.66210656986565,0.000472274118500782,0.00181117489417321
"AFUB_084150-T",10811.881955456,-0.468941762646847,0.136231726257153,0.000474074363697714,0.00181737661633828
"AFUB_079750-T",20.4324906803754,7.21731528901228,3.65918520852685,0.000476041112302874,0.00182421159830348
"AFUB_052270-T",39859.8265816103,-0.398576542603113,0.116407424357209,0.000483222200059303,0.00185101518162431
"AFUB_033000-T",29.5164611163262,4.34735757284586,1.75239267775404,0.000485237965446276,0.00185801960148699
"AFUB_068590-T",22846.1874600001,0.348655074947684,0.100964267285474,0.000487768144939109,0.00186698759680704
"AFUB_063570-T",3004.12444196041,-0.498616573703961,0.144169648277708,0.000489327656687908,0.0018722347697099
"AFUB_063150-T",13386.2610151863,0.445286678189161,0.129566003639759,0.000501137003003208,0.00191629037201252
"AFUB_017750-T",393.116648345202,-1.19916877310674,0.380550921330965,0.000501228192014561,0.00191629037201252
"AFUB_101640-T",68.248010154502,-2.64824318739431,0.996559281261057,0.000503757980708942,0.00192488005991009
"AFUB_097280-T",161.865923713259,-0.687897632263312,1.35758755511085,0.000503862810644474,0.00192488005991009
"AFUB_007960-T",4058.39830787862,0.433651309842062,0.126199824777327,0.000506660976321998,0.00193482500576985
"AFUB_096940-T",426.621918441276,1.22572740139594,0.390339660007335,0.000512733271719374,0.00195726066223646
"AFUB_066860-T",4089.58320521738,0.425716395276384,0.123965494600959,0.000517764418681254,0.00197570621123085
"AFUB_065890-T",1684.70566205626,-0.712773699080045,0.213094081090762,0.000518803383150073,0.0019789099069041
"AFUB_052020-T",16347.5061814939,0.341859133663352,0.0992224375012272,0.000521610264206792,0.00198885204466093
"AFUB_051820-T",5635.06088592593,-0.45329457587796,0.1325456351875,0.000522118420258903,0.00199002508489616
"AFUB_019620-T",13164.9333436208,0.379719307515556,0.110458707695425,0.000523044444298346,0.00199278929353593
"AFUB_031970-T",3300.81230901181,0.529157323121432,0.155372579632968,0.000525304746802673,0.00200063300537856
"AFUB_084160-T",200.22256504248,1.46467668546604,0.483885885219346,0.000525851445284419,0.00200129695539822
"AFUB_072530-T",1362.94490870697,-0.604595317895017,0.179008932329911,0.000525882363695573,0.00200129695539822
"AFUB_093130-T",10715.912578033,0.391739181149344,0.114422020271435,0.000527741702435595,0.00200760306503384
"AFUB_042820-T",13617.7061178766,0.322904038186425,0.0937713963423132,0.000529033685023106,0.00201174686737714
"AFUB_044160-T",925.18789523228,-0.817719672156605,0.247926788437131,0.000532196702930416,0.00202299972293542
"AFUB_071870-T",205.389204131233,-2.2504016235688,0.822730252407148,0.000532508897835997,0.00202341148967162
"AFUB_042700-T",1178.39430834399,0.655637402420415,0.195051278252176,0.000533262020042331,0.00202549772251058
"AFUB_089680-T",1376.54453614482,0.728195107468818,0.218413909164071,0.000536383753723617,0.00203657565252751
"AFUB_053100-T",11569.1988643636,0.451497814795713,0.131940417018524,0.000537622472975288,0.00204049829609168
"AFUB_088420-T",1030.37531457834,0.772010921174435,0.232663468668741,0.000538114447304174,0.00204158482014294
"AFUB_042290-T",2724.4073530618,0.533584194936407,0.15690202099391,0.0005448993276776,0.00206653642613687
"AFUB_015940-T",1744.06265881984,0.593491138641137,0.175878586389545,0.00054645320147916,0.00207163790094754
"AFUB_001710-T",1975.47425707028,-0.625547194528806,0.185280370655857,0.000546780518301675,0.00207208730207871
"AFUB_029430-T",35.3033108314248,3.59258482402375,1.45046422706546,0.000547095261394751,0.00207226306852488
"AFUB_042100-T",26731.1135707767,-0.337246229937257,0.0986524528802909,0.000547244483889541,0.00207226306852488
"AFUB_021620-T",465.919931117419,-1.09995588435843,0.347370851327669,0.000552550738031064,0.00209155838099096
"AFUB_046050-T",15764.8187303728,0.442530234065218,0.129756622948689,0.000554423630576378,0.00209784770624116
"AFUB_023790-T",429.809560862752,-1.1621315244131,0.370629258368479,0.000558477989612816,0.00211238340202256
"AFUB_044560-T",9232.97329016144,0.342713756161512,0.100054562255634,0.000561270586827743,0.00212213736162489
"AFUB_089690-T",865.841989210665,0.777921050291627,0.235533526711629,0.000562919615401122,0.00212756176041742
"AFUB_079430-T",376.539979522085,-1.14923674602143,0.366369365262887,0.000567630903322086,0.00214455147143955
"AFUB_060410-T",2303.97656238065,-0.578985641296355,0.172273844758946,0.000573568918980357,0.00216616115710809
"AFUB_028190-T",6667.85055384996,0.467006313785077,0.137629718677116,0.000577311488943365,0.00217946615738414
"AFUB_062060-T",615.088740447047,-0.988161662999851,0.308979024471487,0.000586286190387906,0.00221250587057033
"AFUB_101400-T",170.99463137339,1.59644532848891,0.542457272410281,0.000591164953612345,0.00223006923778127
"AFUB_077820-T",58.4302382687876,-2.61691892477213,1.00574200061658,0.000591774647188752,0.00223152103850622
"AFUB_033930-T",848.513126922729,0.770521262159399,0.234202075840399,0.0005944431410884,0.00224073231116687
"AFUB_041780-T",8832.57281726456,0.342804025544022,0.100551371798588,0.000595215301396715,0.00224155741195524
"AFUB_043610-T",3582.91089707972,-0.658438327476221,0.198029939051044,0.000595654544595337,0.00224155741195524
"AFUB_013390-T",6295.65542899601,0.432908014183258,0.127332672029274,0.000595661079344046,0.00224155741195524
"AFUB_058360-T",5145.9405387806,0.405917682904592,0.119305868028268,0.000595718992659499,0.00224155741195524
"AFUB_018120-T",22935.0337059304,-0.343058605369117,0.101836125303144,0.000595791279872838,0.00224155741195524
"AFUB_061680-T",2399.04406219713,-0.651036656883342,0.195699669712236,0.000597398861571345,0.00224675396024843
"AFUB_077800-T",14.8440485415557,6.71976227004335,3.52174523221518,0.0006032357529817,0.0022678465334634
"AFUB_031700-T",11103.1290775099,0.359702415858369,0.105725342631102,0.000605135926315151,0.00227412876511847
"AFUB_067540-T",6850.57835032153,0.386037485262073,0.113655244414997,0.000607041929891724,0.0022804281431398
"AFUB_073540-T",1725.97548226508,0.65713790826627,0.197684926131245,0.000609105603113054,0.00228731483575371
"AFUB_056310-T",1948.03945069974,0.527618719631462,0.156905151021803,0.000610015445472381,0.00228986508937723
"AFUB_051000-T",435002.961396044,-0.3658216644958,0.107782157638698,0.000611279279473509,0.00229374171976354
"AFUB_046660-T",590.886351832305,-0.94419211969835,0.294741334002853,0.000615259066356824,0.00230780280936942
"AFUB_051340-T",9043.38706345629,-0.399550683268342,0.11776317157522,0.000617268063241491,0.00231446374298141
"AFUB_083360-T",1812.06430244606,0.610456771423562,0.183112077445207,0.00062202430766972,0.00233141663656419
"AFUB_098790-T",9823.32618008201,-0.385347688627323,0.113838982030187,0.000622864741055823,0.00233368537371803
"AFUB_025270-T",1185.63273964733,-0.632618443584428,0.190537812788515,0.000623390555046562,0.00233377598998907
"AFUB_099740-T",4732.69945112511,0.418930233195545,0.123855446594574,0.000623474271526599,0.00233377598998907
"AFUB_069460-T",417.30697003297,1.02364286061773,0.322954295044408,0.000623594350171387,0.00233377598998907
"AFUB_069190-T",4701.3892323277,-0.428835305117405,0.12706777324716,0.000628178717886346,0.00235004665473878
"AFUB_022890-T",6762.02151446912,0.410370241521133,0.12073872460106,0.000629568104938381,0.00235435698625224
"AFUB_089570-T",8183.41644524971,-0.443482445804468,0.128855219020897,0.000631815163309717,0.00236183938416582
"AFUB_004420-T",9876.71490949317,-0.381979461490591,0.113197344879935,0.000632044877012031,0.00236183938416582
"AFUB_053800-T",7785.53627200125,0.484657572575555,0.144109003083865,0.000634689848677982,0.00237021683632714
"AFUB_052090-T",1654.75214169402,0.579859026796422,0.173658456054434,0.000634764367854665,0.00237021683632714
"AFUB_081030-T",1247.70812959988,-0.746384478381314,0.227940789182907,0.000638622084145527,0.00238372477816636
"AFUB_045770-T",17.650645211655,5.16154205263245,2.25842203167982,0.000639009728672016,0.0023842750214548
"AFUB_096710-T",532.353981281861,-1.22261204304436,0.399177363416352,0.000646422408838075,0.00241102683491841
"AFUB_025710-T",9951.71092030992,-0.440826352313307,0.131058489412311,0.000646979562002427,0.00241219840453572
"AFUB_011240-T",2519.54451138325,-0.520333330097864,0.154492023240041,0.000650954853994784,0.00242610849639438
"AFUB_064730-T",584.719699024335,0.910192843970843,0.2838766853352,0.000654429570496015,0.00243814320089075
"AFUB_088190-T",12363.6508831136,-0.343129047749471,0.101467906784006,0.000655227094250545,0.00244019846545466
"AFUB_036990-T",4637.59218067524,-0.467532642514149,0.139535350922685,0.000663837346450632,0.00247133745818549
"AFUB_021140-T",1158.04980532573,0.665541765954845,0.202013842330375,0.000670011127684096,0.00249338599260017
"AFUB_042819-T",2204.31017864543,0.538617380112199,0.161540403356836,0.000671412168336662,0.00249766333236183
"AFUB_083900-T",3517.03524371753,0.525315137306141,0.157414064809551,0.000672309177991007,0.0024999877111938
"AFUB_087940-T",6516.3684259417,-0.420932653643613,0.124976792032469,0.000672540774698987,0.0024999877111938
"AFUB_006930-T",1053.87825654605,0.71422242505888,0.21807251102186,0.00067535524313319,0.00250950984204302
"AFUB_035700-T",879.815124174975,-0.746556861412983,0.229225413289768,0.000678370901175824,0.00251977215350676
"AFUB_038420-T",7781.64034097707,0.456269275649593,0.136131060177941,0.000679427016504996,0.00252275089368204
"AFUB_096840-T",2691.5460853442,-0.587132017015286,0.177319096532103,0.000679937200984725,0.00252370109191226
"AFUB_033130-T",725.846242695053,0.895267538717324,0.279715282925569,0.000681037369018986,0.00252683958411717
"AFUB_022950-T",41101.2705137482,0.338264154998586,0.102067010248168,0.000681417854954119,0.00252730650613589
"AFUB_098350-T",35846.4474263925,0.308840828318874,0.0915258862604473,0.000688289939037094,0.0025518407340094
"AFUB_017810-T",1730.65605478075,-0.72451531548087,0.222402699322497,0.000693855614289709,0.00257151492599902
"AFUB_008990-T",2536.60717111306,0.510026534930683,0.152961949843931,0.000694270086869748,0.00257209056072499
"AFUB_051580-T",429.064670044328,-1.0831645115897,0.348816023783243,0.000695820046564509,0.00257642007397343
"AFUB_069720-T",2578.18075234305,0.495236662503877,0.148814147593621,0.000695957906128239,0.00257642007397343
"AFUB_069550-T",14925.5628541698,-0.377836247548815,0.11097275521266,0.000698551099957707,0.00258505580428048
"AFUB_094420-T",4763.81927011117,-0.539331800423775,0.162612413536837,0.000700576354964398,0.00259158416810348
"AFUB_013910-T",2684.39639235482,-0.500691866195719,0.148587883183165,0.00070343321236261,0.00260118279906815
"AFUB_092400-T",752.242140507223,-0.933597504914937,0.294959861336845,0.000710819395272483,0.00262751675906123
"AFUB_066100-T",1261.57403825375,0.698353737763555,0.213860162330896,0.000712408532556928,0.00263241053076229
"AFUB_029540-T",2253.92821946364,0.513713726101359,0.154816392128985,0.00072511271256646,0.00267835640946115
"AFUB_097390-T",571.581137838906,0.984033432247581,0.313517675774045,0.00073803457557949,0.00272470954580901
"AFUB_095540-T",838.89184951558,-0.795828213121769,0.247688802598257,0.000738210979212132,0.00272470954580901
"AFUB_088410-T",23620.9645047499,0.28907568107122,0.0862697845084179,0.000738745052774573,0.00272566715568314
"AFUB_036710-T",2215.20011483653,-0.648714536132147,0.198541474234446,0.000739378590914128,0.00272699090108611
"AFUB_020560-T",8907.77630142593,-0.363059129167333,0.108637059288742,0.000740315861395159,0.00272943347858356
"AFUB_006390-T",452.427461632086,-0.949516247985291,0.302173910432771,0.000752096945393176,0.00277183890940485
"AFUB_056030-T",564.541518535009,-1.00699250790714,0.32330342122486,0.000755240008013404,0.00278238941333817
"AFUB_080900-T",1291.98030785256,-1.00693335029702,0.32347893735708,0.000759551251578374,0.00279678008445329
"AFUB_063100-T",1412.17543626725,0.617983673982848,0.18868102755872,0.000759709733771896,0.00279678008445329
"AFUB_095880-T",1063.55159332413,0.654241135587376,0.200521356444232,0.000763889344308181,0.00281112411652158
"AFUB_035000-T",3093.8427743803,0.474227420765196,0.143098804305892,0.000764716225247398,0.00281312399391417
"AFUB_040170-T",2083.11520442891,0.552896760115663,0.167918175759146,0.000765553058309861,0.00281515898618947
"AFUB_048390-T",15.1193223938555,6.65157607045903,3.62219322556042,0.000771548632611952,0.00283615562173097
"AFUB_077590-T",2147.98213848575,-0.56660750067978,0.172767598203335,0.000772703896248265,0.00283935067392226
"AFUB_089320-T",1275.6011793918,0.733372603391637,0.227294067367626,0.000780872837114517,0.00286830603566306
"AFUB_078710-T",7167.12959781408,-0.444820287614199,0.133706102558022,0.000786283063336499,0.00288629620189152
"AFUB_034960-T",547.001938594334,-0.928242241144584,0.295869024266357,0.00078635213399644,0.00288629620189152
"AFUB_010920-T",13135.4232663177,-0.353317642210143,0.106068070256329,0.00078706226721706,0.00288783475124929
"AFUB_064510-T",3687.22455417326,0.487395087009336,0.147611337612752,0.000787688229901729,0.00288832607956225
"AFUB_059050-T",1799.54445722475,0.539375386852435,0.164051775246845,0.000787778206284636,0.00288832607956225
"AFUB_009740-T",5108.31541962684,0.440405724163968,0.132938635120164,0.000788989833413912,0.00289167526363743
"AFUB_087160-T",155.54765034103,-1.57057629371134,0.552009079806815,0.000789332970903299,0.00289167526363743
"AFUB_040620-T",37740.3429403014,-0.384713303925694,0.116854580700921,0.000789565739491932,0.00289167526363743
"AFUB_055190-T",246.728862410475,1.27630028481107,0.427670709399915,0.000792049393845812,0.00289970130354839
"AFUB_049780-T",2384.70263853983,-0.586685260643427,0.17957749261906,0.000794149064955787,0.00290631617613797
"AFUB_052830-T",3178.51712425726,-0.564568399836193,0.172696081904588,0.000797077292398421,0.00291595728973621
"AFUB_062200-T",685.802646868205,-0.857239655081704,0.271009384505297,0.000798621603076368,0.00292053036497161
"AFUB_036540-T",1418.9942363457,-0.593661161107217,0.18192964346165,0.000799953758334847,0.00292432451251321
"AFUB_043500-T",8676.37351285568,0.398219618688213,0.120159935175412,0.000801667928706273,0.00292914519187256
"AFUB_039370-T",926.605894424427,-0.839615363483865,0.264893253178972,0.000802093035652893,0.00292914519187256
"AFUB_003920-T",47981.3428199982,0.316473099299076,0.0985528030478121,0.000802157847003488,0.00292914519187256
"AFUB_099190-T",4827.46218499287,-0.478538337824385,0.145315836330341,0.000804012741773672,0.00293483871353575
"AFUB_055290-T",4424.15358463243,-0.456385933377052,0.138322157813718,0.000804898005656126,0.00293698996549156
"AFUB_014920-T",5685.03453798156,0.373199795632572,0.112501271576118,0.000808223424731732,0.00294804023905272
"AFUB_024050-T",8939.75373418663,0.380361610699896,0.1143732338534,0.000815565161913824,0.00297372675679453
"AFUB_063920-T",1388.84106453041,0.707231434928134,0.219510605590437,0.000821140213177292,0.00299295505537445
"AFUB_079140-T",138.367227900545,1.62410027247249,0.575586349348168,0.000821495395706867,0.00299315044140626
"AFUB_064560-T",3561.59508514953,0.47813634291323,0.145263386452879,0.000824030621848983,0.00300121358940868
"AFUB_029320-T",13113.3748403516,-0.346136589663325,0.104632447049432,0.000824313173272349,0.00300121358940868
"AFUB_059780-T",4286.66498190369,-0.46277184330012,0.140657962466075,0.000826063499987019,0.00300648340204296
"AFUB_091290-T",10514.9558568529,0.422706555283318,0.127817604663715,0.000828431625308711,0.00301399702389625
"AFUB_081680-T",354.100455951834,-1.36060534533102,0.465801302839516,0.000829648747967174,0.00301731909988061
"AFUB_018600-T",13031.1146778876,0.388129469324028,0.117331687912958,0.000832648584186987,0.00302711985276771
"AFUB_050110-T",1332.23472654638,-0.818228074861518,0.258331229346514,0.000836574103387173,0.00304027754526462
"AFUB_095810-T",4283.11226646466,-0.41101910536092,0.12472148621006,0.000846220626093188,0.00307420926573019
"AFUB_043650-T",48732.215487147,-0.33982875443845,0.101280669019316,0.000859025386037981,0.00311958542130514
"AFUB_027890-T",9968.30788950826,-0.371133797886136,0.112866026975613,0.000862004759477991,0.00312863732683692
"AFUB_022590-T",1225.71210825354,-0.677608128774553,0.210852656611669,0.000862148422055312,0.00312863732683692
"AFUB_008500-T",5204.04365995045,0.397252548707158,0.119924518585525,0.000864996375659605,0.00313782493728859
"AFUB_088260-T",8483.04534392588,-0.361137702352447,0.109456343709432,0.000865467732087433,0.0031383877387533
"AFUB_055160-T",584.608561789045,0.961466233484777,0.310239419235999,0.000868241595389394,0.00314729650629647
"AFUB_011910-T",369.539666988194,-1.11481433954926,0.369021402165385,0.000872525744198918,0.00316167141700411
"AFUB_059290-T",10367.1773062809,0.44591898892014,0.135870314754474,0.000876069982845813,0.00317335568603821
"AFUB_040350-T",15477.890747805,-0.320184030488708,0.0969984836256396,0.000878868938734824,0.00318233280443018
"AFUB_067020-T",7195.95137419128,0.36650069447921,0.111143232834509,0.000886028838858816,0.00320708833904951
"AFUB_085380-T",552.084156752553,-0.905176437175722,0.290840787058147,0.00088787520751095,0.00321243294306283
"AFUB_063430-T",919.725809371917,0.727563196259164,0.228017392507879,0.00088815274516518,0.00321243294306283
"AFUB_056250-T",6597.47795287302,0.415577502280058,0.126570308039783,0.000888521326726071,0.00321259532522996
"AFUB_035040-T",3686.0079013505,-0.536843889676857,0.165205639273859,0.000891058561261953,0.00322059585598139
"AFUB_093730-T",81684.9995980988,0.323631043200736,0.101376429383615,0.000892150384954054,0.0032233682456021
"AFUB_095550-T",4236.23613315738,0.472800157340766,0.144713541539487,0.000897523158765967,0.0032416002004193
"AFUB_023460-T",14093.8410963785,0.30994447886992,0.0939218942572403,0.000898134542932536,0.00324262835162074
"AFUB_050640-T",1010.55238180249,-0.75839560973723,0.239303614016101,0.000902809470706166,0.0032583214533668
"AFUB_032460-T",3500.26309699749,0.42669428982432,0.129109483447498,0.000908085536063263,0.00327617191764009
"AFUB_020920-T",4947.15963049221,-0.501418440942384,0.154128525851817,0.000908927857666933,0.00327801925412221
"AFUB_090550-T",414.559609975717,-1.17996219741896,0.396332320767323,0.00090942619922636,0.00327862514613935
"AFUB_064250-T",4022.18432074203,0.584967394884507,0.180936817430129,0.000913304084230404,0.00329140996223194
"AFUB_034640-T",1598.51471318462,-0.53945677951369,0.166491716948261,0.000917529573080224,0.00330543775420008
"AFUB_040440-T",28924.3273712233,-0.320381743155397,0.0974771921317374,0.000925166517360546,0.00333130668570242
"AFUB_007440-T",1797.57143011927,0.556750714685324,0.171933802219257,0.000925381615363382,0.00333130668570242
"AFUB_079130-T",3743.91496348826,0.506760846988476,0.155856505711754,0.000926837441838167,0.00333533778471494
"AFUB_021610-T",1282.41193019539,0.739983064003152,0.233478710151859,0.00093896746557097,0.00337776444211377
"AFUB_067940-T",12210.8080166379,-0.456474405272864,0.139574542038779,0.000944030894074902,0.00339474877670051
"AFUB_043360-T",2495.5494021397,0.572748175171632,0.177468235504146,0.000944760355429061,0.00339614144427143
"AFUB_096790-T",13641.7748080178,-0.303480864056705,0.0924365004520578,0.000947605631403649,0.00340513609401927
"AFUB_084030-T",82521.1954537704,-0.386416450689286,0.118223873277046,0.000956758601599674,0.00343678216463148
"AFUB_089280-T",10117.5439828538,-0.401077747872228,0.123011296496613,0.000957856401462674,0.00343948074693091
"AFUB_029340-T",14382.3949094397,0.367955025308252,0.113349294050494,0.000961169081157352,0.00345012771446174
"AFUB_032920-T",478.960904933541,1.00131196113346,0.328178587397281,0.000962654007212152,0.00345420861228511
"AFUB_087900-T",2470.3126859817,-0.542324825003667,0.168157805565547,0.000963385092984967,0.00345558259771442
"AFUB_021660-T",6961.49180901601,-0.463835506150841,0.138924063042643,0.00097799785667112,0.00350588150505653
"AFUB_028380-T",63.1265941900742,-2.56093293017121,1.06093327837282,0.000978114447103427,0.00350588150505653
"AFUB_068460-T",12746.9531398645,-0.381479603227678,0.117065207469405,0.000984330338216098,0.00352688758368042
"AFUB_048830-T",368.109088068046,-1.09492596874696,0.365952236205706,0.000986478357860215,0.00353330844524094
"AFUB_086280-T",1108.14647357263,0.70912228045398,0.223890321826084,0.000990402054741398,0.00354608239296839
"AFUB_054730-T",2833.62649137504,-0.553266529765098,0.172158646215626,0.000993260736504732,0.00355503527219959
"AFUB_005990-T",9467.31360735195,0.390470927177801,0.11998323252821,0.0009938841707659,0.0035559842807684
"AFUB_039040-T",2051.5516307339,0.537191286869614,0.166860687561689,0.00100433409399468,0.00359207779563862
"AFUB_076430-T",20982.6738993656,-0.31188968996889,0.0951967312186693,0.00101621717765079,0.00363326926807785
"AFUB_083300-T",3023.90083527517,0.423263014408346,0.130590219607504,0.00102356009992443,0.00365820453429959
"AFUB_091380-T",5170.21069809013,-0.399452750406932,0.123151703308951,0.0010251895598357,0.00366270928055052
"AFUB_030130-T",9618.15794804549,0.32261804156802,0.0989705633064512,0.00102854504597264,0.00367337516418801
"AFUB_041700-T",716.097477858419,-0.919874993519488,0.300692230079893,0.00103406116321289,0.00369174713844889
"AFUB_093310-T",520.184536984769,1.13905165093857,0.384936384490665,0.00104211067355631,0.00371914722583473
"AFUB_063590-T",5019.97029072544,0.441396320811073,0.136538389065081,0.00104386149761338,0.00372405656499382
"AFUB_003940-T",1019.30435986673,-0.706820036804276,0.22463636142595,0.00104595303653595,0.00373017746590704
"AFUB_054800-T",1654.26446704362,0.589043850571537,0.184617436721573,0.00105097531992946,0.00374674211576865
"AFUB_045570-T",17.6881502183634,0.675359829830195,1.32924226310158,0.00105331438360624,0.00375373258789656
"AFUB_088110-T",137.985701524651,-1.83727118551576,0.697891486645666,0.00105380125527081,0.00375411969079784
"AFUB_011270-T",613.402110856026,0.931491488633262,0.304934808435618,0.00105512141024021,0.00375747398515754
"AFUB_077470-T",2448.29179006374,-0.543116084742618,0.169822984730448,0.00105777305838287,0.00376556585525466
"AFUB_015290-T",6349.45194313063,0.359149001984957,0.110667748388136,0.00105902122016761,0.00376787149990195
"AFUB_087620-T",59.4359995149309,3.05396029469727,1.35330130651502,0.0010591799984611,0.00376787149990195
"AFUB_034240-T",6720.44472871136,0.444998202433968,0.137894875156388,0.00106295691699497,0.00377995249056793
"AFUB_073440-T",5265.32513153408,-0.523423172042565,0.163460526560379,0.00106416827237457,0.00378290476479855
"AFUB_089470-T",11382.4819863067,-0.321278563643371,0.0989787953095843,0.00106724642476254,0.00379248863794066
"AFUB_068760-T",722.657433705823,-0.835110255079142,0.270879633275617,0.00108054195606814,0.00383778284888912
"AFUB_067320-T",12208.3523002296,-0.379059494689496,0.118043162230699,0.0010807660516519,0.00383778284888912
"AFUB_078100-T",52.7243143181297,-3.26343486375089,1.50144224465475,0.00108333335803598,0.00384552345440166
"AFUB_073360-T",5183.1472883046,0.387516588497713,0.120632294061179,0.0010901855704419,0.00386846327730992
"AFUB_042810-T",37655.8520907852,0.289725805938343,0.0892723382293511,0.00109103937950458,0.00387010930721335
"AFUB_074470-T",7473.3385520891,0.404563813327102,0.1233413453322,0.00110800430514746,0.00392888271832388
"AFUB_057260-T",6995.14014719729,0.389679777469803,0.120110342815027,0.00110973335801401,0.00393360842081753
"AFUB_068660-T",3134.88187789401,-0.531708012337247,0.166590862990047,0.00111502395379008,0.00395095063954535
"AFUB_006120-T",5201.27799647766,0.380694448209826,0.118018974958107,0.00111860572235192,0.00396222762110734
"AFUB_087930-T",3551.00580999487,-0.451820482441156,0.140925609189443,0.00111978933550249,0.00396500504989733
"AFUB_044050-T",1410.40987727936,-0.818289725236052,0.265703303411022,0.00112223509927577,0.00397224798869902
"AFUB_082350-T",7215.23660487946,0.37769882699245,0.117159909890538,0.00112837107916239,0.00399254294498634
"AFUB_014910-T",6151.64363961762,0.428730602928464,0.133550474698145,0.00114125724632661,0.00403669927647599
"AFUB_072700-T",129782.254107719,0.329449547824349,0.101554914515455,0.00114265768926883,0.0040402128842156
"AFUB_082820-T",666.963711594316,-0.977067084844704,0.325432121958952,0.00114343814841197,0.00404153262926952
"AFUB_062510-T",105.602401535543,-1.9292345624006,0.752755461356553,0.00114731070081293,0.00405377668407558
"AFUB_078500-T",1538.37298690105,-0.674343296626163,0.21545155752031,0.00114991462113952,0.00406153117964761
"AFUB_072210-T",2965.0633789143,-0.476124537273697,0.14934578539724,0.00115245080174897,0.00406904098447475
"AFUB_092480-T",72.8782567685041,-2.19872114939576,0.895085709424208,0.00115609722885548,0.00408046408121999
"AFUB_082200-T",1425.79496411704,0.688504751774765,0.220153940397284,0.00115767510410164,0.00408458066413394
"AFUB_026430-T",290.480291786121,-1.12643367279684,0.385034490005565,0.00115938944285743,0.00408917562912579
"AFUB_076400-T",169.322257927786,-1.38225666403252,0.493906592669798,0.00116011582660498,0.00409028404229288
"AFUB_039780-T",1727.7251755346,0.522612911493037,0.164277956642657,0.00116291875134462,0.00409871044286057
"AFUB_043780-T",3008.81389431037,0.468142082666487,0.146529802905114,0.00116604828049179,0.00410828157042279
"AFUB_059940-T",509.050955835771,-0.907748375327958,0.299810582492012,0.00116880114300858,0.0041165192847268
"AFUB_061900-T",382.595365724726,-1.12275911034608,0.384427733171094,0.00118348309531857,0.00416675052182931
"AFUB_073790-T",4335.80329312615,0.465017434893083,0.145783634019345,0.00118850951598398,0.00418296345607837
"AFUB_054870-T",839.420183166247,0.794694180376389,0.258290611101751,0.00119424076061222,0.00420164464696075
"AFUB_101760-T",235.849229433583,-1.33558546327017,0.475011921675727,0.00120568946642692,0.00424042096183105
"AFUB_085620-T",18050.5503685985,-0.356402446065631,0.108972977380251,0.00120763232568027,0.00424574949783092
"AFUB_018310-T",700.214177453393,-0.795672452590276,0.25956471352305,0.00121552445127545,0.00427198306618584
"AFUB_085290-T",13.1975649686182,0.866196888310034,1.78824838623549,0.00121607159462572,0.0042723931244815
"AFUB_053550-T",14106.0649334512,-0.318634636295043,0.099246251110694,0.00121656201935321,0.00427260369500376
"AFUB_014870-T",836.514254682386,-0.812331628919,0.265772489842147,0.00122106960303539,0.0042869175133096
"AFUB_058470-T",194.654331723472,-1.21724002151746,0.425148174832254,0.00122745155400238,0.00430779938948857
"AFUB_080360-T",512.484264831422,0.832957080131382,0.273190032221071,0.00123958366638067,0.00434883983344933
"AFUB_072670-T",14390.0052196356,0.320198594802181,0.0999170842230544,0.00124833209191902,0.0043779844566418
"AFUB_073900-T",11576.6706998642,-0.397712492426628,0.123617558022846,0.00124961553847836,0.0043809375554213
"AFUB_047120-T",159.046188399361,1.55874673659819,0.576083477703099,0.00125357552528096,0.00439326874590872
"AFUB_053530-T",1819.1872576272,-0.562146794375217,0.178845213429741,0.00125423308952481,0.0043940216779152
"AFUB_036970-T",1765.2878557635,0.516116429679599,0.163302168867189,0.00125506344723558,0.00439404924575404
"AFUB_100790-T",725.273571666549,-0.80500496108697,0.264117092857704,0.00125512640924057,0.00439404924575404
"AFUB_099090-T",230.177480128299,-1.25805441700753,0.443746310402224,0.00125970318930049,0.00440851697948075
"AFUB_068910-T",1812.07251582392,0.661202677788453,0.212415788445607,0.00126076973746942,0.00441069427013887
"AFUB_012450-T",1084.39538373329,-0.76284870813086,0.248639848245434,0.00126326599564894,0.00441786998125994
"AFUB_055120-T",167.567403478989,-1.58808958552524,0.594016540685747,0.00126734551443176,0.00443057563604621
"AFUB_087530-T",12.7532743188653,0.883222377045365,1.84358840000859,0.00127013928678649,0.0044387790216042
"AFUB_029190-T",1190.44818183755,-0.648593439320333,0.208901318172235,0.00128778159324645,0.00449884981097186
"AFUB_003160-T",11426.1650098796,-0.366167992375701,0.11395937829039,0.00128947341495726,0.00450317510325502
"AFUB_015020-T",2557.3191934441,-0.477993501290132,0.149629962932811,0.00129172642691316,0.00450945648509081
"AFUB_017350-T",458.137309053889,-1.09564277454867,0.377403006241262,0.00130137253265599,0.00454153389121331
"AFUB_077320-T",4395.43975998222,-0.390784745548417,0.123063298085519,0.00130560904318496,0.00455382149285708
"AFUB_046650-T",992.801594003366,-0.767415101605438,0.251062836459708,0.00130581118072255,0.00455382149285708
"AFUB_031220-T",5256.9491794656,0.460678579982225,0.145466778095926,0.00130728942503607,0.00455737532261433
"AFUB_085980-T",4139.34832876452,0.527196778189478,0.167606283903195,0.00130889469218684,0.00456023536514873
"AFUB_006160-T",12968.8542490863,-0.462828708045919,0.145997113897961,0.00130902877131574,0.00456023536514873
"AFUB_009290-T",2035.21967114045,0.496969397011123,0.1576148372969,0.00131035397167442,0.00456325023469074
"AFUB_037830-T",20509.4887284288,0.332995906385163,0.104395134744376,0.00131311227800198,0.00457125196743938
"AFUB_053150-T",9044.11818583918,-0.34578861043677,0.109414712502276,0.00131957820258036,0.00459215065238783
"AFUB_014140-T",16659.1413753179,-0.339458344861338,0.10672847562497,0.00132728429272236,0.00461734896784768
"AFUB_022930-T",2981.64858644383,0.423396265483876,0.133630162311258,0.00133350580517908,0.00463736689432458
"AFUB_065670-T",9988.17240392525,-0.439058615879509,0.13915184940389,0.00134201927196707,0.00466533844983297
"AFUB_060040-T",2908.69951565468,0.462332121103896,0.146644854443266,0.00135434923127839,0.00470655326345868
"AFUB_079090-T",1838.87500984947,-0.68672881792768,0.223230367257828,0.0013560429169045,0.0047107896220781
"AFUB_042580-T",8656.04251407406,0.355861762402939,0.113400041981606,0.00135873113925608,0.0047184767519652
"AFUB_081570-T",480.439105221931,0.845233467406555,0.280363751602009,0.00136292396617134,0.00473138172936362
"AFUB_007030-T",3103.00760377619,0.474935903123003,0.150907374127444,0.00136543380529377,0.00473773822782119
"AFUB_087660-T",4775.36292142097,0.488653802355713,0.155385165980177,0.0013657097299543,0.00473773822782119
"AFUB_091130-T",830.272673061248,0.719634605528424,0.234785379142113,0.00137207293808242,0.00475814951448917
"AFUB_002140-T",8245.15398264095,0.416629802164713,0.13196023607349,0.00138214542431312,0.00479140528686961
"AFUB_077430-T",4937.76228212634,-0.446089520706348,0.141808610544531,0.00138654278575553,0.00480497107144681
"AFUB_041180-T",11165.9344540252,0.387626819727806,0.122645247391833,0.00138746241770676,0.00480647975418484
"AFUB_095000-T",2096.88069011667,-0.545863168349118,0.175073154705243,0.00139141895610492,0.00481850423563897
"AFUB_046550-T",1312.4538956728,-0.6548283220235,0.212656171388226,0.00139628613048496,0.00483367277469941
"AFUB_089710-T",1942.13054991902,-0.515713264897563,0.165084596796247,0.00140046946892135,0.00484646425350222
"AFUB_057850-T",729.6123401837,0.839184988059328,0.27912419403586,0.00141008364097647,0.00487803420588759
"AFUB_002290-T",2126.53742369661,0.466808494523488,0.148853240524134,0.00142390636516176,0.00492413612342525
"AFUB_035920-T",2646.39683503157,0.498793270922186,0.159466377677608,0.00142642605054715,0.00493113150528751
"AFUB_089260-T",2052.6265151989,0.601269167668739,0.194229041492133,0.00143184461205576,0.00494813989368154
"AFUB_025390-T",1178.5573835336,-0.662740624611699,0.216150068965988,0.00144478313545907,0.00499089156123482
"AFUB_051600-T",4859.09300232982,0.386804311388732,0.122785171221213,0.00144522139516261,0.00499089156123482
"AFUB_059250-T",1572.77715462384,-0.586133823846578,0.189589059665799,0.00144972933370001,0.00500471778677307
"AFUB_005590-T",5974.07855267606,-0.408262423761436,0.129609267691013,0.00145096578225215,0.00500679131083293
"AFUB_064400-T",959.342514246959,-0.658498608865805,0.214728951436912,0.00145133890189082,0.00500679131083293
"AFUB_072520-T",719.012195026427,-0.787934605147551,0.261772694869079,0.00145581269315525,0.00502047984001593
"AFUB_010350-T",75484.9104416036,-0.367301254817305,0.117892679053752,0.00146638215110735,0.00505517292453645
"AFUB_046970-T",648.711000465453,-0.77790506169677,0.257998329578283,0.00147023903823262,0.00506670918557596
"AFUB_081230-T",3834.91807771776,0.404695178819229,0.128829335747784,0.0014712988021891,0.00506860139247719
"AFUB_098030-T",742.714037466639,0.761083372842199,0.251589778504115,0.00148130014348268,0.00510128519225038
"AFUB_019160-T",3063.64646712748,0.642521624719989,0.209215784076558,0.0014846719727325,0.00511112359672911
"AFUB_057140-T",2444.21153724383,0.658839959544488,0.215087318630711,0.00149023598993727,0.00512715676573141
"AFUB_097670-T",713.051567120119,0.772438040098663,0.255905381587462,0.00149036244525291,0.00512715676573141
"AFUB_066610-T",37.0548625404474,-3.03691047167821,1.4646556827885,0.00150106247387087,0.00516217777310062
"AFUB_014370-T",8925.90609816422,-0.396122828816572,0.127684464443712,0.00150345313965571,0.0051686083862428
"AFUB_039010-T",7197.45758026862,-0.337921895062324,0.107412749052228,0.00150955450571907,0.00518778686608789
"AFUB_088670-T",11043.555656938,-0.349530650858613,0.111281800315488,0.00151183419436331,0.00519382290725366
"AFUB_012580-T",11114.1755571714,0.354186405283784,0.112885261514895,0.00151251273782631,0.00519435602869415
"AFUB_035400-T",10727.6532767763,0.412055591835839,0.13161152383432,0.00151809331717632,0.00521171780455722
"AFUB_080480-T",12.4953042765922,0.805157360721047,1.60338019250946,0.00152469623123428,0.00523257610477187
"AFUB_055720-T",6557.24033503086,-0.405213598510652,0.129127008101963,0.00152814236114798,0.00524259002225846
"AFUB_036340-T",413.0978872377,0.936729234119822,0.319362641651214,0.00153071062413015,0.00524958636644497
"AFUB_047460-T",7349.63122367486,0.415337836959425,0.132797514707442,0.00153124830672128,0.0052496163883277
"AFUB_019820-T",2441.82955378846,0.533765220963164,0.172323735682954,0.00153341707019864,0.00525523633346737
"AFUB_022770-T",22260.9102453885,0.401182479432292,0.127926768422311,0.00153730510476791,0.0052667425491272
"AFUB_020080-T",840.007504381097,-0.700070291490651,0.23081479691061,0.00153848279228277,0.00526895849323897
"AFUB_002970-T",7713.26775938196,0.335222981336976,0.106899481415037,0.00153954723076009,0.00527078518982198
"AFUB_033110-T",240.143754701773,1.3328189049781,0.487270369644656,0.00154195203069021,0.00527590520883472
"AFUB_095210-T",135.066982354099,-1.60829080559601,0.620444759483409,0.00154210589529769,0.00527590520883472
"AFUB_028320-T",121.571021936581,1.59706614140488,0.61189935989648,0.00155039948695483,0.00530217185504786
"AFUB_040120-T",13520.2657729116,-0.975941936679864,0.335979847789863,0.00155085187860997,0.00530217185504786
"AFUB_046090-T",1692.68743234205,0.593398444309232,0.193031323033799,0.00155208789814464,0.0053045703819165
"AFUB_069640-T",8627.94600573019,0.36373116269527,0.115704920143022,0.00155402759567489,0.0053093713896982
"AFUB_058560-T",1444.81469314891,0.691896957617351,0.227778299429611,0.00155752605635158,0.00531949281118012
"AFUB_015370-T",2110.76722192973,-0.468987191376178,0.151086163504187,0.00156591122398528,0.0053462913305999
"AFUB_097300-T",163.316729051838,-1.54775392340836,0.592284709800402,0.00156762798494419,0.00535031215631742
"AFUB_001410-T",4833.9668230133,0.364032952496246,0.116622524374393,0.00157435927616324,0.00537143891918877
"AFUB_054980-T",6675.84269776699,0.357350745491727,0.114151946382053,0.00157620105961084,0.00537587474798541
"AFUB_085200-T",9236.93205186533,-0.32313711345525,0.103197638350719,0.00158506254391773,0.00540424106780607
"AFUB_064370-T",8006.95362222701,-0.4005730980327,0.126217493427615,0.00158749623347615,0.00541067998531964
"AFUB_101560-T",199.119842945391,-1.27681417017165,0.46509494187882,0.00159042337841567,0.00541737665516388
"AFUB_039070-T",8521.27426926269,0.348017581880879,0.111190763006071,0.00159055270258413,0.00541737665516388
"AFUB_039260-T",7421.65100455395,0.368857172369825,0.117721718289943,0.00159241684684159,0.00542186525039546
"AFUB_015250-T",17767.4533567994,0.330577844273959,0.105886717393045,0.00160630193660372,0.00546637732753531
"AFUB_086020-T",12030.3605378652,0.365215385139464,0.116873084162729,0.00160659170422373,0.00546637732753531
"AFUB_071750-T",212.130187266934,-3.4730195087105,1.92721677761149,0.00161298793007407,0.00548625949485441
"AFUB_083110-T",10041.8561452223,0.418053614370215,0.134658549925576,0.00161961679575783,0.00550691904689843
"AFUB_018840-T",173.658671307627,-1.26368692902549,0.460357267053088,0.00162825221944447,0.0055343846842419
"AFUB_011470-T",12441.2424971637,-0.44442737503615,0.145158712663965,0.00163251740659557,0.00554698228704587
"AFUB_015580-T",2922.08361561347,-0.593116485306265,0.194231417912269,0.00163313325033568,0.00554717573907652
"AFUB_071330-T",904.418048284388,-0.860738800308039,0.292395335972444,0.00163968652684217,0.00556752951724547
"AFUB_019660-T",14314.9329299355,0.37335895657702,0.120050235047228,0.00164380441734494,0.00557960288719169
"AFUB_040590-T",10247.6258027284,0.346513917155339,0.112935167019473,0.00166113482244437,0.00563650020949072
"AFUB_090670-T",185.254606486616,-1.41984976853689,0.534439356269992,0.00166624608780746,0.00565191128553967
"AFUB_053460-T",20094.0544505409,0.304020894725409,0.0973383833423056,0.00167112964642279,0.00566653971327169
"AFUB_053690-T",33535.9422433546,-0.345667647655584,0.110455708885075,0.00167377730162664,0.0056735791388813
"AFUB_017630-T",644.573988609091,0.827129873027515,0.279760716040094,0.00168768941276662,0.00571878368784867
"AFUB_069710-T",22228.8339984562,0.317711736057945,0.102076476727012,0.0016966083087348,0.00574704350313752
"AFUB_093150-T",5540.69272352833,0.387240972972563,0.124897160711763,0.00170767118922363,0.00578254403038025
"AFUB_011340-T",12328.1081160602,0.346580725532371,0.112417442053994,0.0017099931786058,0.005788431888698
"AFUB_060060-T",7744.05213081442,0.385281116532279,0.124283187507764,0.00171293353505195,0.00579640822890917
"AFUB_055930-T",1653.46255825983,0.586987091407113,0.192680830257514,0.0017139007030821,0.00579770432109401
"AFUB_035230-T",3774.76388943736,-0.40927543039708,0.133422187124689,0.00171493290995926,0.00579856337328066
"AFUB_027570-T",18873.861623969,-0.4009368804564,0.132432041834946,0.00171532312986922,0.00579856337328066
"AFUB_063350-T",3576.56138024863,-0.438312117303442,0.14219313610073,0.00172571426512908,0.00583170380708412
"AFUB_093540-T",3759.93435306458,0.407558426468773,0.131871280350449,0.0017453470066635,0.00589604119848033
"AFUB_051060-T",681.617887850531,-0.858096694737129,0.293548993734378,0.00175027944256576,0.00591069189093744
"AFUB_004040-T",10428.7971685668,0.33270295747369,0.107218020997061,0.00175740342746576,0.00593273095836656
"AFUB_040410-T",425.494861466146,-1.0321835089018,0.364113116850792,0.00177211983639579,0.00598037721055021
"AFUB_004640-T",201.634218582609,-1.41427399481669,0.536618845898504,0.00177360997949834,0.00598337153178825
"AFUB_059470-T",6456.18315946134,0.368284419010459,0.119067570384923,0.00177656843232676,0.00599131555923992
"AFUB_095920-T",10908.2682565123,-0.321604344745333,0.103901956664991,0.00177993851123037,0.00600064188993256
"AFUB_032070-T",7188.09921500718,0.4079331387844,0.132258958852896,0.00178083706255933,0.00600163254529757
"AFUB_002060-T",574.921046313948,0.861802929707988,0.29490567598096,0.0017833908466615,0.00600819896575538
"AFUB_065600-T",4395.08743816304,0.372298340221099,0.120849929917725,0.00178678099287412,0.00601757765669346
"AFUB_030640-T",14172.3513985449,0.400815989612707,0.129971310806883,0.00179668082746953,0.00604886608298341
"AFUB_019360-T",2984.65386836654,0.446814298404894,0.145427800111707,0.00179757074265671,0.00604980997655744
"AFUB_085020-T",266.842459443374,-1.15617657664925,0.418160572551483,0.00180274767958712,0.00606517651522106
"AFUB_038380-T",2115.32546018242,-0.75377614833124,0.254556220827768,0.00180622268885195,0.00607480860279757
"AFUB_002850-T",6613.51440916619,0.398460451844301,0.128843004881595,0.00181281875686246,0.00609492756160565
"AFUB_053970-T",2551.73984842335,0.47108111753239,0.15374444352435,0.00181539042361422,0.00610150692664107
"AFUB_039580-T",8432.66813282874,0.413497755909472,0.134283512936455,0.0018175373676121,0.00610665483193976
"AFUB_029390-T",1743.09275594358,0.558454976037757,0.184092405185197,0.00184220919924719,0.00618745390948505
"AFUB_087280-T",378.489004546724,-1.39303568336464,0.529035833329553,0.00184309422782145,0.00618833227710688
"AFUB_023800-T",307.029811427224,-1.01824594737132,0.359886712973567,0.00184385420877897,0.00618879033551953
"AFUB_055660-T",18594.2818929504,0.350303570249945,0.113489278957175,0.00184636617928713,0.006195126548149
"AFUB_073740-T",15774.1079349169,0.368147350652976,0.116921098058917,0.00185997473904625,0.00623867836601353
"AFUB_058650-T",3569.31418491147,0.516061462389389,0.169625838394319,0.00186906971314261,0.00626706652126364
"AFUB_067550-T",896.952511216586,-0.671532533966672,0.225208100602502,0.00188237840392189,0.00630955949305125
"AFUB_043570-T",23203.3888059743,0.419010920368008,0.136279564002336,0.00189076265963691,0.00633552309145722
"AFUB_079040-T",13534.2658139846,0.317645016706133,0.10315590282908,0.0019227115418633,0.00644040231285633
"AFUB_065450-T",1658.35394875203,0.641248338902455,0.214370826144435,0.00192918191436499,0.00645989558032137
"AFUB_095870-T",15822.9855960178,0.304914353617431,0.0991259499675073,0.00193595968179901,0.00648040466841659
"AFUB_057820-T",115.117413201615,-1.60077650379354,0.637753077669201,0.00193836313762766,0.00648626235365967
"AFUB_067600-T",1579.16867897836,-0.667207827172443,0.224440664165068,0.00195190495286815,0.00652937534789901
"AFUB_080010-T",20.4534645254639,3.58932553682609,1.89863243815683,0.0019572859930305,0.00654516963639749
"AFUB_056530-T",24608.6895660839,-0.370847485609034,0.120326444010435,0.00196315072883557,0.0065625702201728
"AFUB_061100-T",14654.2966822497,0.310357048976925,0.101009291993329,0.00196536561316899,0.00656776219215563
"AFUB_086140-T",1129.1085663257,0.676591662258048,0.227726798348878,0.00196662171744534,0.00656974774340121
"AFUB_062250-T",459.188067742447,0.925508183757956,0.323451606647151,0.00196812203015952,0.00657254749304617
"AFUB_040880-T",2883.05768004231,0.450828431637377,0.148106044822748,0.00197024433161782,0.00657742179324145
"AFUB_073380-T",3240.99622972942,-0.530869668255957,0.175984078759754,0.00197127992643076,0.00657866619698227
"AFUB_041510-T",6461.59929730957,0.350602735559173,0.113768810535515,0.00197289994816141,0.00658185949092503
"AFUB_050840-T",573.127121695312,0.788793157559533,0.269771236640432,0.0019743449431644,0.00658269721030808
"AFUB_091230-T",3460.56546972707,0.442792959257432,0.145360749529086,0.00197447754106671,0.00658269721030808
"AFUB_004370-T",8783.66173252913,0.366430297394996,0.119690986676158,0.0019784509505972,0.006593729242672
"AFUB_058350-T",385.949537866083,1.03028344991959,0.367072721423707,0.00198126478234989,0.00660089055549603
"AFUB_061960-T",129.429822114056,-1.51862216647114,0.597339251387359,0.00198667634745586,0.00661669890889243
"AFUB_040060-T",3072.53395908771,-0.434492660546748,0.142957327831251,0.00200030498110026,0.00665985472573636
"AFUB_063740-T",12.6396426283327,-0.621612345667131,1.23708435011479,0.00200624839437739,0.00667740285519638
"AFUB_046030-T",651.104106313259,0.919400062473158,0.32170906675806,0.00200873887563024,0.00668345066732489
"AFUB_060160-T",1230.16223897529,-0.657326922201677,0.22160150190201,0.00201118500640255,0.00668934691305136
"AFUB_092760-T",1554.5381680656,0.553719945797219,0.183993476501925,0.00201665805517942,0.00670530358380426
"AFUB_031310-T",3709.24987505271,-0.477505373730989,0.157864929176108,0.00202328587571643,0.00672508784878955
"AFUB_019170-T",272.24878819853,-1.04858563829191,0.377054206037066,0.00203636908377521,0.0067663083885065
"AFUB_067360-T",1092.58893298291,0.624883415453169,0.209730630494091,0.0020435628186127,0.00678793874656327
"AFUB_072690-T",2838.46704534,0.471864768771162,0.155921997913061,0.0020529825646138,0.00681694612037201
"AFUB_049750-T",33.1545064308695,-3.23288035803696,1.75919113324442,0.00205520473135291,0.00682204246109619
"AFUB_007950-T",4145.36575152763,-0.449357829253976,0.148439180434827,0.00205928150153089,0.00683328950273959
"AFUB_003950-T",6195.45780304497,0.355971776452489,0.116781066244588,0.00206209271861524,0.00684033095997869
"AFUB_058830-T",2671.41284224929,0.453631283158114,0.149762462786652,0.00206362187772248,0.00684311631687123
"AFUB_075330-T",17.6630449363379,3.73881988936028,1.98496925976889,0.00206625024476631,0.00684954364706267
"AFUB_054310-T",22924.5387066847,0.298439241089335,0.0975449517689989,0.0020703660363764,0.00686089579667306
"AFUB_067840-T",12702.4069971344,0.322304796336305,0.105480607353912,0.00208193265631234,0.00689692310210279
"AFUB_009750-T",6347.26012868906,-0.400540249094922,0.130781399976425,0.00210606425539344,0.00697453711537534
"AFUB_074830-T",3851.80955602858,-0.528240446027195,0.176283996301731,0.00211256102229017,0.00699371852776181
"AFUB_043670-T",676.94470743675,-0.699752008711138,0.238381714055757,0.00211329479953565,0.00699381490009715
"AFUB_100850-T",348.719439625167,-1.00584010952028,0.360578640653929,0.00212113970499634,0.00701743719069624
"AFUB_024690-T",7232.04435905281,-0.336481950471684,0.110670590978703,0.00212413347188821,0.00702499990286256
"AFUB_010080-T",2384.43187627872,-0.539308448540479,0.180344835741105,0.00213046801093212,0.0070436026010997
"AFUB_013250-T",2441.60085823072,-0.462769817531633,0.15260422035576,0.00213699807254113,0.00706283911753937
"AFUB_068420-T",2481.53279369514,0.448886711219586,0.148697744112368,0.00216128115203226,0.00714071752127837
"AFUB_057460-T",11.5712991375649,-0.649188459728171,1.27920180362121,0.00216329372203491,0.00714498841637154
"AFUB_046330-T",2311.00065136859,0.511553496220396,0.170508409664631,0.00217708669561097,0.00718815218028572
"AFUB_095990-T",1659.02410091425,-0.496093925331036,0.165245718780827,0.00218327199363677,0.00720617709905054
"AFUB_058970-T",1376.80634881679,0.546337579588515,0.183028309944514,0.00218634604146382,0.00721392435556132
"AFUB_093450-T",4968.94626498511,0.377743128332314,0.124787878713252,0.00219780352348379,0.00724931870075661
"AFUB_009540-T",132493.836648505,-0.327870999168381,0.106853352561988,0.00220747951423323,0.00727881534178233
"AFUB_064890-T",3120.57287978941,-0.449224625707863,0.149454456177203,0.00221436542880263,0.00729909560971974
"AFUB_063050-T",510.693339123853,0.872990840106981,0.306533937187295,0.00221785675653551,0.00730817672928782
"AFUB_099810-T",196.535770807735,1.45131032330773,0.569467455751246,0.00222021402267036,0.00731351615499613
"AFUB_035980-T",3209.35991316802,0.48100733622209,0.160348957828719,0.00222183071128123,0.00731641334089789
"AFUB_020700-T",277.415248285916,-1.03177359551431,0.373917991133618,0.00222994187094504,0.0073406875851176
"AFUB_039450-T",2775.03188313807,0.442323101446373,0.147038432832477,0.00223265672460151,0.00734718766302056
"AFUB_012810-T",1231.1950252748,0.675702465632944,0.230502970712149,0.00224075847491121,0.00737140466141656
"AFUB_075980-T",10088.3004562939,0.387111668418551,0.128190571674669,0.00224283513748827,0.00737579149753846
"AFUB_056210-T",3598.42140914619,-0.387206414695722,0.128439726651092,0.0022507360788597,0.00739932281639038
"AFUB_022220-T",4226.19738555035,0.443992319463408,0.147817522887924,0.00225645217002534,0.00741565820778194
"AFUB_020060-T",3420.69763461857,-0.44377116499124,0.1479287061877,0.00225829995868906,0.00741927411121778
"AFUB_096080-T",2065.31114398196,-0.557590874211985,0.188282944363546,0.00229954087110918,0.00755226444267327
"AFUB_074310-T",808.962272542147,0.773206570943439,0.268313045186352,0.00230724275214716,0.00757505270097936
"AFUB_078900-T",11.9630424351366,0.67305336799857,1.31657744937769,0.00232695925455704,0.00763725879678527
"AFUB_038520-T",8384.51453329086,0.366784191377452,0.121800034767632,0.0023335732915579,0.00765643468387178
"AFUB_068310-T",3239.82000984964,0.478711096144887,0.160380958727199,0.00233911671012785,0.00767208636748809
"AFUB_071720-T",164.76852636494,-3.23078277521146,1.99205831467442,0.00234069791226377,0.00767473629970858
"AFUB_090090-T",983.12677219616,-0.617107783025353,0.210466963476666,0.00236379530273616,0.00774790897610845
"AFUB_017390-T",371.080131414978,-0.957670351795837,0.344785934243332,0.0023670014350478,0.00775413422148092
"AFUB_089900-T",879.593024468894,-0.757879802420107,0.26376334968264,0.00236725709733876,0.00775413422148092
"AFUB_043080-T",6253.72487449235,0.40144652878921,0.133827713291533,0.00237267362130253,0.00776931233633376
"AFUB_077680-T",24.5526219492575,-3.38119433591896,1.9650940609472,0.00239601282401248,0.00784284824256872
"AFUB_018580-T",10142.5218994493,0.325997228672659,0.108262834561918,0.00239671120601622,0.00784284824256872
"AFUB_020810-T",1283.12544771781,-0.587727348156796,0.20076901694518,0.00247616521091857,0.00810017789003522
"AFUB_000540-T",5069.69964286915,0.449258006786333,0.150980531830441,0.00247818132893133,0.00810410203942124
"AFUB_084830-T",70.2343787405054,2.28724241847099,1.09263653590626,0.00248382937329592,0.00811989674899936
"AFUB_054640-T",624.322348050214,-0.81058393155713,0.286040052018948,0.00248741394073964,0.00812893755740563
"AFUB_039670-T",637.870819164808,0.722797025027355,0.251096703997257,0.00249040605509148,0.00813603689821689
"AFUB_075060-T",2200.22876411814,0.46621556968816,0.157293120440164,0.00252578609064594,0.0082489065316423
"AFUB_098740-T",3190.71154595863,-0.437465093958358,0.147423269881596,0.00253379569724253,0.00827234286024083
"AFUB_099500-T",37.3034448732362,-2.88677948469599,1.59069503749717,0.00253817446798223,0.00828391371085945
"AFUB_067820-T",630.367327644578,0.760870643718224,0.26647485618379,0.00254414845717669,0.0083006816033789
"AFUB_091020-T",5091.94656491867,-0.368389454639466,0.123122825497243,0.00254547786239199,0.0083022897746436
"AFUB_076300-T",5631.78130540408,-0.484788970600886,0.164248750082026,0.00254948698859722,0.00831263415303133
"AFUB_054050-T",6179.33364912683,-0.341125933244955,0.114288290361495,0.00255824592651227,0.00833845347147267
"AFUB_077340-T",119.643262139803,-1.68398195727328,0.715348517396563,0.00256650025172072,0.00836261162125022
"AFUB_008510-T",1742.57255487251,-0.526681618054013,0.176825199834173,0.00257080709712879,0.00837389577912809
"AFUB_041990-T",385.267391649595,-0.901429268966485,0.324524312056991,0.00258446614731209,0.00841562549608676
"AFUB_024370-T",358.184509843271,1.05120419477174,0.388571169691658,0.00259202291953959,0.00843746391486732
"AFUB_031550-T",6343.40321483682,-0.349912284111648,0.117414471077075,0.00259399045679708,0.00844110009301999
"AFUB_069070-T",3200.48187884968,0.406663692765477,0.137015716937243,0.00261390936031793,0.00850313025275498
"AFUB_086080-T",1212.15402102627,0.645000047931716,0.223026276490094,0.0026373918749612,0.00857670850556683
"AFUB_043260-T",1187.30078241219,-0.767305726806407,0.270797071703498,0.00264853971059033,0.00861013974045496
"AFUB_073860-T",4560.66678019846,0.405533733477652,0.136816433390685,0.00265578907484072,0.00863087968821028
"AFUB_076980-T",1624.52997194615,-0.55936465148682,0.191841763147651,0.00265755482758266,0.00863379105196657
"AFUB_045010-T",174.271162387835,-1.51117972241816,0.621820714020368,0.00266090105975273,0.00864183344831344
"AFUB_057340-T",267.625464067523,-1.15953031169091,0.441267060081548,0.00266525778548121,0.00865299786761173
"AFUB_065530-T",1461.33619017397,-0.641982807724125,0.222549036553569,0.0026660823656581,0.00865299786761173
"AFUB_010150-T",655.495933365933,-0.811269411938216,0.28866217596931,0.00266950356309306,0.00866126932451736
"AFUB_096440-T",504.742413483587,-0.963172341504073,0.352456226001935,0.00268215865995742,0.00869948519610373
"AFUB_030080-T",621.770691512738,-0.748129004780316,0.263842464684454,0.00268731812867056,0.00871337224013569
"AFUB_040300-T",311.812811512821,-0.933208195431239,0.339748879048379,0.00269314720320747,0.00872818802488323
"AFUB_050670-T",5777.47989663967,0.335816150524786,0.113045105696877,0.0026936463395685,0.00872818802488323
"AFUB_011890-T",62.677158575336,-2.04838838248276,0.952878039890521,0.00269662620974839,0.00873014905132428
"AFUB_098470-T",1325.60913220057,-0.610866253351411,0.211191921334036,0.00269667279752879,0.00873014905132428
"AFUB_014350-T",12760.5699657389,0.317262112482485,0.10873744363813,0.00269689037696325,0.00873014905132428
"AFUB_054580-T",13628.1382809352,0.369363728042428,0.124454839420534,0.00271295913477754,0.00877930205825468
"AFUB_004080-T",495.189976989241,-0.879928739441604,0.317476409153053,0.00271397344709175,0.00877972179347641
"AFUB_046620-T",457.709832323846,-1.01868391409388,0.377935620057539,0.00273592461663815,0.00884785005543617
"AFUB_097400-T",19.5740687520904,4.0835805792602,2.53778122250463,0.00273864363847075,0.00885375834261309
"AFUB_063900-T",1600.38998103235,0.613697423590134,0.212142666501691,0.00274433830374655,0.00886505335318529
"AFUB_050590-T",406.81389794275,0.915574372894042,0.332125568773759,0.00274479957717491,0.00886505335318529
"AFUB_009380-T",13568.2815411206,-0.281542728830436,0.094748625872876,0.00274481702310714,0.00886505335318529
"AFUB_066620-T",685.330898014312,-0.794559532817231,0.282900830043038,0.00275098671684927,0.00888208951357482
"AFUB_021490-T",2569.2451808604,0.489599173190499,0.167117198143871,0.0027632051337218,0.00891661015370015
"AFUB_052860-T",2966.07254584041,-0.477536323464901,0.165496221612138,0.0027634753483911,0.00891661015370015
"AFUB_033580-T",160.851595730159,1.37404863417495,0.548650761748838,0.00276587904400837,0.00892146555469064
"AFUB_022150-T",84.3702478564026,-1.87711735831244,0.845673829783976,0.00278109971149647,0.00896764608076755
"AFUB_041060-T",22611.7673089247,-0.353298671471678,0.119663007993352,0.00279991361414267,0.009025379220645
"AFUB_096150-T",2210.38398761988,0.433026773827037,0.147329254353347,0.00281236514450075,0.00906257274648375
"AFUB_021470-T",2928.34512118813,0.480056642943689,0.163985474412952,0.00281499110782763,0.00906298044336175
"AFUB_051080-T",1052.72469151543,-0.650543507713261,0.227127522613953,0.00281517618222065,0.00906298044336175
"AFUB_012430-T",3419.23414829826,0.467117775838057,0.159417818783554,0.00281523110396819,0.00906298044336175
"AFUB_026940-T",5332.90796115774,0.459156948939723,0.156490835065378,0.00281927204193534,0.00907304637360838
"AFUB_093900-T",9803.05329077427,-0.326937576421634,0.110658701600242,0.0028477015694706,0.00916156825834543
"AFUB_048800-T",94.6325624033869,-2.15345283444143,1.04362370193099,0.00285011543023822,0.00916636281435979
"AFUB_014410-T",2069.6504244401,0.465092556731935,0.158921341357992,0.00285226210255512,0.00917029522768371
"AFUB_038870-T",2863.54377939341,-0.511003111362523,0.17577090854779,0.00286329706903297,0.00920279255510111
"AFUB_096960-T",379.660133932247,1.06351286512996,0.399789923569933,0.00287945694458341,0.00925173524603119
"AFUB_002960-T",4635.37840429103,-0.438518908673972,0.149903815861635,0.00288691291171273,0.00927268953033942
"AFUB_002590-T",996.915101741676,0.630774950894608,0.219899963426033,0.00288980204014274,0.00927896643429852
"AFUB_046350-T",188.513991168533,-1.15712658311562,0.445091996187048,0.00289386731958906,0.00928901460120358
"AFUB_049590-T",18.9207664029918,4.01784042715995,2.54930794869651,0.00291619898223678,0.00935767051364372
"AFUB_066190-T",3901.08971852114,-0.380173252657924,0.129291667730117,0.00291729892792015,0.00935817448597527
"AFUB_066700-T",1921.74201644148,-0.471337647591662,0.16190356066397,0.00294447866811661,0.00944231043006699
"AFUB_057410-T",13004.0110534202,0.305297145039185,0.103506995736191,0.0029618996552956,0.009495107906592
"AFUB_061020-T",6549.12297847162,0.333952412571932,0.113439459068727,0.0029664235442233,0.00950653977281763
"AFUB_075920-T",523.889224038634,-1.05786278071101,0.399792376201004,0.0029776728642603,0.00953951038663121
"AFUB_019400-T",20773.8466235757,-0.478811377472077,0.164905870654565,0.00298540568555988,0.00956119762154948
"AFUB_049530-T",870.467554081897,0.735217202706672,0.261297953382992,0.0029975179298087,0.00959578058274293
"AFUB_077200-T",834.677664420904,0.655825431172933,0.230367344478847,0.00299813759063837,0.00959578058274293
"AFUB_029270-T",1891.85523235118,-0.555768338272472,0.193122621206472,0.0030013212097998,0.00960287330988491
"AFUB_091110-T",520.20455760935,0.828067403157745,0.299004048846082,0.00301111014427019,0.00963108868252712
"AFUB_031410-T",17284.9271464041,0.333971436472843,0.11322949087108,0.00301565077815226,0.00964250450166275
"AFUB_071730-T",136.581898935779,-3.224268137881,2.42331376740012,0.0030237450156739,0.00966527191000435
"AFUB_059350-T",1117.14138717512,-0.812037299507693,0.293419279217573,0.00303425004619634,0.00969572817401761
"AFUB_032820-T",15233.5697396842,0.370506210186204,0.125935046927768,0.00303573344847106,0.00969734614614587
"AFUB_017710-T",263.766612180203,-1.05837706249598,0.401328702640416,0.00304549793744088,0.00972540766702083
"AFUB_038600-T",598.934101697978,0.817317163694405,0.294942551512081,0.00304797307042103,0.00973018099836883
"AFUB_024950-T",5532.34274323097,-0.524239102828107,0.182360546258771,0.00305579727945762,0.00975202186450702
"AFUB_084790-T",2301.45962359168,0.484168510807543,0.166846234329614,0.00306063466108829,0.00976431983648387
"AFUB_007160-T",7638.12826664224,0.324054607291966,0.114198585901009,0.00308896270225565,0.00985152789842139
"AFUB_081960-T",1138.62008057303,0.669447336888737,0.236553874405105,0.00309875394298204,0.00987958011053542
"AFUB_026280-T",11165.0251137845,-0.340735726688245,0.11472851452516,0.00310163573878488,0.00988559239159922
"AFUB_001820-T",3020.52546949366,-0.455442796848029,0.156874754595958,0.00310427227844075,0.00989081937833852
"AFUB_014830-T",1114.0601702886,0.589110408265328,0.206076899428995,0.00312492461554371,0.00995342644713456
"AFUB_004990-T",7998.18922496631,0.324987531266889,0.111134585194663,0.00315984365971124,0.0100590598590247
"AFUB_057720-T",7939.27871228864,0.385719459954391,0.132366834605128,0.00316011573203415,0.0100590598590247
"AFUB_060650-T",3379.99402511456,-0.431758880796026,0.149030974780358,0.00317898141733921,0.0101158674469675
"AFUB_098600-T",1350.66511902561,-0.719873754905601,0.257406282318263,0.00318093015019394,0.0101188242758573
"AFUB_037180-T",386.119619008969,0.930158901500595,0.344620783662202,0.00318219356432556,0.0101195998481036
"AFUB_070590-T",8216.03536818254,-0.332451263270766,0.114568207426874,0.00318550744801204,0.01012689347262
"AFUB_095100-T",58.3678518554033,-2.11368606737011,1.03950094745111,0.00319849885220729,0.0101649379148759
"AFUB_019450-T",9644.22854832147,0.297756055081512,0.101740042421306,0.00319964027012838,0.0101653103972549
"AFUB_036920-T",1047.38668488268,-0.604782311806057,0.213011674187088,0.0032042458629562,0.0101752362072653
"AFUB_087500-T",154.751178795694,-1.42396261422763,0.591185690332018,0.00320481495052003,0.0101752362072653
"AFUB_025950-T",8930.80757369009,-0.298334269578865,0.10209858701216,0.00321177577608556,0.0101940756564276
"AFUB_036200-T",2365.47084577855,-0.433796736714608,0.150165284569059,0.00321526709431062,0.0102018944728366
"AFUB_016270-T",1916.31121582588,0.463160983928539,0.160306415605894,0.00321977398608885,0.0102129296298919
"AFUB_101550-T",119.73319394932,-2.09167746447298,1.03126625099983,0.00324107697855419,0.0102772169367892
"AFUB_097090-T",4313.13394361405,-0.547074181523919,0.191710624847779,0.00325250567506441,0.0103101625119816
"AFUB_086010-T",7221.14653396264,0.327112812562794,0.112090011628918,0.00326342542161582,0.0103414742367615
"AFUB_004200-T",945.604231381113,-0.70074820933154,0.250862443495565,0.00329211745076934,0.0104290666131139
"AFUB_018960-T",3765.31748516656,-0.390537005782127,0.134942013160237,0.00330587650445347,0.0104693121591259
"AFUB_075970-T",2070.49808244633,-0.475560833111825,0.165593306675113,0.00331673626703289,0.0104984978485748
"AFUB_042840-T",2789.00578915745,0.394370666763946,0.13614662722203,0.00331720798520208,0.0104984978485748
"AFUB_000710-T",1107.37144715243,-0.640292024693336,0.227645949417683,0.00334251920502568,0.0105752321038826
"AFUB_011810-T",12502.7846532866,-0.317736784779063,0.109310367760449,0.00336182758764137,0.0106329314236267
"AFUB_077710-T",25.0769610240151,-3.22798028930162,2.20693682458703,0.00336983568269049,0.0106529965606428
"AFUB_016850-T",1213.33928911266,-0.694801657295295,0.249502638539766,0.00337031830734695,0.0106529965606428
"AFUB_075110-T",4775.02262270749,-0.355329600116218,0.122722316769213,0.00338862676517245,0.0107062155576876
"AFUB_016950-T",11.0979500903527,-0.553226441528796,1.14053147484854,0.00338931277403068,0.0107062155576876
"AFUB_006040-T",1435.59272442141,0.534482300611919,0.187499563934774,0.00340257061974735,0.0107446749605449
"AFUB_050620-T",1923.77487129566,0.465135340334153,0.1620330742749,0.00340546378858685,0.0107503906175969
"AFUB_095430-T",3944.35193770364,0.413745111918999,0.143494809900285,0.00341153778875868,0.0107661407165119
"AFUB_079530-T",70.7131361513963,-2.07777913503215,1.03341739292102,0.00342306495187459,0.0107990844397188
"AFUB_028300-T",713.885733517411,0.767333457706882,0.27855492529477,0.00343326182589284,0.0108278117642156
"AFUB_097060-T",188.307190713252,-2.95146043745597,2.10630989867352,0.00345969947858828,0.0109077246902759
"AFUB_079830-T",14.0512894730026,0.503152040425178,1.08237452505841,0.00346762417561724,0.0109292378351861
"AFUB_064010-T",6243.83555904703,0.400798936746312,0.139124227583545,0.00347566517107592,0.0109511037533107
"AFUB_056450-T",916.659649911125,0.697344038029076,0.250771341299926,0.00348558917599742,0.0109788868840921
"AFUB_041390-T",8443.23977353427,0.495413681920208,0.173579056979807,0.00349924877210967,0.0110184149946664
"AFUB_088780-T",31931.9286079059,0.300573375857973,0.106350149842159,0.00350180122967915,0.0110229550284065
"AFUB_032250-T",159.213203803788,-1.4907219915906,0.639014948574382,0.00350522624947194,0.0110302379600536
"AFUB_073100-T",6881.00970006934,0.324389533404226,0.112134474937327,0.0035121240203731,0.0110484408564827
"AFUB_061770-T",999.06939545539,-0.657270164974928,0.235952115093218,0.00355699956296836,0.0111836321324669
"AFUB_023200-T",6483.82459221643,-0.386549765659588,0.134469855989599,0.00355735281029702,0.0111836321324669
"AFUB_038610-T",546.982591980735,0.785289427142944,0.287247885591166,0.00356188172957549,0.0111943243084347
"AFUB_089450-T",3127.13236276728,-0.510024037203117,0.179859104255127,0.00357936974668114,0.0112457248293163
"AFUB_068380-T",5910.86866604435,-0.374230749331469,0.130139806904685,0.00360256021622814,0.0113150032107799
"AFUB_071890-T",283.857676527649,1.01184099658817,0.387822928794748,0.00361962822799532,0.0113650142875209
"AFUB_000530-T",3030.23480697583,0.392594505658341,0.1368798412681,0.00363645684670605,0.0114142423161156
"AFUB_067510-T",20181.2376026285,0.341483366983437,0.118680091474954,0.00365413213536602,0.0114627800469482
"AFUB_072480-T",3107.22948605218,-0.41576776795035,0.147188137037476,0.00365423033436214,0.0114627800469482
"AFUB_091370-T",4735.29753340666,0.372148148218869,0.129612274193135,0.00366890811545108,0.0115051857964777
"AFUB_005570-T",10940.1886107955,0.342573009582827,0.119183829009541,0.00368687505773966,0.0115578758522003
"AFUB_022520-T",6018.06434232919,0.37880262797571,0.132130688390634,0.00369321881421555,0.0115741069564538
"AFUB_027500-T",1420.86345235,0.534989315957936,0.189450586249767,0.00369819987050383,0.0115860586220803
"AFUB_067340-T",71488.1874805925,0.318596968718164,0.112223438794051,0.00369985485721839,0.0115875858182053
"AFUB_053580-T",3956.48025054579,-0.392794140104285,0.137471844370429,0.00370981055538629,0.0116151008713593
"AFUB_076760-T",714.913546918252,-0.890591113588707,0.334929771784375,0.0037208136814068,0.0116458769435391
"AFUB_003760-T",663.780468229202,0.892706098307547,0.335034837941587,0.0037286486349729,0.0116667205870448
"AFUB_053210-T",6892.48515556871,-0.35242946662915,0.122322217109808,0.00374406010208826,0.0117109179732483
"AFUB_033300-T",3459.20241836369,0.50102446653502,0.177015159384073,0.00374613425085411,0.0117109179732483
"AFUB_091970-T",426.122788275835,-0.900446219209156,0.339633360071851,0.00374631381008196,0.0117109179732483
"AFUB_091050-T",5158.07713630429,0.452304782458462,0.159114639420747,0.00376395699806885,0.0117623656189652
"AFUB_049130-T",107.018311233925,-1.958081672743,0.966452809321717,0.00376542450679226,0.0117632477903409
"AFUB_008700-T",13425.4349537867,0.303859316893242,0.10562148327324,0.00376954656726303,0.0117724196601906
"AFUB_091330-T",7333.74569538195,0.348536296908692,0.119459765249824,0.00378508913990312,0.0118172411807293
"AFUB_001250-T",1469.74625082417,-0.607799988543612,0.218206784669408,0.00378984069292121,0.0118283549928437
"AFUB_018980-T",399.838722956448,0.860401681214243,0.322068041843501,0.0037988885649697,0.0118528667108847
"AFUB_028530-T",14466.9634914277,0.267206372503222,0.0928631682683304,0.00380465158775256,0.0118671172245268
"AFUB_082120-T",661.223925598543,-0.818234182477706,0.3043597518283,0.00380593445538619,0.0118673890888181
"AFUB_012680-T",764.42736150108,0.757851179266368,0.278290518890213,0.00381759998962189,0.011900025093278
"AFUB_052600-T",3132.01601476699,0.42527621158759,0.149487920320674,0.00382305162222539,0.0119132770331513
"AFUB_045510-T",43.9384589003547,-2.70952422667824,1.72977771263531,0.00385354909005155,0.0120045432262277
"AFUB_060260-T",3865.15794119986,-0.366141593253622,0.128419394606062,0.0038625793773932,0.0120288987513735
"AFUB_098490-T",13664.4496992913,0.306763514138009,0.108466364479037,0.00386667764551068,0.0120345034844046
"AFUB_018270-T",1120.74934559703,-0.599886420780318,0.215699793629796,0.00386680419262128,0.0120345034844046
"AFUB_076530-T",898.317051043753,0.606284510384,0.218250893097906,0.00388336892530726,0.0120822685215281
"AFUB_039050-T",55595.2811419509,-0.277796262200007,0.0949294831348883,0.00388684916085837,0.0120893067757817
"AFUB_008160-T",1673.05262005359,0.507248729154116,0.180142751358705,0.00389696532459328,0.0121169739494324
"AFUB_084440-T",307.578871114082,0.960325061960877,0.367961997640079,0.00392106052840687,0.0121880757107542
"AFUB_042900-T",13.7040253539513,0.48671854384717,1.06476076724201,0.00395727862850441,0.0122968035027884
"AFUB_023030-T",2145.79368973309,-0.506501041677971,0.180564954737519,0.0039607605928694,0.0123037711687727
"AFUB_088710-T",201.977252308304,1.13220138386885,0.452390455663234,0.00400943503491533,0.0124510771969758
"AFUB_098800-T",3632.80648928165,-0.491100376674513,0.175029280254943,0.0040215690993843,0.0124848524589894
"AFUB_052360-T",1386.63540804717,-0.493290220745587,0.17609700398249,0.00406872742371981,0.0126265281612006
"AFUB_091200-T",3419.4458983082,-0.384103219297756,0.135702222383971,0.00406974947986708,0.0126265281612006
"AFUB_005540-T",1220.08133210932,0.624073549114317,0.226267474802162,0.00407892658192323,0.0126510457267463
"AFUB_026750-T",1066.46008083043,0.54650689783204,0.196070233769389,0.00408302370689918,0.0126597970293578
"AFUB_029570-T",6952.11593440872,-0.34035990277681,0.120024403914806,0.00412414899319175,0.0127833162890157
"AFUB_033060-T",96.3507091596173,1.47507701377321,0.64497252962341,0.00413007419411754,0.0127976854126184
"AFUB_041750-T",882.16596507402,-0.625859816888273,0.227695720101252,0.00413431679165931,0.0128068333824028
"AFUB_011500-T",11555.75531755,0.384731398599675,0.135970928162935,0.00413957915193594,0.0128191335672275
"AFUB_007850-T",11024.452716759,0.332758704005962,0.11722721082237,0.00415025055053128,0.0128481711522218
"AFUB_001940-T",5978.52354817744,0.376283591955588,0.133002913290497,0.0041564099295554,0.012863226863373
"AFUB_057110-T",398.314431347243,-0.945751565047879,0.365182552389307,0.00416274679709198,0.0128757309378451
"AFUB_037320-T",4757.32502258698,0.351636178987093,0.124097268452602,0.00416304489466448,0.0128757309378451
"AFUB_002420-T",233.396174347689,-1.10963702147545,0.445206904527559,0.0041805458491954,0.0129222258725874
"AFUB_018400-T",23010.0108671868,0.247728674095913,0.0871794546772581,0.00418068184149907,0.0129222258725874
"AFUB_044620-T",304.241697943446,1.1761222248506,0.477662217272119,0.00418621650022769,0.0129353047212826
"AFUB_003330-T",5676.47845059255,-0.319117747838431,0.112604323920731,0.00419381975214345,0.0129547653408104
"AFUB_095220-T",598.545801757698,-1.03710390035862,0.409402544738115,0.00419740440169607,0.0129618041962768
"AFUB_053830-T",4643.57343475908,0.408798747845499,0.145171696957468,0.00422886695311846,0.0130549003140593
"AFUB_093830-T",3886.2298499311,0.48140745639931,0.172054844265305,0.00423224897078468,0.0130612783069148
"AFUB_078030-T",831.956112906019,-0.692277952203547,0.255627573517033,0.00423542405542183,0.0130670139104948
"AFUB_037350-T",42740.1219861518,-0.251937504407043,0.0880308821062751,0.0042384961356283,0.0130724282616877
"AFUB_022680-T",11970.8803768634,0.311892013450673,0.111293394676967,0.00424604251161844,0.0130916346467266
"AFUB_093270-T",3512.7636179436,0.447923639348151,0.159732264579507,0.00424854877324287,0.013095293967216
"AFUB_076440-T",7906.99072498485,-0.299513116794357,0.105732690413778,0.00425145217689172,0.0130980025970792
"AFUB_091430-T",424.62419723997,-1.07958200859254,0.431167067306855,0.00425206693882008,0.0130980025970792
"AFUB_075630-T",718.022268354284,-0.704335339481109,0.260621734430463,0.00425597333456505,0.013105968149413
"AFUB_042230-T",7511.95754125236,-0.391599240844048,0.139186513025514,0.00426408797693842,0.0131268837379385
"AFUB_093930-T",1281.86262797565,0.792370195904671,0.296829241645219,0.00426580156554348,0.013128086988533
"AFUB_038110-T",3660.44184131827,-0.40109854880993,0.142572756879593,0.00428265946771224,0.0131758819643658
"AFUB_028210-T",10394.1403948392,0.328708503466063,0.116208902842104,0.00428779385688096,0.0131875903407324
"AFUB_085860-T",1254.58519583436,0.516838412185656,0.185986624766853,0.00431425447796601,0.013264862358678
"AFUB_004750-T",2179.99455734275,-0.536000097089403,0.193871505925289,0.00436000286734913,0.0134013714643667
"AFUB_061700-T",26158.6182408967,-0.250977858048993,0.0889922849224039,0.00439007493637693,0.0134896265459879
"AFUB_017930-T",182.336606329276,2.82163007227851,2.15270894347769,0.0044282720804152,0.0136027856385394
"AFUB_032870-T",17604.418249428,-0.282709788893725,0.1001302655472,0.00442970584541295,0.0136029797387758
"AFUB_096330-T",7653.0224121101,-0.374152111888972,0.135530468894385,0.00443161491746486,0.0136046328660188
"AFUB_010490-T",3880.36875762455,-0.483795729061557,0.174335750652264,0.00443862942809912,0.0136219533314421
"AFUB_026380-T",2036.69403822947,0.472137404445367,0.169644660201722,0.00444229483185007,0.0136289880080717
"AFUB_012830-T",7786.82513709886,-0.338971989370515,0.119648269311332,0.00445979634341695,0.0136784544834404
"AFUB_058500-T",18570.7032056092,-0.255942783820695,0.0907353337785277,0.0044668168895701,0.0136957545965348
"AFUB_023430-T",13052.8211294815,0.272274977670234,0.0965037953480581,0.00451624000230338,0.0138430148310256
"AFUB_093840-T",1273.63355760678,-0.738249402244357,0.276603538300138,0.00452264352493737,0.0138583627616559
"AFUB_090780-T",309.420283950859,-0.977221470411713,0.384579217415028,0.00453371144993675,0.0138879895495748
"AFUB_023750-T",1173.38244962977,0.652066526607511,0.240804926994487,0.00454590977830251,0.0139197855845143
"AFUB_093940-T",884.5440836996,-0.604582271102816,0.221811836995104,0.00454689620805999,0.0139197855845143
"AFUB_051650-T",5464.34325070599,0.342344864362774,0.121833416391452,0.00456093780673337,0.0139584667689882
"AFUB_036470-T",14188.8261898014,-0.333390425697872,0.117485872593568,0.00456978157983238,0.0139812213871259
"AFUB_029150-T",13348.9241957844,-0.269582054641816,0.0958331456305728,0.00458082654067502,0.0140106944271801
"AFUB_060200-T",3292.48660034946,0.465353472251241,0.167905192092786,0.00463945557986637,0.0141856428312303
"AFUB_044850-T",127.775797789456,1.733107242251,0.834953864053327,0.00464463313137339,0.0141971000396923
"AFUB_094640-T",2249.71233019736,-0.567213999550443,0.207694252946224,0.00467351080994908,0.0142809713019534
"AFUB_048970-T",295.955169853475,-1.04842549783653,0.421572096806051,0.00467596087235159,0.0142840602210186
"AFUB_025730-T",12934.135652398,0.332095914304032,0.119792617972046,0.00467828820806763,0.0142867724507912
"AFUB_099450-T",507.311657158149,0.848059925061536,0.325136028966413,0.00469001085963776,0.014313492851447
"AFUB_059460-T",2059.82107042182,0.49783233338762,0.180526891931969,0.00469110321876268,0.014313492851447
"AFUB_029470-T",81.7672940628832,-2.05509177815555,1.11456433849155,0.0046913644580108,0.014313492851447
"AFUB_051920-T",7650.70455228488,0.342311797440071,0.122311895542797,0.00470730917880869,0.0143577269820763
"AFUB_021720-T",332.423574285595,0.9245838214303,0.360630965795819,0.00472308158488925,0.0144014085192091
"AFUB_064120-T",37881.5285481689,0.358812645190953,0.12904759146577,0.00473786516490667,0.0144420490668608
"AFUB_056070-T",4281.83858614125,-0.356503036501329,0.127951565898825,0.0047503410525936,0.0144756324676056
"AFUB_091570-T",1200.86460032413,-0.555632048787909,0.203634259186586,0.00476085848991123,0.0145032291320961
"AFUB_044920-T",10988.3193167326,-0.36218398717667,0.130132764849641,0.00478077215637347,0.0145594242565225
"AFUB_025770-T",737.694014876615,-0.757190543534274,0.286866106557894,0.0047848608490095,0.0145674061123985
"AFUB_013090-T",2214.20037195541,0.430886139127933,0.155576644224477,0.00478865109727289,0.0145744747440765
"AFUB_036370-T",5049.62812344796,0.378297629897961,0.135978135335909,0.0048010180905878,0.0146076347483396
"AFUB_015270-T",775.582573072974,-0.611673263098038,0.226155186518611,0.00480332525789635,0.0146101756618514
"AFUB_002660-T",6994.00384486975,-0.347250407799815,0.123168198852193,0.00481358197612515,0.0146368875959075
"AFUB_058380-T",16726.9295632897,-0.30835578652307,0.108280860291628,0.00482103382070697,0.014655056866927
"AFUB_094510-T",493.510327332698,-0.739396881621096,0.279406090235126,0.00482465064269515,0.0146615608171308
"AFUB_076140-T",358.988227477181,0.881892302530547,0.342412125758512,0.0048790464933997,0.0148223252056909
"AFUB_019280-T",1356.36381614112,0.576414205038785,0.212212423789835,0.0049146493259665,0.0149259163280959
"AFUB_054770-T",6693.48629432865,0.312179906946745,0.112043956641069,0.00493500985941039,0.0149831669790909
"AFUB_018510-T",14525.2600305398,-0.324325191709788,0.116390788681077,0.00494862547532343,0.0150199106552248
"AFUB_083410-T",9990.48425495974,-0.387024866499148,0.139924953321897,0.00496777366597895,0.0150734190262431
"AFUB_074530-T",4355.9685847363,0.368437910578894,0.13281395163147,0.0049752429615871,0.0150914689467457
"AFUB_018520-T",1643.15141593742,0.47167717601931,0.171774097109091,0.00499347845773886,0.0151421551155081
"AFUB_059620-T",2707.23420351062,0.480005632988967,0.175034197472897,0.00502148376573671,0.0152224271151304
"AFUB_032560-T",4279.78549874342,0.343436001806438,0.123829018317098,0.00504639569972795,0.0152932755174962
"AFUB_041179-T",1126.72142765945,0.676703449095355,0.253981708250176,0.00507819573231027,0.0153849489142794
"AFUB_099460-T",1430.42859814804,0.620528277593434,0.231243903566244,0.00510393824928812,0.0154582200562052
"AFUB_077790-T",9.97230827369324,0.547876178730963,1.13007259409593,0.00511228167178789,0.0154787661966122
"AFUB_092520-T",403.475124872337,0.837212169151216,0.324453439456421,0.00512023808262478,0.0154945252326149
"AFUB_068820-T",641.533306789212,-0.797463173570521,0.307080782024459,0.00512060884261732,0.0154945252326149
"AFUB_087990-T",6900.02969671242,0.356372016634891,0.12889927481045,0.00514008957740816,0.0155487318060884
"AFUB_055410-T",4440.57684813585,-0.414534266739305,0.151015027228484,0.00516400281405635,0.0156121304260542
"AFUB_094940-T",602.065264007967,0.775981932470651,0.297081021796745,0.00516419387292051,0.0156121304260542
"AFUB_101230-T",65.5395997488605,-1.99200559624125,1.09352206092939,0.0051890027799008,0.0156823546256137
"AFUB_101420-T",3173.20982607082,-0.406004035397615,0.143799562665797,0.00519097659532353,0.015683544203527
"AFUB_013310-T",1013.63209562349,-0.592460481006637,0.220591163968265,0.0051962250944466,0.0156933100515189
"AFUB_031880-T",2174.97987716809,-0.440288188410322,0.160897833275547,0.00519737129867431,0.0156933100515189
"AFUB_025550-T",1777.26696398186,0.548267998374466,0.202569044594459,0.0052029606759505,0.0157054089746985
"AFUB_046320-T",1742.35419402081,-0.577603596428738,0.214778939464929,0.0052062541014369,0.0157105721972518
"AFUB_064700-T",9816.18568305618,0.296404218785461,0.106869999363478,0.00522504331468039,0.0157624786924629
"AFUB_005450-T",5099.8226663307,0.327097677137641,0.118345761540535,0.00524857472841371,0.0158286551745689
"AFUB_007840-T",4503.07498092156,-0.389195000730717,0.141813636117724,0.0052769977557664,0.0159095391026675
"AFUB_073300-T",5298.05966627453,0.328542205471591,0.11904369094347,0.00529413091846424,0.0159563466036312
"AFUB_090400-T",19.4091672954754,2.86672369673308,2.27723335026597,0.00535269865403171,0.0161233324391057
"AFUB_068630-T",2335.26727680564,0.464185748168507,0.170371565405033,0.00535278391807086,0.0161233324391057
"AFUB_020930-T",18721.196108541,-0.415930267046648,0.15319004971018,0.00536488067411769,0.0161548667143865
"AFUB_010800-T",523.339496942664,-1.04538995244343,0.428671869869431,0.00538854062052687,0.016221190675987
"AFUB_055470-T",843.92620371438,-0.619640845357676,0.232975896565144,0.00542370075586477,0.0163220830812486
"AFUB_026200-T",308.126947095473,-1.06069961243135,0.437700695310611,0.00543034610684411,0.0163371279510239
"AFUB_090640-T",703.932170027028,-0.675469073029753,0.256640978015077,0.00543553283039816,0.0163477767702127
"AFUB_072370-T",11393.87633003,-0.268771425337696,0.0974687266072935,0.00544785587652964,0.0163798756663304
"AFUB_060500-T",786.819082867854,-0.726544704276835,0.278352897066013,0.00545677732364439,0.0164017307502031
"AFUB_024510-T",1822.01807449455,0.47030902655454,0.173052133345741,0.00546260162057344,0.0164142661471969
"AFUB_078150-T",81.5332200997381,-1.45815131965637,0.674611515201603,0.00547441323825159,0.0164447794762854
"AFUB_080630-T",98.9141827536854,-1.72449318269659,0.872253997761092,0.00548261946972572,0.016463968573668
"AFUB_085430-T",9.85395542086607,0.536234131773853,1.11605337670676,0.0054841189022213,0.016463968573668
"AFUB_060580-T",1663.66278439005,-0.496249986628537,0.183723195945466,0.00549591504529617,0.0164943927500951
"AFUB_093740-T",4327.43474090983,0.377237407763964,0.137835175181436,0.00551669077649578,0.0165517400111005
"AFUB_023620-T",3302.71122050367,0.403153573859895,0.14772309347981,0.00554012255600874,0.0166140190593313
"AFUB_068330-T",16394.1870890629,0.277401409961109,0.104074370415257,0.00554079628074425,0.0166140190593313
"AFUB_024070-T",24958.8744834132,0.268822896280852,0.0991101360577529,0.0055506255807635,0.0166384653848015
"AFUB_019480-T",1788.20277766085,-0.577246656236531,0.216424718045382,0.00558329866296123,0.0167313524244838
"AFUB_053470-T",1987.16645044155,0.461996632711274,0.170548616927132,0.00561459858400468,0.0168200697090994
"AFUB_085260-T",1926.33543627491,-0.472147426789441,0.17470162504629,0.00562549660100302,0.0168438375895929
"AFUB_000940-T",531.026347541811,-0.74436704795131,0.287385665589979,0.005625926610529,0.0168438375895929
"AFUB_066730-T",3192.11751634781,0.361195112664238,0.132134653089052,0.00562914619749073,0.0168483944541904
"AFUB_000570-T",5554.67145701592,0.307710258476557,0.112778643111909,0.00564758427339633,0.0168984847493092
"AFUB_063210-T",1565.6289200867,0.535663731842465,0.199661742111057,0.00565642632636094,0.0169198406537469
"AFUB_049610-T",9.23123098265976,-0.511230845472701,1.08919201971557,0.00566423164160322,0.0169380834718023
"AFUB_007830-T",2567.88809587761,-0.45822351883233,0.169566179141646,0.00567009093254407,0.0169504977426204
"AFUB_015490-T",8558.91817481124,-0.332611672179945,0.12061485385267,0.00567581136463893,0.0169588961214564
"AFUB_013300-T",119.15357454376,-1.91003188105713,1.04797924787287,0.00567631767410358,0.0169588961214564
"AFUB_040220-T",129.361045817617,-1.27406697318781,0.56223793617252,0.00570405872777818,0.0170366484722234
"AFUB_045660-T",16.2442236948695,0.601593775879426,1.19460285579756,0.00570681806923457,0.0170397621351243
"AFUB_086170-T",1255.24620879832,0.559124619649453,0.209335994443195,0.00571664279561069,0.0170639638335146
"AFUB_080790-T",15.4000121600789,3.25355641408848,3.34954339201302,0.00572608133656293,0.0170869985764844
"AFUB_020470-T",4506.17297373054,0.348094565837775,0.127531131430674,0.00574524801357416,0.0171390401366768
"AFUB_039530-T",5311.5825912534,-0.377209747993215,0.135626154247326,0.00576438809563337,0.017190971108522
"AFUB_006310-T",3914.45221304435,0.352136682490711,0.129288616851431,0.00576659652937932,0.0171923912748843
"AFUB_034680-T",348.461894573533,-0.901776368016396,0.36144234627344,0.00579331823392579,0.0172668719134275
"AFUB_025670-T",5562.52058804205,0.340682611596705,0.124272617176284,0.00580656823416446,0.0173011677346389
"AFUB_001200-T",67971.9068436722,0.297858523125536,0.110239126764968,0.00582277435676455,0.0173442483466051
"AFUB_052150-T",4507.2790366514,0.357794993893496,0.131405231526301,0.00582977845088826,0.0173599013276526
"AFUB_036800-T",3594.48995275857,-0.387596079834598,0.142823457221676,0.00584611321981991,0.0174033214477242
"AFUB_049300-T",373.113269428517,0.859280415981417,0.340826739672789,0.0058747819859732,0.017483421652409
"AFUB_074260-T",3963.55378411002,0.369463716988248,0.135973252557128,0.00588682585037335,0.0175140127592792
"AFUB_091240-T",96823.8249838885,0.31412419246955,0.115081781550903,0.00590529042459448,0.0175636821888224
"AFUB_004550-T",345.482211941926,0.974503165189725,0.39739451657957,0.00591888990156626,0.0175988562831172
"AFUB_077690-T",12.3795513654709,0.44512716375891,1.02367161178923,0.00594608181086572,0.0176744120912975
"AFUB_056980-T",413.748262361217,-1.0076286161929,0.416199184527375,0.00595639850453649,0.0176997769932709
"AFUB_020960-T",526.930908765711,-0.770771489040527,0.301533988740023,0.00595958406926719,0.0177039424984965
"AFUB_037810-T",12003.9369213782,0.36214714479548,0.13689983357017,0.00596805141822576,0.0177237912405418
"AFUB_035840-T",1613.302227366,0.499612010692931,0.186657768505947,0.00597558656357371,0.0177408604975977
"AFUB_005790-T",2831.21467430697,0.44494302793701,0.165254458958755,0.00598384256458621,0.0177600590471047
"AFUB_094530-T",5373.79746450806,0.377234785495023,0.138692109762643,0.00598920169536353,0.017770650770249
"AFUB_067300-T",3865.23959944514,0.367384724911252,0.13556307171233,0.00601707130396067,0.0178444627082758
"AFUB_017690-T",213.469793452203,-1.19973883329311,0.523206472408047,0.00601767422514851,0.0178444627082758
"AFUB_012610-T",517.442703968297,0.838670887006847,0.332312141464688,0.00602193430942648,0.0178517616550352
"AFUB_050270-T",1959.92221036925,0.441388114364028,0.16399427386599,0.00602938099926121,0.0178635417775226
"AFUB_019690-T",12335.9727969676,0.265738446246037,0.0986007059520962,0.00602950780400008,0.0178635417775226
"AFUB_024280-T",473.600987554882,0.772664110550375,0.302143660184635,0.00605283713744689,0.0179273078451687
"AFUB_053040-T",15925.4403934693,-0.282160427882612,0.103945235168627,0.006065295289281,0.0179547351999065
"AFUB_063940-T",19049.9812112494,-0.299120630569441,0.110078557035816,0.00606571557937395,0.0179547351999065
"AFUB_021100-T",6486.39501874047,-0.405109016714907,0.147741862535141,0.00609734375744354,0.0180429745952973
"AFUB_034760-T",1466.16065975848,0.48846701730845,0.182738797876754,0.0061041103914044,0.0180576141981188
"AFUB_081920-T",21152.6721374874,0.312727246965489,0.115168974921794,0.00613518745606827,0.0181436619266683
"AFUB_099880-T",29662.8593477857,-0.396439316672217,0.149414200220231,0.00613685371161971,0.0181436619266683
"AFUB_063850-T",6804.84426505097,0.297040274715998,0.109371041862034,0.00614033648039867,0.0181485525812855
"AFUB_015100-T",873.740003833443,-0.714698989327591,0.277621169205707,0.00614417318427207,0.0181522403658642
"AFUB_052470-T",869.752130556435,0.610186185781198,0.232480091553203,0.00614524207851925,0.0181522403658642
"AFUB_066030-T",10032.0197262962,-0.31565245522645,0.115083572180063,0.00615012823221389,0.018156406372099
"AFUB_066360-T",1917.60048918054,-0.516352706996524,0.194430216208512,0.00615031115596945,0.018156406372099
"AFUB_041530-T",82.233879158799,-1.58612631726107,0.786274581030174,0.006167797583058,0.0181974538471663
"AFUB_001760-T",6487.00343992146,0.313591713937382,0.115293570471017,0.00616788259363904,0.0181974538471663
"AFUB_040680-T",1900.30986798495,-0.534548354758095,0.202027391145017,0.00620951638738521,0.0183148440252001
"AFUB_084930-T",24404.4353825978,-0.323162813215557,0.118713676489952,0.00625325789527048,0.0184383792663576
"AFUB_100040-T",2433.82314571299,0.436837397944267,0.162990417768415,0.00627075960641952,0.0184844933453263
"AFUB_078370-T",12420.9732830996,0.258150379790822,0.0950255058878365,0.00628035974476474,0.018502674915324
"AFUB_098240-T",12566.3431895392,0.291027770872827,0.109754659944353,0.00628065609972056,0.018502674915324
"AFUB_033200-T",231.890950576313,1.39248342455649,0.644459828888618,0.00629497672249852,0.0185393602287234
"AFUB_061280-T",181.807372948285,-1.39138423764151,0.650149214487577,0.00630123487002981,0.018552285993784
"AFUB_038640-T",8244.48732010262,-0.298654786101283,0.110433055641324,0.00632203175969803,0.0186079968016023
"AFUB_028880-T",14644.5274221039,0.320971638942141,0.118771247660302,0.00636408515621635,0.0187262215165868
"AFUB_022270-T",2283.04335314431,-0.460411959844443,0.172941258773084,0.00637255977695094,0.0187456004108589
"AFUB_030430-T",2250.84557076596,-0.48225514988184,0.181609636517304,0.00637465795366,0.018746216352615
"AFUB_010830-T",2230.14717315739,-0.410197410453437,0.153409663758648,0.00642202270993798,0.0188799097737365
"AFUB_045290-T",957.779830836614,-0.587077078008239,0.224496003002466,0.00642624105766807,0.0188867167596552
"AFUB_090540-T",104.699609236845,-1.31805003035556,0.603133655159824,0.00643210736886241,0.0188983616447482
"AFUB_045480-T",25.6922078822947,-2.49808874785648,2.0901978666632,0.00645124071225379,0.018948968354282
"AFUB_096470-T",20665.6882830287,0.285414948352902,0.108247976441471,0.00652395583603147,0.0191568821516604
"AFUB_099410-T",8506.90300667972,-0.364891540315362,0.136976350858362,0.00660204531192063,0.0193784178424508
"AFUB_040800-T",2201.41422431277,-0.458663496889634,0.173044012226417,0.00660330570712025,0.0193784178424508
"AFUB_099640-T",39.978612878909,-2.17034505440809,1.4314739824697,0.00662249310514269,0.0194289813977361
"AFUB_006860-T",1564.56811026824,0.500198720879718,0.189431062611672,0.00662684759810383,0.0194360113508217
"AFUB_003290-T",2341.13191709385,-0.534270285615993,0.203773193370492,0.00664143798733829,0.0194730493424911
"AFUB_090980-T",8174.09659986176,-0.302471844095985,0.112535217889426,0.00665282780601592,0.0195006839854424
"AFUB_102080-T",567.564009992386,0.770056646573128,0.305048764427082,0.00665500560000337,0.0195013081133846
"AFUB_053400-T",12608.1774833334,0.309077216933412,0.115007800400541,0.00667686374585444,0.019559584615586
"AFUB_057520-T",376.155838785895,-0.885229503782147,0.361122701712687,0.00669791089633922,0.0196154516512738
"AFUB_088720-T",4972.54463846956,0.373541753888695,0.139703384187119,0.00671859696411588,0.019670228574882
"AFUB_075880-T",1830.64950284003,0.465139310272637,0.175756565705317,0.00676096752365761,0.0197884407762612
"AFUB_095350-T",698.249488151872,-0.798491899626571,0.31984211096804,0.00676394282488873,0.0197913126583198
"AFUB_031780-T",3023.39108392841,-0.366053604809836,0.137128284837035,0.00676985626858778,0.019802777325592
"AFUB_046360-T",23.4515039111841,-2.53994970825112,2.77242591768596,0.00677910792594549,0.0198217457856039
"AFUB_060190-T",7096.18691404371,0.37907044083636,0.142077335577462,0.0067803352082746,0.0198217457856039
"AFUB_089100-T",4420.10785944854,0.342135469258239,0.127890830000136,0.00678979790378939,0.0198435642506212
"AFUB_013930-T",1968.67284701377,-0.484757056561784,0.184213537379587,0.00683686088305922,0.0199752264540367
"AFUB_021940-T",6963.27532723782,0.323450375685128,0.120677161585242,0.00691672298990373,0.0202026120290743
"AFUB_093610-T",568.146757336749,-0.71600715139638,0.28340886749131,0.00700441407983721,0.0204509195808956
"AFUB_079870-T",124.163436364431,-1.41053466210389,0.678392520364327,0.00700783865028721,0.0204509195808956
"AFUB_090560-T",448.816720211921,-0.749232541783914,0.298493650571215,0.00700791712792199,0.0204509195808956
"AFUB_027930-T",1344.44146694751,-0.546670105411364,0.210272833327135,0.00702772652866736,0.020502700116703
"AFUB_041680-T",11.8934406348335,0.427712686598585,1.00800376724229,0.00703472832753198,0.0205170962829136
"AFUB_037010-T",1047.73494943223,0.540785094616959,0.207535485329365,0.00704804658838709,0.0205499008195481
"AFUB_090890-T",3315.89465910194,0.385779505951191,0.145444330009033,0.00705395935742662,0.0205611003296503
"AFUB_057220-T",1333.99906792455,0.571099473305804,0.219991344521034,0.00706358631381008,0.0205831163137302
"AFUB_085730-T",1509.84265555712,-0.565411530743329,0.218285194723063,0.00707594216265916,0.020613068965187
"AFUB_012230-T",2428.6296482941,0.542630491241923,0.208613590690884,0.00709486546989028,0.0206621302196775
"AFUB_031830-T",5677.33292151943,-0.32020809253953,0.119638045070313,0.00710789989426126,0.0206940177326322
"AFUB_066290-T",3628.91930801096,-0.51578194331603,0.197899496873088,0.00711094238006468,0.0206968044346457
"AFUB_024830-T",1616.56616359523,-0.575934926214588,0.222879625519616,0.00711390405766078,0.0206993543747532
"AFUB_013890-T",11689.9060951262,0.286028810888482,0.107123543582711,0.00712597797273855,0.0207284089623183
"AFUB_040340-T",570.566832992071,0.703010739580252,0.277652794208883,0.00714952949639665,0.0207908233963483
"AFUB_026980-T",986.735619197117,-0.529986235169342,0.203957308261524,0.00716692779070652,0.0208353129240663
"AFUB_041740-T",4553.52255489265,-0.375906015009436,0.142235369894271,0.00720433065694918,0.0209379155988933
"AFUB_093330-T",1194.43852492211,0.622232552443849,0.242488098782079,0.00720957841702963,0.0209446609182325
"AFUB_031080-T",290.215644797292,-1.03924968098187,0.446669328869994,0.00721087217708822,0.0209446609182325
"AFUB_005660-T",4711.1420862359,0.359416237984728,0.135584468841319,0.007216380713933,0.0209545285505515
"AFUB_014050-T",286.052214407103,-1.18027008528597,0.529323524898969,0.00721982029667133,0.0209583844528994
"AFUB_035740-T",2599.15478264722,-0.425933927799325,0.162006111669867,0.00723453013206212,0.0209942804586724
"AFUB_075680-T",458.288839515016,-0.930097644504018,0.388397838569695,0.00723644843638274,0.0209942804586724
"AFUB_020940-T",343.673355600807,0.840653492757743,0.342417762131407,0.00723853176116645,0.0209942804586724
"AFUB_028640-T",1938.70795712254,0.531635809416472,0.204695532576668,0.00729918328381455,0.0211640064539467
"AFUB_078790-T",26289.4006551628,0.285463002846442,0.108339745191973,0.00731736630580246,0.0212051815520239
"AFUB_001640-T",5995.86250729126,0.355093777700835,0.134128756888331,0.00731765710989237,0.0212051815520239
"AFUB_095360-T",5798.62440296374,-0.382248380473052,0.148965257835092,0.00736553615900031,0.0213376959655803
"AFUB_041120-T",1510.60269943949,0.514758708146029,0.198002558320883,0.00737892300961104,0.021370239530315
"AFUB_022540-T",15964.063071568,0.292829018869799,0.110237085494572,0.00741209015429587,0.021460033483485
"AFUB_098480-T",1786.85443601804,-0.542667639934314,0.210352249068296,0.00743372230771999,0.0215163878402219
"AFUB_089170-T",19489.1824182314,-0.286835772435901,0.105574030347625,0.00745208571016118,0.0215632509251748
"AFUB_092990-T",14214.4757657427,-0.282640941583095,0.106716349759421,0.00746877063943056,0.0216052313017628
"AFUB_069140-T",23108.1352465146,-0.327435303570959,0.123241685184881,0.0074813278830686,0.0216352503611468
"AFUB_068830-T",854.765064515898,0.635276594948328,0.249421752752088,0.00748847867063287,0.0216496215572477
"AFUB_031520-T",1142.31920262586,-0.534047895068767,0.206928763978644,0.00749583305246125,0.0216645728146994
"AFUB_003510-T",11092.2374603461,0.297427149103506,0.11358003934284,0.00761832183887841,0.0220121817324216
"AFUB_102200-T",13.8627824693849,1.15802383741734,2.87779796274002,0.00762340868211561,0.0220204689086139
"AFUB_100610-T",72.1986073801196,-1.98495149963968,1.2829432542889,0.00766892128043631,0.0221454884225576
"AFUB_050900-T",15641.1175175461,0.25164655736527,0.0949970314188312,0.00768965076082241,0.0221946091731417
"AFUB_069400-T",3133.04189626458,0.35679857455704,0.135454781570582,0.00769083613641137,0.0221946091731417
"AFUB_078870-T",80.1682445709327,1.92351252377262,1.17785549053828,0.0076926403582476,0.0221946091731417
"AFUB_040450-T",15022.8359130327,0.288885886578316,0.109373694797984,0.00770175184632584,0.0222144397194955
"AFUB_035810-T",6283.81877009817,0.318728732607137,0.120869848593788,0.00770637352534621,0.0222213123878737
"AFUB_045360-T",101.834860066249,1.49064059312445,0.750254825986696,0.00772312702094011,0.0222631529720681
"AFUB_035050-T",34445.6352920367,-0.329491993487568,0.125281097088738,0.00773046171626744,0.0222778259390111
"AFUB_049990-T",714.554844970945,0.732995177923881,0.294514586612803,0.00773708038707413,0.0222904275302499
"AFUB_049420-T",306.623623139127,1.30847719185403,0.617514841320449,0.00776719958521787,0.0223707068726893
"AFUB_000400-T",2227.69036578018,-0.410543901598587,0.157330952769831,0.00777166621003873,0.0223770777878255
"AFUB_048890-T",93.7297315352273,-1.64655892532465,0.894808636884813,0.00778729998843354,0.0224155894388639
"AFUB_050940-T",12092.5075330815,0.271592342438136,0.102848889886208,0.00779202390090551,0.0224226840291352
"AFUB_031340-T",479.62150385272,-0.777267953949726,0.316561027213311,0.00779817429880439,0.0224338782364155
"AFUB_035930-T",2372.55678831705,0.45869119120061,0.176538190807259,0.00780829279255641,0.0224564781124667
"AFUB_098530-T",272.134372998786,-0.901539416446656,0.378379463546132,0.00782353411041713,0.0224937937560516
"AFUB_034150-T",41.8700216153676,-2.28682162868552,2.49679104239335,0.00782935219437571,0.0225040024700779
"AFUB_001510-T",6553.03871849867,0.326708435789175,0.123823764582742,0.0078580583277501,0.0225799736256282
"AFUB_073920-T",16630.4205463612,0.240461926425629,0.0910897697510826,0.00787906272197516,0.0226288790427845
"AFUB_031100-T",859.514898537332,-0.723492546058536,0.291904114299457,0.00787963788129605,0.0226288790427845
"AFUB_009230-T",3518.0084064167,0.404938488007619,0.155248436874223,0.00791865600112766,0.0227343537203333
"AFUB_001700-T",3826.15828457759,0.379301784583609,0.145064252370248,0.00793001440275125,0.0227603796840099
"AFUB_057690-T",9.64390726544382,0.465516539940803,1.04087902165046,0.00793671427712878,0.0227730237642391
"AFUB_064850-T",338.316578310482,0.926045762018158,0.391165299750747,0.00796724202086119,0.0228540107101293
"AFUB_060720-T",6630.93368396056,-0.37333955319948,0.140364441583126,0.00798079611899244,0.0228862760707888
"AFUB_087820-T",1210.29883478707,-0.497751301192616,0.193529792297816,0.00800246009197355,0.0229417725051524
"AFUB_028810-T",903.073268736715,-0.549406893404846,0.215208594244295,0.00801698906258664,0.0229767878851205
"AFUB_003610-T",210.033909283555,1.07877035186146,0.476479471960863,0.0080392514394788,0.023033940686151
"AFUB_091940-T",14848.8449499522,-0.300614595994888,0.114734610621104,0.00804869490570811,0.0230543425509821
"AFUB_005900-T",4779.30497584464,0.341445412036922,0.130499590401566,0.00807592286528522,0.0231256590992371
"AFUB_059410-T",200.367143866309,-1.02343687610573,0.44646928633183,0.00808074895390117,0.0231310667738992
"AFUB_021150-T",16723.8512128813,-0.260913714674026,0.0993860113946796,0.00808247250094534,0.0231310667738992
"AFUB_093380-T",5151.48277015838,0.298612723687977,0.113898390306084,0.00817612329468835,0.0233923389160513
"AFUB_060690-T",63.6025556416154,-1.69494530741479,0.956192603111216,0.00820723872836454,0.0234745949219072
"AFUB_065240-T",4380.36571347031,0.327409604091575,0.125306280641659,0.00822183761260285,0.0235095760026169
"AFUB_090150-T",2001.5855721729,-0.469249214145748,0.182436595770282,0.00822759890586004,0.0235192739460429
"AFUB_036590-T",848.896219824067,-0.669226756692048,0.268617866132118,0.00824044710049537,0.0235435974000953
"AFUB_046120-T",764.003031489904,-0.646996310849159,0.258921693268572,0.00824085212775123,0.0235435974000953
"AFUB_036910-T",1287.59077397045,0.570664243050038,0.224632290573987,0.00826961445710216,0.0236189707875508
"AFUB_079410-T",5264.02135988392,-0.399735387505866,0.15433459983055,0.00827535004985611,0.0236285527171524
"AFUB_041310-T",115.040119739181,-1.30850600801849,0.629790770892979,0.00828259563424756,0.0236424393643678
"AFUB_000780-T",2117.26760740662,0.457556533177315,0.177560237428699,0.00829924270685818,0.0236831465973454
"AFUB_084760-T",699.646181802794,0.591488419380493,0.23395105852072,0.00830944959331255,0.0237054576641641
"AFUB_085870-T",467.201183050611,0.768064657632491,0.31430447992237,0.00832592284316551,0.0237347841453782
"AFUB_069580-T",700.716418257168,0.646264353269811,0.258058601530447,0.00832653145343682,0.0237347841453782
"AFUB_055420-T",1241.17850931544,0.48559216090735,0.189140513279361,0.00832690361654476,0.0237347841453782
"AFUB_025480-T",378.176303517936,-1.78607044752365,4.77387527118616,0.00833671359114533,0.0237559237416358
"AFUB_004240-T",2852.18318085301,-0.425868816914054,0.165057044956482,0.00834679661029154,0.0237711721308404
"AFUB_055900-T",572.331612529054,-0.676076094275623,0.27230741006808,0.00834820570691431,0.0237711721308404
"AFUB_012420-T",9725.28028443707,-0.323954761600133,0.124191955878441,0.00834924997965841,0.0237711721308404
"AFUB_020030-T",781.638636504771,0.630147056068937,0.251006108030009,0.00836753946979122,0.0238164121702546
"AFUB_069650-T",5888.33569076703,0.409849478213323,0.158368773270596,0.00837247149771999,0.0238236180088506
"AFUB_008900-T",3047.0334282532,0.42429470691114,0.164228743120069,0.00837617102595469,0.0238273136808828
"AFUB_080750-T",145.980711658577,-1.13355855743001,0.516520049990605,0.00842999390499641,0.0239735500020313
"AFUB_086260-T",351.518683586343,0.902762744094716,0.382741985734714,0.00847789833792277,0.024102876254335
"AFUB_094760-T",5854.60936726211,-0.290359791219388,0.111428531669742,0.00848395432842833,0.02411318634297
"AFUB_080550-T",338.966898812996,-1.01720846592568,0.447391160143688,0.00851495458151266,0.0241943670831701
"AFUB_020580-T",4482.21764618378,0.374730113489294,0.14463748949097,0.00852246841766696,0.0242087862179006
"AFUB_013470-T",2394.52554893714,-0.435693348898944,0.169707070607801,0.00858439589218836,0.0243777193791043
"AFUB_030110-T",14520.5711524929,-0.361838256511669,0.139902587322764,0.00859916630676744,0.0244126789458429
"AFUB_068220-T",11288.9233293758,0.294340280668274,0.113649599724493,0.00860969355650986,0.0244355757930684
"AFUB_040710-T",47643.7376714885,0.26570191216439,0.10485475430386,0.00863298163563533,0.0244946663046543
"AFUB_027480-T",3971.44274173097,0.370918491968492,0.143404035621496,0.00864420508470388,0.0245195014191729
"AFUB_072970-T",1141.76162904565,-0.587402456469853,0.233979403528547,0.00866508809882264,0.0245694357817016
"AFUB_030140-T",9953.76975424108,0.380983565383184,0.147465615232105,0.00866676016843702,0.0245694357817016
"AFUB_009010-T",2366.09099967059,0.422878627395799,0.164443350635733,0.00869746669455723,0.024649445158047
"AFUB_023240-T",51.251598687322,-1.97339975515254,1.36257690028817,0.00870684836107951,0.0246689894329758
"AFUB_083220-T",3231.08304334133,0.391135976542619,0.151701267035971,0.00873299871952804,0.0247360194895308
"AFUB_083860-T",2126.90421552792,-0.432655936384483,0.169000640186694,0.00875568860479292,0.0247932123830442
"AFUB_017320-T",157.615046846487,1.19380002830104,0.555499691960773,0.00876240437352058,0.0248051521412412
"AFUB_055890-T",8214.91386353046,-0.317258948457382,0.122152382524227,0.00876965562684437,0.0248159309581053
"AFUB_026900-T",1919.29574416699,0.493168818297573,0.193665832991033,0.00877121267516708,0.0248159309581053
"AFUB_020430-T",14257.1435846074,-0.261186219421096,0.100524765398859,0.00877565462701159,0.0248214226768567
"AFUB_029460-T",5186.32829904148,-0.424331085302979,0.165594668550189,0.00877995610212884,0.0248265140494669
"AFUB_060320-T",4632.98922855072,0.385529515904694,0.149717738321779,0.00884353903088453,0.0249991811112301
"AFUB_078260-T",8195.08528426758,0.281668760742503,0.108665770622549,0.00884705510052684,0.025001999394285
"AFUB_079420-T",271.957531871475,-0.978438500915749,0.428238360148928,0.00885077136990279,0.0250053816812653
"AFUB_015920-T",246.342637662502,1.10250266251192,0.499106539664251,0.00885712263351528,0.0250162043647237
"AFUB_089400-T",13854.2605402029,0.287891908779123,0.111060800267354,0.00889175422923831,0.0251068736060285
"AFUB_073700-T",7098.43983232196,-0.293436995259153,0.113254318794072,0.00889515505698644,0.0251093327476082
"AFUB_039000-T",3189.72076734134,0.391917006908053,0.152392278627126,0.00890826415874992,0.0251391873117978
"AFUB_004480-T",838.939972821047,0.680881734160357,0.276447525462585,0.0089158136652628,0.0251533401443244
"AFUB_033150-T",2152.45245674337,0.549144235381157,0.217929854134771,0.00892279277459835,0.0251658761829749
"AFUB_034280-T",396.226117851974,-0.972419234707925,0.425686727720318,0.00894754033830255,0.0252285050731968
"AFUB_028370-T",93.0800772483501,-1.53836667423674,0.83032487190807,0.0089859222012416,0.0253295307717475
"AFUB_086180-T",3212.48791475754,0.363817370652792,0.141279455150463,0.00899199466922688,0.0253394511902546
"AFUB_009530-T",519.714679852728,-0.701753537012945,0.28733563764993,0.00900920215662813,0.0253807355675658
"AFUB_025450-T",304.865007998239,-0.971379457111388,0.425800938727755,0.00901927709287247,0.0254019083844379
"AFUB_044760-T",181.031484443288,1.42981412797394,0.729413647772646,0.00903410755205278,0.025434305858452
"AFUB_000730-T",579.251253904879,-0.791904982029762,0.330860143067736,0.00903590553721931,0.025434305858452
"AFUB_052790-T",10434.2880524892,0.270254213300821,0.10432487582657,0.00905275975440609,0.025474522416354
"AFUB_073970-T",8561.51178547853,0.299933091999924,0.115210010562603,0.00906839758933599,0.0255112942387074
"AFUB_026210-T",2221.29029226746,-0.465512512218689,0.184136286018697,0.00909742337323765,0.0255830833337605
"AFUB_081390-T",255.894338564824,0.967249528978861,0.422605776452711,0.00909907145271281,0.0255830833337605
"AFUB_010820-T",7206.88864478193,0.358930315820798,0.139557491210688,0.00910189673511725,0.0255837794098099
"AFUB_082630-T",732.455249806095,0.602925841286357,0.241934854714339,0.00911218951474462,0.0256054589280409
"AFUB_096270-T",19638.2170497217,-0.23253676124143,0.0898751545586283,0.00912333553459583,0.0256295231194066
"AFUB_015420-T",5049.95914630196,-0.321474840455525,0.124952536036184,0.00913875619268023,0.025665578724491
"AFUB_029130-T",17554.2210679066,-0.262789774366391,0.101692814492901,0.00916872969748193,0.0257424730544577
"AFUB_058820-T",1655.74304340399,-0.43086660821035,0.169242879012504,0.00917453042007672,0.0257514746660807
"AFUB_024610-T",10048.620305427,0.296502451807945,0.114819443982972,0.00918320049674995,0.0257685227396786
"AFUB_089740-T",1592.082774417,-0.48117485598698,0.190317474915215,0.00921218831585891,0.025842557669559
"AFUB_037270-T",965.773230123142,-0.523911489930904,0.208686163634323,0.00924327515815065,0.0259223025852898
"AFUB_004730-T",5722.59390956467,0.369667191308696,0.144046361282709,0.00924583890699507,0.0259223025852898
"AFUB_054920-T",4981.0874074898,0.298167496505673,0.115746094781228,0.00926161772030516,0.0259559401310405
"AFUB_009930-T",5213.974953869,0.315521265101153,0.122645748036217,0.00926306699689124,0.0259559401310405
"AFUB_029400-T",13143.6348848696,0.341852613133988,0.133210165085723,0.00927174436717391,0.0259729220559416
"AFUB_035340-T",2662.18232418162,-0.43237229826032,0.170157492020458,0.00927452874317085,0.0259733910203078
"AFUB_095290-T",4324.60931840012,0.406444649356927,0.159221094102042,0.00929067363438561,0.0260112653938723
"AFUB_070080-T",2794.04360139656,-0.405679371712704,0.157370785555154,0.00932862707763739,0.0261101589806969
"AFUB_053520-T",5227.11611471454,-0.305185223584303,0.118757097113203,0.00936939873180303,0.0262168825523386
"AFUB_009960-T",3533.0029172268,-0.363800952873073,0.142098104868533,0.00937528236708023,0.0262259519428611
"AFUB_094710-T",6997.15086341152,0.370270068521495,0.144761117336649,0.00938030327398854,0.0262326035487
"AFUB_082740-T",4558.93690094194,0.308819918372193,0.120104090530402,0.0093877817773287,0.0262461222929542
"AFUB_073890-T",11437.8912583788,-0.292915760906724,0.112392235173542,0.0094667372884393,0.0264594107540862
"AFUB_057160-T",15145.0011140996,0.278576135185003,0.108383897646112,0.00955973462114802,0.0267118147845986
"AFUB_015400-T",3345.75558444139,0.414899283154866,0.163111186291492,0.00958757616653518,0.0267820696461755
"AFUB_016210-T",1678.5425786364,0.488794031497864,0.194224441178613,0.00959067383920205,0.0267831845396962
"AFUB_091350-T",9866.12399945317,-0.302263833181955,0.115938174473641,0.00960886753868094,0.0268264445348547
"AFUB_023970-T",4713.0644259224,0.30774893028244,0.120148505275915,0.00965635055655234,0.0269495145162304
"AFUB_031720-T",4737.1185128767,0.308575348884403,0.12047800709475,0.0096583801646581,0.0269495145162304
"AFUB_080680-T",186.28319459127,1.35818115173755,0.685779709398414,0.00967520830702246,0.0269888820818432
"AFUB_033450-T",804.430406494763,-0.770353440048942,0.323886388166392,0.00970303830674151,0.0270589084558611
"AFUB_096640-T",17.7141580911849,1.32334551854358,3.50564875544973,0.00973615963169622,0.0271436472878048
"AFUB_027290-T",4749.86943494829,-0.39083573259712,0.154260192856418,0.00980096578468466,0.0273166485293444
"AFUB_029310-T",367.005780625101,-0.93811433546702,0.413392327246934,0.0098511366933969,0.027448773633342
"AFUB_067230-T",8864.21919213914,0.315976017977008,0.123714236005935,0.00988067353448287,0.027523346850896
"AFUB_031640-T",2765.87344610625,-0.38938818047935,0.153752358113246,0.00992616639076297,0.0276423124097426
"AFUB_007750-T",2647.27588911732,0.488448350504836,0.195288467609346,0.0100116972166988,0.0278726773844982
"AFUB_038020-T",3120.70549352898,-0.450422388101066,0.179578597012868,0.0100240475208995,0.0278992348976242
"AFUB_097740-T",6783.23471348327,-0.386270691767321,0.155500281989323,0.0100316434264563,0.0279125486424388
"AFUB_042200-T",7110.37233416381,-0.315247388554682,0.123524949935785,0.0101087670858619,0.028119258219501
"AFUB_057270-T",3244.18743169039,0.404756322734547,0.160219820272386,0.0101401004932857,0.0281985142605381
"AFUB_099710-T",1298.37262177663,-0.551452208587786,0.223475075142,0.0101565484211871,0.0282363425995186
"AFUB_012100-T",6120.91149692927,-0.327672627678358,0.12683334193587,0.0101860675598167,0.0283104790062114
"AFUB_070250-T",2055.28055061322,0.493913707335572,0.198187133365546,0.0102100997471514,0.0283693281048369
"AFUB_053780-T",25884.7539313372,-0.25657684250317,0.100563510953292,0.010215132181653,0.0283753671712584
"AFUB_014540-T",533.082331665666,-0.67003400693088,0.278005529989158,0.0102583389760274,0.0284874130769647
"AFUB_076550-T",1921.20239927871,-0.46429364417506,0.186169140277284,0.0103162280504356,0.0286401575945659
"AFUB_004185-T",3166.39010898527,-0.349879300571663,0.137821015942301,0.010340922045675,0.0287006854875069
"AFUB_016970-T",64.3237405392301,-1.79806338999515,1.20466627013962,0.0103518768573627,0.0287230578164175
"AFUB_020290-T",15275.1071660837,0.265707312467315,0.104300615127195,0.0103554018594302,0.0287248081204149
"AFUB_012620-T",12323.0706603528,0.297098272418626,0.117117461959136,0.0103897792455919,0.028812114840039
"AFUB_090340-T",3617.7523558178,0.420990508390365,0.167866431394029,0.0104300223933659,0.028915634707865
"AFUB_013980-T",1085.40743048583,0.509384047342774,0.205520929409251,0.0104440377189097,0.028936971619822
"AFUB_083330-T",981.484961245116,0.613128649163619,0.251636526929891,0.0104455957850607,0.028936971619822
"AFUB_050540-T",544.515432856506,-0.796236641129683,0.341020685661794,0.0104464654220476,0.028936971619822
"AFUB_089540-T",1755.49460575484,-0.545089124519593,0.221660099158574,0.0104706609816901,0.0289959012955563
"AFUB_043420-T",188.464369664351,-0.960363209615184,0.431058661226809,0.0105027925736946,0.0290767688407026
"AFUB_052030-T",1029.28205326435,-0.626765163227925,0.25919052133465,0.010571146574965,0.0292578443269736
"AFUB_069530-T",5705.67367182229,0.437508946729964,0.175219154031635,0.0106091426703128,0.0293538973074145
"AFUB_090220-T",3145.16402129599,-0.38399638010724,0.153145299802373,0.010611766603426,0.0293538973074145
"AFUB_012930-T",1071.75612071366,-0.608982356137578,0.250974115779091,0.0106223471504066,0.029374977840007
"AFUB_078340-T",14527.8669196519,0.283846902984328,0.112076757614619,0.0106273248233631,0.0293805567888242
"AFUB_012840-T",5460.02855812691,0.48796702862853,0.196927269654762,0.0106373082613747,0.0293999678346267
"AFUB_048370-T",10.8756257556434,0.383504366582237,0.971992670539031,0.010650250996303,0.0294275448603304
"AFUB_012290-T",2963.20676129258,0.350973223891496,0.139315205738682,0.0106935151995765,0.0295388640010568
"AFUB_076330-T",1394.31648339515,-0.487716621360594,0.197299855653966,0.0107209719674211,0.0295994817851612
"AFUB_054080-T",1232.02888904245,0.486026041549499,0.196182431378339,0.0107214243846503,0.0295994817851612
"AFUB_063420-T",2054.78112528386,-0.437212419684921,0.1787170370561,0.0107298358944965,0.0296144664218237
"AFUB_088400-T",75579.8810535602,-0.265874733049129,0.10394285826912,0.0107441460836755,0.0296457186212063
"AFUB_098980-T",1396.15204801677,-0.464310413957772,0.187310932200541,0.0107586565510752,0.0296775059114566
"AFUB_046080-T",357.060547005908,-0.935026197329131,0.418245162344164,0.010775081104336,0.0297145540318242
"AFUB_064310-T",2609.30298836686,0.490093976098225,0.198107548247805,0.0107878428727707,0.0297414834756249
"AFUB_047840-T",147.965211439048,1.05594589573482,0.489231538808138,0.0107909168808446,0.0297416967626723
"AFUB_028160-T",1330.11274533491,-0.54073568964783,0.220834438341779,0.0108413243020134,0.029872333064265
"AFUB_008910-T",5136.07001438015,0.300173885141277,0.119091909400541,0.0108475238137803,0.0298811195813958
"AFUB_053440-T",15569.97711046,0.258416701570018,0.102152785841841,0.0108513194552334,0.0298832812411741
"AFUB_054160-T",7832.13904061744,-0.398620726387606,0.159758126923296,0.0108561713280571,0.0298841525587694
"AFUB_036000-T",3335.71791571059,-0.397815858661547,0.159412995753362,0.0108576578465413,0.0298841525587694
"AFUB_037050-T",3770.19748133426,-0.364818191302709,0.145760326262156,0.0108668242900028,0.0299010898470412
"AFUB_090920-T",50108.7981288173,0.229254715503245,0.0903872142802095,0.0108834286371407,0.0299384781661923
"AFUB_010910-T",30143.9262337035,-0.237038111725349,0.0941580536338335,0.0108990387971203,0.0299731116822994
"AFUB_064150-T",510.532426367153,-0.675927977179006,0.284754919406241,0.0109315059532524,0.0300540710764626
"AFUB_042960-T",2068.9305440663,0.453906522724874,0.183096493822839,0.010987714991272,0.0302002412872818
"AFUB_089720-T",4167.18314066704,0.4155688051094,0.166803047336503,0.0110064086957948,0.0302432464855381
"AFUB_080760-T",27.1880565567565,-1.98416139193001,1.77377175660792,0.011016965954832,0.0302638768618066
"AFUB_045210-T",1224.87933887466,0.547969626168226,0.224165867544109,0.0110335611585411,0.0303010776144217
"AFUB_000050-T",14.1047554296451,0.76543987407684,1.43765006721709,0.0110962548799628,0.0304648214892479
"AFUB_060980-T",3129.12170059803,0.359635339646623,0.143786244944132,0.011105710421019,0.0304823495377803
"AFUB_052660-T",6113.16895355595,-0.282765199841668,0.112511275882263,0.011126182151512,0.0305300961718986
"AFUB_037250-T",2187.89261841829,0.393346726324636,0.157855271659047,0.0111339635322391,0.0305430038854266
"AFUB_062940-T",3066.92962638823,-0.394390429358488,0.158131081612135,0.011194429077954,0.0306954913142402
"AFUB_009705-T",9340.83625936537,0.270517137750535,0.107526425281233,0.0111975076678909,0.0306954913142402
"AFUB_033480-T",106.93116371695,-1.3671534092636,0.727347032797263,0.0111988286195329,0.0306954913142402
"AFUB_096140-T",2350.8197567819,0.480198380704286,0.195022336655523,0.0112414343102821,0.0308037646409581
"AFUB_070480-T",776.31537601887,-0.547140874517839,0.224953303260799,0.0112452484841262,0.0308057110695425
"AFUB_022820-T",4465.93924451521,0.335978263531097,0.13429381619969,0.0112556182460827,0.0308256101248263
"AFUB_014530-T",629.082498819645,-0.708450292054196,0.30105220361184,0.0113024784383006,0.0309454064827955
"AFUB_092130-T",462.521877028611,0.810363213390645,0.351964381636994,0.0113187884399905,0.0309815155176244
"AFUB_030450-T",2977.15995093697,0.440215818296505,0.178012255355517,0.0113433899291149,0.0310366085821045
"AFUB_077370-T",4494.16056365079,0.34729773363997,0.139088304580048,0.0113451703713728,0.0310366085821045
"AFUB_046710-T",268.326691179112,-0.925716120128883,0.418015778806839,0.0114048557442431,0.0311912905102267
"AFUB_009180-T",4639.21747141291,-0.309837559322786,0.124001159819018,0.011440728043516,0.0312807784660871
"AFUB_058660-T",1345.03550189572,0.472378359477405,0.192283819375863,0.0114712234586575,0.0313555199193544
"AFUB_038830-T",4463.60825406978,0.329442057305067,0.13197699611239,0.0114882619041709,0.0313934469710618
"AFUB_045120-T",199.348560990581,-0.982888489244523,0.452133234949824,0.011495499767664,0.0314045789138632
"AFUB_062360-T",476.372719555355,0.775255951489355,0.334614582678289,0.0115016761529774,0.0314128056737206
"AFUB_070450-T",10655.4373240041,0.252853089198475,0.100802579823035,0.0115504241475291,0.0315372653821805
"AFUB_085540-T",2544.60140703597,0.425064993132269,0.172085746069677,0.011568599130434,0.0315782030719356
"AFUB_032390-T",8689.70006679406,-0.347908114067944,0.138997275850661,0.011600954089598,0.0316578139508553
"AFUB_098320-T",27689.7497138299,-0.232036344280323,0.092610891717794,0.0116311090287719,0.0317313790848161
"AFUB_050430-T",5777.21571588422,-0.316385804810284,0.124644592473108,0.0116398636369798,0.0317465365751647
"AFUB_031770-T",23924.5202609918,0.267873569726003,0.107913407572225,0.0116754951671867,0.031834969652288
"AFUB_100340-T",9.92550867937591,0.629354711334963,1.2171421242303,0.0117804987634065,0.0321124554316971
"AFUB_100960-T",496.015269377949,0.743755825598665,0.319829778887629,0.0117913528429468,0.0321332171790903
"AFUB_060750-T",3190.32561275377,0.35732468920571,0.143957646951413,0.0118485511134919,0.032280227779689
"AFUB_065040-T",704.866377015337,0.631314123133209,0.26516071794499,0.0118648269557428,0.0323156991042117
"AFUB_088900-T",2229.21686433359,0.460885181557408,0.188198992019941,0.011872079656219,0.0323265817799653
"AFUB_000610-T",1277.91863442634,0.52316208321868,0.215587548663958,0.0118851510449906,0.0323532978940022
"AFUB_049380-T",45.5406975206445,1.91428970826704,1.65111880748644,0.0118955878227972,0.032372829487596
"AFUB_046140-T",61.3887480259369,-1.82466682273843,1.40656652096826,0.0119196771519693,0.032429494444434
"AFUB_092270-T",1392.23884790675,-0.484657986248392,0.199068365028427,0.0119260601303541,0.0324379684279979
"AFUB_027010-T",1870.69091167488,-0.507188029807035,0.209125299318163,0.0119376352755413,0.0324542135530966
"AFUB_010970-T",252.828462611578,0.979075748788267,0.451205625344801,0.0119385726632096,0.0324542135530966
"AFUB_026910-T",22516.5370839492,0.234327487051913,0.0938549316901906,0.0119802550951818,0.0325565506827278
"AFUB_008400-T",8063.73085188856,0.262708514761838,0.105312678532862,0.0119827788054413,0.0325565506827278
"AFUB_007340-T",37566.8469646075,-0.234565249573831,0.0940165622275973,0.0120017269792409,0.0325991079006474
"AFUB_057050-T",3437.96056577909,0.377912357960832,0.153100105107975,0.0120242882850408,0.0326514531406374
"AFUB_059060-T",141.343060814996,-1.06893027037702,0.511148890710913,0.0120295756372789,0.0326568758752717
"AFUB_012560-T",47.8844716009576,-1.52296151923275,0.899646288495905,0.0120423152038535,0.0326825207542374
"AFUB_032420-T",8697.76730267694,-0.261978796585522,0.105376712863798,0.0121078301707512,0.0328513434785964
"AFUB_099720-T",6454.45132576589,0.333587218435245,0.13431362031236,0.0121128037023686,0.0328558559021614
"AFUB_039970-T",774.79313396848,0.573855242286681,0.239253056196122,0.0121364143562729,0.032910905050822
"AFUB_084130-T",1975.04093350066,0.477184285582199,0.195985072811453,0.012156051086897,0.0329551507887059
"AFUB_056230-T",850.83101021953,0.576024728944194,0.24042960809401,0.012180634388424,0.0330127788927111
"AFUB_002820-T",3512.5870439642,-0.400650970019063,0.163481552096862,0.0122510970922416,0.0331946870435429
"AFUB_094300-T",1781.18495696566,-0.402025137237381,0.164818790899825,0.0122638761907764,0.0332202432296551
"AFUB_007420-T",3939.89821493676,0.34355574979789,0.139217138930794,0.0123238172632402,0.0333735024113666
"AFUB_087350-T",808.579535404671,-0.63855827435205,0.271292445511694,0.0123642418262287,0.0334738407324931
"AFUB_017530-T",119.61991223213,-1.48026959361051,0.866669115671797,0.0124601586290035,0.0337243180782274
"AFUB_072440-T",16471.7502920165,-0.236060421047553,0.0951908955662455,0.0124807416628923,0.0337708181581806
"AFUB_065050-T",865.132492938038,-0.616460189306402,0.260971839737581,0.0125002084852862,0.0338130585107311
"AFUB_059450-T",6063.97532424109,0.281469217898915,0.113723195636226,0.012503166220089,0.0338130585107311
"AFUB_068400-T",112.725104821814,-1.22196028233762,0.62737953207565,0.0125285598744662,0.03387250252086
"AFUB_014020-T",2550.93939469893,-0.446316158664883,0.184010779729246,0.0125403678340735,0.0338951935602341
"AFUB_019180-T",17225.3917669068,0.300222574821922,0.122284079028944,0.012581118747822,0.0339960804715854
"AFUB_021950-T",4549.89401014906,0.336673768007243,0.136761309728056,0.0125866633009543,0.0340018054605258
"AFUB_014280-T",10134.481510551,0.251705618353175,0.101602755362706,0.0126182801175622,0.0340779401814434
"AFUB_053160-T",2127.32772907036,-0.420934828088006,0.172920545989049,0.0126329269595854,0.034108215471677
"AFUB_007140-T",3819.08969752018,-0.307651968679813,0.123544963616037,0.0126429811208202,0.0341260776785804
"AFUB_097580-T",10.2142812339534,0.370867200923448,0.962474443227638,0.0126518220849655,0.0341406563875158
"AFUB_003910-T",4670.25657775982,0.327685660755613,0.133037661509476,0.012674014312769,0.0341912454618735
"AFUB_021330-T",776.695819240806,0.588123350285856,0.247562672536845,0.012680008413374,0.0341975407190486
"AFUB_052240-T",4470.05378192244,-0.301665199419263,0.122469956808181,0.0126832390314174,0.0341975407190486
"AFUB_030660-T",28685.9345050344,0.254568204635567,0.104823187549218,0.0127156072537751,0.0342755029858005
"AFUB_076990-T",2059.61461422055,-0.398908620235784,0.163689440680364,0.0127247348034357,0.0342907936258755
"AFUB_098250-T",1816.13308906482,-0.451050699639474,0.186327010852477,0.0127791652385474,0.0344281256765969
"AFUB_015280-T",3664.19371794892,0.306265829107151,0.124007566223911,0.012813399146396,0.0345109868461277
"AFUB_089880-T",1652.65629776171,0.461690002573642,0.190783340134639,0.0128508958758959,0.0346025885969255
"AFUB_025960-T",7134.19747999659,0.280508848819453,0.116751692381298,0.0128706037282176,0.034646254950518
"AFUB_101780-T",28787.4815121561,0.311430916316709,0.126640856312001,0.012882813312265,0.0346697185803228
"AFUB_007350-T",918.087776298078,-0.579351579139239,0.24458062529477,0.0128919769579197,0.0346849746021558
"AFUB_070640-T",878.022046531182,0.567373885323715,0.238693061097183,0.0129461975052966,0.0348214119891785
"AFUB_002230-T",167.545238698374,1.11612985592417,0.549440667135186,0.0129871264541862,0.0349220346946081
"AFUB_026860-T",5796.13532425629,0.348542287671042,0.142413803902546,0.0130052694128169,0.0349613485704789
"AFUB_000650-T",3512.32818026193,-0.365873728802271,0.150058603084314,0.0130255195167725,0.0350063041440474
"AFUB_023420-T",13973.4223442302,-0.249088598082702,0.101625092594051,0.0130468331820581,0.0350540929431311
"AFUB_056860-T",7681.03445238993,-0.349539452056019,0.142355397674989,0.0130913235638866,0.0351641099787753
"AFUB_099360-T",1514.21950677922,-0.424411747649847,0.176710473486248,0.0131514801152083,0.0353161364024465
"AFUB_095330-T",7009.78070907707,0.29026957988198,0.120675880825831,0.0132017785055917,0.0354416152740054
"AFUB_012220-T",1896.87145235351,0.388211575192599,0.159611828594952,0.0132204229261067,0.0354820707251511
"AFUB_054240-T",8842.77475314978,-0.297369696514362,0.121459152708705,0.0132310031710577,0.0355008668485396
"AFUB_045595-T",94.5795218603141,1.27136049015286,0.671734029817947,0.013236849637572,0.0355069547710546
"AFUB_038670-T",2576.18027209881,-0.396634633074334,0.163624581374856,0.0132468927310091,0.0355242935301988
"AFUB_063120-T",1335.07963478948,0.461831687899697,0.191743762662366,0.0132736812620845,0.0355865171599646
"AFUB_013010-T",674.812541319905,-0.687436149749815,0.298553258642958,0.0133151116940563,0.0356879512728893
"AFUB_046610-T",667.769802462811,-0.623042077258217,0.26714441810293,0.0134330079289972,0.0359942234598534
"AFUB_087810-T",1005.38203978504,0.499177562602184,0.208898868229442,0.0134542882553823,0.0360415144223129
"AFUB_089650-T",1018.0374999483,0.511978526572056,0.214749440754613,0.0134851705265773,0.0361144947318617
"AFUB_028930-T",7418.21526451655,0.366902156481494,0.151007777473402,0.0135104755016908,0.0361725031978098
"AFUB_059420-T",7493.14678663198,0.2568322839332,0.104865300916223,0.0136078734367556,0.0364234476428801
"AFUB_016400-T",377.34824167664,-0.696159826715747,0.304349649601021,0.013678255420053,0.036601964153148
"AFUB_072980-T",1418.78002935617,0.511914454475827,0.215460683294907,0.0137821605556946,0.0368700656375388
"AFUB_060460-T",3942.2765341462,0.353308253755941,0.14577079413,0.0138299944170346,0.0369880610587626
"AFUB_019880-T",16953.3899710012,-0.246091037425699,0.101592946466963,0.0138350719255552,0.0369916726457801
"AFUB_095680-T",30825.7838005156,0.263150075992666,0.110369795663996,0.0138472554864984,0.0370142770545372
"AFUB_073260-T",5667.22947444582,0.317476330067782,0.130505974623395,0.0138719701357819,0.037066360408411
"AFUB_096760-T",298.841501289687,0.900640217490462,0.417115954651912,0.0138751696611774,0.037066360408411
"AFUB_091530-T",2649.60576307072,-0.370144589318629,0.15588399280571,0.0138779441085799,0.037066360408411
"AFUB_032850-T",3704.90703818741,0.340019877145869,0.140221284190742,0.0138855389883812,0.0370766678664737
"AFUB_073340-T",3613.60079594769,-0.411714953152648,0.171395088765826,0.0138916073602787,0.0370828948495875
"AFUB_026260-T",12403.7086303061,0.260179819673573,0.106607607354037,0.0139336542772979,0.037185135440221
"AFUB_036950-T",6854.51923020841,-0.267880399189145,0.110057095479301,0.0139694008171002,0.0372705115886343
"AFUB_040570-T",2321.84205544939,-0.359474808622274,0.14894376890739,0.0139842041292242,0.0372999801081833
"AFUB_006610-T",638.966192698247,0.673563122090569,0.293276481996973,0.0140083846021177,0.0373544377152118
"AFUB_002360-T",153.872927274534,-1.12402482094004,0.569972460962491,0.0141207410190325,0.0376439308659407
"AFUB_080050-T",681.202823309212,-0.656738919636687,0.286225014779049,0.014134480819149,0.037670440958661
"AFUB_061360-T",19570.3755052972,-0.265776999186697,0.109410648912132,0.0141552052148319,0.037715546780458
"AFUB_042050-T",2194.09291524933,-0.467055997926676,0.196460610948296,0.0141818586704172,0.0377764217133363
"AFUB_027880-T",1601.07786090558,0.512805031815705,0.216703140871793,0.0142149403426385,0.0378442320991124
"AFUB_101190-T",65.6740799955197,-1.73666675147748,1.44179162997949,0.0142149417899739,0.0378442320991124
"AFUB_093710-T",271.503036047949,0.925747556763168,0.433751535070727,0.0142240214154475,0.0378582495436622
"AFUB_089310-T",4242.92440416502,-0.313234470812363,0.12954165744774,0.0142384575965695,0.0378865125056173
"AFUB_013070-T",1966.41004582799,0.390494275851066,0.162482552520017,0.0142799990803118,0.0379868643452412
"AFUB_101450-T",1159.31795740309,0.529086317526693,0.224633269481172,0.0143371157152482,0.0381285834602998
"AFUB_101410-T",32.7140802904722,-1.78096438637303,1.77244986177411,0.0143447283279764,0.0381386093370388
"AFUB_008380-T",17559.4012724833,-0.233778425165201,0.0962886532501275,0.0144220940289724,0.0383340340754021
"AFUB_015670-T",2365.69231556967,0.391694110573878,0.163350687550356,0.0144632775814164,0.0384332074954638
"AFUB_073050-T",12313.11341239,0.31205387030031,0.129176202616291,0.0145074459851522,0.0385402573347527
"AFUB_086270-T",7.78984413409497,0.411962509185201,0.99214957633664,0.0145239592030076,0.0385738012014586
"AFUB_057300-T",5727.90847224226,-0.283197330655291,0.117118953727326,0.0145439819155941,0.0386166454018917
"AFUB_027490-T",6957.27705081887,0.27448150445016,0.11336418750066,0.0145618476593596,0.038653741112368
"AFUB_094370-T",741.357471490441,0.589224913750361,0.253671409739023,0.0145726458761659,0.0386665128029681
"AFUB_019670-T",2732.24795507479,-0.384093610824458,0.1561927303091,0.0145744508207459,0.0386665128029681
"AFUB_084860-T",1858.19365659337,-0.430652216735877,0.181470043848568,0.0145868998782244,0.0386891986347881
"AFUB_010340-T",832.984623281899,-0.520087796972164,0.221696137708599,0.0145996929349791,0.0387033650843495
"AFUB_100090-T",1858.58440802989,0.389006340638769,0.162366607006432,0.0146000401889979,0.0387033650843495
"AFUB_084430-T",577.795415524959,-0.614345729441282,0.266655680604855,0.0146285458484501,0.0387685761137162
"AFUB_079440-T",162.237699167992,-1.05748166490722,0.526326530489844,0.0146723445771214,0.0388742712033983
"AFUB_082360-T",4167.53029739985,0.38744579911064,0.161700045355324,0.0146896951816614,0.0389098544643686
"AFUB_074560-T",3319.85198123422,0.386086054486504,0.161382967668658,0.0146976852966786,0.0389206314219678
"AFUB_036630-T",16705.5240501772,0.224858229144884,0.0928521376214008,0.0147409245113491,0.0390247201320726
"AFUB_064720-T",2119.62837368746,0.390581760226899,0.163380037776062,0.0147470394384259,0.0390304977137006
"AFUB_019020-T",3249.0737945476,-0.370239132897839,0.154793307792371,0.0147548085299125,0.0390406490694164
"AFUB_039500-T",29266.622775668,0.234133588686362,0.096513294698753,0.0147695493143441,0.0390692369256038
"AFUB_058950-T",1869.28542021916,0.507909979290105,0.216067775020815,0.0147940594602189,0.0391236451219484
"AFUB_079080-T",2174.55588435297,-0.466191565811791,0.197572612125617,0.0147995568485605,0.0391277575178378
"AFUB_024600-T",493.885422179026,-0.677050704926133,0.298753294985272,0.0148131492459641,0.0391532639856707
"AFUB_058770-T",1734.01757062097,-0.443408009223855,0.18731251105403,0.0148486365355631,0.0392337280415295
"AFUB_011840-T",4453.93321836425,-0.315504872964366,0.131907605738837,0.0148518148520799,0.0392337280415295
"AFUB_029090-T",2300.50876465251,0.401649181405807,0.168208186152382,0.0148554508796038,0.0392337280415295
"AFUB_002030-T",462.193818153236,-0.736863103719047,0.330342362770979,0.0148769375050549,0.0392800225426096
"AFUB_072500-T",2733.45869093421,0.374747946290305,0.156697389737677,0.0148883816392332,0.0392852456994842
"AFUB_011710-T",500.665357480377,0.691938682947842,0.305776718359249,0.0148915732972834,0.0392852456994842
"AFUB_026080-T",31129.0593306359,0.228282644810284,0.0941285005843292,0.0148921705733463,0.0392852456994842
"AFUB_100170-T",223.891863777782,0.857957736565762,0.397133530883571,0.0148947485709984,0.0392852456994842
"AFUB_015200-T",2490.51847373272,0.35173458526641,0.14678211605248,0.0149169108587965,0.0393332466189041
"AFUB_034910-T",13660.5062100411,0.293932395004594,0.122023676881119,0.0149308705754991,0.0393595990602466
"AFUB_032630-T",2186.52640798444,0.425542821543273,0.179142623192736,0.0149507389170251,0.0394015092276884
"AFUB_026660-T",3006.22217507586,0.368041705973827,0.153867811563073,0.0149569863435022,0.0394075098113244
"AFUB_030690-T",2080.38785497313,-0.419691724116474,0.180549198923236,0.0150071435177504,0.0395291665110598
"AFUB_053500-T",22240.2622545928,-0.243037245028721,0.100736583329874,0.0150381728935159,0.0396003889541377
"AFUB_099040-T",5625.26587113116,0.273694786748918,0.113888209677969,0.0151203073888351,0.0397973952964303
"AFUB_044800-T",259.812643136024,1.01035886168196,0.493832556222942,0.0151210053060794,0.0397973952964303
"AFUB_005430-T",1237.59581885163,0.43409947957746,0.183367175096425,0.0151805063137403,0.0399434053986937
"AFUB_078230-T",7350.12122903742,-0.296497965261095,0.121932412819985,0.0151920172691521,0.0399630987003273
"AFUB_072820-T",509.956894955964,0.607218904686671,0.264259215654376,0.0152059842582305,0.0399892405307201
"AFUB_091860-T",286.765226742938,-0.803347006315729,0.368755825344865,0.0152618449695621,0.0401173792699211
"AFUB_076090-T",649.243808677086,0.566473886531826,0.244709813837151,0.0152657397791213,0.0401173792699211
"AFUB_059190-T",3887.72263915814,0.434124442377969,0.183551743194879,0.0152668354158682,0.0401173792699211
"AFUB_016330-T",1238.260024276,0.482606563639667,0.2055792903603,0.0153012642887394,0.0401972070052246
"AFUB_042440-T",5374.42192752769,0.324838117009312,0.135817785029384,0.0153429994387179,0.0402961813784797
"AFUB_004340-T",3852.1930026745,0.321902545578005,0.134573679838366,0.0153793932116403,0.0403727459320783
"AFUB_022040-T",8760.22602177629,0.242714443707335,0.101896782407652,0.0153802873923615,0.0403727459320783
"AFUB_063670-T",54.7346871230698,-1.46369991870114,0.922942968362554,0.0153851742969478,0.0403748955307264
"AFUB_032410-T",5533.02923758537,0.279031702336789,0.116241239187586,0.0154395913015764,0.0405069901316802
"AFUB_053710-T",3773.548301677,0.329288898182271,0.137944112374367,0.0155063928102959,0.0406714980555461
"AFUB_086920-T",4343.54928327513,0.423133967052769,0.179215311432099,0.0155936076315136,0.0408894466955806
"AFUB_034970-T",250.803168531171,-0.990207649683159,0.486936649431432,0.0156023994164419,0.04090169419128
"AFUB_049490-T",528.351187218139,-0.721339786904495,0.325103907670435,0.0156777952847786,0.0410884917352594
"AFUB_009860-T",1214.97073171359,0.478635178041059,0.204602960073154,0.0157017990923385,0.0411405374845458
"AFUB_090970-T",4384.61541312937,0.357985388185065,0.144029439074268,0.015720083007254,0.0411771819313193
"AFUB_040850-T",5151.69060612669,-0.347775122370904,0.146531979039435,0.0157240825712544,0.0411771819313193
"AFUB_018390-T",514.547984557663,-0.770029774319796,0.352078657849613,0.0157493371632396,0.0412324377064503
"AFUB_025680-T",2048.0674958706,-0.436009229769053,0.185745378658044,0.015774518658261,0.0412874730177321
"AFUB_067090-T",8018.17162349933,-0.245803301053924,0.102776375907047,0.0158530357657121,0.0414820405944352
"AFUB_030120-T",92.7682487424243,1.27076858424444,0.708106908125751,0.0158627344489956,0.0414911926258884
"AFUB_000060-T",13.5563181138111,1.13540571553423,2.20696187366925,0.0158648943088409,0.0414911926258884
"AFUB_002110-T",111.4419461046,-1.09874800469591,0.567326958266097,0.0158784181676185,0.041515621789677
"AFUB_086320-T",2150.81710602482,-0.466602592510413,0.200143722389033,0.0159262660872199,0.0416297579446029
"AFUB_047520-T",344.996716362081,0.796221748617861,0.366354843993936,0.0159407432021284,0.0416566288259937
"AFUB_084770-T",1161.47505378833,0.507971820261378,0.218787327545491,0.0159794113397611,0.0417466853243297
"AFUB_051550-T",4269.44624133747,0.323661446200289,0.136139946684368,0.0160009575389764,0.0417919746248265
"AFUB_061380-T",52.3962835082318,-1.67710159650249,1.46179400446505,0.0160179016899108,0.0418252234339292
"AFUB_096870-T",199.351332192746,-1.05564466345309,0.53710911989283,0.0160802362467032,0.0419762148522988
"AFUB_016240-T",9760.53652680442,-0.353157127821834,0.149385685467127,0.0160841859025987,0.0419762148522988
"AFUB_004470-T",2791.40742112961,-0.354173447742367,0.149895146993577,0.0161297672021828,0.0420841060677351
"AFUB_039470-T",8876.96509440954,0.25830122884491,0.108306633363949,0.0162115571029219,0.0422863874498027
"AFUB_059200-T",3454.04078799969,0.348024091907759,0.147110087942848,0.0162243107187326,0.0423085349141936
"AFUB_011920-T",1571.77903878674,0.455809981420565,0.195057968247945,0.0162342661584593,0.04232337578742
"AFUB_100450-T",31.3279790226353,-1.69503752049968,1.66651243513604,0.0162560007916343,0.0423628453964394
"AFUB_067450-T",126203.541252971,-0.241163638619969,0.0967807006826492,0.0162579423793489,0.0423628453964394
"AFUB_073390-T",2471.63433691311,-0.343330708277708,0.145494575432135,0.0162753538454552,0.04239708318009
"AFUB_012540-T",12110.7940936956,0.249488385186461,0.104484970424133,0.0162834137609622,0.0424069487214772
"AFUB_060170-T",3155.73747243849,0.344372640406763,0.145582030388334,0.016292261566231,0.0424188604524771
"AFUB_043010-T",2737.9854662341,0.350298959356185,0.148191664235323,0.0163144405226894,0.0424654660864653
"AFUB_059600-T",5686.71801041625,0.292611395723665,0.123306867307597,0.0164515503011173,0.0428111265701598
"AFUB_009370-T",10318.4990759291,-0.278391115543967,0.115176708384934,0.0164949605395407,0.0429128396736414
"AFUB_020740-T",252.343593879682,-0.818764247775578,0.383319084658827,0.0164994616738472,0.0429133011302236
"AFUB_085760-T",69.4935326567127,-1.29865820408882,0.754178019503947,0.0165842244113418,0.0431142394876663
"AFUB_042140-T",2377.19199191108,-0.423244328905666,0.181438164775376,0.0165854071903184,0.0431142394876663
"AFUB_071860-T",636.440367450265,-0.62251710561612,0.276811015404203,0.0166269719482841,0.043210970564734
"AFUB_020180-T",35022.6957855833,-0.269184841458521,0.114129553556985,0.0166395803232058,0.0432324174627796
"AFUB_035430-T",2225.48091266509,-0.350173438216113,0.148936404217273,0.0167002977465115,0.0433788157901406
"AFUB_049280-T",137.434434047198,-1.20256635962664,0.663701738901549,0.0167884771880495,0.0435964510966486
"AFUB_099820-T",107.869866319914,1.53755724332689,1.07411662283046,0.0168390676749378,0.0437163867836144
"AFUB_074770-T",2138.77877126074,0.368458116006879,0.157014236201512,0.0168529123522113,0.0437357516854836
"AFUB_098610-T",9347.87521859523,0.334856859598665,0.142122207272444,0.0168553400702242,0.0437357516854836
"AFUB_094670-T",2346.37374709695,0.360829592647054,0.153599276088266,0.0168635869124984,0.043745713566792
"AFUB_001340-T",18911.5662602149,0.217728950796182,0.0916998966393729,0.0168820786916521,0.0437822396171014
"AFUB_063340-T",228.143088409655,0.947959353093623,0.464638925775903,0.0169077615129036,0.0438373910698975
"AFUB_049320-T",377.3002533462,-0.838439449274152,0.397066846348365,0.0169171182503223,0.0438501955169624
"AFUB_061760-T",213.731885998768,-0.893199789299581,0.431145367009062,0.0169325831511741,0.0438788218734733
"AFUB_034340-T",18796.8841953955,-0.218433862966974,0.0921646311668247,0.0169652762540557,0.0439520665156625
"AFUB_045960-T",959.869901878123,-0.538535890505819,0.236111251746508,0.0169740303674821,0.0439632701976147
"AFUB_057170-T",503.825818638715,0.645691097674578,0.288856030538454,0.016982635496506,0.043968116943945
"AFUB_055590-T",6993.34492885295,0.270045675858986,0.114090666845271,0.0169847617494292,0.043968116943945
"AFUB_042800-T",2195.11123935273,0.418186879227523,0.179580948153809,0.01702552887055,0.0440621575072251
"AFUB_067460-T",2042.87722973196,0.369582663483792,0.157745398966747,0.0170446889819574,0.0441002445635888
"AFUB_008720-T",143.640811817813,-1.02507732711014,0.521566129354327,0.0170526602237297,0.0441093700079534
"AFUB_090610-T",251.491141006471,-0.917225543646914,0.447190699264964,0.017072897377839,0.044150210128987
"AFUB_064340-T",1645.70372477322,0.390101084142249,0.166884137198371,0.0171030457350403,0.0442166524929083
"AFUB_075990-T",5784.66081284281,0.335757869173902,0.142847548569803,0.0171231558139886,0.0442571149619367
"AFUB_086210-T",90.2908854154444,1.1652285798937,0.630468235301369,0.0171957353986874,0.0444331355980143
"AFUB_025830-T",18244.6765208265,0.224155136855397,0.0947940498825213,0.0172129471014714,0.0444660333113231
"AFUB_033020-T",58.519676458337,1.43097833505795,0.916138466435793,0.017220876249711,0.0444749406136825
"AFUB_074510-T",1741.09047652818,-0.417409323989038,0.179913720923278,0.0172423890673468,0.0445189155810138
"AFUB_049110-T",1182.46466491512,-0.481093922023239,0.209402580673308,0.0172644678307161,0.0445643285357235
"AFUB_078220-T",133.779919002107,-1.14634058969649,0.619568577827202,0.0172858636035838,0.044607955347262
"AFUB_069230-T",1035.45725545099,0.567080459941405,0.250100228984187,0.0173023876071093,0.0446389906422042
"AFUB_023350-T",1667.32881757896,-0.461226427274221,0.20035405030322,0.0173213273178662,0.0446762405482906
"AFUB_068670-T",38303.9364301908,0.212946850064947,0.0940374735744468,0.0173265393892527,0.0446780731198578
"AFUB_101200-T",26.293756275299,-1.64206771409389,1.83747599927231,0.017354949573589,0.0447397076669795
"AFUB_063190-T",6224.35144324577,0.306197843435516,0.130370256666458,0.0174365592500341,0.0449341250407303
"AFUB_063110-T",3033.7901764493,0.332656512649819,0.141856531214085,0.0174394206203419,0.0449341250407303
"AFUB_024420-T",14245.9544259379,-0.242539942079365,0.102981296073084,0.0174553636552884,0.0449635308275986
"AFUB_012980-T",28049.2857293197,0.292595993697754,0.124494615900008,0.0175048880095334,0.0450794015294808
"AFUB_096820-T",246.252646644205,-0.804002222964102,0.379073723280873,0.0175116123413441,0.0450850201006069
"AFUB_012600-T",864.149991006477,0.519937851455093,0.227994598052922,0.0175752479820747,0.0452364492079384
"AFUB_042740-T",311.502677392192,-0.769008282127831,0.358913730395238,0.0175829568961826,0.0452364492079384
"AFUB_061180-T",1330.07647410535,0.492208699469235,0.214816002247056,0.0175841028759926,0.0452364492079384
"AFUB_077270-T",4329.26211998124,0.288194450220067,0.12274984049068,0.0176347782867396,0.0453550594703007
"AFUB_060900-T",12016.1186585345,0.251057882848713,0.109123868854433,0.0176612798074724,0.045411451318436
"AFUB_052710-T",5282.76177841185,-0.31309742686302,0.135989344836732,0.0176896153157319,0.045472528362766
"AFUB_023550-T",6937.65354885832,0.270320857823931,0.11513272028615,0.0177041224195689,0.0454874128307415
"AFUB_099630-T",210.010035854175,-0.859644040711526,0.413852460601547,0.0177045718655067,0.0454874128307415
"AFUB_041220-T",1380.4724785431,-0.464186773420972,0.202702156473697,0.0178113913568992,0.0457412789137449
"AFUB_051250-T",18464.7457938322,0.224181792241389,0.0952083679817188,0.0178125987910956,0.0457412789137449
"AFUB_021910-T",291.846723056594,-0.89803783799043,0.439096460027831,0.0178332608873667,0.0457824920608159
"AFUB_031190-T",3677.17647388669,-0.349203698970857,0.150132063234524,0.0178599210685507,0.0458390785118607
"AFUB_048160-T",77.2335060828532,-1.446163292537,0.974518330088594,0.0179276089773058,0.0460009097982833
"AFUB_079650-T",305.263097089639,-0.993517344109116,0.505245633955726,0.0179536900498047,0.0460559249791448
"AFUB_095740-T",123.685084782861,-1.05283421944872,0.549418468454363,0.0179663691181184,0.0460741247599064
"AFUB_060590-T",1366.12270747156,0.400324736763355,0.172995412917972,0.0179700692136622,0.0460741247599064
"AFUB_056410-T",7.45506247342776,0.384753902909952,0.970894539667412,0.0179752310428763,0.046075456637538
"AFUB_079020-T",283.311894191417,0.889649179990491,0.432488978831263,0.0180290638720283,0.0462015127626854
"AFUB_080730-T",389.124748557311,-0.708420092973366,0.326748168053643,0.0180691373188209,0.0462922529399321
"AFUB_055690-T",1519.97842250724,-0.465128973458842,0.203775042750516,0.0181259817610624,0.0464259016718824
"AFUB_032770-T",57296.4264875654,0.221666779303629,0.0952344312089837,0.0181325023336941,0.0464306206558086
"AFUB_085100-T",52.5045461954673,-1.53480812110027,1.16546195014988,0.0181926546281234,0.0465726327531918
"AFUB_087370-T",239.229941140493,0.894300350819663,0.436559414525242,0.0182075485247299,0.0465987413893617
"AFUB_064570-T",326.737141033607,-0.819891229216701,0.391894527683447,0.0182139707797021,0.0466031606054507
"AFUB_002250-T",1156.85334753545,0.580369283812841,0.259016184177953,0.0182197837523785,0.046606019005762
"AFUB_050360-T",578.088241507742,-0.576615262130872,0.258033135011177,0.0182499174648717,0.0466710721048316
"AFUB_039300-T",97.3447808804333,1.16463023648739,0.640580414577286,0.018255109059141,0.0466723228778914
"AFUB_068090-T",24165.6822529652,0.256548092014477,0.111160806370911,0.0182665941266774,0.046689659208672
"AFUB_024740-T",8207.81325776681,-0.265041463673188,0.113513792909046,0.0182988175096883,0.0467599803768425
"AFUB_023290-T",1614.67628265308,-0.38227654056543,0.165708879595054,0.0183156830721031,0.0467910307569172
"AFUB_043560-T",1578.54996836158,-0.465383419718448,0.204357071306199,0.0183369348499803,0.0468332677267252
"AFUB_061910-T",117.464422562561,-1.1916008796107,0.671946265061399,0.0183762357836019,0.0469215693728451
"AFUB_061290-T",1698.526928832,-0.387625303110098,0.168164977138207,0.0183961219432228,0.0469602649913802
"AFUB_051260-T",7802.68673569841,-0.247264427735112,0.105861299064954,0.018433316750797,0.0470431135900385
"AFUB_063395-T",995.672850451573,-0.525794440558178,0.233263136320211,0.0184693140299139,0.0471228642022867
"AFUB_061500-T",45.6374607128935,-1.58015536627581,1.33508732127206,0.0184924395985166,0.0471697412015619
"AFUB_055620-T",17864.0409816969,0.300759012568846,0.129532563742138,0.0185177796432837,0.0472222412537488
"AFUB_075310-T",169.22696678596,-1.06107310994637,0.561061256344905,0.0186032873529693,0.0474281086509685
"AFUB_082840-T",3052.65789047872,0.353403901729588,0.15263728930454,0.0186255418438845,0.0474726509503219
"AFUB_034830-T",2069.23752982392,-0.402416642662312,0.175395606197773,0.0186343735777772,0.0474809446262226
"AFUB_083350-T",257.636653319278,0.836651842214197,0.402421468402358,0.0186383637545353,0.0474809446262226
"AFUB_022420-T",9647.93971701514,0.297387195464513,0.127856548598704,0.0186665278097744,0.0475404897387762
"AFUB_099690-T",4955.29918126525,-0.350615433730428,0.15077962977489,0.0187250823804723,0.0476773839472006
"AFUB_045350-T",98.455451378615,1.21337784310178,0.691159391224872,0.0188092635340866,0.0478794410299589
"AFUB_081650-T",545.069699505191,0.579723724787165,0.26028916406501,0.0188523898535241,0.0479769152041606
"AFUB_054430-T",715.805850522201,0.697026308109785,0.322127120204095,0.0189160446480065,0.0481265683495166
"AFUB_070670-T",218.752229029982,0.877266874509915,0.42913327217064,0.0189237877448848,0.0481271719426274
"AFUB_028630-T",1469.72358775954,0.425367932261043,0.185934254483953,0.0189259800596549,0.0481271719426274
"AFUB_056800-T",3683.0181399185,-0.332145985805882,0.143991120352018,0.0189421213551037,0.0481558797257696
"AFUB_043820-T",2249.47153504697,-0.352668724811727,0.153230366045416,0.0189885248398671,0.0482614875891628
"AFUB_045550-T",177.485972469209,-0.931821054610895,0.468100519217782,0.0190242645799217,0.0483399452011579
"AFUB_086720-T",8.79292270100433,-0.317450770770071,0.928037337375113,0.019059474623919,0.0484160795667571
"AFUB_001100-T",5995.81828164079,0.321422040377806,0.139008152597124,0.0190639837729861,0.0484160795667571
"AFUB_035290-T",566.490322685109,0.650244935328602,0.297352855592384,0.0190755711700969,0.0484331143165033
"AFUB_021880-T",577.687662127085,-0.570812639117421,0.257191828942056,0.0191011887842366,0.0484778792213377
"AFUB_038350-T",2263.38223865808,-0.378406960764456,0.165052561269604,0.0191029708448012,0.0484778792213377
"AFUB_087130-T",603.806181847912,-0.626725805976356,0.285906533126999,0.0191096787535595,0.0484825055289054
"AFUB_041820-T",1395.66065519599,-0.419219562493641,0.183884830524588,0.0191361538326828,0.0485372672602547
"AFUB_067710-T",2133.60013978106,0.375992781333332,0.163688006248511,0.01914871874587,0.0485530982322472
"AFUB_093960-T",1263.99531989931,0.469103691520701,0.206936613618398,0.019152179302695,0.0485530982322472
"AFUB_070800-T",3794.71897844379,-0.439756913994572,0.193920066503375,0.0191791162212934,0.0486089705046825
"AFUB_083620-T",1108.54248809615,0.513920570424124,0.228358601921683,0.0192409747874931,0.0487532996593997
"AFUB_031240-T",35523.0874705137,0.251071605406561,0.108231932233151,0.0192733424765113,0.0488224808234325
"AFUB_053070-T",3355.62685417053,-0.327681764532295,0.142937430210666,0.0192781161054944,0.0488224808234325
"AFUB_076130-T",4267.1956040047,0.306918054858613,0.132843020333414,0.019323790503601,0.0489256685582246
"AFUB_098730-T",538.338396752495,0.66085813669945,0.303833588773828,0.0193571746782388,0.0489976941294364
"AFUB_013540-T",1241.14782501803,-0.460639583543049,0.203786584686084,0.0193745679345662,0.0490292164075905
"AFUB_010890-T",34427.7139550311,0.216145673450738,0.0928027493382896,0.0194128513492533,0.0491135737041393
"AFUB_012090-T",2909.66423075867,0.372286633930633,0.162388983704808,0.0194211266349939,0.0491219882396315
"AFUB_016630-T",985.296328199667,0.53950238717436,0.241586034397458,0.0194351855853019,0.049145023422706
"AFUB_085910-T",506.14909740213,-1.39936149102562,0.949122880544446,0.0194453142637992,0.0491581110718815
"AFUB_067280-T",3232.27077468813,-0.420584023160066,0.18526803851466,0.0195207817150073,0.0493363276092303
"AFUB_091930-T",1686.4348779157,-0.384993054428538,0.168088340662536,0.0195382171249415,0.049367822037944
"AFUB_087750-T",84.113368181813,1.52702675816624,1.18888665752927,0.0195695143646285,0.0494343166375509
"AFUB_065440-T",1234.61079365893,0.504090182752297,0.224525044843053,0.0195896273166202,0.0494725320909555
"AFUB_067810-T",4087.37837646025,0.309772286184175,0.134443671988425,0.019611866375179,0.0495160961011579
"AFUB_089960-T",2456.01181501308,-0.324641411214833,0.141380069621017,0.0196406670248913,0.0495762004633891
"AFUB_058010-T",614.09806833048,-0.735650130256967,0.347508812140753,0.0196474331575745,0.0495806697403831
"AFUB_099300-T",1232.22811675046,-0.48215743462903,0.214652618326664,0.0196550396383378,0.0495872568404937
"AFUB_025600-T",1455.88957694138,0.459479171393831,0.203419312215178,0.0197320177279498,0.0497688121854897
"AFUB_066280-T",605.440892703448,-0.629577197328032,0.289151826335948,0.0197544588062794,0.0498127549929683
"AFUB_073870-T",6030.95410072358,0.305174498159368,0.132603508289611,0.0198046118410023,0.0499265360736468
